# https://github.com/mikedh/trimesh
v -0.30674281 -0.76666661 -0.00823394
v -0.30052537 -0.75692922 -0.04016509
v -0.30380066 -0.75748702 -0.00656340
v -0.30156363 -0.92780549 -0.02020934
v -0.29887745 -0.90653567 -0.02686256
v -0.29503525 -0.75775282 -0.00930271
v -0.28284107 -0.95195901 -0.03589822
v -0.29107144 -0.95248508 -0.01946263
v -0.29019290 -0.93328837 -0.04245789
v -0.28377379 -0.91820332 -0.04405162
v -0.29734074 -0.90631728 -0.01131660
v -0.29013103 -0.89402990 -0.01916945
v -0.28536556 -0.89747623 -0.00927410
v -0.28458809 -0.80557277 -0.03743728
v -0.28428613 -0.80071408 0.00103830
v -0.29955417 -0.76688187 -0.04485893
v -0.29243924 -0.75740795 -0.03475514
v -0.29114195 -0.76024843 0.01689349
v -0.28576065 -0.75348524 0.00746090
v -0.29137587 -0.92752556 0.00269240
v -0.28197557 -0.91979761 0.00671993
v -0.27302317 -0.91723647 0.00372654
v -0.28826575 -0.80493427 -0.01584609
v -0.27236659 -0.78604752 -0.03685188
v -0.27877917 -0.78438475 -0.00974377
v -0.28985633 -0.75957660 -0.05638035
v -0.27751261 -0.75297070 -0.05032737
v -0.27588588 -0.75229797 0.01973465
v -0.27242434 -0.94143083 -0.05014111
v -0.27031620 -0.90893823 -0.02108356
v -0.28047772 -0.89437682 -0.02390240
v -0.27344308 -0.85163786 -0.00289763
v -0.27032870 -0.79462527 0.01497667
v -0.26638095 -0.79959447 -0.05460630
v -0.27101658 -0.79119747 -0.01759009
v -0.26866474 -0.75932110 -0.06384982
v -0.27727027 -0.75246711 -0.05891850
v -0.25972138 -0.99545999 0.01754768
v -0.26072478 -0.96334292 -0.03558305
v -0.28251180 -0.94789038 0.00226414
v -0.25834004 -0.93978803 0.01476108
v -0.26199488 -0.92094392 -0.04884589
v -0.26377865 -0.90878787 -0.02181540
v -0.27759675 -0.84762488 -0.02833126
v -0.25470429 -0.86892800 -0.04530749
v -0.26210219 -0.84653460 -0.05061649
v -0.25968015 -0.84632371 0.01350474
v -0.26578908 -0.78048291 0.00379096
v -0.24982471 -0.75080807 -0.06345578
v -0.26056026 -0.76125162 -0.04803910
v -0.26702831 -0.75517060 0.01206384
v -0.25790999 -0.99745482 -0.05294131
v -0.25571434 -0.99958602 0.00659401
v -0.25808921 -0.98623176 -0.07195406
v -0.26390382 -0.98471377 -0.04012767
v -0.25728813 -0.96970111 -0.04394398
v -0.26198845 -0.97039541 -0.01945893
v -0.25787340 -0.96512430 -0.00072618
v -0.24990555 -0.96009478 0.00700477
v -0.25072094 -0.91069593 -0.04414265
v -0.25525615 -0.91440583 0.00765416
v -0.25302521 -0.89116453 -0.01622622
v -0.25694365 -0.88315392 -0.01913571
v -0.25683944 -0.87213339 0.00325961
v -0.25165020 -0.79645394 0.01756101
v -0.24517660 -0.78574567 -0.02303271
v -0.24924308 -0.77872120 0.00142005
v -0.26958635 -0.75892218 0.02589444
v -0.24779600 -0.78118763 -0.03695175
v -0.25422432 -0.75345603 0.02551822
v -0.25275316 -0.99575967 -0.07584772
v -0.24387920 -0.99940624 -0.07205744
v -0.24888244 -0.99847198 -0.04746701
v -0.24752137 -0.99964079 0.02310188
v -0.26267362 -0.98581771 0.01862753
v -0.25471117 -0.97185853 -0.06841278
v -0.25786647 -0.97759723 0.02787856
v -0.24553504 -0.96198782 -0.05040626
v -0.25006380 -0.95573161 -0.04623721
v -0.23956580 -0.89730403 -0.00621180
v -0.24781366 -0.89086435 -0.02657574
v -0.24539485 -0.83446448 0.01819037
v -0.24423730 -0.78321674 -0.05480096
v -0.24622773 -0.78495106 -0.00799547
v -0.24047639 -0.99746389 -0.09567467
v -0.23638756 -0.98642367 -0.11095391
v -0.24496960 -0.99531920 0.05474104
v -0.24075231 -0.98646287 0.06749702
v -0.24027296 -0.97579643 -0.10083620
v -0.23088581 -0.95964106 0.03933128
v -0.24013391 -0.95581538 -0.03916862
v -0.23338658 -0.92437266 0.00872522
v -0.24268133 -0.92802341 -0.04966648
v -0.23447585 -0.89608743 -0.03248008
v -0.24368338 -0.89009805 -0.00655657
v -0.23915056 -0.86382903 -0.05653189
v -0.23186104 -0.83408248 0.01693692
v -0.23780444 -0.78158385 0.01296263
v -0.24830492 -0.74885585 -0.04633810
v -0.24380187 -0.74657964 0.01807555
v -0.24989327 -0.74712312 0.01133107
v -0.23247704 -0.74115957 0.00928094
v -0.23535189 0.29005534 -0.02624085
v -0.24390275 0.32667532 -0.02194490
v -0.22286679 -0.99822123 -0.11825830
v -0.24198113 -1.00025670 0.04295859
v -0.22472874 -1.00098097 0.07132194
v -0.22480976 -0.99681475 0.08189758
v -0.22824049 -0.98831523 -0.07213739
v -0.23385720 -0.98834890 -0.04793288
v -0.22597280 -0.96054201 -0.08939779
v -0.22857499 -0.95497180 0.00047082
v -0.23892794 -0.95853187 0.00634204
v -0.22494376 -0.92203976 -0.04039240
v -0.22916685 -0.88368526 -0.04899994
v -0.23115890 -0.88397156 0.00986786
v -0.23682753 -0.86915343 0.01661225
v -0.23904746 -0.81856364 -0.05429505
v -0.23667916 -0.76732300 -0.01612058
v -0.23358311 -0.75151168 -0.05393131
v -0.23118671 -0.75077551 0.01301131
v -0.23583054 -0.74075525 -0.03494360
v -0.24151844 -0.74298649 -0.05244176
v -0.23301534 -0.73870978 -0.01398640
v -0.23794448 -0.74337176 -0.00152193
v -0.22837841 0.30531937 0.00153705
v -0.23318079 0.34225018 -0.00598590
v -0.23273624 0.32044358 -0.03848496
v -0.23372560 0.35189985 -0.02540955
v -0.22886601 -0.99909783 -0.09900386
v -0.21686585 -0.98681112 -0.09008168
v -0.23422026 -0.99260265 -0.01974915
v -0.23284987 -0.98749039 0.02074123
v -0.22149225 -0.98670260 0.04563028
v -0.24204453 -0.96911043 0.05144691
v -0.22795255 -0.94745724 -0.03821061
v -0.22181503 -0.92815194 -0.00146201
v -0.22172361 -0.90543838 -0.02700663
v -0.19432535 -0.88797130 0.01693683
v -0.22157450 -0.83885917 0.01417929
v -0.22596263 -0.82291856 -0.04939751
v -0.22316322 -0.80604395 0.00438521
v -0.22401083 -0.77652017 -0.00130249
v -0.22303786 -0.74335759 0.00194347
v -0.22269715 -0.73438722 -0.02052520
v -0.23504863 0.28998506 -0.01404807
v -0.20147077 -0.98611526 0.10858654
v -0.23430255 -0.97815261 0.07212748
v -0.19555874 -0.95625878 0.07436713
v -0.21540246 -0.95953237 -0.05132516
v -0.21508640 -0.95989374 0.01378922
v -0.21612679 -0.94321247 -0.02631421
v -0.21452055 -0.92900392 -0.02343305
v -0.22217801 -0.90869686 -0.01104204
v -0.21788779 -0.90684324 -0.02063179
v -0.21708433 -0.90041529 -0.00587724
v -0.20269372 -0.84413551 -0.04368737
v -0.22399599 -0.78288647 -0.03908441
v -0.21993251 -0.77157991 -0.01462056
v -0.22216526 -0.74321169 -0.04005952
v -0.21578831 -0.75334983 -0.01154633
v -0.21538392 -0.74204291 -0.02117722
v -0.20829509 0.25518686 -0.01630144
v -0.21703631 0.28075531 0.00151921
v -0.22467406 0.28468553 -0.03762226
v -0.22212525 0.31586245 -0.04219672
v -0.21982882 0.36543710 -0.03018825
v -0.21019186 0.37623540 -0.00986670
v -0.21750376 0.37429475 -0.01945180
v -0.20527509 -0.99989771 -0.12391209
v -0.20959219 -0.99557952 -0.11251554
v -0.21162819 -0.98719284 -0.04242361
v -0.21749048 -0.98825046 -0.00393985
v -0.19945712 -0.97728893 0.10772380
v -0.20721009 -0.95942590 -0.09194839
v -0.20662787 -0.95988405 -0.06949901
v -0.21456059 -0.95472273 -0.03429127
v -0.21234032 -0.93843971 -0.01947699
v -0.19392224 -0.87025074 0.01935424
v -0.20240976 -0.85452268 0.01545787
v -0.21429563 -0.82978581 -0.00036223
v -0.20433909 -0.83615453 -0.02450376
v -0.21482357 -0.81408519 -0.02186906
v -0.20919113 -0.80767976 -0.03665197
v -0.20802092 -0.80770019 -0.00305422
v -0.21600802 -0.79249102 -0.01102843
v -0.21586147 -0.79190925 -0.02774489
v -0.21258508 -0.78327372 -0.02055890
v -0.20786637 -0.74898977 -0.02183017
v -0.21019886 -0.72538570 -0.02144944
v -0.21449873 -0.74359322 -0.01227163
v -0.20299706 0.25301688 -0.03116327
v -0.21211308 0.35577062 -0.03610975
v -0.20513727 -0.98771275 -0.14402872
v -0.19895999 -0.98710131 -0.10417619
v -0.19929886 -0.98716844 0.06904698
v -0.19642772 -0.95759840 -0.11299057
v -0.19704453 -0.95911168 -0.07890976
v -0.20332011 -0.95626645 -0.06032383
v -0.18799810 -0.95904354 0.05693433
v -0.20520109 -0.95586297 0.01637203
v -0.20927808 -0.94546629 -0.01148439
v -0.20624355 -0.90914940 -0.02454849
v -0.19971971 -0.90258469 0.00310581
v -0.18470587 -0.86858090 -0.05848660
v -0.20433816 -0.87645111 -0.05752067
v -0.21990128 -0.85206560 -0.05544533
v -0.20022136 -0.83806221 -0.00418347
v -0.20279490 -0.80830775 -0.05897008
v -0.20340089 -0.80824006 0.02023628
v -0.19135798 -0.80823647 0.04129120
v -0.19160882 -0.79459532 0.04608486
v -0.20238857 -0.79200993 -0.06820715
v -0.20956329 -0.79404290 0.01000935
v -0.20364078 -0.78284165 0.01847752
v -0.20027902 -0.77431776 -0.01552161
v -0.19606196 -0.77538627 0.00236350
v -0.19877858 -0.75474599 -0.00875347
v -0.20166988 -0.75886269 -0.02447098
v -0.19483397 -0.72442204 -0.02926874
v -0.20119260 -0.72613103 -0.00852099
v -0.20438916 -0.22520647 -0.02681980
v -0.20485852 -0.22859603 -0.01013249
v -0.20013968 0.12964595 -0.00493954
v -0.20348024 0.15397679 -0.02491154
v -0.20844039 0.16642759 -0.00435125
v -0.20662137 0.16992269 -0.04495712
v -0.20099693 0.18067682 -0.05516931
v -0.20110593 0.17244703 -0.02528177
v -0.20064725 0.17796073 0.00259892
v -0.20028170 0.21581421 -0.01344968
v -0.20427411 0.24732463 -0.01591937
v -0.20561550 0.31769001 -0.04202342
v -0.21055075 0.33030720 0.00018509
v -0.19531810 0.34916525 -0.03427149
v -0.19738488 0.35985024 -0.00579135
v -0.20665425 0.37718132 -0.02846108
v -0.19152859 0.38056615 -0.01987027
v -0.19535123 -0.99876508 -0.13862715
v -0.19481235 -1.00092775 0.09320084
v -0.18604911 -0.98625005 -0.15304055
v -0.19429175 -0.98768375 -0.07935091
v -0.19430558 -0.98804616 0.04569930
v -0.19725898 -0.97817313 -0.15009921
v -0.20321516 -0.97722572 -0.00711709
v -0.18525642 -0.95046412 -0.00023778
v -0.18196781 -0.96992470 0.11047803
v -0.18490100 -0.95800296 -0.09444666
v -0.20030846 -0.94253118 0.00863991
v -0.20730240 -0.94094783 -0.02775675
v -0.20048010 -0.91653450 -0.01208440
v -0.19094225 -0.90648464 0.01148412
v -0.19289006 -0.89890249 -0.04936601
v -0.19202527 -0.83669152 -0.04124871
v -0.19506685 -0.82902434 -0.02297715
v -0.19199173 -0.80615122 -0.08063890
v -0.19955431 -0.77891309 -0.05928020
v -0.19247241 -0.77588042 -0.03093067
v -0.20008599 -0.73425185 -0.03057858
v -0.19602562 -0.72054506 -0.01958900
v -0.19748777 -0.39885292 -0.02307175
v -0.19467731 -0.39169247 -0.03640234
v -0.20100944 -0.25556597 -0.00774254
v -0.20030845 -0.25075088 -0.03349176
v -0.19237174 -0.22509363 -0.04149101
v -0.19152664 -0.18867941 -0.02847794
v -0.19397252 -0.18825872 -0.01524558
v -0.19861816 0.13125969 -0.03927608
v -0.19341915 0.15160559 -0.05177196
v -0.19804677 0.15029915 0.00542113
v -0.19027735 0.16355665 -0.01580855
v -0.19495462 0.18941976 -0.06763474
v -0.20119736 0.17778474 0.02001248
v -0.18983903 0.19121492 0.03624920
v -0.19416002 0.21241006 -0.00239079
v -0.19317283 0.23815240 -0.04159786
v -0.19409498 0.23248229 0.00103128
v -0.19231098 0.25285916 0.00076798
v -0.19216881 0.26633694 -0.04581384
v -0.18806233 0.26955746 0.00597954
v -0.18993231 0.28842528 0.00500610
v -0.19181263 0.32905927 -0.03160034
v -0.17722194 -0.99795752 -0.14625695
v -0.19677807 -0.99518586 0.10461398
v -0.18624645 -0.97381571 0.02601758
v -0.18613115 -0.95768725 -0.04595499
v -0.18409010 -0.93900702 -0.02411491
v -0.18132437 -0.92750963 -0.07600494
v -0.19779505 -0.91581299 -0.03770835
v -0.17652730 -0.87835300 0.03127961
v -0.18988771 -0.84715369 0.01273682
v -0.18454234 -0.82882237 0.01894647
v -0.19321155 -0.82127827 -0.03699903
v -0.19412899 -0.82011888 -0.00547598
v -0.17593576 -0.80570036 -0.09749111
v -0.19077670 -0.78368148 0.04159180
v -0.17890625 -0.78284419 -0.09276945
v -0.18803883 -0.77830096 -0.07612353
v -0.18063811 -0.78120918 -0.05219401
v -0.19163876 -0.77466508 -0.01769130
v -0.18615737 -0.77390281 0.02555621
v -0.18658978 -0.65997847 -0.01925853
v -0.17680993 -0.41184969 0.00289089
v -0.19411486 -0.39634441 -0.00239292
v -0.17690444 -0.37471912 0.00263361
v -0.19311264 -0.37318016 -0.00910582
v -0.19174120 -0.28095139 -0.02003209
v -0.18703039 -0.23841548 0.00489561
v -0.18782282 -0.19367734 -0.00410559
v -0.18369710 -0.17789627 -0.01061590
v -0.19149042 0.17977812 -0.07173250
v -0.16859423 0.15546886 0.04427055
v -0.19278883 0.17983571 -0.04583366
v -0.19026458 0.17340203 0.00419520
v -0.18464842 0.18533070 -0.05658781
v -0.18892416 0.19310890 0.02550862
v -0.17558275 0.19880049 0.04620351
v -0.20144247 0.22008144 -0.02931565
v -0.18514601 0.22293820 -0.04494247
v -0.18609309 0.24162545 0.01168686
v -0.18617074 0.24543276 -0.06708709
v -0.18989889 0.25666752 -0.05876802
v -0.18617874 0.25648736 -0.04921511
v -0.18966905 0.27098882 -0.06668267
v -0.19204521 0.26477617 0.02524838
v -0.18928205 0.26456492 0.03217576
v -0.18636926 0.32929685 -0.03061954
v -0.18633783 0.32488823 -0.01086700
v -0.17716850 0.34528607 -0.04682681
v -0.19284932 0.37314390 -0.00824496
v -0.18522267 0.37074535 0.00229916
v -0.19193860 0.37363016 -0.03211703
v -0.18701220 -0.99959575 -0.13312497
v -0.18636047 -0.98809589 -0.11733516
v -0.18769107 -0.98139383 0.11513780
v -0.16520766 -0.98416670 0.05860294
v -0.18160335 -0.96178351 -0.13968358
v -0.17883885 -0.95203510 -0.12127729
v -0.17510585 -0.95700132 0.06592269
v -0.17771832 -0.95268082 0.08509558
v -0.18260231 -0.95472597 0.05364326
v -0.18284844 -0.94668973 0.04695970
v -0.18097379 -0.94334395 -0.08622728
v -0.17690605 -0.91725172 -0.01539841
v -0.18057395 -0.82021334 -0.06375094
v -0.18427100 -0.81853913 0.02259793
v -0.17300847 -0.80254049 -0.04574749
v -0.18275382 -0.78362813 0.00338094
v -0.17361163 -0.77558643 -0.08314296
v -0.18821990 -0.77571675 -0.06111351
v -0.19264643 -0.76857265 -0.01296602
v -0.18776316 -0.75759743 -0.02802794
v -0.16884411 -0.74007278 -0.02888814
v -0.16856151 -0.73275205 -0.00992019
v -0.18696277 -0.67176658 -0.01071060
v -0.18143728 -0.42139678 -0.02021396
v -0.19096535 -0.37396399 -0.03259193
v -0.17069141 -0.35848247 -0.02669001
v -0.18150807 -0.28573086 -0.03703170
v -0.17786236 -0.28777106 0.00027762
v -0.17912583 -0.26590518 -0.04743571
v -0.16884922 -0.16740750 -0.03060528
v -0.17488744 0.05348444 -0.04638178
v -0.18383581 0.06091236 -0.02199032
v -0.17066495 0.06828586 -0.06008908
v -0.18191212 0.07136918 -0.03795625
v -0.17925129 0.06596589 0.00651236
v -0.18646028 0.11369833 -0.00431643
v -0.18515927 0.11484467 -0.03808615
v -0.18709654 0.13254566 -0.06448358
v -0.18216483 0.13325030 0.03398270
v -0.16658156 0.15404858 -0.08366353
v -0.17902256 0.14787216 -0.03889946
v -0.18296864 0.17913183 -0.03305724
v -0.17641703 0.15057020 -0.01674924
v -0.15571964 0.17606694 -0.09833079
v -0.16314333 0.18320265 0.05759609
v -0.16066696 0.18901914 -0.09640412
v -0.18864559 0.18421851 0.01394060
v -0.18480831 0.19489915 -0.07899888
v -0.17567477 0.19959804 -0.07325425
v -0.16091482 0.19543530 0.03937090
v -0.18143260 0.22884030 0.01900168
v -0.17927436 0.22954448 -0.05049184
v -0.18357925 0.26327137 0.01065525
v -0.17820781 0.26712192 -0.05066316
v -0.17747096 0.25652170 0.03833162
v -0.17797365 0.29944953 -0.07469950
v -0.18620064 0.28362593 -0.06526709
v -0.17634704 0.29645889 -0.00481043
v -0.18063005 0.29225514 0.02477077
v -0.17907683 0.31503598 -0.01177319
v -0.17716317 0.37504281 -0.04609772
v -0.17850806 0.40038812 -0.01622803
v -0.18223150 -1.00022489 0.09669091
v -0.16649922 -0.99982621 0.10767860
v -0.16418277 -0.98855878 -0.12713642
v -0.16852159 -0.97194505 0.10966141
v -0.15944247 -0.96003039 -0.12762876
v -0.17423018 -0.96465036 -0.07239814
v -0.16946384 -0.92316565 0.01834272
v -0.16924231 -0.89598233 -0.03324412
v -0.16986430 -0.90448615 -0.01504079
v -0.16873813 -0.89286896 0.00332323
v -0.17743896 -0.91443730 0.03666201
v -0.17236518 -0.87177446 -0.07228032
v -0.16327284 -0.81879120 0.04339031
v -0.16890769 -0.83823875 -0.03678790
v -0.16868144 -0.83680593 0.00240726
v -0.17655099 -0.80689693 -0.02114380
v -0.16947807 -0.82495887 -0.01480048
v -0.17543011 -0.80931029 -0.00472299
v -0.17165210 -0.81189492 0.00647531
v -0.16730478 -0.77438016 0.04651429
v -0.16903683 -0.74453312 -0.00986670
v -0.16853048 -0.72796923 -0.02017095
v -0.16539798 -0.68132358 -0.01165672
v -0.16916401 -0.66025840 -0.01167324
v -0.16448058 -0.43853481 -0.01848449
v -0.15154133 -0.43669395 0.01795629
v -0.16693779 -0.42973129 0.01143924
v -0.16976990 -0.42522390 -0.05065024
v -0.17698270 -0.40938910 -0.04168993
v -0.17624308 -0.37932209 -0.04819890
v -0.16522510 -0.36164485 -0.04404348
v -0.16998633 -0.35727917 -0.01250216
v -0.17361941 -0.26812831 0.00951241
v -0.15938112 -0.24881982 -0.04985816
v -0.18046348 -0.20868986 -0.04107273
v -0.17701287 -0.20151531 0.00022012
v -0.15973925 -0.16023998 -0.01113447
v -0.17663043 0.05260782 -0.01940115
v -0.16016262 0.04504212 -0.00630915
v -0.16369382 0.05083167 -0.06034903
v -0.17642212 0.05728164 0.00453388
v -0.16877032 0.10274902 -0.01822352
v -0.16071266 0.13197128 -0.08988408
v -0.15664921 0.12900749 0.05242755
v -0.17582280 0.14341887 -0.02828813
v -0.17505989 0.14534234 0.00373479
v -0.16915164 0.14404451 0.01189604
v -0.17109529 0.14592246 -0.03220088
v -0.17370987 0.15548656 -0.00690461
v -0.16406557 0.15062461 0.02740939
v -0.17128601 0.15030708 -0.05485027
v -0.15757272 0.15429784 -0.07177818
v -0.15871705 0.15416776 -0.05023739
v -0.17416606 0.18866838 -0.04384288
v -0.17092024 0.18283866 0.00575739
v -0.16570203 0.19382607 -0.07405195
v -0.16908653 0.20068898 -0.07923568
v -0.17595896 0.22001976 0.01005419
v -0.16324538 0.20540520 -0.05793168
v -0.17522839 0.23199327 0.03079962
v -0.17717915 0.27229876 -0.04407079
v -0.17245386 0.29443273 0.04410813
v -0.17733921 0.28471066 -0.08027052
v -0.16545602 0.26735138 -0.08228835
v -0.17540262 0.28952727 -0.03734729
v -0.16379504 0.28863270 -0.01111308
v -0.17120993 0.30402526 -0.02764538
v -0.16818763 0.30166680 -0.01347273
v -0.17726655 0.33925329 0.00471624
v -0.16554186 0.40719551 -0.04193933
v -0.17486189 0.40814395 -0.02446871
v -0.17084549 0.43408654 -0.02373947
v -0.16830656 0.42928429 -0.01044451
v -0.17735506 0.46882468 -0.01972891
v -0.17268294 0.46798009 -0.01073245
v -0.17182868 0.46821484 -0.02962152
v -0.15319690 -0.99683951 -0.15385109
v -0.15617810 -0.99978518 -0.14418680
v -0.15077331 -0.99560609 0.11572069
v -0.16864695 -0.98858855 0.08752517
v -0.16798929 -0.97421623 -0.15060518
v -0.15793561 -0.95961588 0.08976144
v -0.17203495 -0.92486505 0.04415212
v -0.16743345 -0.91508130 -0.08256894
v -0.16188702 -0.91300809 -0.02304171
v -0.16792869 -0.92423872 -0.05914782
v -0.16072594 -0.90013117 -0.00347676
v -0.16912652 -0.89587760 -0.04480900
v -0.16072324 -0.89635206 -0.03483977
v -0.16361748 -0.87662578 0.01600361
v -0.16082278 -0.86583162 0.01246357
v -0.16046638 -0.86245326 -0.05246791
v -0.15738103 -0.85609554 0.01758433
v -0.16287260 -0.85251286 -0.05066012
v -0.16133903 -0.84588538 0.00358461
v -0.16614252 -0.83757320 0.01136915
v -0.15683337 -0.84045237 0.02278032
v -0.16436763 -0.81617786 -0.01717045
v -0.16121923 -0.82958814 -0.00215701
v -0.15893815 -0.81189694 0.02481813
v -0.14150457 -0.80578271 -0.11334330
v -0.16984736 -0.78717591 0.02391422
v -0.15097741 -0.80946922 -0.06913839
v -0.15749932 -0.77526381 -0.09006540
v -0.16522326 -0.77836124 -0.07645084
v -0.16380383 -0.76065310 -0.01722986
v -0.16858731 -0.75023700 -0.01942856
v -0.16095911 -0.75025715 -0.03253778
v -0.16298936 -0.72502075 -0.02969338
v -0.15619613 -0.72174967 -0.04191329
v -0.16269744 -0.68646467 -0.03016712
v -0.17404508 -0.67342719 -0.03115620
v -0.16018107 -0.65632809 -0.00581010
v -0.16194804 -0.64498913 -0.01863476
v -0.16219190 -0.48328226 -0.01900915
v -0.16240417 -0.44515147 -0.02907586
v -0.15485034 -0.44434942 0.00895300
v -0.15804532 -0.42548914 -0.06648028
v -0.16331629 -0.42144533 0.02302431
v -0.16299124 -0.37723745 -0.06697409
v -0.16414276 -0.36337206 0.00744146
v -0.16667139 -0.30322189 -0.03771079
v -0.16298023 -0.29899282 0.00646563
v -0.16840364 -0.30711459 -0.01077842
v -0.16412943 -0.24096487 0.00861068
v -0.16290822 -0.21854227 0.00044253
v -0.16256613 -0.21144705 -0.03783716
v -0.16541055 -0.19741397 -0.03685418
v -0.16201863 -0.17382490 -0.00568720
v -0.17397903 -0.16508726 -0.01980216
v -0.15820548 0.04557373 -0.03985711
v -0.15797892 0.06278459 0.03552545
v -0.16073631 0.07354926 0.00456690
v -0.16685950 0.06646939 0.02383585
v -0.16644837 0.08347697 -0.00207941
v -0.16369558 0.07573674 -0.04322651
v -0.16811574 0.10071836 -0.03279757
v -0.16852621 0.11552697 -0.06556922
v -0.15756815 0.11950704 -0.05466499
v -0.16277295 0.12043949 -0.02583323
v -0.16696081 0.12252324 -0.00241824
v -0.16135207 0.13555894 -0.04959760
v -0.16489841 0.13369298 -0.03953801
v -0.16298933 0.13444670 -0.00338232
v -0.16157167 0.13825463 0.01113862
v -0.16066228 0.12269862 0.01027446
v -0.16103286 0.13689419 0.01176323
v -0.16839720 0.13773504 -0.00392983
v -0.16001758 0.14068478 0.00632813
v -0.16123064 0.15109738 0.00980651
v -0.15129344 0.19021833 -0.05005807
v -0.15440949 0.19402542 -0.08796434
v -0.16395932 0.21390945 -0.06929956
v -0.15413565 0.21254349 0.03589832
v -0.15046856 0.23870476 -0.03743911
v -0.16199179 0.24175047 0.03432668
v -0.15970113 0.23407129 -0.04178064
v -0.16515297 0.25647634 0.01112573
v -0.16383467 0.25072587 -0.05101462
v -0.17652713 0.26681172 0.00299001
v -0.16110475 0.28196279 -0.03055388
v -0.15099034 0.27171942 0.01695616
v -0.16112610 0.29900456 -0.02981905
v -0.15754603 0.31865153 -0.08441965
v -0.16725555 0.31123821 -0.03268450
v -0.16832732 0.31136219 -0.06612541
v -0.17580213 0.30614843 0.03514006
v -0.16345276 0.34591868 0.00963053
v -0.16467643 0.38599774 0.00919169
v -0.16473716 0.41835639 -0.00158249
v -0.15931592 0.44689342 -0.03731119
v -0.14938062 0.45630244 -0.00478029
v -0.16773271 0.47300246 -0.01171773
v -0.17008732 0.47785524 -0.02007315
v -0.16727218 -0.98876494 -0.10682486
v -0.15810851 -0.98920799 0.07452220
v -0.15595748 -0.95933198 -0.10478379
v -0.15495050 -0.96009372 0.06985497
v -0.15724204 -0.95118700 -0.00969821
v -0.14360404 -0.89497282 0.05024373
v -0.15784772 -0.93056399 -0.07071364
v -0.15448999 -0.90302903 0.00658748
v -0.15149103 -0.90281162 -0.06747050
v -0.15282836 -0.86953795 0.02118526
v -0.15340519 -0.86831869 -0.05895655
v -0.15868176 -0.86875840 -0.04685610
v -0.15460207 -0.84551598 -0.08299910
v -0.15531178 -0.86143320 -0.05576501
v -0.15798508 -0.85704172 -0.04890848
v -0.15988986 -0.84010973 -0.05775984
v -0.16586530 -0.81859528 -0.07992555
v -0.16083866 -0.83190432 -0.03243747
v -0.15823136 -0.82110043 0.00244905
v -0.13439200 -0.81831626 0.05691070
v -0.16264310 -0.80551567 0.06710214
v -0.15145926 -0.79331462 0.07359224
v -0.15909923 -0.77839743 -0.10146688
v -0.14664270 -0.78128234 -0.08583991
v -0.16028585 -0.74965007 -0.00196166
v -0.16097451 -0.72412911 -0.00403226
v -0.15416645 -0.67109528 -0.04415447
v -0.16289444 -0.67420628 -0.00373608
v -0.16492806 -0.66200972 -0.03018126
v -0.15908805 -0.64215825 -0.03414390
v -0.15336125 -0.64736261 0.00862202
v -0.15595275 -0.48921757 0.00431765
v -0.15981156 -0.47806389 -0.00408693
v -0.15655797 -0.51113913 -0.04084463
v -0.15498605 -0.43854979 -0.04651901
v -0.16316304 -0.38372348 0.02773919
v -0.15865115 -0.37450640 0.03063198
v -0.14273646 -0.37483738 0.04418282
v -0.15224191 -0.36464673 -0.06366872
v -0.15577695 -0.31850686 0.02013124
v -0.15620805 -0.29710809 -0.05858449
v -0.15187864 -0.29454903 0.02847757
v -0.15599742 -0.28892369 -0.04838980
v -0.15452271 -0.29295120 0.01540589
v -0.15421706 -0.20086472 -0.00937467
v -0.15300645 -0.19298743 -0.02733869
v -0.14665342 -0.19131083 -0.01571138
v -0.15067072 -0.15451449 -0.02293471
v -0.15066232 -0.01203008 -0.02610348
v -0.15616979 0.00144435 -0.00285110
v -0.15518535 0.00350708 -0.03854939
v -0.13831230 0.03301671 0.02210231
v -0.15289550 0.04984544 0.02980909
v -0.15502248 0.07411816 -0.03776702
v -0.16233515 0.07327592 -0.01002029
v -0.15187561 0.08040771 0.01952675
v -0.16014813 0.08310548 -0.01375849
v -0.16631667 0.11416194 0.02882058
v -0.14688090 0.11376737 -0.08006321
v -0.16140981 0.10874579 -0.01960258
v -0.15434642 0.12479325 0.00709858
v -0.15530194 0.12971660 -0.05190034
v -0.15423194 0.12190587 -0.04130211
v -0.15326849 0.12968871 0.01443237
v -0.15113805 0.13534509 -0.05680028
v -0.15295814 0.13763331 -0.05000294
v -0.15996150 0.13799779 -0.04078286
v -0.15118658 0.13817530 0.01420580
v -0.14351866 0.13587566 0.06057648
v -0.15304317 0.17225782 -0.05124776
v -0.15854694 0.19780181 0.02711834
v -0.15240115 0.19391736 0.01057645
v -0.16132719 0.23678675 0.00229708
v -0.14944769 0.22111110 -0.05256885
v -0.15319839 0.22896603 0.03458500
v -0.15780701 0.25228881 -0.00288080
v -0.15048135 0.26146983 -0.06376788
v -0.14413760 0.25870391 0.03341874
v -0.15350140 0.27108015 -0.05771160
v -0.15019495 0.25149936 -0.03887779
v -0.15823005 0.27005696 0.04294274
v -0.15312213 0.30350916 0.04981824
v -0.17065282 0.28424726 -0.05677254
v -0.14517962 0.31687451 -0.05898318
v -0.13222791 0.32217157 0.00641487
v -0.16141469 0.31673579 0.02553880
v -0.15153980 0.32921167 0.04498266
v -0.14270049 0.34801665 -0.07514582
v -0.15318262 0.38728211 0.00957879
v -0.14934631 0.42308177 0.00474893
v -0.16109591 0.45085948 -0.00369710
v -0.14551846 0.46439251 -0.02934379
v -0.14937645 0.46850665 -0.01328460
v -0.13433706 -0.99890303 -0.14547461
v -0.11719878 -0.98936990 -0.13415456
v -0.14718699 -0.98112960 0.11870858
v -0.14920009 -0.97865636 -0.02060813
v -0.15869242 -0.97425092 -0.08904968
v -0.15664028 -0.96353625 -0.02129255
v -0.14878309 -0.96235665 0.10291073
v -0.14705750 -0.96956872 0.00055187
v -0.16406437 -0.96376343 0.04143639
v -0.12716360 -0.95894266 0.08010395
v -0.14034848 -0.94690585 0.06134360
v -0.15060291 -0.95353465 -0.04082831
v -0.14850160 -0.95303861 0.00584574
v -0.15773402 -0.91800882 0.02850307
v -0.13884233 -0.94276059 -0.09834770
v -0.14239353 -0.89545506 0.01849640
v -0.13769641 -0.89970527 0.05160817
v -0.15641603 -0.87784753 -0.08217929
v -0.14165221 -0.88896817 -0.06603775
v -0.14375002 -0.88385387 0.02132805
v -0.14886050 -0.86255313 -0.08947543
v -0.14983939 -0.86538538 0.04834298
v -0.14560599 -0.87878097 0.06617070
v -0.14073140 -0.88144235 -0.11073937
v -0.14728172 -0.84439119 0.01936766
v -0.14390887 -0.84750588 -0.06076263
v -0.14353796 -0.83846273 0.02686123
v -0.13529020 -0.81779953 0.03428168
v -0.15164253 -0.83234622 -0.04861225
v -0.14360188 -0.82965005 0.01944363
v -0.15362982 -0.81145974 0.06577966
v -0.12688833 -0.80578976 0.07657082
v -0.15242567 -0.79376487 -0.11128486
v -0.15159575 -0.77458305 0.05098005
v -0.14209035 -0.77538853 -0.09817009
v -0.15238562 -0.82464022 0.01129788
v -0.14660170 -0.77662759 -0.05215697
v -0.14627776 -0.64666885 -0.05263219
v -0.14892932 -0.49114008 0.01350095
v -0.14173105 -0.40656692 -0.08256871
v -0.14720116 -0.27833165 -0.06342794
v -0.14995453 -0.20769535 -0.03956256
v -0.14620764 -0.18826045 -0.01972389
v -0.14216658 -0.16397992 -0.02074239
v -0.15397825 -0.17086553 -0.03163895
v -0.15143849 -0.17051739 -0.00970282
v -0.14865337 -0.10001185 -0.02348504
v -0.14816691 -0.11946234 -0.01974924
v -0.14336686 -0.01080705 0.00362661
v -0.14056790 0.00399618 0.01891818
v -0.14449038 0.00371850 -0.05142877
v -0.15370654 0.04202835 0.01176538
v -0.14992189 0.07405756 -0.05920976
v -0.14378286 0.08427715 -0.08052670
v -0.14570294 0.07377875 0.01926907
v -0.14477006 0.08181220 0.01192758
v -0.14051840 0.12177995 0.02852611
v -0.14810925 0.12219417 0.01189430
v -0.13778167 0.12322922 0.01921783
v -0.15228535 0.12215102 0.02102654
v -0.14623244 0.13022496 -0.05837461
v -0.14654303 0.13166672 0.01929412
v -0.14533453 0.17600924 0.04553819
v -0.13851346 0.17229863 0.06598795
v -0.14556703 0.18174964 -0.10009006
v -0.14906940 0.17251863 0.01764589
v -0.15654118 0.19421355 -0.07033752
v -0.14769429 0.17775658 -0.05850065
v -0.15275976 0.19093828 0.05540317
v -0.14492783 0.20405179 0.00379814
v -0.15326187 0.21947967 0.01142502
v -0.15754170 0.22954080 -0.07418018
v -0.14485932 0.23953193 -0.07577163
v -0.14393555 0.23717209 0.02503181
v -0.14976119 0.24466456 0.02607133
v -0.14643064 0.24095991 -0.06612882
v -0.14605489 0.26201615 -0.07643738
v -0.15014765 0.25636155 0.02180274
v -0.14578952 0.27078311 0.00544704
v -0.14464487 0.31622233 -0.08848849
v -0.14117707 0.30490631 -0.04510715
v -0.13003455 0.29733145 0.01079905
v -0.15834351 0.31143984 0.00052236
v -0.15194292 0.33014026 -0.04555611
v -0.13918524 0.34487348 0.02468803
v -0.13877987 0.34123322 -0.08442296
v -0.13561177 0.34005148 -0.03930981
v -0.14748621 0.35666196 0.00502908
v -0.14712107 0.47570902 -0.01689348
v -0.14699151 0.50758898 -0.02613203
v -0.14425695 0.49829135 -0.00288116
v -0.14301003 -1.00014423 0.10581290
v -0.13970918 -0.98757205 -0.11081363
v -0.12932155 -0.99278594 -0.02247829
v -0.14114978 -0.98035597 -0.03600094
v -0.13951411 -0.96165203 -0.14259104
v -0.13293107 -0.96745349 0.05433939
v -0.13624290 -0.96337123 -0.08943383
v -0.14734964 -0.89695730 -0.05246958
v -0.12207414 -0.90979631 -0.07482502
v -0.14932407 -0.89005085 0.02706026
v -0.13292895 -0.89878475 -0.06020080
v -0.14444650 -0.87675522 -0.05901618
v -0.14105399 -0.84383976 0.05167238
v -0.13881015 -0.83649926 -0.08967742
v -0.13700820 -0.83390645 -0.05868775
v -0.14608661 -0.81802953 -0.09024702
v -0.13534600 -0.82061545 0.02394941
v -0.15061198 -0.81102156 -0.10538782
v -0.13363449 -0.80848604 -0.05931426
v -0.13832503 -0.75005855 0.02099408
v -0.15691709 -0.78098435 0.06755324
v -0.12858614 -0.77851880 -0.11065051
v -0.12865642 -0.77463651 0.06291588
v -0.13743823 -0.64123920 -0.05809221
v -0.14555335 -0.69022015 0.01644638
v -0.13817404 -0.49909662 0.02131911
v -0.14575279 -0.48732439 -0.05352937
v -0.14033493 -0.42871624 0.03549854
v -0.13748055 -0.41262241 0.04514197
v -0.14066957 -0.40274661 0.06273176
v -0.14190836 -0.39402023 -0.10179430
v -0.14664277 -0.38803149 0.04375104
v -0.14330459 -0.37735822 -0.08465684
v -0.12860983 -0.36272119 -0.07722547
v -0.14439796 -0.29345022 -0.05077664
v -0.13221213 -0.31751541 -0.05151424
v -0.14900937 -0.29072831 0.00899986
v -0.14177887 -0.28769622 -0.07491182
v -0.12384328 -0.26105715 -0.08405621
v -0.14503217 -0.27669800 0.02370930
v -0.13936557 -0.26502455 0.03647498
v -0.13999648 -0.26867468 -0.06560869
v -0.14516701 -0.22324494 0.01363845
v -0.13817042 -0.15041832 -0.02200924
v -0.14034382 -0.12223529 -0.03643337
v -0.13809954 -0.10409941 -0.03681467
v -0.14362358 -0.09833900 -0.00659825
v -0.13825287 -0.07282810 -0.02377159
v -0.13954610 -0.02943658 -0.03564938
v -0.14317475 -0.03120256 -0.01839095
v -0.13327667 -0.03232802 0.00245709
v -0.13965981 0.04510707 -0.05898082
v -0.12805562 0.04159208 0.02753591
v -0.14364099 0.05508396 -0.07593548
v -0.14967682 0.06363308 -0.07992580
v -0.13282623 0.07279025 -0.06514258
v -0.13556451 0.06674122 0.04789747
v -0.15082609 0.08538163 0.03864912
v -0.13310438 0.11669851 0.02052312
v -0.14365312 0.12479450 -0.05293191
v -0.13973704 0.12018298 -0.06785004
v -0.14125578 0.13244871 -0.06037017
v -0.14518178 0.13996286 -0.06736688
v -0.14158125 0.14494911 -0.05938064
v -0.14895133 0.13835937 0.02412709
v -0.14923792 0.14806433 0.03548210
v -0.14015025 0.14856248 0.02048392
v -0.13838082 0.16394801 -0.06443473
v -0.14992935 0.19170871 0.03553743
v -0.13937905 0.17859221 -0.08879301
v -0.14442917 0.20196038 -0.04286144
v -0.13857623 0.18938548 0.00485130
v -0.14170502 0.20631543 0.01175559
v -0.14040716 0.22105037 -0.00095829
v -0.13207751 0.22317560 -0.08429649
v -0.13426969 0.23537185 -0.05979493
v -0.13372630 0.23353864 0.02016182
v -0.13738224 0.23611794 -0.08432259
v -0.14372803 0.25079991 0.03533619
v -0.13550702 0.25625037 -0.08497982
v -0.14209083 0.26049222 -0.07307951
v -0.13795831 0.28366842 0.01944945
v -0.14206337 0.27573346 -0.04575061
v -0.14101778 0.27343129 0.04333746
v -0.13803507 0.28847870 -0.05568308
v -0.12931246 0.30257368 0.04878924
v -0.11594048 0.30854868 -0.05335330
v -0.13501414 0.32790438 0.04943223
v -0.14206185 0.34482868 -0.06526175
v -0.12544859 0.37072306 0.03531389
v -0.14730668 0.36374516 -0.04529804
v -0.15614154 0.37820665 -0.04948167
v -0.14774775 0.40605055 -0.04717950
v -0.14447738 0.45173841 -0.03602588
v -0.14049642 0.46675447 0.00739519
v -0.13332423 0.44754949 0.01793409
v -0.14028741 0.47732078 -0.04596371
v -0.11550282 -0.99391851 -0.15942859
v -0.12301439 -0.98776704 0.09177532
v -0.13485020 -0.96079101 0.01443398
v -0.11587037 -0.95920869 -0.12168991
v -0.14052872 -0.96153772 -0.11705652
v -0.11909585 -0.95270830 -0.11656890
v -0.12343570 -0.95084043 0.07349442
v -0.13864196 -0.90036934 -0.09019569
v -0.13124330 -0.90995356 0.03614814
v -0.13459707 -0.88656394 0.07240419
v -0.11867989 -0.87104920 -0.10853771
v -0.14276657 -0.85511977 0.07071246
v -0.11991385 -0.82623972 -0.06671778
v -0.12009594 -0.83413712 0.06433442
v -0.13223506 -0.82759949 -0.06983433
v -0.13021993 -0.78300995 0.04984719
v -0.12975367 -0.78856996 0.02425153
v -0.12569166 -0.64468548 -0.06164914
v -0.12958979 -0.62959725 0.02436434
v -0.12593864 -0.44638972 0.02544544
v -0.13547328 -0.44510706 0.02339545
v -0.13171484 -0.42568135 -0.07977380
v -0.13274899 -0.40619974 -0.10411954
v -0.11799598 -0.41325735 0.06570981
v -0.12849527 -0.38583692 0.06465323
v -0.13107160 -0.37086827 -0.10247008
v -0.13637490 -0.37276095 0.06074351
v -0.14705502 -0.36027740 0.02942384
v -0.12805827 -0.32412994 0.01227141
v -0.13318743 -0.29173312 -0.04188407
v -0.13388604 -0.29422538 0.00354233
v -0.13591447 -0.28999214 0.02055198
v -0.14114669 -0.25538672 -0.04867780
v -0.15117218 -0.25446055 0.01168243
v -0.13260855 -0.18375525 -0.04061340
v -0.13697763 -0.17881548 -0.01799205
v -0.13684935 -0.16650587 -0.01994189
v -0.13876041 -0.15612836 -0.01701668
v -0.13304691 -0.11866842 0.00342427
v -0.12998683 -0.09777957 -0.03791731
v -0.12712104 -0.09742166 -0.00128996
v -0.11911244 0.00387027 -0.06321948
v -0.11158728 0.05739659 -0.08602999
v -0.14321997 0.07534199 -0.05149437
v -0.12260070 0.08370840 0.04742650
v -0.13234982 0.07921463 0.02172900
v -0.13254234 0.11428083 0.04840670
v -0.12978821 0.12964037 -0.06547220
v -0.13009221 0.13044373 0.02734722
v -0.12364457 0.14420008 0.02788757
v -0.11908019 0.15658697 -0.10414320
v -0.13558020 0.14706003 -0.06183043
v -0.12063848 0.16746439 -0.10575373
v -0.12362674 0.17292352 -0.09841078
v -0.12558494 0.17449529 0.05888906
v -0.12051878 0.16925461 0.06832257
v -0.13734295 0.18842195 -0.07586239
v -0.13521348 0.20049738 -0.04828376
v -0.12190519 0.20112553 -0.03063274
v -0.12910435 0.20918571 -0.00192619
v -0.12957316 0.22279906 0.04634352
v -0.12890118 0.22528976 0.00365897
v -0.13859369 0.23799402 0.04644909
v -0.13672962 0.25413942 0.02899634
v -0.13387531 0.25465987 -0.06663480
v -0.11986701 0.25026999 -0.05242410
v -0.12104427 0.23908081 0.01132541
v -0.12918823 0.27389590 -0.06643385
v -0.13116078 0.26644382 0.02843314
v -0.12154987 0.27072595 0.05316891
v -0.13207725 0.29750245 0.01522725
v -0.12443054 0.31499402 -0.04627693
v -0.14556340 0.30237881 0.01805863
v -0.12478371 0.34857807 -0.01231055
v -0.12737194 0.35474655 -0.02548825
v -0.12524801 0.37496345 -0.00997871
v -0.13073591 0.40993620 0.00201139
v -0.12582960 0.42223555 -0.03839584
v -0.13543290 0.43307330 -0.04092861
v -0.12588529 0.43188093 -0.04557508
v -0.12857848 0.42630087 0.01930941
v -0.12840423 0.42816785 -0.06137381
v -0.13118114 0.43770875 0.00460867
v -0.13931758 0.46310437 -0.04713004
v -0.13519804 0.51418830 -0.03822549
v -0.12442411 0.52327244 0.00061793
v -0.10227805 -0.98299409 -0.10534162
v -0.11443159 -0.96371455 0.01579506
v -0.12910495 -0.97259526 -0.04958476
v -0.11903856 -0.91461953 -0.10328434
v -0.11885735 -0.86747455 0.06957673
v -0.13892063 -0.85233497 -0.10993992
v -0.10384506 -0.84549170 -0.10976067
v -0.11837121 -0.83470659 -0.10433676
v -0.12205147 -0.82355671 -0.10153133
v -0.12212105 -0.79448618 -0.11702382
v -0.12187915 -0.73665136 0.02505205
v -0.11807639 -0.56130015 0.02593687
v -0.12678604 -0.49013397 -0.06183466
v -0.13409264 -0.43966515 -0.06306520
v -0.11766247 -0.41771593 0.05069903
v -0.12148179 -0.36571983 0.06254924
v -0.12227405 -0.32109008 0.02012640
v -0.11930903 -0.32191017 -0.06003827
v -0.13725877 -0.31456338 -0.07242942
v -0.13231921 -0.29468324 -0.05828016
v -0.13666922 -0.31483200 0.03342466
v -0.13023035 -0.27145888 0.04255577
v -0.11159992 -0.26939196 -0.06462806
v -0.12600983 -0.25266644 -0.07522556
v -0.12211517 -0.25269908 0.03580603
v -0.11527724 -0.25475819 -0.00324550
v -0.13303059 -0.24229369 0.01164507
v -0.13572834 -0.22061039 -0.05497603
v -0.12830277 -0.19689750 -0.05383175
v -0.12480179 -0.21118293 0.01736299
v -0.12713118 -0.18516740 0.01144765
v -0.13155592 -0.15574878 -0.00187853
v -0.12367620 -0.13541889 -0.04616518
v -0.12967634 -0.07415962 -0.00829931
v -0.11845410 -0.02952066 -0.04640697
v -0.11824948 -0.01111287 0.01710468
v -0.11213023 0.04502567 -0.06463639
v -0.12563843 0.05618030 0.04615149
v -0.10755350 0.07660205 0.02682042
v -0.11063220 0.08473865 0.02215870
v -0.11713294 0.11439715 0.03450587
v -0.12512893 0.12232149 -0.06014998
v -0.12944678 0.13235807 -0.10027475
v -0.12836139 0.15065081 0.06124942
v -0.11816964 0.14322031 -0.06683844
v -0.12662473 0.16774520 -0.08927358
v -0.12210205 0.16586046 0.05082295
v -0.13383914 0.18742012 -0.04344545
v -0.12900404 0.19634234 -0.00231593
v -0.11967934 0.22087324 -0.04921150
v -0.11889067 0.20441405 -0.00883574
v -0.12564815 0.21637783 -0.03781916
v -0.11481039 0.22090449 0.00315134
v -0.12624405 0.21513500 0.01140581
v -0.11944271 0.23194254 -0.05008080
v -0.12298811 0.22936841 0.01241702
v -0.12153482 0.24757636 -0.05892557
v -0.11819700 0.25084742 0.01299251
v -0.13238506 0.26880231 0.01040973
v -0.11348629 0.28594051 0.01879441
v -0.12692753 0.28493358 -0.05135639
v -0.12204184 0.28689377 0.01926679
v -0.13292032 0.29728805 -0.08746373
v -0.11406744 0.35399227 -0.05494422
v -0.12048279 0.34735854 -0.02862128
v -0.12350451 0.35303266 0.04587565
v -0.12545274 0.35869160 -0.05795540
v -0.12573166 0.35648434 -0.08209421
v -0.12892867 0.36923185 -0.06669563
v -0.12173272 0.37658353 -0.02987943
v -0.12269575 0.40555339 -0.06442935
v -0.11461141 0.40264387 -0.05312688
v -0.12919055 0.38302349 -0.03450830
v -0.12007694 0.38625884 -0.02751192
v -0.12550512 0.37431489 0.02741505
v -0.12268433 0.40484953 0.02836048
v -0.11476276 0.40440485 -0.02008590
v -0.12273441 0.41099225 0.01846228
v -0.12352848 0.43075950 0.02844142
v -0.11507340 0.47323614 -0.05545210
v -0.12669941 0.45715999 0.01980154
v -0.13855439 0.52621971 -0.02025193
v -0.11806173 -0.98077004 0.06677380
v -0.10995791 -0.98709003 0.07672010
v -0.10953247 -0.95915000 0.08049661
v -0.11216393 -0.95479881 0.07493745
v -0.12275761 -0.95181924 -0.05631181
v -0.10858843 -0.90391739 0.03513401
v -0.11903470 -0.90647915 0.06488908
v -0.11648901 -0.89928775 -0.06609958
v -0.12483344 -0.90057201 0.02918466
v -0.11777265 -0.81963027 0.02717398
v -0.10117321 -0.82089196 0.03462497
v -0.10467242 -0.79609544 -0.08107172
v -0.11692984 -0.79804314 -0.06118369
v -0.12051300 -0.78419080 -0.08827354
v -0.11395279 -0.75056761 0.02499391
v -0.11407376 -0.48773803 -0.06210897
v -0.11211212 -0.43256927 -0.07385626
v -0.12353255 -0.41738658 -0.09266866
v -0.12016212 -0.39023118 -0.10181381
v -0.10913849 -0.37535586 -0.10448947
v -0.10921208 -0.36494841 -0.08220767
v -0.10946662 -0.35669570 -0.07454880
v -0.11196099 -0.32158143 0.01186870
v -0.11172595 -0.30942452 -0.05912809
v -0.11705876 -0.25808478 -0.03702228
v -0.10247383 -0.27411331 -0.07886109
v -0.11379576 -0.26231136 0.04481953
v -0.10952807 -0.22176008 -0.05138524
v -0.12060012 -0.20883299 -0.05631227
v -0.11102556 -0.19434827 -0.05754097
v -0.10904257 -0.19299393 0.01825250
v -0.12370409 -0.16094075 -0.04495088
v -0.11335964 -0.15689004 0.01398304
v -0.12284663 -0.06741152 -0.01838038
v -0.12486047 -0.07366258 -0.02915335
v -0.11293696 -0.03865925 -0.01202962
v -0.11532636 -0.03650399 -0.03416826
v -0.12402366 0.08392615 -0.05898967
v -0.12575738 0.08124602 -0.07131439
v -0.12373353 0.08349019 0.03364315
v -0.11644486 0.11311190 -0.07298818
v -0.12309480 0.12974555 -0.06796315
v -0.12657627 0.13708289 -0.06989800
v -0.09716345 0.13801843 0.06207009
v -0.10962001 0.14724433 0.02930882
v -0.11817062 0.14241394 0.03996847
v -0.11447353 0.18741235 -0.03188131
v -0.11355976 0.17702879 0.00410330
v -0.11424244 0.17994582 -0.04509207
v -0.11350896 0.20597084 -0.02311631
v -0.11500368 0.19849972 0.00893075
v -0.11182892 0.20863780 -0.01579468
v -0.11803224 0.21421765 0.00831440
v -0.11703596 0.19060811 0.03954345
v -0.11286531 0.23521193 -0.08818124
v -0.11336890 0.22520701 -0.04427058
v -0.11502573 0.25044701 0.01953187
v -0.11305905 0.25398786 0.01451496
v -0.10873071 0.27058358 0.02202495
v -0.11411690 0.27513859 -0.09240750
v -0.12874278 0.28644579 -0.05821338
v -0.10304922 0.31576582 -0.08822377
v -0.11657908 0.31299724 0.01274131
v -0.10779794 0.32369190 -0.05676213
v -0.10902283 0.32257683 -0.04546952
v -0.12220609 0.35935761 0.01885442
v -0.12372713 0.37356396 -0.07567781
v -0.11848792 0.39954191 -0.01567124
v -0.11381138 0.40779554 -0.02131922
v -0.10973906 0.41383380 0.01072379
v -0.11349812 0.41341932 -0.07372678
v -0.10583577 0.42688587 -0.04249752
v -0.11569690 0.43016987 -0.03636109
v -0.12861541 0.42840921 0.00109473
v -0.12730402 0.45331319 -0.06008839
v -0.10058837 0.43536817 0.03111352
v -0.10959626 0.52576000 -0.04205021
v -0.11434984 0.53648581 -0.03687535
v -0.10520971 -0.97802037 -0.04270018
v -0.12525396 -0.98928917 0.00017700
v -0.10887301 -0.98339303 -0.16149499
v -0.12642135 -0.97292200 -0.15662371
v -0.10074524 -0.95427626 0.01154885
v -0.11760362 -0.91077087 0.02281113
v -0.12009828 -0.90908304 -0.05972580
v -0.10599005 -0.88983201 -0.11133849
v -0.10135775 -0.89009121 0.06924683
v -0.11685992 -0.89129787 0.07165505
v -0.09735149 -0.86631677 -0.11084255
v -0.10105263 -0.83719504 0.02586962
v -0.10441382 -0.82521237 -0.06053977
v -0.10015252 -0.82105737 0.02172305
v -0.11968713 -0.82224847 0.06408159
v -0.11912006 -0.81345997 -0.10641062
v -0.10586798 -0.79616534 0.02320009
v -0.09184603 -0.80822252 -0.10924836
v -0.10207230 -0.83218256 -0.06725129
v -0.10611956 -0.81384672 0.06543021
v -0.12002132 -0.78737851 0.07843983
v -0.11740304 -0.73269041 -0.06191386
v -0.11048065 -0.64319483 -0.06143315
v -0.10606234 -0.56749671 0.02394013
v -0.10277926 -0.44680925 -0.06087155
v -0.11006838 -0.45320533 0.02526486
v -0.11969207 -0.43722168 0.02972268
v -0.09775060 -0.41100941 -0.08291113
v -0.10218275 -0.40842489 0.05714491
v -0.10491082 -0.40202275 0.06609431
v -0.10735455 -0.37061666 0.06386867
v -0.11889466 -0.35842717 0.03678876
v -0.10552198 -0.30644268 -0.07317632
v -0.11203995 -0.32396696 -0.05114293
v -0.11018136 -0.28892430 0.00403951
v -0.10107866 -0.28711013 0.02070505
v -0.10432339 -0.25972643 -0.07450791
v -0.12350964 -0.26099834 0.02952683
v -0.10070851 -0.26702466 0.03208018
v -0.10744679 -0.24926764 -0.03594406
v -0.10273954 -0.16905091 -0.05511232
v -0.10042594 -0.11638984 0.00244011
v -0.10672625 -0.10939062 -0.03634047
v -0.10768251 -0.09513578 -0.02352050
v -0.09754836 -0.01072731 -0.04905471
v -0.11373004 0.00469802 0.02579373
v -0.10256362 0.04444023 0.02575375
v -0.11257953 0.06729888 -0.08750499
v -0.09671325 0.07209598 -0.06533749
v -0.09741831 0.07665081 -0.05486687
v -0.11320556 0.11296690 -0.08724434
v -0.10612141 0.12223307 -0.05907596
v -0.11156860 0.13027163 -0.06667902
v -0.10433960 0.13054181 0.02748755
v -0.11585833 0.12729084 0.06200199
v -0.11990889 0.14476870 -0.08115431
v -0.11198962 0.16692645 -0.07379613
v -0.10930276 0.15003597 0.06232701
v -0.10979695 0.16644742 -0.08974493
v -0.10916494 0.20115732 -0.01570081
v -0.09705034 0.19925886 0.00422226
v -0.09399792 0.18188200 0.03486042
v -0.11207499 0.20901454 -0.02176440
v -0.10670951 0.21537337 -0.04810298
v -0.11645255 0.21019048 -0.03175501
v -0.10794362 0.26428180 -0.05338256
v -0.11086550 0.23186161 0.01040516
v -0.10450018 0.24836672 0.01878627
v -0.11262426 0.27788133 -0.05405541
v -0.11203722 0.28210215 -0.06008327
v -0.10805810 0.29945214 -0.05089133
v -0.10682353 0.30593000 -0.05842994
v -0.11005977 0.30999580 0.01643984
v -0.11077608 0.32861324 0.00336260
v -0.10166308 0.34048088 0.01600215
v -0.09621116 0.33531655 -0.05128455
v -0.10857446 0.32450390 0.04972932
v -0.11421538 0.35581604 -0.08411291
v -0.10785430 0.38524764 -0.00188761
v -0.11318941 0.41286010 0.03583065
v -0.11371678 0.40172736 -0.02047636
v -0.10413121 0.40979455 -0.00654026
v -0.11378629 0.42710192 -0.00630514
v -0.11458609 0.42980674 0.00280348
v -0.11007886 0.47951289 0.01300620
v -0.09938504 -0.99895767 -0.15300235
v -0.10870574 -0.99220933 -0.01835489
v -0.10772889 -0.96603093 0.05373207
v -0.10130905 -0.96011191 -0.13999141
v -0.09710464 -0.96017445 0.07492813
v -0.09608358 -0.96193752 -0.04560494
v -0.10150844 -0.89259938 -0.05762536
v -0.10899002 -0.96013331 -0.09047019
v -0.09835792 -0.91090146 -0.09051395
v -0.11598894 -0.90153491 -0.10346007
v -0.09929443 -0.89244424 0.01992852
v -0.09573776 -0.89126453 -0.08963880
v -0.10126614 -0.89368859 -0.06764185
v -0.09795694 -0.86783810 0.07260871
v -0.10167724 -0.83495703 -0.09106560
v -0.09664361 -0.84226450 0.05093163
v -0.08788861 -0.81935871 0.04878042
v -0.09504053 -0.79981734 -0.05418383
v -0.08913162 -0.78066512 -0.10850337
v -0.08297996 -0.77550572 -0.09587772
v -0.08152177 -0.77753189 -0.08543941
v -0.09730124 -0.77542548 0.06189135
v -0.09822994 -0.71323482 -0.05657351
v -0.10139616 -0.55857783 -0.05937636
v -0.09753230 -0.56732625 0.02067672
v -0.09748743 -0.44534644 0.02107689
v -0.08318773 -0.43395446 0.01702107
v -0.10953180 -0.41255148 -0.10206410
v -0.10343343 -0.37179699 -0.09983080
v -0.10559345 -0.36664714 0.04163126
v -0.09027983 -0.36200600 0.02721833
v -0.09129722 -0.29413837 -0.06793937
v -0.10364757 -0.26593663 -0.04129665
v -0.08741101 -0.27030609 0.01016959
v -0.09381361 -0.18597067 -0.05295661
v -0.10250400 -0.20561870 0.01450900
v -0.08953776 -0.13729635 -0.04778916
v -0.08477939 -0.09539645 -0.03256419
v -0.10405955 -0.10086754 -0.00915596
v -0.09774643 -0.09420880 -0.02457188
v -0.10315089 -0.03062162 0.00515568
v -0.09490016 0.00416177 0.02008092
v -0.10588471 0.06892798 0.04876951
v -0.09207473 0.08498084 0.01215404
v -0.09805955 0.07799369 0.03001935
v -0.09241133 0.07881173 -0.06598904
v -0.10849076 0.11725045 0.02255692
v -0.09902934 0.12564643 -0.06500863
v -0.09927919 0.14785544 -0.06256140
v -0.09483418 0.15474507 0.02252379
v -0.10944822 0.15168830 -0.10076690
v -0.10459167 0.16476004 0.05018154
v -0.09167856 0.16941987 -0.10321091
v -0.09523258 0.17101719 0.06615902
v -0.09945936 0.17751115 -0.09895457
v -0.10440935 0.17615184 0.05904995
v -0.10258494 0.18829904 -0.04203739
v -0.10498033 0.19905281 -0.02840172
v -0.10243744 0.21266727 -0.01614036
v -0.09571090 0.21007505 0.00934873
v -0.10330902 0.21211047 -0.02138887
v -0.10563301 0.23175574 -0.05070692
v -0.09265861 0.25120085 0.00542844
v -0.10825209 0.24547491 0.05194271
v -0.09441996 0.27651236 0.00991323
v -0.09370590 0.30819471 0.02717065
v -0.10006896 0.28742536 0.05226660
v -0.09874752 0.32343626 0.01953464
v -0.09747082 0.33053869 0.04830898
v -0.09416842 0.34187553 0.01163235
v -0.10914524 0.36307813 0.04583760
v -0.10090504 0.36939753 0.01214731
v -0.10138672 0.39920684 -0.07869346
v -0.10372900 0.37418720 -0.04422243
v -0.11535872 0.40009691 0.01500592
v -0.08971758 0.40299973 0.03960991
v -0.10092312 0.37792854 -0.05104695
v -0.10513496 0.41181889 -0.03197947
v -0.09521637 0.43552357 -0.06969343
v -0.10650919 0.45537324 0.02208290
v -0.09722125 0.45223536 -0.05919046
v -0.09733923 0.47365930 0.00739474
v -0.10606848 0.55393287 -0.01844027
v -0.09433984 -0.99989941 0.10602330
v -0.11358833 -0.99928791 0.11452096
v -0.09085222 -0.98868025 -0.11423790
v -0.07579418 -0.97416415 -0.15243773
v -0.09571205 -0.97240626 0.00119053
v -0.05443274 -0.96782587 0.10320302
v -0.10238063 -0.95920181 0.09592945
v -0.07876843 -0.95152399 -0.07645976
v -0.10048242 -0.90146018 0.05206190
v -0.09111754 -0.88556724 -0.06421871
v -0.09106927 -0.87549896 -0.05801683
v -0.09424966 -0.88671512 0.02761539
v -0.08971566 -0.87120171 -0.10548568
v -0.08957291 -0.86826314 0.06579659
v -0.09280258 -0.84439893 -0.06317124
v -0.10296251 -0.84659324 0.07158418
v -0.10100356 -0.82215938 -0.09109126
v -0.09007056 -0.84117402 -0.05054349
v -0.08522347 -0.84401770 0.02457581
v -0.08129225 -0.81651634 -0.08847322
v -0.08871195 -0.80182133 0.07428426
v -0.09840850 -0.78167253 0.04770916
v -0.08897428 -0.77230550 0.01378359
v -0.09796335 -0.74198412 0.02024276
v -0.08736598 -0.44515122 0.01349284
v -0.08931511 -0.49667006 -0.05186118
v -0.08707702 -0.43726783 -0.05300913
v -0.10457973 -0.42456741 0.04132308
v -0.09501032 -0.40273883 0.04332311
v -0.09560860 -0.39230059 -0.10051493
v -0.09376220 -0.37742435 -0.08189827
v -0.09293896 -0.38293147 0.04319162
v -0.09529040 -0.38827052 0.06191264
v -0.10339703 -0.31105618 0.03391049
v -0.09160662 -0.29343817 -0.04956837
v -0.09300052 -0.28538145 -0.06183914
v -0.09195479 -0.29199596 0.01089758
v -0.10528054 -0.25599368 -0.00322988
v -0.08814915 -0.21387004 -0.03080282
v -0.09159296 -0.23035907 -0.00807293
v -0.09780392 -0.23372226 -0.00514718
v -0.08983772 -0.21362187 -0.00779489
v -0.09531388 -0.21063627 -0.04385296
v -0.08671797 -0.19512582 0.00047517
v -0.09954175 -0.02887543 -0.04223079
v -0.09333146 -0.01018593 0.00792994
v -0.08369614 0.00349267 -0.04938266
v -0.08479855 0.04524861 -0.05256695
v -0.08767265 0.07270790 0.02146414
v -0.09782474 0.11296444 0.04634453
v -0.08640750 0.12186779 -0.06271234
v -0.10051948 0.13218708 -0.10025518
v -0.09259494 0.13484993 0.02633327
v -0.09080102 0.13796778 -0.05640012
v -0.09164584 0.13765013 -0.06552464
v -0.09873882 0.14094276 0.03254281
v -0.08917575 0.16561240 -0.05847673
v -0.07290780 0.20342688 0.02792464
v -0.09222302 0.17871531 -0.07088453
v -0.09707177 0.19658813 -0.07680555
v -0.08241526 0.21132319 -0.04520769
v -0.08772393 0.21467501 0.01249940
v -0.10648012 0.22265403 0.01167292
v -0.09566827 0.22644746 -0.00973435
v -0.09140965 0.22169184 -0.01062306
v -0.08938551 0.23403280 -0.02851521
v -0.10007228 0.24514452 -0.04522037
v -0.10772754 0.26224829 -0.05913186
v -0.07822464 0.25504189 -0.08478159
v -0.09137809 0.27314082 0.05150507
v -0.09158428 0.29206195 -0.08616732
v -0.07250381 0.28349842 0.00211044
v -0.09271735 0.29215853 -0.06761422
v -0.09340667 0.31081378 -0.04837837
v -0.08838859 0.31908384 -0.06610939
v -0.09582647 0.31803867 0.01122939
v -0.08947329 0.33898457 0.01742973
v -0.09713492 0.32719940 -0.05741901
v -0.09071805 0.40681840 -0.04376638
v -0.09082446 0.38426901 -0.05077755
v -0.09196912 0.42288162 0.00339098
v -0.08832652 0.41583181 0.01107402
v -0.08747726 0.43926331 0.01978011
v -0.09226168 0.44366696 -0.04297685
v -0.09491841 0.45199127 0.00541574
v -0.09385675 0.45706393 -0.03834803
v -0.09769315 0.45523465 0.01765661
v -0.09148838 0.49638710 0.00401381
v -0.08651790 0.51264900 -0.03949838
v -0.08328785 0.54521976 -0.03377905
v -0.09329642 0.54848712 -0.00528233
v -0.08372627 0.55970680 -0.02926430
v -0.08339320 -1.00014047 -0.14496217
v -0.06543750 -0.99931006 0.09929202
v -0.10168634 -0.97291301 0.11752483
v -0.08815374 -0.97416870 -0.01805405
v -0.08406233 -0.95557338 -0.02925715
v -0.09811493 -0.95374722 0.06484709
v -0.08844083 -0.94852545 0.00072974
v -0.07601696 -0.90565981 -0.01711185
v -0.07533958 -0.89196129 -0.00264700
v -0.08924497 -0.87382080 -0.08980703
v -0.08828708 -0.87641526 0.04939300
v -0.08249026 -0.87450008 -0.05793393
v -0.08343978 -0.87483920 0.00998088
v -0.08357743 -0.86814951 0.01825412
v -0.09224841 -0.85176862 -0.09075179
v -0.08414443 -0.86917946 -0.04976768
v -0.08268843 -0.86054751 0.01157902
v -0.08260182 -0.85343599 -0.08226863
v -0.08390374 -0.85631103 0.01994591
v -0.08078280 -0.84258979 -0.04113183
v -0.08290847 -0.84727128 -0.05865942
v -0.08555027 -0.80515776 -0.06900028
v -0.08482119 -0.79793198 -0.11038842
v -0.08331667 -0.78032843 0.06624452
v -0.08136632 -0.69924047 0.00436416
v -0.07847249 -0.66872368 -0.03539319
v -0.08338662 -0.75021885 -0.04276860
v -0.08844891 -0.61983993 0.01404049
v -0.08116916 -0.56342438 0.00504291
v -0.08110188 -0.45011034 -0.04291837
v -0.07746509 -0.42557523 -0.06280732
v -0.07602961 -0.42123962 0.02322380
v -0.07647508 -0.37491195 -0.06468038
v -0.07955295 -0.37647452 0.02935038
v -0.08975656 -0.35764832 -0.06554352
v -0.08368490 -0.30372110 0.02007928
v -0.08129025 -0.30495169 -0.05636824
v -0.08204830 -0.29062518 -0.04717346
v -0.09290384 -0.28916746 0.03277337
v -0.08162253 -0.29235052 0.00840727
v -0.08005997 -0.26802627 -0.05007579
v -0.09846381 -0.24162333 -0.03443864
v -0.07144057 -0.23642608 0.00432159
v -0.08253778 -0.22566587 -0.00833275
v -0.08017961 -0.21112572 -0.02010048
v -0.08810093 -0.20527004 -0.03211558
v -0.08480737 -0.20450972 -0.01878962
v -0.07159394 -0.10591704 -0.00620467
v -0.08405964 -0.08201930 -0.02079002
v -0.08812083 -0.03109018 -0.01755603
v -0.07949403 -0.01008342 -0.02017096
v -0.08111373 0.00350116 0.00811433
v -0.07775651 0.03592102 0.00453397
v -0.07775540 0.06175621 -0.07563131
v -0.09389233 0.05811007 0.04404551
v -0.07637026 0.07531905 -0.00714686
v -0.09676000 0.07503568 0.01962449
v -0.06738676 0.11597571 -0.06933651
v -0.08247503 0.08565338 -0.03967375
v -0.08917685 0.11118443 0.02698935
v -0.09188197 0.12475701 -0.05238776
v -0.07589495 0.15073809 0.00886311
v -0.08182352 0.13232481 -0.04639269
v -0.06992088 0.15448524 -0.06886249
v -0.09153324 0.18030282 -0.08873572
v -0.08303537 0.18489559 -0.09932530
v -0.08136286 0.18988576 0.04476621
v -0.08032923 0.19115208 0.05478595
v -0.07487311 0.22282954 0.03695499
v -0.08389996 0.21649780 -0.05137567
v -0.08253617 0.21275522 0.00392318
v -0.08853279 0.22402563 -0.02835686
v -0.07979970 0.23579249 -0.02957768
v -0.07648308 0.25083434 -0.02765925
v -0.08907942 0.23920755 -0.00688319
v -0.07642856 0.25256270 -0.01082623
v -0.08762764 0.27689302 0.02763487
v -0.08109801 0.26605917 -0.06614163
v -0.08358879 0.24071714 0.04669489
v -0.07649984 0.25777965 0.04383253
v -0.07855800 0.27158608 -0.07459822
v -0.08836388 0.28175581 -0.04736475
v -0.08446030 0.28512227 0.03528377
v -0.08886504 0.30622182 0.03553537
v -0.08756632 0.28948067 0.04452158
v -0.09047615 0.31710115 0.04503640
v -0.08815130 0.32561784 -0.08283275
v -0.06892487 0.30356289 -0.00283889
v -0.08848191 0.30555835 -0.07468744
v -0.08181332 0.33987476 -0.05211389
v -0.08117735 0.35696584 -0.05198020
v -0.09227177 0.38716971 0.01188664
v -0.08293595 0.41882045 -0.05094839
v -0.08501158 0.39701830 0.00685772
v -0.08376184 0.42534807 0.03053939
v -0.08202139 0.43001346 -0.05893250
v -0.09037863 0.44177997 -0.05107216
v -0.08252918 0.43622568 -0.04349228
v -0.08252918 0.43694454 -0.04322957
v -0.08252918 0.44408560 -0.04162931
v -0.08316427 0.48131648 -0.02986929
v -0.08961442 0.46686881 -0.00542675
v -0.08053532 0.48904121 -0.01222831
v -0.09948747 0.48076550 -0.04940320
v -0.08132488 0.48847788 -0.03062759
v -0.09532665 0.52544647 0.00192126
v -0.07968793 0.51425574 -0.00710109
v -0.07982521 0.56495983 -0.01481369
v -0.05351754 -0.99537962 -0.14823989
v -0.06896582 -1.00035649 0.10584478
v -0.05762467 -0.99581387 0.10990197
v -0.06985578 -0.97872694 -0.08891158
v -0.07089838 -0.97619285 0.04821699
v -0.06911316 -0.95931732 -0.12879266
v -0.09875003 -0.94993325 -0.10096745
v -0.08038924 -0.92389973 -0.06678053
v -0.07305214 -0.95349455 0.03588181
v -0.06814415 -0.93441614 -0.08561621
v -0.07953032 -0.89847842 -0.03668739
v -0.07886307 -0.89770090 -0.08193045
v -0.07378819 -0.90629120 -0.05516730
v -0.07496586 -0.88388055 -0.04182778
v -0.07887945 -0.90902458 0.02516854
v -0.06912947 -0.87725758 -0.07480077
v -0.07674901 -0.87622720 -0.05113405
v -0.07495977 -0.87719646 0.01178988
v -0.08116334 -0.86222178 0.01177314
v -0.07314902 -0.84864490 0.03989065
v -0.07380900 -0.84945695 -0.04175659
v -0.07880257 -0.85616959 -0.05028122
v -0.07441345 -0.85122757 0.01046572
v -0.07534202 -0.84992972 0.00185141
v -0.07405574 -0.82123236 -0.07950968
v -0.07427833 -0.82181872 -0.01994306
v -0.07538946 -0.82450396 -0.01188863
v -0.07810038 -0.81596500 -0.03102197
v -0.08377266 -0.84127471 0.00816671
v -0.08039352 -0.80916103 -0.10398356
v -0.07605999 -0.79886741 -0.01945090
v -0.07725149 -0.79852760 -0.00711506
v -0.07043767 -0.79664632 0.01923284
v -0.07434865 -0.79475237 -0.06455164
v -0.06870497 -0.78312056 -0.09901047
v -0.07785421 -0.78422265 0.03558921
v -0.07527475 -0.67542120 -0.01962003
v -0.07577737 -0.67264831 -0.01181553
v -0.07778287 -0.67688709 -0.00384061
v -0.07621669 -0.55353842 -0.00717971
v -0.07802621 -0.53394227 -0.03539424
v -0.07598239 -0.65026889 -0.02752752
v -0.07629605 -0.44595773 -0.00596070
v -0.07492400 -0.54205180 -0.01964210
v -0.07502940 -0.44513321 -0.02756262
v -0.07418084 -0.44431453 -0.01510717
v -0.07712277 -0.43859781 -0.03649370
v -0.07981807 -0.43868555 0.00401759
v -0.07463621 -0.36114941 -0.04545872
v -0.07381050 -0.29644191 -0.04123397
v -0.05948097 -0.24861171 0.00790667
v -0.07098444 -0.24336789 -0.04654711
v -0.07699534 -0.16925134 -0.04020606
v -0.07697806 -0.17225959 -0.00057913
v -0.08650034 -0.15849764 0.01210150
v -0.08245989 -0.14900085 -0.04757792
v -0.07367935 -0.11948842 -0.03727535
v -0.08111963 -0.08717465 -0.01033974
v -0.08269077 0.04335740 0.01335638
v -0.08013301 0.05297579 -0.06800253
v -0.07315832 0.05289543 0.02780624
v -0.07324972 0.07161615 0.00093692
v -0.08135820 0.06669203 0.04047226
v -0.06816525 0.08377893 0.02790599
v -0.08302893 0.08360977 -0.07689525
v -0.08709151 0.08389391 0.02518560
v -0.07217801 0.11689814 -0.01913237
v -0.08449043 0.12069763 0.00797025
v -0.07065123 0.11329667 -0.04564335
v -0.07470089 0.12342909 -0.02622473
v -0.07461989 0.08201763 -0.02085291
v -0.07872237 0.13198018 -0.09267528
v -0.07953097 0.12872746 -0.05346217
v -0.05362704 0.13230611 0.03445405
v -0.08247685 0.13766301 -0.05893969
v -0.06993044 0.16785996 -0.04538428
v -0.07927699 0.15303495 -0.08959804
v -0.08141783 0.17791491 0.01240067
v -0.06300631 0.18980383 -0.09257776
v -0.08341908 0.17894704 -0.05049948
v -0.07276464 0.18130134 0.05881626
v -0.07513370 0.19999417 -0.06733858
v -0.07512502 0.20951311 0.01228794
v -0.08256246 0.23240298 -0.00878038
v -0.07565500 0.24224297 -0.00852075
v -0.07323946 0.24517444 0.02560894
v -0.06956688 0.24612896 0.03359106
v -0.07367721 0.32255927 -0.04676851
v -0.07344393 0.30683580 -0.03770620
v -0.06356193 0.33684534 0.00665867
v -0.07186713 0.35257611 -0.06609288
v -0.07196296 0.35485164 0.02659323
v -0.07361203 0.34885012 0.03509902
v -0.07028485 0.36877742 -0.07596615
v -0.07880353 0.36071796 -0.05744938
v -0.07969220 0.36153717 0.01606007
v -0.08180440 0.36003632 0.04381120
v -0.08060624 0.37114315 -0.08097815
v -0.07899494 0.41683668 -0.07237230
v -0.07334877 0.37787826 0.02046955
v -0.07807705 0.42087593 -0.04650884
v -0.07284611 0.43429910 0.00392895
v -0.07470332 0.43622568 -0.04322957
v -0.07466926 0.43622316 -0.04322921
v -0.06894282 0.45209458 -0.03961822
v -0.06398342 0.46868330 -0.00708093
v -0.07901414 0.49443382 -0.01918739
v -0.07562412 0.53405960 -0.02383172
v -0.07915402 0.54585083 -0.00784768
v -0.06960731 0.56329126 -0.02091512
v -0.07006813 -0.98831760 0.08770173
v -0.08195976 -0.96179888 -0.10999845
v -0.06669058 -0.95994329 0.08672802
v -0.06827446 -0.91899188 -0.05092688
v -0.06869065 -0.93250159 0.01969154
v -0.06780545 -0.90879763 -0.00254724
v -0.07063945 -0.89999854 -0.04290955
v -0.06758091 -0.82470423 -0.00620156
v -0.06873992 -0.83134820 -0.03336988
v -0.06102045 -0.82101230 0.02985431
v -0.06916669 -0.80999995 -0.04923247
v -0.07245569 -0.81155032 0.05719245
v -0.06057081 -0.77870225 0.04890748
v -0.06115848 -0.77606483 0.03119963
v -0.07334011 -0.77534677 0.04899705
v -0.07240522 -0.43586970 -0.01626101
v -0.06445373 -0.42378259 -0.00303229
v -0.06572717 -0.42357242 -0.04054869
v -0.06746345 -0.37547878 -0.04866630
v -0.06981609 -0.36171246 -0.02434105
v -0.07060366 -0.36363250 -0.00783850
v -0.07485139 -0.36437139 0.00847196
v -0.07028551 -0.31046347 -0.02897442
v -0.07634326 -0.30222989 0.00761667
v -0.06678070 -0.30310930 -0.02132473
v -0.07130137 -0.30433636 -0.00721533
v -0.06792135 -0.29476111 -0.00346845
v -0.06574549 -0.27046441 0.00847243
v -0.08110640 -0.22131773 -0.02905295
v -0.06395389 -0.17060626 -0.01781145
v -0.07116459 -0.16813836 -0.01860247
v -0.06980246 -0.14391699 -0.03598593
v -0.06621143 -0.13321485 -0.00725822
v -0.06610986 -0.10617256 -0.02294548
v -0.07342086 -0.08764673 -0.02384662
v -0.07222290 0.00344966 -0.01918497
v -0.07309796 0.04499244 -0.03626940
v -0.07081816 0.04099165 -0.01348657
v -0.06629270 0.04824539 0.00863067
v -0.06660881 0.05769233 -0.05606302
v -0.07433162 0.07409983 -0.03060722
v -0.07313463 0.07467825 -0.04604465
v -0.07278369 0.08029328 0.00922569
v -0.06441744 0.11691513 0.02937482
v -0.06541550 0.12734689 -0.00969613
v -0.07309523 0.12999827 0.00764706
v -0.07075419 0.13454508 -0.02992023
v -0.06529403 0.12914656 -0.02366159
v -0.07264626 0.14763504 -0.04272910
v -0.06643440 0.13793949 -0.01985026
v -0.06894527 0.13211938 -0.01330223
v -0.07849878 0.13155082 0.05375475
v -0.06704032 0.14989187 0.02556681
v -0.06107619 0.16887484 0.00127924
v -0.06677749 0.19534499 0.05330676
v -0.07454540 0.19251134 -0.08067118
v -0.07205222 0.21356428 -0.04739388
v -0.07324557 0.20055789 0.01126438
v -0.06914348 0.22020369 -0.06746040
v -0.07324292 0.22690878 -0.05784413
v -0.06963387 0.22241438 0.02765701
v -0.07455721 0.22815369 -0.07766149
v -0.07152164 0.24581163 -0.07658038
v -0.07054028 0.22127323 0.00717148
v -0.07151233 0.24540321 -0.06583518
v -0.06236213 0.25861293 -0.00035569
v -0.07445042 0.34584839 -0.07504798
v -0.05968410 0.35243290 0.00373476
v -0.06413972 0.34758556 -0.04704960
v -0.06691416 0.38987590 -0.06648966
v -0.06784597 0.38622475 0.02750782
v -0.07070048 0.36701847 0.03772546
v -0.07261623 0.38960190 0.03742010
v -0.07194776 0.40309278 -0.05839099
v -0.07456165 0.41677921 0.02375476
v -0.06161769 0.42741576 -0.04189750
v -0.06735523 0.47677099 -0.02951920
v -0.07079377 -0.98813075 -0.12760883
v -0.07258241 -0.98847600 0.06649740
v -0.10044953 -0.98930055 0.12125214
v -0.05778375 -0.98489758 -0.15232813
v -0.05472837 -0.97211049 0.03009913
v -0.07003823 -0.96103182 0.06789568
v -0.05985711 -0.95555223 -0.09256453
v -0.05818489 -0.96243462 -0.06280697
v -0.05881312 -0.90948890 -0.07018213
v -0.06743474 -0.90849196 -0.02806739
v -0.06681934 -0.90471352 0.03960003
v -0.06592761 -0.88544775 -0.07206560
v -0.05941358 -0.85909893 0.02717650
v -0.05890766 -0.81893152 -0.06426839
v -0.06641807 -0.82303303 -0.01988016
v -0.05372156 -0.78234583 -0.03454661
v -0.05712426 -0.77691761 -0.06049652
v -0.05270771 -0.77600990 -0.07065941
v -0.06244748 -0.41985316 -0.02728252
v -0.06196775 -0.37709941 -0.02791064
v -0.06539245 -0.37613676 0.00479279
v -0.04907031 -0.28220897 -0.02328859
v -0.06416724 -0.19869199 -0.00573026
v -0.05691187 0.06573644 0.01328376
v -0.05635537 0.08377010 0.00875331
v -0.06734176 0.08278966 -0.03355360
v -0.06616197 0.08233306 -0.01263972
v -0.06492327 0.13677943 -0.00435451
v -0.05580533 0.14435907 -0.03793242
v -0.07202322 0.15184036 0.04848219
v -0.06130091 0.14943713 -0.05567850
v -0.06272329 0.20067903 -0.08149657
v -0.06952635 0.20219595 -0.04988042
v -0.05448064 0.23382660 -0.04644519
v -0.06080278 0.26548887 -0.04173690
v -0.07220147 0.28487428 -0.04268590
v -0.04279146 0.25812496 0.00539828
v -0.05302434 0.35196636 -0.03425421
v -0.06132749 0.37907574 -0.02160823
v -0.06907339 0.38550067 -0.00111705
v -0.06837334 0.38290731 -0.03679428
v -0.05971856 0.40617755 -0.03805775
v -0.05847921 0.41686168 0.00193171
v -0.05883608 0.45324838 -0.03585909
v -0.04954878 0.44786431 -0.00986868
v -0.06689992 0.48365387 -0.01965192
v -0.05370614 -1.00085636 -0.13865210
v -0.04736212 -0.99744867 0.09104674
v -0.05134720 -0.98807811 0.05228450
v -0.04722257 -0.98814065 0.07880151
v -0.04926336 -0.98228282 0.11137495
v -0.05429592 -0.95863802 -0.09690983
v -0.05673086 -0.95625776 0.05454760
v -0.05232328 -0.95712857 0.06139887
v -0.05447452 -0.96122815 0.09564690
v -0.05726598 -0.94609488 -0.08542030
v -0.05047100 -0.95263049 0.07582222
v -0.04720392 -0.90738207 -0.05484472
v -0.05130304 -0.89181516 0.02303190
v -0.05879482 -0.85454829 -0.06255154
v -0.05182083 -0.87360078 -0.06174424
v -0.05008365 -0.83126318 -0.04430734
v -0.05320293 -0.82111832 -0.05289562
v -0.04339896 -0.81134549 0.02623924
v -0.06522429 -0.80223485 0.06203356
v -0.05139627 -0.78141875 -0.00614184
v -0.04033330 -0.78957784 -0.07393690
v -0.05148167 -0.77529942 0.02173984
v -0.06252042 -0.22354536 -0.04240877
v -0.05768754 -0.16648352 -0.02798749
v -0.05381988 -0.16661652 -0.01028091
v -0.05610514 0.06062751 -0.02139805
v -0.05030180 0.09355154 -0.02981393
v -0.06083065 0.06970902 -0.05336278
v -0.04845929 0.11312086 -0.01113721
v -0.05138781 0.11411087 -0.04293691
v -0.04772157 0.15335006 -0.06517201
v -0.04863888 0.14954475 -0.01437113
v -0.05114497 0.17530963 -0.01953571
v -0.05031657 0.18393977 -0.00588127
v -0.05393297 0.17662795 -0.03189712
v -0.06124538 0.17487643 0.02765268
v -0.04756138 0.19097079 0.04160229
v -0.05587318 0.19852870 -0.07161499
v -0.06197649 0.20071969 0.03954483
v -0.04559871 0.19559481 0.03144322
v -0.05483561 0.20492227 0.00650388
v -0.04830462 0.22782274 0.00810400
v -0.05092360 0.27438552 -0.04457621
v -0.06463864 0.29913865 -0.03899726
v -0.05221132 0.30322139 0.00053467
v -0.05136850 0.31905220 -0.01204426
v -0.04749166 0.34753439 -0.01658341
v -0.05983088 0.39110842 -0.02830750
v -0.05052148 0.45486669 -0.02384823
v -0.03983288 -0.99958868 0.09785649
v -0.03657832 -0.98824064 -0.11359715
v -0.02944769 -0.98641555 -0.09826711
v -0.06260854 -0.98788470 -0.10241580
v -0.03522134 -0.97621033 -0.03403550
v -0.05060640 -0.95263082 -0.03509553
v -0.04517485 -0.95994302 -0.00899085
v -0.03787084 -0.96145012 0.04118451
v -0.03282459 -0.96878493 0.09827778
v -0.04434318 -0.92074543 -0.04683956
v -0.05711404 -0.94102335 0.04571290
v -0.03043942 -0.85591466 -0.06504375
v -0.05145960 -0.86439974 0.02349749
v -0.04571988 -0.83921892 -0.04563557
v -0.04283531 -0.82792129 -0.01781892
v -0.05006964 -0.83222448 0.00855717
v -0.04394841 -0.84016297 0.00937682
v -0.04926646 -0.81996700 0.00532054
v -0.04472222 -0.81933458 -0.02468303
v -0.06018300 -0.80399593 -0.09462544
v -0.04913234 -0.81116227 -0.07361020
v -0.04481893 -0.80033541 0.04198473
v -0.04610990 -0.77942544 0.03300588
v -0.03645299 -0.77700014 -0.04769092
v -0.03809768 -0.77437811 -0.02499427
v -0.04339676 -0.77548999 0.01118615
v -0.05291720 -0.28074641 -0.00574683
v -0.05504014 -0.27240730 -0.04203969
v -0.04827896 -0.24509651 -0.04312569
v -0.04045161 -0.24006902 -0.00107292
v -0.04471545 -0.20638607 -0.00221070
v -0.04301095 -0.17165255 -0.02354366
v -0.05717942 -0.16397907 -0.02366953
v -0.05229030 0.06302477 -0.01181357
v -0.04984020 0.13004624 -0.06802755
v -0.04438025 0.16867649 -0.00148933
v -0.04158111 0.16529270 -0.02814900
v -0.03680057 0.17595530 0.02466117
v -0.04829973 0.18437380 -0.05703724
v -0.04616505 0.18171834 0.01495509
v -0.04687031 0.19493619 -0.07423208
v -0.04443331 0.21009186 -0.04157494
v -0.04825361 0.32599051 -0.02529013
v -0.04439692 0.33010004 -0.01879638
v -0.04763554 0.41405596 -0.01588965
v -0.04874754 0.42753574 -0.03112387
v -0.03106172 -0.99435650 0.10256638
v -0.04108475 -0.99124576 -0.14934043
v -0.01647315 -0.98876066 -0.05971571
v -0.03928129 -0.98817997 0.04967202
v -0.03536827 -0.98751307 0.07199262
v -0.01788555 -0.98724575 -0.09684659
v -0.03333591 -0.97668538 0.10980212
v -0.05202562 -0.95235281 -0.12130832
v -0.03493872 -0.95518795 -0.10635145
v -0.03671268 -0.96103535 -0.07637403
v -0.03808351 -0.95752187 0.02767526
v -0.03155700 -0.95761845 0.06259853
v -0.02832996 -0.95509067 -0.04315437
v -0.03512696 -0.94280890 -0.03970164
v -0.03571165 -0.93593596 -0.01016871
v -0.03467447 -0.92918686 -0.01170714
v -0.04376538 -0.91850906 0.00928699
v -0.02848265 -0.83406861 0.00653508
v -0.03230846 -0.80634467 -0.05386452
v -0.03434732 -0.81118978 -0.04511278
v -0.03448600 -0.24774080 -0.01270978
v -0.03008519 -0.22305130 -0.02826413
v -0.04184003 -0.20945861 -0.03779990
v -0.03231001 -0.19173321 -0.02317678
v -0.03248307 -0.20140998 -0.01107454
v -0.03530706 0.12975183 -0.04026322
v -0.03558094 0.15168527 -0.04341464
v -0.03526816 0.13097111 -0.00036060
v -0.03419428 0.15028975 -0.00329631
v -0.04442448 0.15215211 0.01974793
v -0.02951097 0.16882239 -0.04820275
v -0.04203008 0.18185942 -0.07274361
v -0.03451319 0.17092542 -0.02033893
v -0.03570519 0.17848922 0.00289152
v -0.03950768 0.18764979 -0.06252984
v -0.03518257 0.17698235 -0.03895129
v -0.03600402 0.18402040 0.02283960
v -0.03413022 0.21527954 -0.00787917
v -0.03373803 0.21002694 -0.02342430
v -0.02611957 0.32949863 -0.03788452
v -0.03803993 0.34063964 -0.02356800
v -0.03445709 0.34005602 -0.01141487
v -0.03503131 0.37819984 -0.01688158
v -0.02963060 -0.99856211 0.08400093
v -0.02999487 -1.00002914 0.09024793
v -0.03794478 -0.98056643 -0.05681292
v -0.04978385 -0.98161668 0.03784446
v -0.02350240 -0.98714375 0.06321147
v -0.03055258 -0.98577326 0.10905485
v -0.04098090 -0.97417379 -0.15027039
v -0.03445031 -0.97760345 -0.00184745
v -0.01535197 -0.95790255 -0.08194803
v -0.02749464 -0.96060960 0.02603857
v -0.03522869 -0.93054470 -0.02718615
v -0.03405876 -0.92039017 -0.04629759
v -0.03287870 -0.89929031 -0.06326979
v -0.01648527 -0.87654422 -0.06683700
v -0.03156153 -0.87668251 0.03209350
v -0.02999500 -0.85000440 0.02443961
v -0.01546176 -0.83296664 -0.03928764
v -0.03182375 -0.80808534 0.00901539
v -0.02506939 -0.79466141 -0.03659486
v -0.02898900 -0.79462054 0.01223649
v -0.02579517 -0.78452961 -0.02083654
v -0.03424188 -0.77838174 0.00720943
v -0.03790368 -0.25124776 -0.03198295
v -0.03219474 0.14864166 -0.02214791
v -0.03011094 0.17544824 -0.05009369
v -0.02820415 0.16983868 0.00443579
v -0.03550042 0.25859344 -0.04194411
v -0.03187145 0.25971932 -0.00024721
v -0.02034042 0.28293697 0.00240441
v -0.01977005 0.28867252 -0.04288428
v -0.01711213 0.30155509 0.00322109
v -0.02816665 0.32499793 -0.00284348
v -0.03041653 0.37357987 -0.02980221
v -0.02639631 0.37397504 -0.00857550
v -0.03432103 -0.99861022 -0.13658999
v -0.00207707 -0.99959445 -0.10523479
v -0.01797882 -0.99926425 0.07587048
v -0.01488593 -0.99914212 0.08262025
v -0.01657873 -0.99594583 0.09092481
v -0.01106863 -0.98921107 -0.02909511
v -0.01863909 -0.95956573 0.05621407
v -0.01458143 -0.95744353 -0.02184997
v -0.02536127 -0.95929603 0.00075669
v -0.02986923 -0.91122930 0.01929919
v -0.00984965 -0.90380289 0.01876476
v -0.01156109 -0.83864065 0.00691315
v -0.02649284 -0.80596413 -0.02089171
v -0.02649823 0.16051594 -0.02269123
v -0.02579461 0.16919384 -0.01819756
v -0.01931510 0.30907602 -0.04218275
v -0.01842169 0.54889488 -0.03508434
v -0.02514946 0.58338652 -0.01874712
v -0.02585477 -0.99894851 -0.12065905
v -0.00345892 -0.98711906 -0.06880099
v -0.02379494 -0.98858770 0.01918776
v -0.00628739 -0.99877694 0.06375734
v -0.00889320 -0.96145564 -0.09546298
v -0.01486647 -0.96055845 -0.04187712
v -0.00931089 -0.95540522 -0.01182617
v -0.01082774 -0.92807021 -0.01550719
v -0.01499293 -0.92580126 -0.02772744
v -0.01575127 -0.92420638 -0.00749854
v -0.01144663 -0.90160823 -0.05798062
v -0.01135808 -0.86653269 0.02951612
v -0.00377662 -0.80816164 -0.04057144
v -0.01812889 -0.82671410 -0.01787006
v -0.02641156 0.25117024 -0.01903884
v -0.01370787 0.27677531 -0.03687745
v -0.00339491 0.27862030 -0.01132913
v -0.01990964 0.31179194 0.00239071
v -0.01550667 0.34016497 -0.00211146
v -0.01168112 0.35226887 -0.03466059
v -0.01621600 0.37519103 -0.01965402
v -0.00917540 0.53011461 -0.03417090
v -0.02349897 0.54888565 -0.01924627
v -0.01719675 0.57443057 -0.03755474
v -0.00994500 0.60616149 -0.02916608
v -0.00471385 0.61675267 -0.01942995
v -0.00252908 -0.99558917 -0.11602867
v 0.00231764 -0.99957625 0.05578351
v -0.01605693 -0.98665852 -0.13411282
v 0.00346716 -0.98772973 0.00931657
v -0.00957057 -0.98699652 0.04258412
v -0.01178750 -0.97583256 -0.12508668
v -0.00070290 -0.97844248 0.07603398
v -0.00866516 -0.94709054 -0.02377901
v -0.00746346 -0.92757674 -0.03260663
v -0.00318726 -0.92494639 0.00050263
v -0.00424341 -0.91847620 -0.03922427
v 0.00124543 -0.91756138 0.00426861
v 0.01077243 -0.88947253 -0.06755894
v 0.00065973 -0.84724238 -0.05241332
v -0.00551281 -0.82495805 0.00540978
v -0.01199050 -0.82239287 -0.00683278
v -0.00971053 -0.79744286 -0.01976489
v -0.00672401 -0.75640853 -0.01539831
v -0.00374543 0.35227941 -0.00843516
v -0.01684640 0.55726103 -0.00031275
v -0.00494256 0.56247098 -0.04442326
v 0.00178252 0.59101167 -0.00082310
v -0.01229818 0.59819887 -0.00676165
v 0.01035845 0.61853172 -0.01116421
v -0.00252732 -0.99679969 0.07566682
v 0.00499253 -0.98745696 -0.04834459
v 0.02314309 -0.96739353 -0.04997174
v 0.00247185 -0.96050117 -0.04939757
v 0.00489047 -0.95483314 -0.04272795
v 0.01591217 -0.90132054 -0.06002073
v 0.01668058 -0.87369657 -0.06750722
v 0.00566781 -0.83294334 0.01452808
v -0.00291273 -0.79795631 0.00123572
v 0.00537363 -0.75763545 -0.05008638
v -0.00461850 -0.75624657 -0.03213909
v -0.00179025 -0.75939305 0.00137131
v 0.00480333 -0.75317816 -0.03822153
v 0.00448671 -0.75235532 -0.00383271
v -0.00323610 0.29502564 -0.03695442
v -0.00057160 0.31155048 -0.00200136
v -0.00044087 0.32105571 -0.03710796
v -0.00252223 0.35552572 -0.02862736
v 0.01167899 0.46514981 -0.00507115
v 0.01965657 0.54433913 0.00968973
v 0.00734107 -0.99944542 -0.08453241
v 0.01844050 -0.99937789 -0.05183063
v 0.01112998 -0.99915512 0.03562345
v 0.00926678 -0.98326955 -0.10566060
v 0.01829285 -0.97279724 -0.08127127
v 0.00106216 -0.96906463 0.06161199
v 0.00340812 -0.95994578 0.01204917
v 0.01350799 -0.93704558 -0.05115713
v 0.00829505 -0.95520654 0.00513609
v 0.01709306 -0.91368906 0.00840278
v 0.01308625 -0.91180614 -0.04917582
v 0.01617890 -0.88897106 0.02957264
v 0.01113909 -0.84842597 0.01570805
v 0.01853306 -0.80462792 -0.05515668
v 0.00880696 -0.78322753 -0.02324807
v 0.02050443 -0.76684035 -0.06114347
v 0.01058263 -0.75858584 -0.00601533
v 0.01085703 -0.75832851 -0.03426311
v 0.00334438 0.29194266 -0.02838716
v 0.00812926 0.30791340 -0.01446415
v 0.00847392 0.33689182 -0.01741655
v -0.00238156 0.47289998 -0.02185802
v 0.00345781 0.47801435 -0.02911020
v 0.00231270 0.48196782 -0.01706826
v -0.00160677 0.51718831 -0.02357792
v -0.00187453 0.51901129 -0.00986872
v 0.00435233 0.53196184 0.00431426
v -0.00003126 0.59808168 -0.03681419
v 0.01981743 0.59224049 -0.03307518
v 0.01600882 0.62182927 -0.02001824
v 0.01826055 -0.99635087 -0.08270726
v 0.01842835 -0.99922056 0.01030253
v 0.01914436 -0.99956972 0.02717513
v 0.01083573 -0.98642164 0.06430037
v 0.01660609 -0.96911357 0.03310556
v 0.01922534 -0.96255704 -0.04497109
v 0.01298688 -0.86464055 0.02666716
v 0.01539705 -0.80048048 0.01542475
v 0.01266815 -0.80112448 -0.01190736
v 0.01079140 -0.75775554 0.01691331
v 0.02129330 -0.75673642 0.00903494
v 0.02958898 -0.75857475 -0.06032538
v 0.01309706 0.43919135 -0.02421729
v 0.01132698 0.46698960 -0.03518228
v 0.01053486 0.52039635 -0.03935348
v 0.02522720 0.56085338 -0.04716219
v 0.01469677 0.59888513 -0.00812963
v 0.01948910 0.60099050 -0.02214578
v 0.01142119 0.61771005 -0.02885974
v 0.02498099 0.61206434 0.03020290
v 0.01590520 0.62727702 0.02003575
v 0.01508693 0.64562715 -0.05864655
v 0.02314410 0.67622909 -0.06023478
v 0.02122395 0.81248553 0.00207612
v 0.00914863 0.80333905 -0.01650916
v 0.01846175 0.80036917 -0.03825041
v 0.01442791 0.83469769 -0.02665167
v 0.02756422 -0.99892245 -0.03067232
v 0.02778727 -0.99745823 0.01591859
v 0.01654827 -0.99578385 0.04939098
v 0.02855425 -0.98324794 0.02872828
v 0.03186881 -0.97500555 -0.00138775
v 0.03239012 -0.98319252 -0.04497850
v 0.02613357 -0.96897426 0.00611034
v 0.02157760 -0.93775640 0.01455902
v 0.02694971 -0.85355859 0.01338990
v 0.02821021 -0.80726268 0.01714824
v 0.01902499 -0.80017516 -0.03789727
v 0.02255228 -0.80814955 -0.00401544
v 0.01152863 0.44925436 -0.00878497
v 0.02315886 0.53512691 -0.04849234
v 0.01712209 0.58508772 0.00052238
v 0.02234123 0.61137940 -0.05904418
v 0.03680287 0.58927035 0.00755672
v 0.01846393 0.63508700 -0.07031107
v 0.01714758 0.65189037 0.02845547
v 0.02783627 0.66702005 -0.05046748
v 0.02151855 0.67414785 0.01951519
v 0.03013094 0.74176551 -0.01412853
v 0.01927928 0.76679752 -0.00704232
v 0.01582996 0.76727619 -0.03011856
v 0.03860239 0.81416874 -0.05251811
v 0.01703987 0.84416132 -0.01391356
v 0.03038829 0.86272230 -0.02867618
v 0.03370262 -0.99171360 -0.01096577
v 0.02662239 -0.99168168 -0.07111222
v 0.02794448 -0.96770753 -0.04058826
v 0.03507898 -0.97104682 -0.02018293
v 0.03376527 -0.96316246 -0.04074978
v 0.02226159 -0.96126114 0.00551737
v 0.04317271 -0.94280238 0.01359333
v 0.03743834 -0.94323445 -0.05248405
v 0.02377960 -0.91555601 -0.04663473
v 0.04313319 -0.91517602 -0.02676816
v 0.02999047 -0.90862662 -0.04355790
v 0.03285775 -0.90852919 0.00356361
v 0.03418199 -0.88706947 0.02265665
v 0.03958856 -0.87473593 0.01738920
v 0.02235663 -0.85270868 -0.05322229
v 0.03169137 -0.80557065 -0.00043341
v 0.03944851 -0.76701747 -0.06344486
v 0.02002469 -0.75553992 -0.04749597
v 0.03437685 -0.76357466 0.01128416
v 0.03436024 -0.75850775 0.02036951
v 0.03769084 0.40827955 -0.02465604
v 0.02389605 0.42668051 -0.01121158
v 0.03402960 0.42379064 -0.00164437
v 0.02714800 0.44052580 -0.04181478
v 0.03163616 0.47579624 -0.03534329
v 0.02740868 0.48033284 -0.01943027
v 0.03070360 0.47716221 -0.00733317
v 0.02911923 0.49893426 -0.01637288
v 0.03210638 0.50193150 -0.03356604
v 0.03554638 0.59505759 -0.06716876
v 0.03155654 0.59414657 0.01973250
v 0.02389594 0.62938605 0.01117664
v 0.03846843 0.64147054 0.03964012
v 0.02541855 0.62229467 -0.04981509
v 0.03121519 0.68333785 -0.06860754
v 0.03147608 0.68705069 0.02843160
v 0.03914523 0.73742782 -0.03588024
v 0.03434153 0.85829656 -0.03734388
v 0.02809795 0.84924467 -0.00320491
v 0.03966788 0.87386414 -0.01516907
v 0.03865732 -0.96414334 -0.00277830
v 0.05526111 -0.95566737 -0.03899213
v 0.05129147 -0.95316788 0.00509331
v 0.03787611 -0.93042927 -0.05220333
v 0.04361220 -0.91381958 -0.01641757
v 0.03146816 -0.91822866 0.00394230
v 0.04174573 -0.90620879 -0.02604753
v 0.04224890 -0.90668510 -0.01646593
v 0.03527156 -0.88321645 -0.05975056
v 0.04284302 -0.86033657 -0.03978362
v 0.04275384 -0.85915572 -0.00001389
v 0.02642866 -0.81739053 -0.01807108
v 0.04196198 -0.79589926 -0.05443666
v 0.04903591 -0.79504663 0.01361360
v 0.04390672 -0.76226297 -0.04999284
v 0.04670496 0.40664626 -0.03445340
v 0.04313175 0.40597123 -0.01144725
v 0.05193335 0.41007228 -0.00064341
v 0.03781658 0.50437380 -0.00120734
v 0.04347564 0.50298383 -0.04148696
v 0.03376889 0.57901959 -0.04079360
v 0.03381926 0.58207710 0.00111069
v 0.03508691 0.58752216 -0.05065740
v 0.03804144 0.59269820 -0.04371550
v 0.04823152 0.61387950 -0.04631077
v 0.02960234 0.59430990 -0.01200772
v 0.04208343 0.60191437 0.00381227
v 0.03199779 0.66956221 -0.07502977
v 0.03491648 0.66910534 0.03662344
v 0.04134281 0.70092202 -0.05917462
v 0.04467921 0.69667040 -0.04973391
v 0.03556991 0.68545896 0.01012343
v 0.04811956 0.72411735 -0.02571159
v 0.04556305 0.79132434 0.01867043
v 0.05550268 -0.96167164 -0.01697398
v 0.05753733 -0.93113364 -0.04756219
v 0.05086981 -0.90981769 -0.02879078
v 0.04948994 -0.90931583 -0.01565030
v 0.04953490 -0.90075402 -0.01896413
v 0.04383967 -0.89100973 -0.04722258
v 0.05007150 -0.89599492 -0.02281082
v 0.05015467 -0.88355726 -0.00110544
v 0.05146774 -0.87613093 -0.02856911
v 0.05860444 -0.80051507 0.00150886
v 0.03964727 -0.81108734 -0.02803904
v 0.04337650 -0.80442054 -0.00824412
v 0.03906222 -0.79729783 -0.03946381
v 0.03328256 -0.76639727 0.02571449
v 0.05186189 -0.77125215 -0.04156209
v 0.06239557 0.41609608 -0.04306238
v 0.03447489 0.44496372 0.00358650
v 0.04474745 0.46668868 0.00273840
v 0.05445725 0.51683479 -0.04435359
v 0.04880577 0.50952461 0.00390619
v 0.03579236 0.54691498 0.00829276
v 0.06076349 0.52983366 0.00354184
v 0.05755075 0.56132834 -0.00114201
v 0.05569018 0.57809828 -0.06393471
v 0.04709029 0.59549619 0.03454032
v 0.05591350 0.62946318 -0.03100007
v 0.02895950 0.59509571 -0.02565562
v 0.05717103 0.63651978 -0.01372437
v 0.05487153 0.63981197 0.01127123
v 0.04434402 0.65227302 0.04023076
v 0.06394920 0.66586704 -0.07503696
v 0.05352090 0.66306168 -0.04773029
v 0.04924018 0.65033794 -0.01999003
v 0.05112690 0.67460275 -0.02766157
v 0.04773268 0.66244925 -0.01837838
v 0.03956792 0.70047097 0.01973441
v 0.04684155 0.75648114 -0.04560133
v 0.05051024 0.75302825 0.00552665
v 0.04599667 -0.93224809 0.01317615
v 0.06095773 -0.90152546 -0.00919187
v 0.05725595 -0.92143396 0.00439826
v 0.06135090 -0.91137723 -0.03880866
v 0.06855581 -0.89931237 -0.02312907
v 0.04802177 -0.86207704 -0.02081908
v 0.05394900 -0.80748346 -0.04326671
v 0.05910555 -0.77519100 -0.02455428
v 0.05151554 -0.77900425 -0.00042518
v 0.06290765 -0.77405981 0.01369608
v 0.05495038 -0.76348580 0.00821616
v 0.06034328 -0.76488335 0.01517418
v 0.07809530 0.59037149 -0.07094705
v 0.05795726 0.62019472 0.00513979
v 0.06319442 0.63213144 -0.05279283
v 0.06269238 0.64314558 -0.01308833
v 0.05478990 0.65125111 -0.02844905
v 0.06232265 0.66249769 -0.03560220
v 0.05999680 0.67506042 -0.04314521
v 0.06130989 0.68770030 -0.03534845
v 0.05233837 0.68730418 -0.02010943
v 0.06400711 0.67473470 0.03585054
v 0.05328057 0.70367481 0.02997366
v 0.06537471 0.70116004 0.00433570
v 0.06029120 0.71411242 0.01031599
v 0.06256778 0.71585174 -0.05044370
v 0.03727386 0.73861667 -0.00515921
v 0.04835744 0.77520746 -0.05850624
v 0.06809459 0.77540638 0.02454890
v 0.05895392 0.78551621 -0.06182773
v 0.05445475 0.82015560 0.01463521
v 0.07207288 -0.94196270 -0.03118687
v 0.06592226 -0.93597252 0.00280964
v 0.07038861 -0.91064203 -0.00666449
v 0.06188333 -0.80833723 -0.01539000
v 0.06315965 -0.80420424 -0.02285721
v 0.05942071 -0.77465385 -0.05438632
v 0.06780405 0.40116999 -0.04057718
v 0.06062024 0.39678787 -0.01537508
v 0.07663004 0.48558074 0.00476560
v 0.05579324 0.56393410 -0.03765058
v 0.05017040 0.56747337 -0.00042720
v 0.05408082 0.57636326 0.02002534
v 0.06954279 0.62543603 -0.04518849
v 0.04754867 0.64333350 -0.07946180
v 0.07037022 0.63977462 -0.02965723
v 0.05879248 0.64220743 0.03677951
v 0.06355108 0.65640347 0.00991199
v 0.07535997 0.66216984 -0.04767894
v 0.06086209 0.67275748 0.00486815
v 0.07243876 0.70297845 -0.00442060
v 0.05964989 0.67961431 -0.00346501
v 0.05146259 0.70145969 -0.07013191
v 0.06507514 0.71021623 -0.02036665
v 0.06334365 0.72020421 -0.05928827
v 0.07031057 0.72449185 -0.03710918
v 0.06633634 0.72601489 0.01067360
v 0.06438154 0.72240879 0.02032814
v 0.06992075 0.72811388 0.00117466
v 0.06447719 0.74544370 0.01764655
v 0.07084565 0.74174840 -0.06336009
v 0.06711677 0.77328085 -0.01455079
v 0.07108167 0.76352707 -0.00278929
v 0.06955621 0.79245649 -0.05910318
v 0.06817740 0.79436580 0.01953153
v 0.06466755 0.81331257 -0.05577923
v 0.06471433 0.85837282 -0.04556678
v 0.07347767 0.87766852 0.00242571
v 0.05277442 0.87266552 -0.00092848
v 0.07043818 0.89739003 -0.02768264
v 0.06620887 -0.94904984 -0.00581687
v 0.07752405 -0.93028909 -0.02301523
v 0.07440868 -0.77433212 -0.00677988
v 0.06411057 -0.76570017 -0.04936821
v 0.06697269 -0.76613614 -0.03211030
v 0.07377869 -0.77369581 -0.03674692
v 0.06703647 -0.76638123 -0.00958000
v 0.07203859 0.37610823 -0.01742822
v 0.07797135 0.39040102 -0.03486074
v 0.07652076 0.40144520 0.00586361
v 0.06844938 0.41998166 0.00338369
v 0.04896587 0.62301622 -0.07896552
v 0.06253797 0.61641550 0.03819939
v 0.07565654 0.62654313 0.00127958
v 0.06805377 0.64672373 -0.06702958
v 0.07181026 0.63735522 -0.05794418
v 0.07800439 0.63904728 -0.01134917
v 0.07052553 0.63911168 0.02552091
v 0.06942174 0.64931942 -0.05764358
v 0.07205122 0.64706217 -0.00977823
v 0.07121728 0.65326723 0.02003235
v 0.07427715 0.66564172 -0.03876862
v 0.07445958 0.70059264 0.03250701
v 0.06307584 0.69790332 -0.04356990
v 0.07168556 0.71088610 -0.03159165
v 0.07426813 0.71243558 -0.00782885
v 0.06871331 0.71751392 0.02864719
v 0.06745556 0.73438015 -0.04408928
v 0.07281535 0.75998985 -0.03662695
v 0.06293043 0.75944139 0.02398904
v 0.06664464 0.77588408 -0.03316224
v 0.07476054 0.78890731 0.00276869
v 0.06834054 0.79649643 -0.03243026
v 0.06653884 0.79522102 -0.00853481
v 0.07887712 0.79062119 0.01035894
v 0.07627407 0.79766674 -0.04886920
v 0.06949624 0.81695280 0.01310963
v 0.07841280 0.84934751 -0.04681689
v 0.07591024 0.88862480 -0.03950121
v 0.08426266 0.37552434 -0.01727930
v 0.08164559 0.40609032 -0.04672505
v 0.04750212 0.46955705 -0.04328811
v 0.08873202 0.57498825 -0.05936281
v 0.08239142 0.62489298 -0.00347217
v 0.07454671 0.62937233 -0.06971392
v 0.09305978 0.64358047 -0.05975257
v 0.09197807 0.65332105 -0.04909361
v 0.06944416 0.63437149 0.01342414
v 0.07630192 0.62881873 0.03140436
v 0.07047814 0.65914379 -0.00477839
v 0.07884057 0.66856156 0.00473634
v 0.08141842 0.67930333 -0.00360815
v 0.08180523 0.67171770 -0.03641234
v 0.07563602 0.70335751 -0.03543570
v 0.07670170 0.71624684 -0.03929631
v 0.08603558 0.70186554 0.00013135
v 0.08315923 0.71115274 -0.01243988
v 0.07471946 0.71644006 0.00117056
v 0.07798105 0.72499469 -0.00371698
v 0.07446657 0.72108498 -0.06834758
v 0.08172982 0.73786537 -0.03660945
v 0.08510208 0.73846344 -0.01886027
v 0.07692520 0.73552705 0.02767979
v 0.08099130 0.78756611 -0.04702764
v 0.07720498 0.81351536 -0.04091338
v 0.07558417 0.81221282 0.00261199
v 0.08899669 0.83715182 -0.04330048
v 0.09077317 0.90867666 -0.03845575
v 0.07682533 0.90601134 -0.01372999
v 0.10307030 0.51111605 -0.04418658
v 0.08592989 0.56163856 -0.03825310
v 0.08301695 0.58128792 0.02831039
v 0.10450256 0.59723970 -0.02210044
v 0.11472321 0.61234706 0.02362999
v 0.08332261 0.63870647 -0.04205895
v 0.07757503 0.64107474 -0.02117303
v 0.08701407 0.64828358 -0.01856803
v 0.08123270 0.63908327 0.00538615
v 0.08986039 0.64464100 0.01636783
v 0.09020771 0.65394865 -0.02121289
v 0.08856587 0.66867797 -0.05869121
v 0.08662451 0.67521841 -0.04368470
v 0.08674460 0.70016297 -0.01805875
v 0.09657964 0.67947326 0.00952857
v 0.07808663 0.66761944 0.02985907
v 0.10220190 0.68508360 0.02009336
v 0.09215363 0.68390800 -0.04233144
v 0.08336206 0.70853265 -0.02736444
v 0.10817764 0.69582316 0.00819544
v 0.10382091 0.70347083 -0.04246205
v 0.09907826 0.75741497 -0.04311840
v 0.08461563 0.73360538 0.00018125
v 0.10537082 0.75338108 0.00717101
v 0.09062001 0.76077942 -0.06441089
v 0.08791510 0.82587616 -0.03532077
v 0.08739268 0.82553227 -0.00508646
v 0.08150247 0.82829194 0.00490416
v 0.07606005 0.84287030 0.00734832
v 0.08513627 0.92673787 -0.01629305
v 0.08755930 0.90533799 -0.00294186
v 0.08894321 0.94354320 -0.00979161
v 0.08713485 0.92158035 -0.03048993
v 0.08658201 0.95910419 -0.01955507
v 0.09750134 0.39793733 -0.01739802
v 0.11494627 0.41356445 -0.03460918
v 0.09343422 0.41493132 0.00338302
v 0.11316229 0.51294571 0.00347952
v 0.09379676 0.56072523 -0.00004210
v 0.08543967 0.56470090 0.00288589
v 0.10233631 0.58190725 -0.06024019
v 0.08149781 0.62514252 -0.03662753
v 0.11314832 0.59390046 0.00105243
v 0.09144453 0.62403017 0.00066293
v 0.09385660 0.61102974 -0.07035336
v 0.10152514 0.64600708 0.00025312
v 0.08842516 0.67831563 -0.06739813
v 0.09924598 0.71172340 0.02820154
v 0.10682063 0.72395728 0.00300252
v 0.09811557 0.75089100 0.02528820
v 0.09989972 0.76731722 -0.05108204
v 0.09932505 0.92890705 -0.00391446
v 0.09742436 0.95497507 -0.01014785
v 0.10544336 0.42084597 -0.04322938
v 0.11258679 0.43038721 0.00283099
v 0.09964398 0.49136663 0.00459299
v 0.11780992 0.57901545 -0.04161296
v 0.10414547 0.59235379 -0.00465088
v 0.11655069 0.63596270 -0.05434632
v 0.10326215 0.64010775 0.02018090
v 0.11046803 0.64520869 0.01009312
v 0.10691937 0.69421065 -0.06042087
v 0.08236283 0.69571004 -0.07093704
v 0.09985589 0.71674872 -0.06787592
v 0.11615912 0.72823372 -0.05177921
v 0.10057528 0.89266258 0.00135937
v 0.10711698 0.92525114 -0.03737205
v 0.09301946 0.95579768 -0.02930107
v 0.09937101 0.95856436 -0.01960116
v 0.10814052 0.41301199 -0.00231951
v 0.10211802 0.47890324 -0.04267278
v 0.10251304 0.52133846 0.00576786
v 0.11405918 0.57588623 0.00233783
v 0.11620875 0.58711700 -0.04240185
v 0.11534981 0.58354927 0.00690180
v 0.11240954 0.58780711 -0.03672061
v 0.11950831 0.58560084 -0.00316245
v 0.10033595 0.58054527 0.02088664
v 0.11755536 0.60873215 -0.04109388
v 0.10816869 0.69368541 -0.05099188
v 0.11363672 0.71643789 -0.05873403
v 0.11253290 0.71298030 0.02077880
v 0.11609882 0.72656115 0.01213279
v 0.10978491 0.73754272 0.02274209
v 0.10639560 0.75349763 -0.05979814
v 0.10376938 0.75762712 0.01996039
v 0.11344324 0.84831707 -0.02247811
v 0.11113017 0.85397099 -0.00675381
v 0.11134882 0.86461825 -0.03804886
v 0.11201235 0.87354515 -0.00153374
v 0.11647483 0.93498104 -0.02886153
v 0.12175285 0.93106078 -0.01983902
v 0.13018925 0.44454405 -0.03908532
v 0.11049897 0.46489421 0.00261486
v 0.12562998 0.47869904 -0.02351906
v 0.12224330 0.49993393 -0.02336853
v 0.11563122 0.48337131 -0.00654823
v 0.11504869 0.49974629 -0.03653135
v 0.11936325 0.50700058 -0.00442775
v 0.12580960 0.51262728 -0.03857297
v 0.14157588 0.58019295 0.00327106
v 0.12359057 0.58771594 -0.03669312
v 0.11793060 0.58844655 -0.02508581
v 0.12085238 0.60540665 -0.05569352
v 0.11658825 0.62680116 0.00239274
v 0.12241661 0.61784378 0.01205591
v 0.10772577 0.64523208 -0.03992257
v 0.12547124 0.89182735 -0.01325782
v 0.12426083 0.89494904 -0.02938962
v 0.11611083 0.93156320 -0.00882891
v 0.12711480 0.43555319 -0.00242224
v 0.14643778 0.45790119 -0.02794046
v 0.12100963 0.41523260 -0.01451556
v 0.13466953 0.45590530 -0.00198698
v 0.11797367 0.46377292 -0.04055208
v 0.13340569 0.46694718 -0.03541689
v 0.13830754 0.53346841 0.00608989
v 0.12347490 0.54382674 -0.04933898
v 0.12884888 0.60126739 -0.02973883
v 0.12689897 0.60111364 -0.01402946
v 0.12702640 0.62086671 -0.01628217
v 0.14788860 0.47599523 -0.02984365
v 0.12493909 0.55134475 0.01001966
v 0.13997822 0.59943116 -0.00334150
v 0.13811222 0.61777827 -0.01029409
v 0.13357282 0.62390858 -0.02355087
v 0.15117544 0.46414128 -0.01539845
v 0.14593451 0.48195569 -0.01721376
v 0.14554627 0.51676438 -0.03054617
v 0.14060390 0.59345408 -0.03874446
v 0.14641358 0.46852934 -0.00807007
v 0.14483457 0.51848798 -0.00799946
v 0.16030639 0.53078696 -0.01484133
v 0.15718600 0.53536427 -0.03722594
v 0.15020848 0.55977205 -0.04468031
v 0.15330737 0.59479493 -0.03625341
v 0.16278369 0.59508671 -0.01060077
v 0.15821340 0.53999487 -0.00230587
v 0.16523717 0.59056517 -0.02957832
v 0.15976344 0.56053899 0.00095330
v 0.15974644 0.60492000 -0.02406292
v 0.16725723 0.55561602 -0.03243453
v 0.16925728 0.55709435 -0.01357900
f 16 14 1
f 16 1 2
f 3 2 1
f 8 4 9
f 20 8 40
f 20 4 8
f 4 5 9
f 11 5 4
f 11 20 21
f 11 4 20
f 12 5 11
f 23 1 14
f 1 23 15
f 16 2 26
f 3 1 18
f 17 3 6
f 17 2 3
f 19 6 3
f 18 19 3
f 8 9 7
f 10 9 5
f 13 11 21
f 5 31 10
f 12 31 5
f 11 13 12
f 15 18 1
f 9 29 7
f 21 22 13
f 12 13 31
f 44 32 23
f 32 15 23
f 44 23 14
f 16 34 14
f 16 26 34
f 17 24 27
f 6 24 17
f 25 24 6
f 6 19 25
f 33 68 18
f 26 37 36
f 26 2 37
f 2 27 37
f 27 2 17
f 18 28 19
f 68 28 18
f 7 57 8
f 41 20 40
f 9 10 29
f 29 10 42
f 20 41 21
f 10 30 42
f 31 30 10
f 30 13 22
f 30 31 13
f 63 32 44
f 14 46 44
f 34 46 14
f 15 33 18
f 25 35 24
f 34 26 36
f 25 19 48
f 27 24 50
f 48 19 51
f 28 51 19
f 75 57 55
f 7 79 39
f 29 79 7
f 39 57 7
f 57 58 8
f 8 58 40
f 21 41 22
f 30 43 42
f 22 43 30
f 63 44 45
f 32 63 64
f 44 46 45
f 32 64 47
f 32 47 15
f 47 33 15
f 35 25 48
f 65 68 33
f 36 37 49
f 27 50 99
f 37 27 99
f 68 70 28
f 37 123 49
f 123 37 99
f 100 28 70
f 52 53 38
f 52 54 71
f 55 54 52
f 38 55 52
f 75 55 38
f 55 76 54
f 58 75 77
f 55 56 76
f 57 56 55
f 57 75 58
f 57 39 56
f 58 59 40
f 40 59 41
f 22 61 43
f 22 41 61
f 43 60 42
f 60 43 81
f 62 43 61
f 62 81 43
f 46 34 96
f 35 66 24
f 24 66 69
f 35 84 66
f 84 35 48
f 67 84 48
f 24 69 50
f 48 51 67
f 101 67 51
f 28 101 51
f 28 100 101
f 71 72 73
f 52 71 73
f 53 52 73
f 53 73 74
f 38 53 74
f 38 74 106
f 38 106 87
f 75 38 87
f 88 75 87
f 54 76 89
f 88 77 75
f 78 76 56
f 39 78 56
f 77 59 58
f 135 59 77
f 79 78 39
f 59 113 41
f 29 93 79
f 42 93 29
f 42 60 93
f 41 92 61
f 80 62 61
f 62 63 81
f 95 63 62
f 81 63 45
f 95 64 63
f 64 117 47
f 117 82 47
f 47 82 33
f 33 82 65
f 96 34 118
f 118 34 83
f 36 49 83
f 36 83 34
f 98 68 65
f 98 70 68
f 99 50 69
f 85 72 71
f 72 110 73
f 110 132 73
f 132 133 73
f 73 133 74
f 54 86 71
f 71 86 85
f 54 89 86
f 88 148 77
f 77 148 135
f 113 59 135
f 78 111 76
f 78 79 91
f 90 113 135
f 91 79 93
f 80 61 92
f 94 60 81
f 80 95 62
f 64 95 116
f 45 96 115
f 94 81 115
f 115 81 45
f 116 117 64
f 45 46 96
f 82 97 65
f 67 119 84
f 49 120 83
f 69 66 122
f 69 122 99
f 125 119 67
f 121 70 98
f 125 67 101
f 100 70 121
f 123 99 122
f 101 102 125
f 100 102 101
f 103 146 104
f 105 130 85
f 72 85 109
f 85 130 109
f 74 133 106
f 87 106 107
f 87 107 108
f 105 85 86
f 72 109 110
f 133 132 173
f 88 87 108
f 76 111 89
f 113 112 41
f 93 136 91
f 112 92 41
f 93 60 114
f 114 60 94
f 80 116 95
f 207 96 118
f 118 158 141
f 65 97 142
f 83 158 118
f 142 98 65
f 84 119 66
f 83 120 158
f 122 66 119
f 120 49 123
f 119 124 122
f 125 124 119
f 102 100 121
f 102 124 125
f 103 104 128
f 103 128 165
f 126 104 146
f 126 127 104
f 129 128 104
f 127 129 104
f 109 130 131
f 110 109 172
f 134 106 133
f 88 108 147
f 148 88 147
f 78 150 111
f 78 91 150
f 91 136 177
f 92 112 137
f 136 93 114
f 92 137 154
f 92 154 80
f 138 114 94
f 80 154 156
f 156 116 80
f 204 116 156
f 139 117 116
f 117 179 82
f 179 97 82
f 207 118 141
f 142 140 181
f 140 142 97
f 141 158 187
f 142 143 98
f 158 120 160
f 98 143 121
f 143 144 121
f 123 160 120
f 121 144 102
f 123 122 160
f 122 145 160
f 124 145 122
f 124 144 145
f 144 124 102
f 103 163 146
f 126 146 164
f 167 129 169
f 168 169 127
f 169 129 127
f 130 105 171
f 105 86 194
f 130 171 131
f 132 110 172
f 132 172 173
f 134 133 173
f 86 89 244
f 86 244 194
f 111 197 244
f 89 111 244
f 149 135 148
f 90 135 149
f 111 175 197
f 111 150 175
f 91 177 150
f 112 151 202
f 113 151 112
f 90 151 113
f 177 136 152
f 112 202 178
f 112 178 137
f 136 114 152
f 153 152 114
f 137 178 154
f 138 153 114
f 178 153 154
f 153 138 155
f 154 153 155
f 155 156 154
f 138 115 253
f 138 94 115
f 139 179 117
f 96 207 206
f 179 140 97
f 207 141 157
f 157 141 182
f 140 208 181
f 182 141 183
f 187 183 141
f 186 187 158
f 142 186 143
f 186 158 159
f 143 186 159
f 159 158 160
f 159 160 162
f 161 159 162
f 143 159 144
f 144 159 161
f 161 191 144
f 145 162 160
f 191 162 145
f 144 191 145
f 103 165 192
f 192 163 103
f 146 163 164
f 166 279 165
f 165 128 166
f 126 234 127
f 166 128 193
f 193 128 129
f 129 167 193
f 127 236 168
f 127 234 236
f 194 170 105
f 105 170 171
f 107 106 196
f 240 107 196
f 107 240 108
f 109 131 242
f 109 242 172
f 134 173 243
f 196 106 134
f 245 173 172
f 148 147 174
f 174 149 148
f 197 175 248
f 150 176 175
f 150 199 176
f 199 150 177
f 202 151 201
f 152 250 177
f 152 178 250
f 152 153 178
f 155 138 203
f 155 203 156
f 203 138 253
f 206 253 115
f 115 96 206
f 179 180 140
f 140 180 208
f 181 182 183
f 181 183 142
f 184 183 187
f 185 183 184
f 183 186 142
f 183 185 186
f 187 213 209
f 184 187 209
f 210 214 185
f 214 186 185
f 187 186 188
f 188 186 214
f 215 188 214
f 189 161 162
f 259 189 162
f 162 190 259
f 190 162 191
f 279 166 233
f 166 193 233
f 237 193 167
f 167 169 237
f 169 238 237
f 168 238 169
f 194 239 170
f 239 333 170
f 108 240 284
f 131 171 195
f 131 195 242
f 134 243 196
f 108 284 147
f 243 173 285
f 244 197 337
f 245 172 286
f 176 198 175
f 176 199 198
f 90 200 151
f 90 149 200
f 177 250 199
f 202 201 249
f 250 178 202
f 202 251 250
f 289 250 251
f 203 204 156
f 204 139 116
f 181 208 182
f 209 293 184
f 293 185 184
f 211 212 210
f 212 214 210
f 212 215 214
f 215 212 296
f 213 187 257
f 187 188 257
f 188 216 257
f 188 217 216
f 215 217 188
f 219 161 189
f 219 351 161
f 218 161 351
f 161 218 191
f 259 219 189
f 218 221 191
f 190 220 259
f 191 221 190
f 190 260 220
f 221 260 190
f 263 222 264
f 223 222 263
f 223 267 222
f 268 224 225
f 270 225 224
f 225 227 269
f 270 226 225
f 226 227 225
f 273 226 270
f 229 228 227
f 226 229 227
f 230 229 226
f 273 230 226
f 277 231 275
f 192 276 318
f 232 192 318
f 231 232 318
f 232 231 277
f 232 163 192
f 278 232 277
f 163 232 278
f 163 278 164
f 165 279 192
f 164 281 126
f 126 281 234
f 233 193 282
f 282 193 235
f 328 236 234
f 235 193 237
f 395 240 196
f 194 241 239
f 170 333 334
f 171 170 334
f 171 334 195
f 194 244 241
f 245 246 285
f 173 245 285
f 197 338 337
f 149 174 340
f 247 340 174
f 175 198 248
f 246 245 287
f 201 151 341
f 341 151 200
f 199 250 343
f 342 249 201
f 405 249 342
f 288 343 250
f 202 249 251
f 251 249 252
f 252 249 405
f 253 289 203
f 251 203 289
f 203 251 204
f 252 204 251
f 139 204 252
f 206 205 253
f 206 207 205
f 205 207 157
f 179 291 180
f 208 180 291
f 157 182 254
f 182 255 254
f 182 208 255
f 208 292 255
f 255 293 254
f 294 293 255
f 292 294 255
f 293 209 345
f 294 185 293
f 346 211 210
f 210 185 294
f 346 210 294
f 213 256 209
f 213 257 298
f 257 258 350
f 216 258 257
f 300 258 216
f 216 217 300
f 215 301 217
f 296 301 215
f 352 351 219
f 219 259 352
f 356 304 261
f 304 306 261
f 262 261 357
f 306 357 261
f 307 263 264
f 308 223 263
f 222 265 264
f 309 223 308
f 222 266 265
f 222 267 266
f 267 223 309
f 369 368 224
f 224 268 369
f 371 270 224
f 225 269 268
f 227 228 311
f 313 229 271
f 271 229 314
f 229 230 314
f 228 272 311
f 313 228 229
f 230 379 314
f 230 273 379
f 313 272 228
f 315 272 313
f 273 316 379
f 274 316 273
f 374 231 318
f 192 279 276
f 279 323 276
f 280 164 278
f 280 281 164
f 279 233 455
f 332 235 237
f 236 330 168
f 237 238 332
f 238 168 330
f 240 395 284
f 239 241 283
f 242 195 569
f 195 334 569
f 474 395 196
f 284 335 147
f 335 174 147
f 286 172 242
f 174 335 247
f 149 339 200
f 343 248 198
f 199 343 198
f 245 286 287
f 342 201 341
f 149 340 339
f 288 250 289
f 289 253 288
f 139 252 290
f 179 139 290
f 291 179 290
f 254 205 157
f 208 291 292
f 254 293 345
f 346 294 292
f 345 209 256
f 297 295 213
f 295 256 213
f 213 298 297
f 300 217 348
f 257 350 298
f 299 258 300
f 299 350 258
f 217 301 348
f 351 415 218
f 218 415 221
f 221 354 260
f 506 355 302
f 356 262 423
f 356 261 262
f 356 303 304
f 304 305 306
f 304 303 305
f 306 358 357
f 307 264 359
f 263 307 360
f 359 264 361
f 263 360 427
f 308 263 427
f 361 264 265
f 308 430 309
f 267 309 310
f 267 524 266
f 310 524 267
f 368 366 364
f 368 364 367
f 369 366 368
f 370 369 268
f 224 368 371
f 370 269 372
f 370 268 269
f 371 312 270
f 269 311 372
f 269 227 311
f 273 270 312
f 271 373 313
f 314 440 271
f 274 273 312
f 272 380 311
f 315 380 272
f 315 381 380
f 319 374 318
f 319 318 276
f 275 449 277
f 384 323 321
f 323 322 321
f 276 323 384
f 320 278 277
f 383 325 320
f 454 326 383
f 326 325 383
f 320 385 278
f 325 385 320
f 322 324 321
f 386 322 323
f 279 386 323
f 280 278 385
f 385 325 391
f 457 321 324
f 322 389 324
f 389 322 386
f 561 325 326
f 455 233 459
f 561 391 325
f 459 233 282
f 234 392 328
f 235 329 327
f 235 327 282
f 328 463 236
f 331 236 463
f 393 235 332
f 393 329 235
f 236 331 330
f 394 238 330
f 331 394 330
f 239 283 333
f 284 395 396
f 333 397 334
f 196 243 570
f 196 570 474
f 396 335 284
f 475 241 244
f 285 336 243
f 244 337 475
f 242 666 400
f 286 242 400
f 285 670 336
f 246 287 344
f 405 342 477
f 406 288 253
f 205 406 253
f 290 252 405
f 291 290 292
f 407 292 290
f 205 345 406
f 205 254 345
f 295 585 256
f 585 345 256
f 346 407 211
f 412 410 348
f 300 347 299
f 410 347 300
f 348 410 300
f 773 296 212
f 298 349 297
f 298 350 349
f 496 348 301
f 296 414 301
f 773 414 296
f 352 259 353
f 415 354 221
f 353 259 220
f 355 506 417
f 597 506 302
f 355 418 302
f 423 262 424
f 357 424 262
f 424 357 358
f 426 306 305
f 306 426 358
f 359 518 307
f 307 518 360
f 361 265 428
f 428 265 429
f 265 266 429
f 429 266 362
f 524 362 266
f 363 432 364
f 432 435 364
f 366 365 363
f 364 366 363
f 435 367 364
f 626 371 368
f 370 437 532
f 369 370 532
f 372 437 370
f 439 373 271
f 375 439 271
f 375 271 440
f 444 440 314
f 444 314 379
f 376 372 311
f 313 373 315
f 373 445 315
f 375 231 374
f 443 231 375
f 376 311 378
f 381 315 450
f 275 231 443
f 312 377 274
f 378 311 380
f 275 443 449
f 379 316 382
f 274 377 317
f 317 316 274
f 374 319 448
f 319 276 384
f 452 277 449
f 452 320 277
f 383 320 452
f 454 387 326
f 457 458 321
f 455 386 279
f 280 554 390
f 385 554 280
f 389 386 651
f 281 280 390
f 387 456 326
f 324 389 388
f 457 324 388
f 561 326 456
f 389 651 560
f 560 388 389
f 390 392 281
f 281 392 234
f 459 282 461
f 461 282 327
f 463 328 392
f 464 332 465
f 332 238 394
f 332 394 465
f 471 283 241
f 334 397 569
f 396 473 664
f 664 335 396
f 242 569 666
f 570 243 336
f 398 335 664
f 335 398 247
f 247 398 476
f 340 247 476
f 338 399 337
f 337 399 475
f 338 197 571
f 197 248 571
f 200 339 341
f 401 670 285
f 341 672 342
f 400 480 286
f 285 246 401
f 478 343 288
f 286 480 287
f 287 480 482
f 344 404 246
f 401 246 404
f 288 406 478
f 344 287 402
f 403 344 402
f 402 287 482
f 403 404 344
f 406 345 585
f 411 408 410
f 410 412 411
f 411 412 409
f 346 292 407
f 410 408 347
f 413 409 412
f 211 692 589
f 211 407 692
f 413 412 348
f 211 589 212
f 590 212 589
f 773 212 590
f 499 349 350
f 299 499 350
f 496 414 695
f 496 301 414
f 351 352 501
f 501 415 351
f 501 352 353
f 353 416 503
f 220 416 353
f 220 260 416
f 354 416 260
f 417 596 355
f 355 596 418
f 302 418 597
f 419 421 356
f 356 423 422
f 303 356 421
f 513 303 421
f 423 514 422
f 423 424 514
f 305 303 604
f 424 358 425
f 305 515 426
f 516 358 518
f 518 358 426
f 516 518 359
f 359 361 611
f 427 519 308
f 308 519 520
f 308 520 430
f 362 522 429
f 430 523 309
f 310 309 431
f 309 523 431
f 310 431 524
f 432 433 435
f 363 365 434
f 528 367 435
f 369 532 365
f 366 369 365
f 531 529 530
f 626 367 528
f 529 531 436
f 367 626 368
f 626 438 371
f 439 442 537
f 445 373 537
f 536 445 537
f 439 537 373
f 542 440 441
f 439 375 442
f 542 375 440
f 375 542 443
f 444 441 440
f 375 374 442
f 315 445 446
f 442 374 447
f 449 443 544
f 315 446 450
f 447 374 448
f 444 379 382
f 380 451 378
f 381 451 380
f 451 381 450
f 316 317 382
f 452 639 383
f 640 639 452
f 453 321 547
f 545 384 453
f 545 319 384
f 383 639 454
f 321 733 547
f 384 321 453
f 321 458 733
f 386 553 651
f 455 553 386
f 552 641 554
f 390 554 460
f 552 554 385
f 552 385 391
f 654 552 391
f 390 460 462
f 462 392 390
f 327 329 559
f 327 559 461
f 392 462 744
f 744 463 392
f 463 562 331
f 562 563 331
f 464 393 332
f 394 331 564
f 564 331 563
f 564 467 394
f 467 465 394
f 466 464 465
f 467 466 465
f 466 468 470
f 467 469 466
f 469 468 466
f 468 568 470
f 468 567 568
f 468 469 567
f 471 472 283
f 333 283 472
f 395 753 396
f 333 472 397
f 753 395 474
f 338 571 399
f 572 341 339
f 339 476 572
f 400 666 575
f 339 340 476
f 401 675 670
f 400 575 480
f 672 477 342
f 679 478 406
f 402 483 479
f 403 402 479
f 403 479 481
f 482 480 486
f 483 402 482
f 403 481 404
f 404 484 401
f 484 675 401
f 580 482 486
f 580 483 482
f 485 404 481
f 484 404 485
f 405 683 290
f 488 583 486
f 583 488 586
f 487 489 490
f 490 491 487
f 679 406 581
f 586 488 408
f 490 489 409
f 406 585 581
f 488 584 408
f 586 408 411
f 409 493 411
f 409 489 493
f 494 491 490
f 497 347 584
f 408 584 347
f 492 586 411
f 411 587 492
f 411 493 587
f 409 413 490
f 494 490 413
f 295 495 770
f 770 585 295
f 496 494 413
f 694 495 295
f 299 347 497
f 413 348 496
f 295 297 694
f 299 497 499
f 500 586 492
f 591 694 297
f 349 498 297
f 297 498 591
f 349 499 498
f 502 586 500
f 501 502 500
f 501 500 593
f 501 353 502
f 501 593 415
f 353 503 502
f 415 593 354
f 416 354 594
f 594 503 416
f 594 417 503
f 417 505 503
f 505 504 503
f 417 506 505
f 506 597 505
f 596 507 418
f 597 418 507
f 508 598 597
f 507 508 597
f 601 508 507
f 509 508 601
f 510 602 509
f 419 509 601
f 419 510 509
f 510 419 603
f 511 420 419
f 512 603 422
f 603 419 422
f 356 422 419
f 419 420 421
f 514 512 422
f 513 604 303
f 604 605 305
f 424 425 514
f 305 605 515
f 358 516 425
f 515 517 426
f 517 518 426
f 517 515 608
f 516 359 611
f 516 611 609
f 518 517 360
f 611 361 428
f 429 521 428
f 429 522 521
f 430 520 613
f 523 430 613
f 522 362 706
f 362 616 706
f 524 616 362
f 431 616 524
f 363 434 525
f 363 525 432
f 433 526 435
f 807 434 365
f 435 526 528
f 622 530 623
f 623 529 527
f 715 807 365
f 529 623 530
f 532 715 365
f 626 528 810
f 436 535 529
f 533 531 530
f 628 436 534
f 534 436 531
f 628 538 535
f 628 535 436
f 532 437 627
f 531 533 537
f 537 533 536
f 537 534 531
f 539 535 538
f 539 540 535
f 635 534 537
f 541 540 539
f 371 438 637
f 445 633 446
f 536 633 445
f 442 447 635
f 442 635 537
f 441 544 542
f 544 441 543
f 539 543 441
f 538 543 539
f 441 444 541
f 441 541 539
f 637 312 371
f 443 542 544
f 544 727 449
f 377 730 317
f 451 546 378
f 450 546 451
f 317 730 382
f 728 453 547
f 319 545 448
f 640 452 449
f 639 548 454
f 551 553 455
f 387 454 550
f 550 649 387
f 651 553 647
f 551 455 459
f 554 641 644
f 555 551 459
f 460 554 644
f 456 387 649
f 552 654 556
f 556 654 922
f 649 650 456
f 459 461 555
f 555 461 557
f 457 388 558
f 461 559 557
f 391 561 654
f 561 456 655
f 655 456 650
f 388 656 558
f 560 656 388
f 329 393 844
f 464 844 393
f 464 466 565
f 564 659 467
f 466 470 565
f 467 659 469
f 659 566 469
f 566 567 469
f 470 568 660
f 396 753 473
f 666 569 754
f 241 475 1099
f 398 664 668
f 667 673 665
f 399 757 475
f 399 571 854
f 341 572 672
f 573 479 667
f 667 479 673
f 573 481 479
f 576 481 573
f 672 678 477
f 479 483 673
f 678 574 477
f 679 857 478
f 577 480 575
f 760 673 483
f 477 574 405
f 480 577 486
f 681 481 576
f 485 481 681
f 675 484 762
f 762 484 578
f 579 486 577
f 760 483 580
f 485 578 484
f 683 405 574
f 578 485 681
f 579 582 486
f 582 580 583
f 583 580 486
f 582 488 486
f 582 584 488
f 690 583 586
f 683 765 290
f 697 493 489
f 407 290 765
f 587 493 697
f 497 592 499
f 494 496 695
f 586 504 690
f 587 593 492
f 499 592 498
f 492 593 500
f 593 587 697
f 773 695 414
f 586 502 504
f 594 593 599
f 502 503 504
f 593 594 354
f 504 505 595
f 596 417 594
f 505 597 595
f 599 596 594
f 597 598 595
f 596 599 507
f 599 600 507
f 598 602 595
f 598 508 602
f 600 601 507
f 508 509 602
f 510 603 602
f 601 511 419
f 600 511 601
f 605 604 784
f 606 605 784
f 514 425 607
f 877 515 605
f 425 516 609
f 607 425 609
f 877 608 515
f 517 608 610
f 610 612 517
f 612 789 517
f 517 789 360
f 360 789 427
f 789 883 427
f 427 883 519
f 883 795 519
f 963 428 521
f 519 795 520
f 521 703 963
f 520 795 613
f 614 703 521
f 614 521 522
f 613 615 523
f 522 706 614
f 707 523 615
f 523 707 431
f 618 619 617
f 433 619 618
f 713 433 618
f 619 525 712
f 433 525 619
f 620 713 618
f 433 432 525
f 526 433 713
f 621 526 713
f 714 530 622
f 528 526 810
f 623 625 622
f 527 529 624
f 715 532 627
f 533 530 714
f 625 628 622
f 624 535 540
f 529 535 624
f 540 721 624
f 628 631 622
f 625 629 628
f 628 534 631
f 629 538 628
f 626 896 438
f 533 631 536
f 630 631 533
f 632 721 540
f 629 632 540
f 536 630 633
f 631 630 634
f 536 634 630
f 634 536 635
f 635 536 631
f 534 635 631
f 543 538 629
f 636 629 719
f 629 636 541
f 543 541 636
f 541 543 540
f 629 540 543
f 541 817 632
f 541 632 629
f 446 633 815
f 635 447 634
f 444 818 817
f 444 817 541
f 543 636 544
f 638 447 448
f 376 378 726
f 638 448 545
f 449 727 640
f 444 382 724
f 728 729 453
f 729 545 453
f 548 639 821
f 733 827 547
f 732 641 552
f 552 736 732
f 548 643 454
f 551 642 553
f 454 643 550
f 643 736 550
f 733 738 737
f 733 458 738
f 645 553 737
f 549 551 648
f 736 552 739
f 646 649 550
f 645 647 553
f 552 556 739
f 648 551 555
f 644 740 460
f 458 457 741
f 651 837 652
f 457 558 741
f 462 460 744
f 651 652 560
f 744 562 463
f 329 745 559
f 841 656 560
f 329 844 745
f 562 749 563
f 749 657 563
f 844 464 845
f 657 658 563
f 563 658 564
f 845 464 565
f 564 658 659
f 565 470 846
f 660 846 470
f 661 567 566
f 660 568 661
f 661 568 567
f 471 241 850
f 472 662 397
f 569 397 754
f 397 663 754
f 474 570 851
f 851 753 474
f 475 757 1099
f 669 667 665
f 336 670 758
f 665 673 756
f 669 573 667
f 399 854 757
f 674 573 669
f 572 671 672
f 572 476 671
f 668 476 398
f 676 571 248
f 248 343 676
f 759 575 666
f 758 670 675
f 478 676 343
f 573 674 576
f 576 674 677
f 676 478 857
f 675 762 858
f 681 576 677
f 762 578 681
f 685 857 682
f 682 857 679
f 577 680 579
f 680 764 579
f 580 764 760
f 684 683 574
f 764 580 579
f 861 683 684
f 941 685 682
f 580 582 579
f 682 679 581
f 687 582 583
f 487 686 489
f 582 687 584
f 690 687 583
f 686 487 491
f 686 491 688
f 691 489 686
f 697 489 691
f 689 688 491
f 581 585 766
f 766 585 768
f 491 494 689
f 407 765 588
f 692 407 588
f 585 770 768
f 689 494 865
f 693 589 692
f 589 693 590
f 690 504 698
f 494 695 865
f 694 591 774
f 591 696 774
f 591 498 696
f 777 697 691
f 593 697 599
f 599 697 777
f 504 595 698
f 698 595 699
f 700 599 777
f 595 602 699
f 599 700 600
f 699 602 779
f 779 602 603
f 600 700 511
f 949 779 603
f 512 871 949
f 603 512 949
f 421 420 780
f 513 421 780
f 780 781 513
f 701 871 512
f 512 514 701
f 513 781 604
f 604 781 784
f 785 701 514
f 607 609 954
f 877 956 608
f 954 609 790
f 956 610 608
f 609 702 790
f 702 609 787
f 787 609 611
f 789 612 792
f 612 610 792
f 792 610 793
f 611 428 882
f 795 883 962
f 614 704 703
f 704 614 705
f 705 614 706
f 615 704 707
f 704 705 707
f 616 705 706
f 887 707 705
f 707 887 431
f 887 616 431
f 709 799 708
f 802 617 801
f 710 802 803
f 710 617 802
f 617 619 712
f 618 617 710
f 618 710 711
f 711 620 618
f 712 525 804
f 806 804 434
f 804 525 434
f 806 434 807
f 808 714 893
f 622 893 714
f 623 527 717
f 717 527 624
f 623 717 625
f 717 624 716
f 526 809 810
f 714 813 533
f 893 622 631
f 624 721 718
f 717 719 629
f 625 717 629
f 810 896 626
f 722 533 813
f 533 812 630
f 812 533 722
f 720 817 721
f 719 720 721
f 632 719 721
f 723 718 721
f 817 723 721
f 816 722 633
f 634 816 633
f 812 634 633
f 630 812 633
f 812 631 634
f 636 817 720
f 817 636 632
f 719 632 636
f 814 633 722
f 814 815 633
f 634 447 816
f 816 447 820
f 636 819 544
f 819 727 544
f 447 638 820
f 450 446 822
f 638 729 820
f 724 818 444
f 312 725 377
f 638 545 729
f 640 727 639
f 821 639 727
f 730 377 725
f 378 822 726
f 546 822 378
f 822 546 450
f 729 728 820
f 382 730 724
f 728 547 906
f 823 642 551
f 826 641 731
f 825 731 732
f 732 731 641
f 823 551 549
f 825 732 735
f 548 912 643
f 733 734 827
f 735 732 736
f 642 737 553
f 641 826 644
f 826 911 644
f 736 643 735
f 831 735 643
f 912 831 643
f 738 645 737
f 736 739 550
f 550 739 646
f 556 646 739
f 646 836 649
f 648 555 835
f 649 836 650
f 835 555 557
f 460 740 743
f 837 839 652
f 835 557 742
f 559 742 557
f 743 744 460
f 559 745 742
f 744 653 562
f 922 654 746
f 747 741 558
f 656 747 558
f 561 746 654
f 745 843 748
f 745 844 843
f 928 845 565
f 660 661 750
f 750 751 660
f 752 751 750
f 472 471 662
f 473 753 1265
f 397 662 663
f 756 755 665
f 336 1018 570
f 759 666 754
f 665 755 1097
f 336 758 1018
f 665 1097 669
f 1097 852 669
f 938 756 673
f 571 855 854
f 852 674 669
f 476 668 671
f 571 676 855
f 673 1022 938
f 760 1022 673
f 758 675 858
f 577 575 759
f 674 852 677
f 577 761 680
f 680 763 764
f 763 760 764
f 1026 681 677
f 1026 762 681
f 684 574 678
f 859 684 678
f 684 859 861
f 765 683 861
f 941 682 766
f 682 581 766
f 687 864 584
f 864 687 767
f 687 690 767
f 584 864 497
f 691 686 688
f 944 766 768
f 769 691 688
f 690 698 767
f 767 698 771
f 945 495 694
f 769 772 691
f 774 945 694
f 498 592 696
f 695 775 865
f 773 775 695
f 691 772 777
f 698 699 771
f 771 699 776
f 772 778 777
f 776 699 779
f 777 778 700
f 778 870 700
f 700 870 511
f 511 870 420
f 783 1035 701
f 872 1035 783
f 782 784 781
f 701 785 783
f 782 876 784
f 785 875 783
f 606 784 876
f 607 786 785
f 607 785 514
f 606 877 605
f 786 607 954
f 880 789 878
f 789 952 878
f 879 788 787
f 952 789 881
f 787 955 702
f 787 611 879
f 881 789 792
f 957 610 956
f 793 610 957
f 791 790 794
f 790 702 794
f 611 882 879
f 789 880 883
f 880 961 883
f 882 428 963
f 795 965 966
f 963 703 964
f 795 966 613
f 884 703 704
f 613 966 615
f 704 885 884
f 704 615 885
f 885 615 966
f 886 887 705
f 796 705 616
f 796 886 705
f 616 887 796
f 967 796 887
f 967 709 796
f 796 709 797
f 967 888 709
f 709 708 797
f 799 709 888
f 797 708 798
f 800 798 708
f 969 800 799
f 800 708 799
f 712 801 617
f 620 805 713
f 713 805 621
f 526 621 973
f 526 973 809
f 1056 714 808
f 716 895 717
f 716 624 895
f 718 1057 624
f 1056 813 714
f 893 631 812
f 811 719 717
f 437 978 627
f 813 814 722
f 722 977 812
f 718 723 720
f 815 897 1060
f 901 897 815
f 977 816 814
f 816 977 722
f 718 898 817
f 978 437 372
f 815 1060 1151
f 901 815 816
f 814 816 815
f 636 720 819
f 819 817 898
f 817 819 723
f 720 723 819
f 978 372 900
f 446 1151 981
f 815 1151 446
f 901 816 820
f 637 979 312
f 376 900 372
f 822 446 981
f 727 819 821
f 312 979 725
f 820 728 906
f 904 730 725
f 907 823 983
f 731 824 984
f 731 825 824
f 906 547 827
f 731 984 826
f 821 910 548
f 823 907 642
f 907 828 642
f 825 735 829
f 910 912 548
f 830 827 734
f 734 733 737
f 737 642 828
f 734 832 830
f 737 914 734
f 914 737 828
f 913 829 735
f 735 831 913
f 831 912 836
f 734 833 832
f 833 734 914
f 915 648 835
f 738 832 833
f 644 916 740
f 916 994 740
f 646 913 831
f 646 831 836
f 833 645 738
f 645 837 647
f 645 833 837
f 556 834 646
f 738 458 998
f 837 651 647
f 556 922 834
f 836 838 650
f 458 741 998
f 742 745 921
f 744 743 653
f 838 840 650
f 650 840 655
f 652 999 560
f 560 999 841
f 749 562 653
f 561 842 746
f 655 842 561
f 926 657 749
f 844 845 843
f 843 845 927
f 657 926 658
f 658 926 1091
f 928 565 846
f 658 1091 659
f 1091 932 659
f 847 566 932
f 932 566 659
f 846 660 933
f 566 847 661
f 933 660 849
f 661 847 750
f 849 660 751
f 750 847 752
f 934 849 751
f 751 752 1017
f 1017 752 935
f 1653 473 1265
f 850 241 1098
f 473 1653 664
f 241 1099 1098
f 938 755 756
f 757 854 853
f 671 668 1270
f 672 671 856
f 939 855 676
f 678 672 856
f 852 1101 677
f 857 939 676
f 577 759 761
f 1022 760 1102
f 1024 678 856
f 763 1102 760
f 858 762 1026
f 1101 1026 677
f 678 1024 859
f 859 940 861
f 860 685 941
f 941 766 943
f 864 767 862
f 861 863 765
f 944 943 766
f 863 1110 765
f 1110 588 765
f 768 1111 944
f 770 1111 768
f 862 767 771
f 770 495 1111
f 497 864 1031
f 769 866 772
f 693 1116 590
f 1031 592 497
f 867 771 776
f 866 868 772
f 948 867 776
f 772 868 778
f 868 869 778
f 776 779 948
f 778 869 870
f 779 949 948
f 870 1122 420
f 1122 780 420
f 780 1122 781
f 1035 871 701
f 872 783 875
f 873 874 782
f 782 874 876
f 874 951 876
f 785 786 875
f 606 876 1127
f 1127 877 606
f 788 953 787
f 787 953 955
f 702 955 794
f 879 882 1042
f 881 792 1133
f 959 791 794
f 1133 792 793
f 793 960 1133
f 962 965 795
f 963 964 1046
f 884 964 703
f 885 886 884
f 886 885 967
f 967 887 886
f 796 1049 886
f 797 968 1049
f 796 797 1049
f 797 798 968
f 968 798 889
f 888 890 799
f 889 798 800
f 799 890 969
f 1052 889 800
f 800 1051 1052
f 969 1051 800
f 802 801 1054
f 1054 1053 802
f 1053 803 802
f 803 971 710
f 971 711 710
f 712 804 891
f 972 804 806
f 892 972 806
f 807 892 806
f 807 1143 892
f 1143 807 715
f 893 1055 808
f 895 624 1057
f 809 894 810
f 810 894 896
f 715 627 1146
f 1056 1058 813
f 1055 893 812
f 717 895 811
f 718 976 1057
f 811 720 719
f 978 1146 627
f 897 813 1059
f 1059 813 1058
f 977 813 897
f 813 977 814
f 720 898 718
f 720 811 898
f 438 896 1150
f 897 1059 1060
f 718 817 899
f 438 1150 637
f 898 899 819
f 817 1063 899
f 818 1063 817
f 1063 818 982
f 982 818 724
f 900 376 902
f 820 980 901
f 905 725 979
f 903 902 726
f 902 376 726
f 980 820 906
f 899 821 819
f 904 982 724
f 905 904 725
f 822 903 726
f 981 903 822
f 724 730 904
f 983 823 908
f 1065 824 1068
f 825 989 824
f 989 1068 824
f 823 987 908
f 984 909 826
f 989 825 829
f 823 549 987
f 909 911 826
f 989 829 991
f 549 648 987
f 828 992 914
f 911 916 644
f 913 646 918
f 914 917 833
f 915 835 996
f 912 919 836
f 738 998 832
f 998 1077 832
f 833 917 837
f 646 834 918
f 1078 837 917
f 834 920 918
f 1078 996 837
f 834 922 920
f 836 919 838
f 837 996 839
f 835 742 996
f 996 742 921
f 998 741 1079
f 748 921 745
f 841 999 1002
f 656 1003 747
f 653 923 749
f 655 1001 842
f 655 840 1001
f 656 1084 1003
f 656 841 1004
f 1084 656 1004
f 841 1002 1004
f 748 843 924
f 749 923 925
f 746 1010 1083
f 842 1010 746
f 924 843 1008
f 926 749 925
f 927 1008 843
f 845 928 927
f 932 930 848
f 929 933 931
f 928 846 929
f 933 1092 931
f 929 846 933
f 848 847 932
f 848 1016 847
f 1092 933 849
f 847 1016 752
f 1016 935 752
f 1092 849 934
f 1095 934 1017
f 934 751 1017
f 471 850 1181
f 471 1181 662
f 755 1182 1097
f 570 1018 1019
f 570 1019 851
f 936 759 754
f 759 936 1188
f 937 852 1097
f 1358 668 664
f 855 853 854
f 758 858 1183
f 852 937 1101
f 857 1190 939
f 761 1025 680
f 763 1025 1102
f 858 1026 1023
f 685 1103 1190
f 1190 857 685
f 1025 763 680
f 859 1024 1105
f 685 860 1103
f 940 1279 861
f 941 943 942
f 1279 863 861
f 688 1027 769
f 689 1027 688
f 689 1028 1027
f 1110 1115 588
f 862 771 1030
f 769 1027 866
f 588 1115 693
f 588 693 692
f 864 1029 1031
f 689 865 1028
f 1027 946 866
f 1116 773 590
f 592 1031 696
f 1116 775 773
f 1030 771 1117
f 771 867 1117
f 866 946 868
f 946 947 868
f 868 947 869
f 869 1122 870
f 949 871 1034
f 872 1208 1035
f 781 1122 950
f 782 781 873
f 781 950 873
f 872 875 1036
f 1036 875 1037
f 874 1126 951
f 1127 876 951
f 954 1039 786
f 877 1127 956
f 953 788 1129
f 788 879 1129
f 955 953 1041
f 1041 958 955
f 955 958 794
f 1044 793 957
f 794 958 959
f 793 1044 960
f 962 883 961
f 964 884 1049
f 884 886 1049
f 885 966 967
f 888 967 1050
f 801 970 1054
f 801 712 970
f 891 970 712
f 971 1141 711
f 891 804 972
f 711 1141 620
f 621 805 973
f 974 895 1057
f 715 1146 1143
f 812 977 1055
f 895 975 811
f 975 1227 811
f 897 1148 977
f 1149 898 1227
f 1227 898 811
f 1149 976 718
f 897 901 1148
f 1148 901 980
f 898 1149 899
f 1149 718 899
f 978 900 1231
f 1154 981 1151
f 906 1152 980
f 899 1071 821
f 983 1066 907
f 908 1064 983
f 1066 985 907
f 984 986 909
f 1068 989 1070
f 1071 910 821
f 908 987 1160
f 986 988 909
f 907 985 828
f 988 911 909
f 1070 911 988
f 1070 989 911
f 985 990 828
f 991 911 989
f 827 830 1072
f 987 648 990
f 991 916 911
f 829 916 991
f 910 1244 912
f 990 992 828
f 918 829 913
f 830 832 1072
f 1072 832 1077
f 919 912 1244
f 916 993 994
f 994 997 740
f 997 994 995
f 917 1165 1078
f 1078 1164 996
f 997 743 740
f 997 918 920
f 920 743 997
f 996 921 839
f 743 1080 653
f 743 920 1080
f 839 1081 652
f 1080 920 922
f 923 653 1080
f 741 747 1173
f 652 1081 999
f 921 748 1000
f 922 746 1080
f 1080 746 1170
f 747 1003 1173
f 1000 748 924
f 1083 1170 746
f 1004 1002 1007
f 924 1008 1005
f 1255 1083 1010
f 1006 1084 1004
f 1006 1004 1007
f 1009 1005 1008
f 1012 1009 1008
f 926 925 1085
f 1255 1010 1011
f 1012 1008 927
f 1255 1011 1013
f 929 1006 1007
f 1091 926 1085
f 1011 1014 1013
f 1014 930 1013
f 929 931 1006
f 927 928 1090
f 1013 932 1179
f 1013 930 932
f 1090 928 929
f 1179 932 1091
f 848 930 1014
f 1014 1093 1016
f 1014 1016 848
f 1092 934 1015
f 1015 934 1094
f 934 1095 1094
f 1017 935 1263
f 938 1096 755
f 755 1096 1182
f 1653 1358 664
f 1183 1018 758
f 757 1184 1099
f 938 1022 1096
f 856 671 1020
f 671 1270 1020
f 856 1020 1021
f 1021 1024 856
f 1188 761 759
f 1105 940 859
f 860 941 1106
f 941 942 1106
f 864 862 1029
f 1027 1032 946
f 696 1200 774
f 696 1031 1200
f 1117 867 1118
f 946 1032 947
f 1118 867 1033
f 867 948 1033
f 947 1121 869
f 948 949 1033
f 1033 949 1120
f 1121 1122 869
f 1034 1120 949
f 1291 950 1122
f 873 1125 874
f 1125 1126 874
f 875 1209 1037
f 875 1038 1209
f 786 1038 875
f 1038 786 1039
f 1127 951 1210
f 1039 954 1128
f 1127 1297 956
f 952 1040 878
f 878 1040 880
f 1040 1130 880
f 957 956 1297
f 790 1128 954
f 952 881 1131
f 1128 790 1043
f 790 791 1043
f 881 1133 1131
f 880 1130 961
f 1132 791 959
f 958 1132 959
f 1042 882 1045
f 882 963 1045
f 1216 962 961
f 1216 965 962
f 963 1046 1045
f 1216 1048 965
f 1046 964 1047
f 965 1048 966
f 1049 1136 964
f 1136 1047 964
f 966 1050 967
f 966 1048 1050
f 1136 1049 968
f 1138 889 1052
f 1138 1052 1139
f 969 890 1219
f 1139 1052 1051
f 1221 803 1053
f 803 1221 971
f 1141 805 620
f 973 1223 809
f 809 1223 894
f 808 1144 1056
f 974 975 895
f 1313 1150 896
f 1315 1146 978
f 1059 1148 1060
f 1150 1061 637
f 899 1063 1062
f 637 1061 979
f 1061 1153 979
f 978 1231 1315
f 899 1062 1071
f 905 979 1153
f 983 1064 1066
f 984 1065 1155
f 824 1065 984
f 1152 906 1323
f 908 1067 1155
f 1064 908 1155
f 1067 986 1155
f 986 984 1155
f 906 827 1323
f 1066 1159 985
f 908 1160 1067
f 1067 1069 986
f 986 1069 988
f 1323 827 1072
f 985 1159 1073
f 1160 987 1073
f 1071 1244 910
f 990 985 1073
f 1073 987 990
f 990 648 915
f 992 990 915
f 916 829 1074
f 916 1074 993
f 829 918 1074
f 992 1331 914
f 915 1331 992
f 1074 1075 993
f 1074 918 1076
f 1331 915 1161
f 993 1075 994
f 1075 995 994
f 914 1331 917
f 915 996 1161
f 1161 996 1164
f 917 1331 1165
f 1076 918 997
f 995 1076 997
f 1077 998 1079
f 1082 839 921
f 741 1173 1079
f 1169 923 1080
f 838 1172 840
f 921 1000 1082
f 1250 925 923
f 1173 1003 1084
f 1000 924 1005
f 1002 999 1007
f 1255 1252 1083
f 1001 1251 842
f 1088 1173 1084
f 1084 1006 1088
f 1176 1009 1012
f 1174 1085 925
f 842 1175 1011
f 1010 842 1011
f 1175 842 1251
f 1088 1006 931
f 1086 1012 927
f 1012 1086 1085
f 1255 1013 1087
f 1007 1089 929
f 1178 1085 1086
f 1178 1091 1085
f 1011 1175 1014
f 927 1090 1086
f 1179 1087 1013
f 1092 1088 931
f 1090 929 1089
f 1091 1178 1179
f 1093 1260 1016
f 1260 1180 1016
f 1016 1180 935
f 1017 1263 1095
f 753 851 1264
f 753 1264 1265
f 754 663 1266
f 1266 936 754
f 1019 1574 851
f 1097 1182 1268
f 1268 937 1097
f 668 1358 1270
f 757 853 1184
f 1096 1022 1186
f 853 855 1470
f 1186 1022 1187
f 1100 1101 937
f 855 939 1470
f 1272 1024 1021
f 1183 858 1023
f 1188 1193 761
f 1022 1102 1187
f 1190 1189 939
f 761 1193 1025
f 1025 1187 1102
f 1101 1191 1026
f 1024 1272 1105
f 1026 1191 1275
f 1275 1023 1026
f 1105 1272 1104
f 1105 1194 940
f 1103 860 1106
f 940 1194 1279
f 863 1279 1196
f 943 944 1195
f 1110 863 1196
f 944 1280 1195
f 1114 862 1108
f 1027 1107 1109
f 1107 1027 1028
f 1280 944 1111
f 862 1114 1029
f 1109 1112 1027
f 862 1030 1108
f 1028 865 1285
f 495 945 1113
f 1113 1111 495
f 1027 1112 1032
f 693 1284 1116
f 1029 1201 1031
f 774 1200 1199
f 1031 1201 1200
f 775 1285 865
f 1202 775 1116
f 1112 1119 1032
f 1118 1033 1204
f 1032 1119 947
f 1204 1033 1120
f 947 1119 1121
f 1034 871 1035
f 1034 1035 1123
f 1208 1123 1035
f 950 1291 1124
f 873 950 1124
f 1124 1125 873
f 872 1036 1208
f 1208 1036 1037
f 1126 1210 951
f 1041 953 1129
f 1040 1300 1130
f 1300 1040 1131
f 1040 952 1131
f 1129 879 1298
f 1297 1394 957
f 1042 1213 879
f 1213 1298 879
f 957 1394 1044
f 1131 1133 1134
f 791 1132 1043
f 1130 1301 961
f 1042 1135 1213
f 960 1134 1133
f 1134 960 1044
f 961 1301 1304
f 1042 1045 1135
f 1216 961 1304
f 1045 1046 1047
f 1217 1136 968
f 968 889 1217
f 1050 1137 888
f 1217 889 1138
f 888 1137 890
f 1137 1219 890
f 1139 969 1219
f 969 1139 1051
f 1054 1405 1053
f 970 1308 1054
f 1308 970 1140
f 1140 970 891
f 1141 1142 805
f 805 1142 973
f 973 1142 1410
f 973 1410 1223
f 1144 1226 1056
f 1145 1144 1055
f 1144 808 1055
f 1225 974 1057
f 1223 1313 894
f 1056 1226 1058
f 1055 977 1145
f 1057 976 1225
f 894 1313 896
f 1147 1145 977
f 1058 1148 1059
f 1147 977 1148
f 1148 1318 1060
f 1318 1148 1229
f 1229 1148 980
f 1060 1318 1151
f 980 1152 1229
f 982 1232 1063
f 903 1235 902
f 1154 903 981
f 1154 1235 903
f 904 1236 982
f 904 905 1236
f 1237 1066 1064
f 1237 1064 1238
f 1065 1068 1156
f 1069 1238 1155
f 1155 1238 1064
f 1238 1069 1067
f 1158 1238 1067
f 1069 1155 1158
f 1160 1241 1067
f 1158 1067 1241
f 1069 1158 1241
f 1068 1070 1240
f 1326 1240 1070
f 1326 1070 988
f 1242 1073 1159
f 988 1162 1326
f 1075 1163 1162
f 1075 1074 1163
f 1163 1074 1076
f 1244 1247 919
f 1164 1165 1166
f 1165 1164 1078
f 1164 1166 1437
f 1247 1172 919
f 1166 1165 1167
f 838 919 1172
f 839 1166 1167
f 1166 839 1082
f 1166 1082 1337
f 839 1167 1081
f 1248 1168 1080
f 1080 1168 1169
f 1248 1080 1170
f 840 1172 1001
f 1171 1082 1000
f 1170 1083 1252
f 1172 1251 1001
f 1171 1000 1254
f 1250 1252 925
f 1000 1005 1254
f 1009 1254 1005
f 925 1252 1174
f 1256 1175 1251
f 1173 1088 1253
f 1009 1176 1258
f 1174 1177 1085
f 1012 1085 1177
f 1012 1177 1176
f 1086 1258 1176
f 1086 1176 1177
f 1253 1088 1259
f 1086 1177 1178
f 1177 1344 1178
f 1090 1089 1258
f 1090 1258 1086
f 1344 1179 1178
f 1175 1093 1014
f 1088 1092 1259
f 1092 1015 1259
f 1015 1094 1459
f 1180 1461 935
f 935 1354 1263
f 935 1461 1354
f 662 1181 1356
f 1356 663 662
f 663 1651 1266
f 1182 1096 1359
f 1099 1184 1098
f 937 1268 1100
f 853 1575 1184
f 853 1470 1575
f 1361 1021 1185
f 1021 1020 1185
f 1270 1576 1020
f 1361 1272 1021
f 1470 939 1189
f 1190 1192 1189
f 1100 1191 1101
f 1103 1192 1190
f 1193 1187 1025
f 1274 1187 1193
f 1272 1366 1104
f 1105 1104 1194
f 943 1195 1370
f 943 1370 942
f 1278 1114 1108
f 1110 1196 1197
f 1280 1111 1283
f 1110 1197 1115
f 1284 693 1115
f 1113 945 1378
f 1108 1030 1198
f 1378 945 1199
f 945 774 1199
f 1030 1117 1198
f 1379 1116 1284
f 1198 1117 1203
f 775 1202 1285
f 1379 1202 1116
f 1117 1118 1203
f 1112 1287 1119
f 1287 1205 1119
f 1118 1204 1203
f 1119 1205 1121
f 1205 1206 1121
f 1121 1206 1122
f 1206 1207 1122
f 1291 1122 1207
f 1386 1034 1123
f 1292 1124 1291
f 1208 1037 1293
f 1124 1296 1125
f 1125 1296 1126
f 1293 1037 1209
f 1126 1296 1210
f 1209 1038 1294
f 1038 1039 1294
f 1127 1210 1211
f 1039 1128 1390
f 1127 1211 1297
f 1390 1128 1212
f 1129 1298 1041
f 1041 1299 958
f 1041 1298 1299
f 1396 1298 1213
f 1132 958 1299
f 1130 1214 1301
f 1213 1135 1397
f 1135 1045 1397
f 1045 1047 1215
f 1306 1045 1215
f 1047 1136 1215
f 1048 1518 1050
f 1050 1518 1137
f 1217 1138 1218
f 1138 1220 1218
f 1220 1138 1139
f 1139 1219 1220
f 1405 1054 1308
f 1053 1405 1221
f 1309 971 1221
f 891 1310 1140
f 971 1309 1222
f 1222 1141 971
f 1141 1222 1142
f 975 974 1224
f 1227 975 1224
f 1225 976 1415
f 1145 1147 1416
f 1415 976 1316
f 1148 1058 1228
f 1147 1148 1228
f 976 1149 1316
f 1228 1318 1147
f 1149 1319 1316
f 1062 1063 1319
f 1062 1319 1149
f 1062 1149 1230
f 1154 1151 1419
f 1151 1318 1419
f 1232 1319 1063
f 900 902 1233
f 900 1233 1231
f 1230 1157 1062
f 1234 905 1153
f 902 1235 1233
f 1229 1152 1322
f 1157 1071 1062
f 1236 1232 982
f 1234 1236 905
f 1155 1065 1156
f 1152 1323 1322
f 1066 1237 1159
f 1238 1241 1427
f 1238 1158 1239
f 1238 1239 1241
f 1158 1155 1239
f 1239 1155 1156
f 1068 1240 1156
f 1157 1434 1071
f 1241 1239 1069
f 1434 1244 1071
f 1241 1160 1073
f 1069 1239 1327
f 988 1069 1327
f 1162 1327 1243
f 1162 988 1327
f 1326 1162 1163
f 1330 1073 1242
f 1072 1077 1332
f 1331 1161 1242
f 1242 1161 1330
f 1162 1243 1075
f 1163 1076 1432
f 1245 1075 1243
f 1164 1330 1161
f 1075 1245 995
f 1244 1333 1247
f 1165 1336 1167
f 1077 1079 1334
f 1166 1337 1437
f 1339 1168 1245
f 1245 1168 995
f 1246 995 1168
f 1247 1249 1172
f 1341 1081 1167
f 1168 1339 1169
f 1341 1171 1081
f 1171 1337 1082
f 1169 1339 1250
f 1173 1561 1079
f 1169 1250 923
f 1171 1257 1081
f 1081 1257 999
f 1172 1249 1251
f 1171 1254 1257
f 1253 1561 1173
f 999 1257 1007
f 1254 1009 1342
f 1342 1009 1258
f 1447 1174 1252
f 1257 1342 1007
f 1253 1259 1562
f 1093 1175 1256
f 1007 1342 1089
f 1087 1179 1345
f 1015 1261 1259
f 1260 1350 1262
f 1260 1262 1180
f 1015 1459 1261
f 1180 1262 1351
f 1180 1351 1461
f 1018 1652 1019
f 1019 1652 1574
f 1574 1264 851
f 1359 1268 1182
f 1652 1018 1183
f 1267 1098 1184
f 936 1467 1188
f 1096 1186 1359
f 1358 1269 1270
f 1268 1362 1100
f 1020 1576 1185
f 1271 1193 1188
f 1271 1273 1193
f 1189 1192 1475
f 1368 1100 1362
f 1100 1368 1191
f 1187 1474 1186
f 1276 1192 1103
f 1193 1273 1274
f 1187 1274 1474
f 1369 1191 1368
f 1275 1191 1369
f 1103 1106 1276
f 1365 1192 1276
f 1104 1366 1277
f 1104 1277 1194
f 1106 942 1276
f 1370 1276 942
f 1277 1366 1196
f 1279 1277 1196
f 1277 1279 1194
f 1195 1373 1370
f 1374 1107 1282
f 1373 1195 1280
f 1108 1281 1278
f 1107 1028 1282
f 1114 1278 1377
f 1109 1107 1492
f 1108 1198 1281
f 1283 1111 1113
f 1283 1113 1493
f 1029 1114 1377
f 1112 1109 1287
f 1286 1109 1492
f 1287 1109 1286
f 1203 1382 1198
f 1383 1287 1286
f 1205 1287 1383
f 1203 1204 1289
f 1288 1205 1383
f 1204 1120 1289
f 1206 1205 1288
f 1289 1120 1290
f 1034 1290 1120
f 1207 1206 1288
f 1034 1386 1290
f 1292 1291 1387
f 1293 1123 1208
f 1124 1292 1296
f 1294 1123 1293
f 1296 1292 1295
f 1294 1293 1209
f 1296 1295 1210
f 1390 1294 1039
f 1297 1211 1391
f 1391 1394 1297
f 1128 1043 1212
f 1212 1043 1299
f 1131 1394 1300
f 1300 1214 1130
f 1131 1134 1394
f 1394 1134 1044
f 1299 1043 1132
f 1301 1214 1398
f 1213 1397 1396
f 1301 1398 1303
f 1301 1303 1304
f 1045 1306 1397
f 1306 1302 1397
f 1305 1304 1303
f 1306 1401 1302
f 1305 1307 1304
f 1304 1307 1216
f 1518 1048 1216
f 1220 1404 1218
f 1219 1404 1220
f 1221 1405 1309
f 1222 1309 1407
f 891 972 1310
f 1522 1142 1222
f 1310 972 1311
f 1311 972 1523
f 1142 1522 1524
f 1523 972 892
f 1410 1142 1524
f 1143 1409 892
f 1526 1223 1410
f 1528 1409 1143
f 1412 1224 974
f 1412 974 1225
f 1412 1225 1529
f 1412 1529 1312
f 1223 1526 1313
f 1225 1415 1529
f 1143 1146 1528
f 1146 1413 1528
f 1226 1314 1058
f 1531 1227 1224
f 1146 1315 1535
f 1314 1228 1058
f 1227 1531 1417
f 1150 1313 1625
f 1150 1625 1061
f 1314 1318 1228
f 1318 1317 1147
f 1147 1317 1416
f 1229 1317 1318
f 1230 1227 1417
f 1227 1230 1149
f 1153 1061 1680
f 1320 1317 1229
f 1319 1232 1626
f 1231 1233 1540
f 1680 1234 1153
f 1233 1235 1421
f 1320 1229 1322
f 1420 1235 1154
f 1420 1421 1235
f 1232 1236 1422
f 1236 1423 1422
f 1423 1236 1234
f 1237 1324 1159
f 1238 1427 1324
f 1238 1324 1237
f 1156 1328 1239
f 1324 1425 1159
f 1325 1240 1326
f 1072 1635 1323
f 1242 1159 1425
f 1239 1328 1327
f 1326 1163 1325
f 1072 1332 1635
f 1241 1073 1329
f 1241 1329 1427
f 1327 1328 1547
f 1327 1547 1430
f 1327 1430 1243
f 1073 1330 1329
f 1325 1163 1432
f 1333 1244 1434
f 1332 1077 1334
f 1330 1164 1437
f 1243 1335 1245
f 1432 1076 995
f 1440 1247 1333
f 995 1246 1432
f 1440 1441 1247
f 1334 1079 1442
f 1167 1336 1444
f 1247 1441 1249
f 1341 1167 1338
f 1340 1250 1339
f 1168 1248 1246
f 1250 1340 1170
f 1248 1170 1340
f 1170 1252 1250
f 1252 1255 1447
f 1257 1254 1342
f 1447 1449 1174
f 1255 1087 1447
f 1447 1087 1345
f 1174 1449 1177
f 1177 1449 1344
f 1258 1089 1342
f 1345 1179 1344
f 1260 1093 1450
f 1348 1344 1565
f 1457 1348 1565
f 1260 1450 1346
f 1452 1261 1349
f 1347 1452 1349
f 1346 1348 1350
f 1346 1350 1260
f 1459 1349 1261
f 1348 1457 1262
f 1350 1348 1262
f 1456 1349 1459
f 1457 1351 1262
f 1352 1460 1459
f 1459 1094 1352
f 1352 1094 1353
f 1095 1353 1094
f 1263 1355 1095
f 1355 1353 1095
f 1263 1463 1355
f 1354 1463 1263
f 1264 1357 1465
f 1265 1264 1465
f 1465 1653 1265
f 850 1098 1654
f 1356 1651 663
f 1357 1264 1574
f 1654 1098 1267
f 936 1266 1467
f 1183 1468 1652
f 1359 1186 1360
f 1472 1468 1183
f 1467 1271 1188
f 1184 1575 1469
f 1361 1656 1703
f 1185 1656 1361
f 1185 1576 1656
f 1270 1269 1576
f 1576 1269 1705
f 1360 1363 1359
f 1268 1359 1362
f 1362 1359 1363
f 1023 1472 1183
f 1472 1023 1478
f 1361 1756 1272
f 1470 1189 1473
f 1661 1272 1756
f 1471 1273 1271
f 1474 1360 1186
f 1473 1189 1475
f 1023 1275 1478
f 1362 1364 1368
f 1475 1192 1365
f 1471 1367 1273
f 1272 1661 1366
f 1479 1475 1365
f 1273 1367 1274
f 1474 1274 1371
f 1275 1369 1478
f 1373 1479 1365
f 1274 1367 1371
f 1373 1365 1370
f 1374 1369 1372
f 1372 1369 1368
f 1276 1370 1365
f 1281 1376 1278
f 1367 1376 1371
f 1281 1371 1376
f 1281 1485 1371
f 1366 1483 1196
f 1375 1485 1281
f 1374 1492 1107
f 1374 1372 1492
f 1278 1376 1377
f 1491 1375 1281
f 1196 1483 1197
f 1488 1280 1283
f 1382 1491 1281
f 1282 1028 1496
f 1496 1028 1499
f 1113 1378 1493
f 1285 1499 1028
f 1029 1377 1497
f 1281 1198 1382
f 1029 1497 1201
f 1498 1199 1200
f 1285 1588 1499
f 1202 1588 1285
f 1588 1202 1379
f 1383 1286 1380
f 1381 1491 1382
f 1203 1289 1382
f 1384 1383 1380
f 1288 1383 1384
f 1290 1385 1289
f 1288 1511 1207
f 1207 1387 1291
f 1295 1292 1387
f 1389 1295 1387
f 1294 1388 1123
f 1295 1389 1210
f 1294 1390 1388
f 1211 1389 1595
f 1389 1211 1210
f 1390 1212 1392
f 1212 1393 1392
f 1391 1395 1394
f 1393 1212 1299
f 1299 1298 1393
f 1394 1395 1300
f 1298 1396 1393
f 1300 1395 1214
f 1398 1399 1303
f 1602 1515 1397
f 1602 1397 1302
f 1305 1399 1400
f 1305 1303 1399
f 1400 1602 1302
f 1400 1302 1402
f 1400 1402 1305
f 1402 1302 1401
f 1402 1604 1307
f 1305 1402 1307
f 1306 1516 1401
f 1307 1517 1216
f 1215 1516 1306
f 1518 1216 1517
f 1516 1215 1519
f 1215 1136 1519
f 1136 1217 1519
f 1518 1403 1137
f 1219 1137 1521
f 1521 1137 1403
f 1521 1404 1219
f 1308 1140 1406
f 1308 1406 1405
f 1405 1406 1309
f 1140 1310 1406
f 1309 1406 1407
f 1407 1408 1222
f 1222 1408 1522
f 892 1409 1523
f 1145 1414 1614
f 1145 1614 1144
f 1411 1412 1525
f 1412 1312 1525
f 1412 1411 1224
f 1531 1224 1411
f 1226 1532 1314
f 1414 1416 1418
f 1145 1416 1414
f 1535 1413 1146
f 1415 1316 1619
f 1314 1538 1318
f 1538 1317 1418
f 1536 1538 1418
f 1416 1536 1418
f 1536 1416 1314
f 1538 1314 1416
f 1317 1538 1416
f 1315 1231 1535
f 1535 1231 1540
f 1318 1538 1419
f 1319 1626 1316
f 1317 1320 1539
f 1419 1420 1154
f 1543 1539 1320
f 1541 1157 1230
f 1541 1230 1417
f 1544 1234 1680
f 1540 1233 1421
f 1322 1543 1320
f 1157 1541 1321
f 1545 1543 1322
f 1234 1544 1423
f 1322 1323 1545
f 1424 1157 1321
f 1157 1424 1434
f 1545 1323 1635
f 1156 1426 1328
f 1156 1240 1426
f 1240 1325 1426
f 1325 1546 1426
f 1329 1428 1427
f 1242 1425 1433
f 1329 1429 1428
f 1243 1430 1431
f 1242 1433 1331
f 1329 1330 1429
f 1331 1433 1165
f 1434 1435 1333
f 1336 1165 1433
f 1330 1437 1686
f 1429 1330 1686
f 1335 1243 1431
f 1436 1336 1433
f 1440 1333 1435
f 1436 1332 1444
f 1444 1332 1334
f 1436 1444 1336
f 1438 1432 1439
f 1440 1438 1439
f 1335 1443 1245
f 1432 1246 1439
f 1440 1439 1441
f 1444 1334 1442
f 1245 1443 1339
f 1444 1338 1167
f 1640 1554 1338
f 1640 1338 1444
f 1337 1171 1551
f 1553 1339 1443
f 1339 1553 1340
f 1246 1248 1555
f 1439 1246 1556
f 1556 1246 1555
f 1441 1439 1556
f 1554 1341 1338
f 1341 1445 1171
f 1445 1551 1171
f 1558 1341 1554
f 1341 1558 1445
f 1340 1555 1248
f 1079 1561 1442
f 1559 1555 1340
f 1560 1249 1441
f 1560 1251 1249
f 1447 1559 1690
f 1559 1447 1563
f 1251 1560 1256
f 1447 1690 1449
f 1563 1447 1345
f 1561 1253 1562
f 1448 1691 1343
f 1450 1093 1256
f 1565 1344 1449
f 1259 1451 1562
f 1448 1451 1452
f 1453 1564 1448
f 1452 1453 1448
f 1344 1346 1345
f 1346 1648 1345
f 1259 1261 1451
f 1452 1451 1261
f 1452 1454 1453
f 1452 1347 1454
f 1455 1454 1347
f 1344 1348 1346
f 1347 1349 1455
f 1455 1349 1568
f 1565 1569 1457
f 1568 1349 1456
f 1458 1351 1457
f 1459 1460 1456
f 1462 1351 1458
f 1351 1462 1461
f 1461 1462 1572
f 1461 1572 1354
f 1572 1463 1354
f 850 1464 1181
f 1181 1464 1356
f 1466 1653 1465
f 850 1654 1464
f 1356 1697 1651
f 1266 1651 1749
f 1653 1701 1358
f 1701 1269 1358
f 1361 1703 1756
f 1577 1476 1471
f 1363 1360 1474
f 1578 1472 1478
f 1362 1363 1364
f 1477 1363 1474
f 1476 1367 1471
f 1579 1578 1478
f 1480 1367 1476
f 1371 1477 1474
f 1480 1477 1371
f 1364 1481 1368
f 1481 1482 1368
f 1478 1369 1481
f 1369 1482 1481
f 1483 1366 1661
f 1480 1485 1367
f 1480 1371 1485
f 1368 1482 1372
f 1369 1374 1482
f 1367 1485 1376
f 1482 1486 1372
f 1482 1374 1486
f 1484 1485 1375
f 1486 1487 1492
f 1486 1492 1372
f 1486 1374 1282
f 1584 1376 1485
f 1489 1484 1375
f 1373 1280 1488
f 1492 1487 1490
f 1489 1375 1491
f 1583 1197 1483
f 1496 1486 1282
f 1585 1197 1583
f 1376 1497 1377
f 1489 1491 1494
f 1490 1489 1495
f 1495 1489 1494
f 1115 1197 1585
f 1284 1585 1715
f 1284 1115 1585
f 1378 1765 1493
f 1378 1199 1498
f 1492 1495 1286
f 1490 1495 1492
f 1284 1715 1379
f 1495 1380 1286
f 1495 1494 1501
f 1495 1501 1502
f 1380 1495 1502
f 1494 1491 1500
f 1501 1494 1500
f 1505 1491 1381
f 1500 1491 1505
f 1382 1289 1381
f 1380 1502 1384
f 1289 1385 1381
f 1502 1501 1503
f 1384 1502 1503
f 1381 1385 1504
f 1505 1381 1504
f 1500 1505 1507
f 1501 1500 1507
f 1501 1507 1503
f 1384 1503 1506
f 1505 1504 1508
f 1507 1505 1508
f 1507 1509 1503
f 1506 1503 1509
f 1288 1384 1511
f 1504 1385 1510
f 1508 1504 1510
f 1384 1506 1511
f 1385 1290 1510
f 1510 1589 1508
f 1509 1508 1589
f 1511 1506 1589
f 1510 1290 1386
f 1591 1510 1386
f 1511 1589 1590
f 1511 1590 1207
f 1386 1123 1388
f 1388 1512 1592
f 1389 1671 1595
f 1388 1390 1512
f 1595 1597 1211
f 1211 1597 1391
f 1512 1390 1392
f 1392 1596 1512
f 1513 1596 1392
f 1392 1393 1513
f 1600 1395 1597
f 1391 1597 1395
f 1395 1601 1214
f 1214 1601 1398
f 1601 1514 1398
f 1396 1397 1515
f 1399 1673 1400
f 1402 1401 1604
f 1516 1604 1401
f 1307 1604 1517
f 1517 1606 1518
f 1516 1519 1605
f 1518 1606 1403
f 1519 1217 1520
f 1520 1605 1519
f 1520 1217 1218
f 1520 1218 1608
f 1404 1608 1218
f 1521 1608 1404
f 1609 1406 1310
f 1609 1407 1406
f 1610 1609 1310
f 1408 1407 1609
f 1611 1408 1609
f 1310 1311 1610
f 1526 1410 1524
f 1615 1144 1614
f 1312 1616 1525
f 1144 1615 1226
f 1534 1614 1414
f 1529 1616 1312
f 1313 1526 1527
f 1615 1532 1226
f 1534 1530 1411
f 1531 1411 1530
f 1529 1415 1616
f 1617 1313 1527
f 1534 1414 1533
f 1533 1414 1418
f 1530 1624 1531
f 1415 1619 1616
f 1314 1532 1536
f 1417 1531 1624
f 1625 1617 1537
f 1625 1313 1617
f 1533 1418 1622
f 1418 1317 1622
f 1680 1061 1625
f 1317 1539 1622
f 1422 1626 1232
f 1421 1542 1540
f 1420 1629 1421
f 1683 1543 1545
f 1321 1541 1631
f 1628 1422 1423
f 1545 1635 1632
f 1425 1324 1633
f 1324 1427 1630
f 1637 1426 1546
f 1637 1547 1426
f 1426 1547 1328
f 1546 1325 1549
f 1630 1427 1428
f 1332 1636 1635
f 1547 1548 1430
f 1435 1434 1424
f 1425 1633 1433
f 1433 1633 1638
f 1548 1431 1430
f 1325 1432 1549
f 1436 1636 1332
f 1638 1436 1433
f 1550 1549 1432
f 1432 1438 1550
f 1440 1435 1438
f 1435 1550 1438
f 1552 1686 1437
f 1552 1437 1337
f 1337 1551 1552
f 1444 1442 1640
f 1445 1642 1551
f 1442 1561 1640
f 1445 1558 1446
f 1446 1642 1445
f 1560 1441 1556
f 1640 1561 1557
f 1645 1560 1556
f 1446 1558 1343
f 1642 1446 1691
f 1560 1645 1646
f 1558 1647 1343
f 1691 1446 1343
f 1560 1646 1256
f 1343 1647 1448
f 1563 1345 1648
f 1450 1646 1648
f 1450 1256 1646
f 1562 1451 1647
f 1451 1448 1647
f 1449 1693 1565
f 1450 1648 1346
f 1567 1453 1566
f 1567 1564 1453
f 1453 1454 1566
f 1566 1454 1455
f 1566 1455 1567
f 1567 1455 1568
f 1457 1569 1458
f 1650 1456 1460
f 1458 1570 1462
f 1460 1352 1571
f 1570 1460 1571
f 1462 1570 1571
f 1352 1353 1571
f 1462 1571 1572
f 1571 1353 1573
f 1571 1573 1572
f 1353 1355 1573
f 1573 1463 1572
f 1355 1463 1573
f 1697 1356 1464
f 1266 1749 1467
f 1184 1469 1267
f 1470 1657 1575
f 1271 1467 1658
f 1703 1656 1704
f 1470 1473 1657
f 1271 1658 1471
f 1657 1473 1706
f 1577 1471 1658
f 1473 1475 1662
f 1580 1476 1577
f 1660 1579 1363
f 1363 1477 1660
f 1363 1579 1364
f 1660 1477 1580
f 1475 1479 1662
f 1480 1476 1580
f 1480 1580 1477
f 1579 1481 1364
f 1478 1481 1579
f 1488 1479 1373
f 1584 1485 1484
f 1487 1486 1581
f 1484 1582 1584
f 1489 1582 1484
f 1487 1581 1490
f 1582 1489 1665
f 1489 1490 1665
f 1665 1490 1581
f 1496 1581 1486
f 1765 1766 1493
f 1766 1283 1493
f 1376 1584 1497
f 1378 1498 1765
f 1496 1499 1587
f 1586 1379 1715
f 1201 1668 1200
f 1497 1667 1201
f 1499 1588 1587
f 1586 1588 1379
f 1507 1508 1509
f 1509 1589 1506
f 1510 1591 1589
f 1590 1387 1207
f 1592 1591 1386
f 1592 1386 1388
f 1387 1671 1389
f 1670 1592 1593
f 1593 1592 1512
f 1670 1593 1594
f 1671 1594 1595
f 1593 1512 1596
f 1594 1593 1596
f 1595 1594 1599
f 1597 1595 1599
f 1594 1596 1599
f 1596 1513 1598
f 1599 1596 1598
f 1598 1600 1599
f 1599 1600 1597
f 1513 1393 1773
f 1601 1395 1600
f 1393 1396 1773
f 1719 1515 1602
f 1398 1673 1399
f 1720 1719 1602
f 1602 1400 1720
f 1400 1603 1720
f 1673 1603 1400
f 1604 1516 1605
f 1517 1604 1606
f 1605 1606 1604
f 1607 1605 1520
f 1520 1608 1607
f 1521 1403 1608
f 1403 1607 1608
f 1609 1610 1611
f 1612 1408 1611
f 1408 1612 1522
f 1524 1522 1612
f 1409 1613 1523
f 1311 1523 1613
f 1311 1613 1610
f 1724 1613 1409
f 1524 1674 1526
f 1526 1674 1527
f 1409 1528 1724
f 1614 1676 1615
f 1534 1677 1614
f 1614 1677 1676
f 1411 1677 1534
f 1411 1525 1677
f 1616 1677 1525
f 1724 1528 1413
f 1676 1532 1615
f 1616 1618 1677
f 1534 1533 1530
f 1616 1619 1618
f 1413 1535 1780
f 1621 1536 1532
f 1533 1620 1621
f 1533 1621 1530
f 1621 1624 1530
f 1536 1679 1538
f 1621 1679 1536
f 1533 1622 1620
f 1623 1621 1620
f 1678 1618 1619
f 1619 1316 1678
f 1538 1679 1681
f 1627 1417 1624
f 1316 1626 1678
f 1625 1537 1680
f 1419 1538 1681
f 1540 1542 1727
f 1732 1626 1422
f 1417 1627 1541
f 1629 1420 1419
f 1539 1543 1683
f 1541 1627 1631
f 1544 1628 1423
f 1629 1682 1421
f 1421 1682 1542
f 1422 1628 1735
f 1632 1630 1545
f 1683 1545 1630
f 1324 1630 1633
f 1546 1631 1737
f 1546 1737 1637
f 1637 1737 1738
f 1546 1634 1631
f 1634 1321 1631
f 1321 1634 1424
f 1630 1632 1633
f 1546 1549 1634
f 1550 1634 1549
f 1424 1634 1550
f 1632 1635 1638
f 1638 1635 1636
f 1633 1632 1638
f 1547 1637 1548
f 1424 1550 1435
f 1639 1548 1637
f 1638 1636 1436
f 1428 1429 1685
f 1548 1639 1431
f 1429 1686 1685
f 1431 1639 1335
f 1686 1552 1740
f 1443 1742 1553
f 1553 1641 1340
f 1559 1340 1641
f 1554 1640 1557
f 1559 1641 1690
f 1554 1557 1643
f 1554 1643 1558
f 1555 1563 1644
f 1559 1563 1555
f 1556 1555 1645
f 1645 1555 1644
f 1558 1643 1647
f 1645 1644 1646
f 1561 1562 1557
f 1643 1557 1562
f 1691 1448 1692
f 1690 1693 1449
f 1644 1563 1648
f 1646 1644 1648
f 1647 1643 1562
f 1448 1564 1692
f 1692 1564 1649
f 1564 1567 1649
f 1567 1568 1649
f 1456 1650 1568
f 1460 1696 1650
f 1460 1570 1696
f 1696 1570 1458
f 1749 1651 1748
f 1653 1466 1701
f 1838 1699 1468
f 1699 1652 1468
f 1654 1267 1469
f 1838 1468 1655
f 1655 1468 1472
f 1702 1799 1469
f 1702 1469 1575
f 1657 1702 1575
f 1472 1578 1655
f 1656 1707 1704
f 1576 1707 1656
f 1752 1578 1579
f 1706 1473 1659
f 1577 1658 1751
f 1659 1473 1662
f 1580 1577 1660
f 1710 1662 1479
f 1661 1663 1483
f 1663 1583 1483
f 1479 1488 1664
f 1664 1710 1479
f 1488 1283 1766
f 1766 1664 1488
f 1583 1714 1585
f 1665 1666 1582
f 1585 1714 1715
f 1582 1666 1584
f 1666 1497 1584
f 1581 1716 1665
f 1716 1581 1496
f 1666 1667 1497
f 1715 1767 1586
f 1498 1200 1668
f 1201 1667 1668
f 1588 1586 1587
f 1669 1590 1589
f 1591 1669 1589
f 1669 1591 1592
f 1669 1592 1670
f 1590 1669 1671
f 1671 1669 1670
f 1387 1590 1671
f 1671 1670 1594
f 1513 1672 1598
f 1772 1598 1672
f 1600 1598 1772
f 1672 1513 1773
f 1601 1600 1772
f 1396 1515 1773
f 1773 1515 1774
f 1774 1515 1719
f 1720 1603 1778
f 1721 1603 1673
f 1721 1778 1603
f 1606 1605 1607
f 1403 1606 1607
f 1722 1610 1613
f 1611 1610 1722
f 1779 1611 1722
f 1612 1611 1779
f 1612 1674 1524
f 1722 1613 1724
f 1674 1675 1527
f 1724 1413 1726
f 1677 1621 1676
f 1618 1621 1677
f 1676 1621 1532
f 1527 1675 1617
f 1679 1621 1623
f 1618 1678 1624
f 1621 1618 1624
f 1540 1727 1535
f 1679 1623 1728
f 1678 1728 1624
f 1623 1624 1728
f 1624 1623 1627
f 1678 1626 1728
f 1539 1731 1622
f 1784 1419 1681
f 1419 1784 1629
f 1422 1735 1732
f 1733 1628 1544
f 1629 1734 1682
f 1627 1737 1631
f 1683 1630 1684
f 1630 1428 1684
f 1684 1428 1685
f 1687 1335 1639
f 1687 1741 1335
f 1335 1741 1443
f 1552 1551 1788
f 1552 1788 1740
f 1642 1788 1551
f 1642 1691 1688
f 1689 1688 1691
f 1689 1691 1744
f 1692 1744 1691
f 1790 1689 1744
f 1790 1690 1689
f 1690 1790 1693
f 1693 1695 1565
f 1649 1568 1694
f 1569 1565 1695
f 1568 1650 1694
f 1745 1650 1696
f 1569 1745 1696
f 1458 1569 1696
f 1698 1357 1574
f 1698 1746 1357
f 1465 1357 1466
f 1357 1746 1466
f 1652 1699 1700
f 1574 1652 1700
f 1698 1574 1700
f 1467 1837 1658
f 1469 1841 1654
f 1469 1799 1841
f 1705 1707 1576
f 1657 1706 1702
f 1655 1578 1752
f 1752 1660 1751
f 1755 1805 1706
f 1577 1751 1660
f 1579 1660 1752
f 1755 1706 1659
f 1808 1661 1756
f 1708 1659 1662
f 1708 1662 1711
f 1808 1709 1661
f 1709 1663 1661
f 1662 1710 1711
f 1663 1709 1758
f 1759 1711 1710
f 1761 1663 1758
f 1759 1710 1712
f 1663 1761 1583
f 1712 1710 1713
f 1713 1710 1664
f 1665 1716 1666
f 1765 1498 1717
f 1498 1668 1717
f 1718 1716 1496
f 1587 1718 1496
f 1587 1768 1718
f 1768 1587 1586
f 1775 1601 1772
f 1514 1601 1775
f 1398 1514 1776
f 1398 1776 1673
f 1721 1673 1776
f 1779 1674 1612
f 1722 1724 1723
f 1779 1722 1723
f 1674 1779 1675
f 1724 1726 1723
f 1617 1675 1725
f 1726 1413 1780
f 1535 1727 1780
f 1821 1680 1537
f 1620 1622 1731
f 1620 1729 1623
f 1731 1729 1620
f 1623 1730 1627
f 1729 1730 1623
f 1728 1626 1781
f 1679 1784 1681
f 1732 1781 1626
f 1542 1823 1727
f 1733 1544 1680
f 1732 1735 1785
f 1539 1683 1787
f 1539 1787 1731
f 1542 1682 1786
f 1682 1734 1786
f 1784 1734 1629
f 1737 1627 1730
f 1735 1733 1736
f 1733 1735 1628
f 1683 1684 1787
f 1637 1738 1639
f 1684 1685 1739
f 1639 1738 1687
f 1685 1686 1739
f 1740 1739 1686
f 1865 1741 1687
f 1443 1741 1742
f 1553 1742 1789
f 1788 1642 1688
f 1743 1688 1689
f 1641 1743 1690
f 1743 1689 1690
f 1692 1649 1791
f 1791 1744 1692
f 1649 1694 1791
f 1694 1745 1791
f 1694 1650 1745
f 1464 1869 1697
f 1792 1466 1746
f 1464 1654 1793
f 1748 1651 1747
f 1651 1697 1747
f 1699 1838 1795
f 1701 1466 1792
f 1654 1841 1793
f 1749 1837 1467
f 1837 1750 1658
f 1658 1750 1751
f 1842 1655 1752
f 1702 1801 1800
f 1702 1706 1801
f 1801 1706 1804
f 1752 1751 1750
f 1802 1703 1753
f 1753 1703 1704
f 1707 1754 1803
f 1707 1705 1754
f 1800 1799 1702
f 1805 1804 1706
f 1703 1802 1756
f 1707 1803 1704
f 1845 1805 1755
f 1808 1756 1806
f 1708 1755 1659
f 1709 1808 1878
f 1711 1847 1708
f 1849 1758 1709
f 1711 1759 1757
f 1758 1850 1762
f 1758 1762 1761
f 1759 1712 1760
f 1760 1761 1762
f 1764 1712 1713
f 1760 1712 1764
f 1761 1760 1763
f 1763 1760 1764
f 1761 1763 1583
f 1811 1713 1664
f 1764 1713 1811
f 1714 1583 1763
f 1811 1664 1766
f 1714 1767 1715
f 1766 1765 1717
f 1767 1768 1586
f 1667 1769 1668
f 1666 1769 1667
f 1666 1770 1769
f 1771 1770 1666
f 1716 1771 1666
f 1718 1771 1716
f 1718 1768 1771
f 1772 1672 1812
f 1857 1672 1773
f 1773 1774 1857
f 1772 1812 1775
f 1514 1775 1776
f 1774 1719 1814
f 1719 1720 1814
f 1814 1720 1777
f 1777 1720 1778
f 1721 1777 1778
f 1779 1723 1725
f 1675 1779 1725
f 1725 1723 1726
f 1817 1726 1780
f 1617 1725 1819
f 1537 1617 1819
f 1818 1780 1727
f 1679 1728 1782
f 1781 1782 1728
f 1784 1679 1782
f 1680 1821 1783
f 1732 1785 1781
f 1733 1680 1783
f 1823 1542 1786
f 1826 1823 1786
f 1787 1830 1731
f 1830 1729 1731
f 1830 1829 1729
f 1729 1829 1730
f 1828 1736 1733
f 1826 1786 1734
f 1784 1826 1734
f 1785 1735 1736
f 1737 1730 1829
f 1738 1737 1829
f 1787 1684 1861
f 1684 1739 1861
f 1861 1739 1864
f 1789 1788 1743
f 1743 1788 1688
f 1789 1743 1553
f 1553 1743 1641
f 1791 1790 1744
f 1790 1791 1695
f 1790 1695 1693
f 1695 1791 1745
f 1569 1695 1745
f 1697 1869 1887
f 1835 1836 1698
f 1698 1836 1746
f 1869 1464 1793
f 1797 1748 1747
f 1749 1748 1794
f 1889 1795 1838
f 1700 1699 1796
f 1699 1795 1796
f 1796 1835 1700
f 1698 1700 1835
f 1840 1701 1792
f 1842 1838 1655
f 1840 1798 1701
f 1269 1701 1798
f 1752 1750 1842
f 1798 1754 1269
f 1754 1705 1269
f 1801 1843 1800
f 1704 1803 1753
f 1803 1754 1875
f 1802 1806 1756
f 1846 1845 1755
f 1807 1808 1806
f 1808 1807 1878
f 1846 1755 1708
f 1847 1846 1708
f 1878 1849 1709
f 1711 1848 1847
f 1711 1757 1848
f 1850 1758 1849
f 1762 1850 1809
f 1760 1851 1759
f 1762 1809 1760
f 1764 1852 1763
f 1810 1811 1766
f 1852 1764 1881
f 1714 1763 1852
f 1717 1810 1766
f 1854 1856 1768
f 1767 1854 1768
f 1769 1717 1668
f 1771 1856 1770
f 1768 1856 1771
f 1672 1857 1812
f 1857 1774 1813
f 1774 1814 1813
f 1775 1816 1776
f 1815 1813 1814
f 1815 1814 1777
f 1776 1816 1721
f 1816 1815 1721
f 1721 1815 1777
f 1817 1725 1726
f 1819 1725 1817
f 1780 1818 1817
f 1537 1819 1821
f 1821 1819 1820
f 1823 1822 1727
f 1859 1822 1823
f 1782 1827 1784
f 1782 1824 1827
f 1781 1824 1782
f 1825 1824 1781
f 1785 1825 1781
f 1826 1859 1823
f 1827 1826 1784
f 1785 1828 1825
f 1783 1828 1733
f 1785 1736 1828
f 1687 1738 1829
f 1862 1687 1829
f 1864 1739 1884
f 1687 1863 1865
f 1884 1739 1740
f 1865 1904 1741
f 1831 1884 1740
f 1740 1788 1831
f 1741 1866 1742
f 1741 1904 1866
f 1788 1832 1831
f 1742 1866 1789
f 1788 1789 1832
f 1832 1789 1833
f 1834 1832 1833
f 1834 1867 1832
f 1796 1871 1835
f 1746 1836 1792
f 1747 1697 1887
f 1747 1887 1797
f 1749 1794 1837
f 1839 1796 1795
f 1796 1839 1871
f 1793 1841 1915
f 1837 1794 1874
f 1874 1750 1837
f 1889 1838 1842
f 1877 1802 1844
f 1802 1753 1844
f 1805 1806 1877
f 1802 1877 1806
f 1845 1807 1805
f 1807 1806 1805
f 1759 1851 1757
f 1900 1760 1809
f 1760 1900 1851
f 1811 1881 1764
f 1811 1810 1881
f 1714 1854 1767
f 1852 1854 1714
f 1853 1810 1717
f 1881 1810 1853
f 1769 1853 1717
f 1855 1853 1769
f 1855 1856 1854
f 1855 1769 1770
f 1856 1855 1770
f 1812 1857 1813
f 1812 1813 1816
f 1812 1816 1775
f 1816 1813 1815
f 1818 1858 1817
f 1819 1817 1858
f 1819 1858 1820
f 1820 1858 1882
f 1727 1822 1818
f 1821 1820 1860
f 1821 1860 1783
f 1827 1824 1883
f 1827 1883 1822
f 1827 1822 1859
f 1825 1883 1824
f 1825 1860 1883
f 1827 1859 1826
f 1828 1860 1825
f 1783 1860 1828
f 1787 1861 1830
f 1861 1901 1830
f 1829 1830 1901
f 1862 1829 1901
f 1862 1863 1687
f 1789 1866 1833
f 1867 1831 1832
f 1868 1833 1866
f 1834 1833 1868
f 1887 1869 1870
f 1871 1872 1835
f 1836 1835 1873
f 1835 1872 1873
f 1792 1836 1873
f 1795 1889 1917
f 1795 1917 1839
f 1890 1871 1839
f 1840 1792 1873
f 1915 1841 1918
f 1840 1919 1798
f 1798 1919 1754
f 1800 1918 1799
f 1804 1892 1801
f 1892 1804 1876
f 1753 1803 1844
f 1876 1804 1805
f 1877 1876 1805
f 1895 1845 1846
f 1845 1895 1896
f 1807 1845 1896
f 1807 1896 1878
f 1897 1923 1846
f 1897 1846 1847
f 1879 1849 1878
f 1850 1849 1898
f 1880 1809 1850
f 1809 1880 1900
f 1852 1881 1854
f 1854 1881 1853
f 1854 1853 1855
f 1858 1818 1882
f 1882 1883 1820
f 1820 1883 1860
f 1822 1882 1818
f 1822 1883 1882
f 1901 1861 1902
f 1901 1902 1903
f 1861 1864 1902
f 1904 1905 1866
f 1866 1905 1868
f 1867 1907 1954
f 1867 1834 1907
f 1868 1907 1834
f 1910 1885 1909
f 1886 1910 1909
f 1932 1886 1909
f 1886 1912 1911
f 1869 1793 1913
f 1913 1870 1869
f 1793 1915 1913
f 1888 1794 1748
f 1874 1889 1842
f 1839 1917 1890
f 1842 1750 1874
f 1841 1799 1918
f 1919 1962 1754
f 1800 1891 1918
f 1875 1754 1962
f 1801 1892 1843
f 1877 1893 1876
f 1877 1963 1893
f 1844 1963 1877
f 1844 1875 1963
f 1803 1875 1844
f 1896 1895 1894
f 1846 1923 1895
f 1896 1879 1878
f 1847 1848 1897
f 1898 1849 1879
f 1848 1757 1926
f 1757 1851 1926
f 1898 1880 1850
f 1928 1900 1880
f 1851 1900 1899
f 1862 1901 1903
f 1903 1863 1862
f 1884 1831 1906
f 1906 1831 1867
f 1906 1867 1954
f 1908 1981 1909
f 1981 1982 1909
f 1909 1982 1932
f 1909 1885 1908
f 1932 1935 1886
f 1911 1910 1886
f 1912 1886 1935
f 1887 1957 1797
f 1887 1870 1957
f 1871 1890 1937
f 1873 1872 1937
f 1872 1871 1937
f 1748 1797 1888
f 1794 1888 1874
f 1889 1874 1916
f 1889 1916 1917
f 1890 1917 1914
f 1990 1840 1873
f 1919 1840 1990
f 1800 1843 1891
f 1892 1940 1843
f 1876 1941 1892
f 1920 1941 1876
f 1893 1920 1876
f 1893 1894 1920
f 1922 1894 1893
f 1920 1894 1921
f 1894 1895 1921
f 1921 1895 1923
f 1894 1922 1896
f 1922 1924 1896
f 1924 1879 1896
f 1967 1923 1897
f 1897 1942 1967
f 1897 1848 1925
f 1848 1943 1925
f 1848 1926 1943
f 1969 1880 1898
f 1880 1927 1928
f 1899 1900 1929
f 1900 1928 1929
f 1945 1929 1928
f 1946 1899 1947
f 1929 1947 1899
f 1945 1948 1929
f 1929 1930 1947
f 1948 1930 1929
f 1903 1902 1975
f 1975 1902 1951
f 1902 1864 1951
f 1903 1865 1863
f 1903 1952 1865
f 1864 1884 1951
f 1951 1884 1953
f 1865 1952 1904
f 1904 1952 1905
f 1952 1931 1905
f 1884 1906 1953
f 1953 1906 1954
f 1905 1931 1868
f 1907 1977 1954
f 1868 1931 1907
f 1982 1983 1932
f 1885 1933 1908
f 1885 1910 1933
f 1932 1934 1935
f 1984 1910 1911
f 1984 1933 1910
f 1936 1912 1935
f 1937 1890 1914
f 1913 1915 1960
f 1888 1797 1957
f 1938 1888 1957
f 1874 1888 1938
f 1874 1938 1916
f 1917 1916 1959
f 1914 1917 1959
f 1937 1990 1873
f 1915 1918 1960
f 1918 1961 1960
f 1918 1891 1961
f 1961 1891 1939
f 1891 1843 1939
f 1843 1940 1939
f 1892 1941 1940
f 1965 1893 1963
f 1962 1963 1875
f 1941 1921 1964
f 1920 1921 1941
f 1893 1965 1922
f 1923 1964 1921
f 1897 1925 1942
f 1898 1879 1968
f 1993 1898 1968
f 1898 1993 1969
f 1880 1969 1944
f 1880 1944 1927
f 1851 1899 1926
f 1928 1927 1945
f 1948 1945 1996
f 1930 1950 1947
f 1947 1950 1949
f 1948 1950 1930
f 1996 1950 1948
f 1976 1952 1903
f 1953 1975 1951
f 1977 1931 1952
f 1931 1977 1907
f 1980 1978 1955
f 1980 1979 1978
f 1908 2027 2001
f 1933 2027 1908
f 1983 1956 1932
f 2002 1933 1984
f 1911 2005 1984
f 1934 1936 1935
f 1912 2005 1911
f 1913 1987 1870
f 1987 1957 1870
f 1938 1957 1958
f 1914 1959 2016
f 1914 2016 1937
f 1960 1987 1913
f 1959 1916 1988
f 2016 1990 1937
f 1963 1962 1991
f 1939 1940 1992
f 1965 2021 1922
f 2021 1924 1922
f 1967 2049 1923
f 1879 1924 1966
f 1879 1966 1968
f 1926 1899 1970
f 1944 1994 1927
f 1927 1994 1945
f 1971 1995 2024
f 1970 1899 1972
f 1994 1996 1945
f 1972 1899 1946
f 1995 1971 1973
f 1973 1971 1974
f 1947 1949 1946
f 1949 2058 1946
f 1949 1974 2058
f 1950 1974 1949
f 1973 1974 1950
f 1903 1975 1976
f 1975 1953 1977
f 1976 1975 1977
f 1953 1954 1977
f 1976 1977 1952
f 1978 2000 1999
f 2026 1978 1999
f 1978 1979 2000
f 2026 1955 1978
f 2001 1981 1908
f 2027 1933 2002
f 1934 1932 1956
f 2005 1985 1984
f 2003 1934 2028
f 1934 2003 1936
f 1912 1986 2005
f 1912 1936 1986
f 1958 1957 1987
f 1958 1988 1938
f 1938 1988 1916
f 1959 1988 1989
f 1959 1989 2016
f 1960 2042 1987
f 1960 1961 2042
f 1990 2017 1919
f 2017 1991 1962
f 1919 2017 1962
f 2020 1963 1991
f 1992 1940 1941
f 1963 2020 2046
f 1963 2046 1965
f 1941 1964 1992
f 2046 2021 1965
f 1923 2049 1964
f 1924 2021 1966
f 1943 1926 2055
f 1969 1993 2022
f 1926 1970 2055
f 1969 2023 1944
f 1944 2023 1994
f 2024 1995 2092
f 2092 1995 2025
f 1995 1997 2025
f 1973 1997 1995
f 1994 2128 1996
f 2024 1974 1971
f 1998 1972 1946
f 1946 2058 1998
f 1997 1973 1950
f 1950 1996 1997
f 1999 2062 2026
f 1999 2000 2064
f 1955 2026 2131
f 1980 2066 1979
f 1979 2066 2000
f 1955 2066 1980
f 2028 1934 1956
f 2002 1984 1985
f 1985 2005 2004
f 1986 2004 2005
f 2003 2004 1936
f 1936 2004 1986
f 2074 2008 2029
f 2006 2032 2007
f 2108 2031 2009
f 2008 2009 2031
f 2034 2072 2007
f 2032 2034 2007
f 2011 2037 2036
f 2010 2011 2036
f 2011 2012 2037
f 2038 2012 2013
f 2012 2011 2013
f 2010 2039 2011
f 2011 2039 2013
f 2010 2079 2039
f 2042 1958 1987
f 1958 2042 2014
f 1988 1958 2014
f 1988 2014 2015
f 1989 1988 2015
f 2015 2016 1989
f 2015 2017 2016
f 2016 2017 1990
f 1939 2019 1961
f 1939 2043 2019
f 2018 2020 1991
f 2017 2018 1991
f 1992 2043 1939
f 1992 1964 2048
f 1964 2049 2084
f 2021 2153 1966
f 2153 2086 1966
f 2049 1967 2051
f 2052 1966 2086
f 2051 1967 1942
f 1968 1966 2052
f 2089 1942 1925
f 1968 2052 2053
f 1925 1943 2089
f 1993 2053 2054
f 1968 2053 1993
f 1993 2054 2022
f 1969 2022 2023
f 2092 2125 2024
f 2023 2128 1994
f 2025 1997 2056
f 2059 2056 1997
f 2024 2058 1974
f 2128 2060 1996
f 1997 1996 2060
f 2061 2062 1999
f 1999 2064 2061
f 2062 2063 2026
f 2063 2131 2026
f 2131 2132 1955
f 1955 2067 2066
f 2132 2067 1955
f 2000 2066 2065
f 2069 1981 2001
f 2068 1981 2069
f 1982 1981 2068
f 2068 2099 1982
f 2027 2069 2001
f 2099 1983 1982
f 2099 2134 1983
f 2134 1956 1983
f 1956 2135 2028
f 2002 1985 2101
f 2106 2028 2102
f 2070 2103 2029
f 2004 2141 1985
f 2141 2003 2106
f 2141 2004 2003
f 2028 2106 2003
f 2103 2074 2029
f 2071 2007 2030
f 2006 2007 2071
f 2007 2072 2030
f 2029 2008 2031
f 2029 2031 2070
f 2006 2073 2032
f 2074 2033 2008
f 2072 2034 2112
f 2032 2144 2109
f 2073 2144 2032
f 2075 2108 2009
f 2009 2008 2033
f 2034 2032 2076
f 2076 2032 2109
f 2077 2035 2037
f 2036 2037 2035
f 2179 2036 2035
f 2036 2114 2010
f 2078 2038 2013
f 2013 2040 2078
f 2013 2039 2040
f 2042 2041 2014
f 2014 2041 2015
f 2041 2042 2019
f 2015 2041 2017
f 2019 2042 1961
f 2041 2019 2018
f 2017 2041 2018
f 2044 2019 2043
f 2018 2019 2044
f 2020 2018 2044
f 2044 2043 2045
f 2081 2020 2044
f 2081 2046 2020
f 1992 2045 2043
f 1992 2048 2045
f 2046 2083 2047
f 2047 2021 2046
f 1964 2084 2048
f 2050 2084 2049
f 2051 2050 2049
f 2052 2086 2085
f 2051 1942 2120
f 1942 2089 2120
f 2055 2089 1943
f 2054 2091 2022
f 2025 2056 2092
f 2055 1970 2093
f 2125 2127 2024
f 1970 1972 2057
f 2024 2127 2058
f 2127 2095 2058
f 2057 1972 1998
f 1998 2058 2095
f 1997 2060 2059
f 2061 2097 2062
f 2097 2063 2062
f 2064 2096 2061
f 2000 2065 2064
f 2069 2065 2066
f 2067 2068 2066
f 2068 2069 2066
f 2135 2102 2028
f 2141 2104 1985
f 2104 2101 1985
f 2102 2107 2106
f 2103 2104 2074
f 2031 2234 2070
f 2031 2197 2234
f 2073 2006 2139
f 2031 2108 2197
f 2110 2075 2009
f 2034 2150 2112
f 2076 2150 2034
f 2113 2035 2077
f 2012 2151 2037
f 2040 2039 2080
f 2079 2080 2039
f 2045 2082 2044
f 2046 2081 2083
f 2045 2048 2082
f 2021 2047 2153
f 2050 2087 2085
f 2087 2050 2051
f 2085 2087 2088
f 2052 2085 2088
f 2120 2087 2051
f 2089 2055 2090
f 2090 2055 2159
f 2093 2159 2055
f 2092 2056 2126
f 2126 2125 2092
f 2022 2094 2023
f 2126 2056 2161
f 2023 2094 2128
f 2093 1970 2057
f 2127 2129 2095
f 2161 2056 2059
f 2098 2063 2097
f 2064 2065 2264
f 2069 2100 2065
f 2100 2264 2065
f 2067 2099 2068
f 2099 2067 2132
f 2027 2133 2100
f 2069 2027 2100
f 2134 2135 1956
f 2136 2137 2135
f 2193 2002 2101
f 2102 2135 2194
f 2195 2030 2102
f 2030 2195 2071
f 2103 2070 2138
f 2104 2103 2101
f 2071 2195 2139
f 2107 2102 2030
f 2071 2139 2006
f 2104 2105 2074
f 2142 2141 2106
f 2030 2072 2107
f 2107 2072 2143
f 2072 2112 2143
f 2074 2146 2033
f 2146 2111 2033
f 2033 2111 2009
f 2205 2108 2075
f 2205 2075 2110
f 2110 2009 2111
f 2177 2112 2150
f 2113 2179 2035
f 2077 2037 2151
f 2179 2152 2036
f 2036 2152 2114
f 2151 2012 2180
f 2038 2180 2012
f 2114 2183 2010
f 2010 2183 2079
f 2183 2221 2079
f 2079 2221 2080
f 2115 2044 2082
f 2044 2115 2081
f 2048 2116 2082
f 2116 2048 2084
f 2086 2153 2155
f 2050 2117 2084
f 2086 2155 2085
f 2085 2155 2118
f 2085 2118 2117
f 2085 2117 2050
f 2087 2118 2088
f 2118 2087 2117
f 2121 2117 2087
f 2117 2121 2119
f 2088 2118 2119
f 2119 2052 2088
f 2120 2121 2087
f 2052 2119 2122
f 2052 2122 2053
f 2120 2089 2123
f 2122 2054 2053
f 2089 2090 2123
f 2158 2123 2090
f 2122 2123 2158
f 2122 2158 2091
f 2054 2122 2091
f 2091 2124 2022
f 2094 2022 2124
f 2126 2160 2125
f 2127 2125 2160
f 2159 2093 2189
f 2129 2127 2160
f 2162 2128 2094
f 2057 2189 2093
f 2163 2161 2059
f 2060 2164 2059
f 2059 2164 2163
f 2164 2060 2128
f 2096 2191 2061
f 2061 2191 2097
f 2096 2064 2130
f 2098 2131 2063
f 2264 2100 2133
f 2132 2134 2099
f 2027 2002 2133
f 2133 2002 2193
f 2194 2135 2137
f 2138 2101 2103
f 2138 2193 2101
f 2195 2102 2194
f 2196 2105 2140
f 2105 2104 2140
f 2104 2141 2140
f 2142 2106 2107
f 2142 2107 2166
f 2166 2107 2143
f 2142 2140 2141
f 2139 2235 2073
f 2235 2144 2073
f 2105 2167 2074
f 2074 2167 2146
f 2197 2108 2145
f 2143 2112 2200
f 2148 2169 2147
f 2149 2148 2147
f 2112 2202 2200
f 2144 2174 2109
f 2205 2145 2108
f 2149 2173 2148
f 2109 2175 2076
f 2178 2110 2111
f 2175 2150 2076
f 2152 2252 2114
f 2180 2038 2182
f 2081 2115 2223
f 2081 2223 2083
f 2185 2047 2083
f 2047 2185 2153
f 2117 2116 2084
f 2154 2118 2155
f 2117 2156 2116
f 2119 2157 2156
f 2119 2156 2117
f 2118 2154 2119
f 2154 2157 2119
f 2119 2121 2122
f 2120 2123 2121
f 2121 2123 2122
f 2090 2188 2158
f 2091 2158 2187
f 2188 2090 2159
f 2158 2188 2187
f 2091 2187 2124
f 2126 2161 2160
f 2189 2057 2226
f 2162 2164 2128
f 2057 1998 2226
f 1998 2095 2226
f 2096 2190 2191
f 2097 2191 2098
f 2096 2130 2190
f 2131 2192 2132
f 2134 2132 2192
f 2134 2136 2135
f 2070 2234 2165
f 2196 2167 2105
f 2166 2143 2270
f 2235 2199 2144
f 2142 2168 2140
f 2167 2241 2146
f 2144 2199 2174
f 2242 2149 2147
f 2148 2171 2170
f 2148 2170 2169
f 2148 2172 2171
f 2146 2171 2111
f 2171 2246 2111
f 2173 2149 2204
f 2203 2206 2173
f 2202 2112 2176
f 2109 2174 2175
f 2112 2177 2176
f 2177 2150 2210
f 2249 2210 2150
f 2249 2150 2175
f 2178 2207 2110
f 2206 2179 2113
f 2179 2211 2152
f 2252 2152 2212
f 2218 2182 2038
f 2181 2183 2114
f 2218 2038 2219
f 2183 2220 2221
f 2219 2038 2078
f 2040 2222 2078
f 2222 2040 2080
f 2115 2082 2184
f 2223 2115 2184
f 2082 2116 2184
f 2185 2083 2223
f 2156 2184 2116
f 2186 2155 2185
f 2185 2155 2153
f 2155 2186 2154
f 2228 2188 2159
f 2188 2124 2187
f 2159 2189 2228
f 2124 2225 2162
f 2094 2124 2162
f 2226 2228 2189
f 2160 2227 2129
f 2229 2227 2160
f 2161 2229 2160
f 2161 2163 2229
f 2227 2095 2129
f 2163 2164 2229
f 2232 2098 2191
f 2232 2233 2098
f 2098 2233 2131
f 2064 2264 2130
f 2192 2347 2134
f 2134 2347 2136
f 2133 2193 2293
f 2138 2070 2165
f 2140 2198 2196
f 2145 2237 2197
f 2168 2198 2140
f 2240 2199 2271
f 2167 2238 2241
f 2169 2198 2168
f 2169 2170 2198
f 2147 2169 2168
f 2147 2168 2242
f 2307 2199 2240
f 2146 2241 2201
f 2242 2272 2149
f 2174 2199 2307
f 2201 2171 2146
f 2170 2171 2201
f 2149 2272 2204
f 2202 2204 2272
f 2172 2246 2171
f 2148 2173 2172
f 2173 2204 2203
f 2204 2202 2176
f 2174 2245 2175
f 2145 2205 2354
f 2172 2206 2276
f 2172 2173 2206
f 2111 2246 2178
f 2246 2277 2178
f 2247 2276 2206
f 2206 2203 2248
f 2175 2245 2249
f 2207 2282 2205
f 2207 2205 2110
f 2206 2248 2179
f 2209 2176 2177
f 2247 2113 2208
f 2208 2113 2077
f 2206 2113 2247
f 2179 2248 2211
f 2210 2209 2177
f 2208 2077 2250
f 2209 2212 2211
f 2212 2209 2210
f 2151 2250 2077
f 2212 2152 2211
f 2151 2213 2250
f 2151 2180 2213
f 2213 2180 2182
f 2252 2181 2114
f 2214 2253 2256
f 2256 2215 2214
f 2216 2182 2218
f 2181 2217 2183
f 2217 2259 2183
f 2183 2259 2320
f 2183 2320 2220
f 2219 2078 2261
f 2223 2184 2224
f 2223 2224 2185
f 2184 2156 2224
f 2224 2186 2185
f 2157 2224 2156
f 2154 2186 2157
f 2124 2188 2225
f 2227 2228 2226
f 2229 2228 2227
f 2229 2225 2228
f 2162 2225 2164
f 2164 2225 2229
f 2227 2226 2095
f 2230 2190 2231
f 2191 2190 2230
f 2191 2230 2232
f 2130 2263 2190
f 2131 2233 2192
f 2264 2133 2292
f 2133 2293 2292
f 2137 2330 2331
f 2194 2137 2331
f 2195 2194 2331
f 2294 2195 2331
f 2139 2195 2294
f 2139 2294 2235
f 2235 2271 2199
f 2234 2197 2267
f 2167 2196 2238
f 2168 2142 2236
f 2166 2236 2142
f 2166 2270 2236
f 2267 2197 2237
f 2267 2237 2238
f 2236 2239 2168
f 2270 2143 2240
f 2238 2237 2241
f 2198 2170 2244
f 2298 2198 2244
f 2168 2239 2242
f 2240 2143 2243
f 2143 2200 2243
f 2240 2243 2307
f 2303 2241 2237
f 2241 2303 2201
f 2202 2273 2200
f 2243 2200 2273
f 2244 2170 2201
f 2202 2272 2273
f 2276 2246 2172
f 2176 2280 2203
f 2176 2203 2204
f 2354 2205 2282
f 2277 2246 2276
f 2176 2209 2280
f 2207 2213 2282
f 2207 2178 2250
f 2213 2207 2250
f 2178 2277 2250
f 2208 2250 2277
f 2211 2248 2281
f 2211 2281 2280
f 2280 2209 2211
f 2210 2249 2285
f 2210 2285 2212
f 2212 2285 2252
f 2214 2251 2253
f 2213 2182 2316
f 2286 2253 2251
f 2316 2182 2216
f 2255 2253 2286
f 2256 2254 2215
f 2253 2255 2256
f 2258 2216 2218
f 2287 2255 2258
f 2256 2255 2287
f 2254 2256 2288
f 2257 2254 2259
f 2259 2254 2288
f 2257 2259 2217
f 2218 2287 2258
f 2288 2256 2287
f 2319 2259 2288
f 2218 2219 2260
f 2259 2319 2320
f 2260 2219 2261
f 2078 2222 2261
f 2221 2322 2080
f 2221 2220 2322
f 2222 2080 2291
f 2080 2322 2291
f 2186 2224 2157
f 2228 2225 2188
f 2230 2231 2262
f 2190 2263 2231
f 2230 2262 2232
f 2232 2328 2233
f 2136 2363 2137
f 2363 2330 2137
f 2193 2265 2293
f 2138 2265 2193
f 2138 2165 2265
f 2165 2234 2336
f 2235 2294 2296
f 2234 2267 2336
f 2196 2297 2238
f 2333 2297 2196
f 2333 2196 2198
f 2198 2298 2333
f 2236 2266 2239
f 2266 2236 2300
f 2300 2236 2270
f 2267 2238 2268
f 2238 2297 2269
f 2301 2270 2240
f 2240 2271 2301
f 2269 2268 2238
f 2298 2299 2242
f 2298 2242 2239
f 2244 2275 2302
f 2298 2244 2302
f 2299 2272 2242
f 2237 2145 2338
f 2338 2303 2237
f 2302 2272 2299
f 2244 2201 2304
f 2244 2304 2275
f 2274 2272 2302
f 2272 2274 2273
f 2145 2354 2338
f 2306 2273 2274
f 2276 2310 2275
f 2279 2203 2274
f 2203 2278 2274
f 2174 2307 2245
f 2203 2280 2278
f 2276 2247 2310
f 2203 2279 2248
f 2247 2208 2310
f 2245 2285 2249
f 2283 2208 2277
f 2208 2283 2310
f 2281 2248 2279
f 2281 2314 2280
f 2213 2355 2282
f 2281 2284 2215
f 2215 2314 2281
f 2355 2213 2316
f 2285 2181 2252
f 2251 2283 2313
f 2214 2283 2251
f 2284 2283 2214
f 2215 2284 2214
f 2286 2251 2313
f 2286 2258 2255
f 2216 2258 2286
f 2289 2317 2287
f 2318 2287 2317
f 2288 2287 2318
f 2287 2218 2289
f 2218 2260 2289
f 2357 2220 2320
f 2261 2222 2290
f 2222 2324 2290
f 2324 2222 2291
f 2262 2231 2326
f 2232 2262 2326
f 2263 2327 2231
f 2232 2326 2361
f 2327 2263 2345
f 2328 2232 2361
f 2263 2130 2345
f 2328 2192 2233
f 2345 2130 2362
f 2130 2264 2362
f 2362 2264 2292
f 2347 2363 2136
f 2294 2331 2369
f 2265 2165 2332
f 2333 2298 2295
f 2295 2298 2239
f 2235 2296 2271
f 2267 2268 2336
f 2266 2300 2335
f 2337 2335 2300
f 2270 2301 2300
f 2302 2299 2298
f 2243 2273 2306
f 2302 2275 2310
f 2305 2302 2310
f 2302 2305 2274
f 2309 2275 2304
f 2309 2276 2275
f 2274 2305 2279
f 2274 2278 2306
f 2306 2278 2311
f 2307 2339 2245
f 2309 2312 2276
f 2276 2312 2277
f 2354 2282 2355
f 2278 2280 2340
f 2245 2339 2285
f 2305 2310 2284
f 2284 2310 2283
f 2279 2305 2284
f 2280 2314 2340
f 2279 2284 2281
f 2181 2339 2341
f 2181 2285 2339
f 2315 2215 2254
f 2315 2314 2215
f 2341 2217 2181
f 2376 2316 2216
f 2376 2216 2342
f 2257 2315 2254
f 2216 2286 2342
f 2288 2318 2319
f 2378 2318 2317
f 2318 2379 2319
f 2381 2319 2379
f 2319 2381 2320
f 2260 2261 2290
f 2220 2357 2322
f 2291 2322 2321
f 2324 2291 2321
f 2323 2321 2322
f 2321 2325 2324
f 2323 2325 2321
f 2325 2359 2324
f 2325 2323 2344
f 2326 2231 2327
f 2192 2385 2347
f 2347 2329 2363
f 2348 2293 2265
f 2332 2348 2265
f 2332 2165 2336
f 2367 2333 2295
f 2266 2349 2239
f 2349 2295 2239
f 2349 2266 2334
f 2334 2266 2335
f 2333 2370 2297
f 2370 2398 2297
f 2271 2296 2351
f 2271 2351 2301
f 2300 2301 2337
f 2351 2337 2301
f 2297 2398 2269
f 2201 2303 2304
f 2306 2308 2243
f 2243 2308 2307
f 2303 2309 2304
f 2339 2307 2308
f 2373 2339 2308
f 2311 2278 2340
f 2312 2283 2277
f 2341 2339 2375
f 2340 2314 2315
f 2377 2217 2341
f 2377 2257 2217
f 2313 2342 2286
f 2318 2378 2379
f 2289 2380 2317
f 2320 2381 2357
f 2357 2343 2322
f 2290 2324 2358
f 2322 2343 2323
f 2358 2324 2359
f 2343 2344 2323
f 2325 2360 2359
f 2325 2344 2360
f 2361 2346 2328
f 2328 2346 2192
f 2385 2192 2346
f 2292 2293 2409
f 2330 2363 2414
f 2348 2409 2293
f 2414 2364 2330
f 2364 2331 2330
f 2331 2364 2369
f 2367 2295 2394
f 2296 2294 2369
f 2333 2367 2370
f 2334 2335 2396
f 2396 2335 2337
f 2336 2268 2350
f 2351 2352 2337
f 2306 2311 2308
f 2303 2338 2353
f 2353 2371 2303
f 2303 2371 2309
f 2312 2309 2371
f 2338 2354 2353
f 2355 2353 2354
f 2355 2316 2376
f 2313 2283 2356
f 2377 2315 2257
f 2317 2380 2378
f 2289 2260 2380
f 2260 2290 2380
f 2380 2290 2358
f 2343 2357 2401
f 2358 2359 2382
f 2343 2401 2344
f 2326 2327 2404
f 2361 2326 2404
f 2345 2362 2406
f 2347 2385 2388
f 2386 2362 2389
f 2362 2292 2389
f 2390 2347 2388
f 2347 2390 2329
f 2332 2365 2348
f 2369 2364 2366
f 2395 2365 2332
f 2295 2349 2394
f 2394 2349 2368
f 2368 2349 2334
f 2332 2336 2395
f 2367 2365 2370
f 2369 2366 2296
f 2336 2350 2395
f 2351 2296 2352
f 2352 2396 2337
f 2268 2269 2350
f 2398 2350 2269
f 2371 2353 2372
f 2308 2311 2373
f 2353 2355 2372
f 2371 2372 2356
f 2371 2356 2312
f 2311 2340 2374
f 2373 2311 2374
f 2312 2356 2283
f 2339 2373 2375
f 2372 2355 2376
f 2356 2372 2376
f 2373 2374 2375
f 2340 2315 2374
f 2375 2374 2377
f 2377 2374 2315
f 2375 2377 2341
f 2356 2376 2342
f 2313 2356 2342
f 2360 2382 2359
f 2383 2382 2360
f 2344 2383 2360
f 2401 2383 2344
f 2361 2404 2402
f 2402 2346 2361
f 2327 2345 2384
f 2345 2406 2384
f 2388 2385 2405
f 2362 2386 2406
f 2387 2388 2386
f 2405 2386 2388
f 2387 2386 2389
f 2387 2390 2388
f 2391 2387 2389
f 2389 2292 2391
f 2292 2409 2391
f 2414 2392 2364
f 2348 2365 2393
f 2366 2364 2368
f 2368 2364 2392
f 2393 2365 2367
f 2367 2394 2393
f 2334 2397 2366
f 2334 2366 2368
f 2366 2397 2296
f 2365 2395 2370
f 2334 2396 2397
f 2370 2395 2350
f 2370 2350 2398
f 2296 2397 2352
f 2397 2396 2352
f 2378 2380 2400
f 2378 2399 2379
f 2379 2399 2381
f 2358 2400 2380
f 2401 2381 2399
f 2381 2401 2357
f 2358 2382 2400
f 2384 2403 2327
f 2403 2404 2327
f 2346 2402 2385
f 2402 2405 2385
f 2406 2386 2407
f 2405 2422 2386
f 2408 2363 2329
f 2363 2408 2414
f 2409 2348 2421
f 2348 2393 2421
f 2392 2415 2368
f 2394 2368 2411
f 2411 2368 2415
f 2393 2394 2410
f 2411 2410 2394
f 2411 2412 2410
f 2412 2417 2410
f 2400 2399 2378
f 2399 2400 2383
f 2383 2400 2382
f 2399 2383 2401
f 2403 2418 2404
f 2402 2404 2418
f 2406 2407 2384
f 2422 2419 2386
f 2386 2413 2407
f 2386 2419 2413
f 2387 2391 2420
f 2387 2420 2423
f 2390 2387 2423
f 2423 2329 2390
f 2391 2409 2420
f 2409 2421 2426
f 2410 2421 2393
f 2411 2415 2412
f 2415 2416 2412
f 2410 2417 2421
f 2416 2417 2412
f 2402 2418 2405
f 2384 2407 2403
f 2403 2407 2413
f 2405 2418 2422
f 2420 2409 2425
f 2408 2329 2423
f 2408 2431 2414
f 2414 2431 2392
f 2432 2427 2417
f 2427 2421 2417
f 2418 2403 2413
f 2423 2420 2424
f 2423 2424 2429
f 2423 2429 2408
f 2431 2408 2429
f 2409 2426 2425
f 2426 2421 2427
f 2415 2392 2428
f 2416 2415 2428
f 2428 2432 2417
f 2428 2417 2416
f 2413 2419 2418
f 2422 2418 2419
f 2420 2425 2424
f 2425 2426 2433
f 2433 2426 2430
f 2426 2427 2430
f 2392 2431 2428
f 2427 2432 2430
f 2433 2424 2425
f 2424 2433 2434
f 2424 2434 2429
f 2429 2434 2431
f 2431 2434 2428
f 2428 2430 2432
f 2433 2428 2434
f 2433 2430 2428

