# File generated by FabConvert.com - Free Image and 3D model conversion tools

mtllib asset_RtkN7g3urzKSySha8yuGg86D.mtl

o obj1
v -0.99746001 -0.99427098 -0.75867999
v -0.99407899 -0.994277 -0.76528299
v -0.99427098 -0.997356 -0.75839001
v -0.99745399 -0.99427998 -0.29937601
v -0.99388802 -0.997486 -0.020052
v -0.99749702 -0.99425203 -0.003998
v -0.993882 -0.99758202 0.001299
v -0.99403298 -0.99752402 0.384523
v -0.99747503 -0.99426597 0.75682801
v -0.99385601 -0.99755698 0.75058597
v -0.99746001 -0.99427098 -0.75867999
v -0.99404901 -0.98849398 -0.758551
v -0.99407899 -0.994277 -0.76528299
v -0.99411201 -0.98859602 -0.64693898
v -0.99745399 -0.99427998 -0.29937601
v -0.99420398 -0.98858202 -0.39204699
v -0.99419397 -0.988563 -0.01958
v -0.99749702 -0.99425203 -0.003998
v -0.99400997 -0.98601401 -0.011929
v -0.99422199 -0.98860502 0.010317
v -0.99424398 -0.979886 0.001983
v -0.99411899 -0.98856699 0.42484799
v -0.99747503 -0.99426597 0.75682801
v -0.99402398 -0.98860198 0.750516
v -0.99422997 -0.97843498 -0.008697
v -0.99765998 -0.37139899 -0.003928
v -0.99425298 -0.62569898 0.002133
v -0.99425101 -0.315716 -0.008963
v -0.994277 -0.21811099 0.002157
v -0.99427098 0.15629999 0.002106
v -0.994295 0.37199199 -0.008841
v -0.99754798 0.514961 -0.003916
v -0.99429297 0.54368699 0.00208
v -0.99422801 0.77179402 -0.009035
v -0.99766999 0.98968399 -0.003925
v -0.99429101 0.98646998 0.002186
v -0.99429101 0.98637903 -0.009042
v -0.98686898 -0.99755001 -0.75854897
v -0.98644298 -0.99756497 -0.418598
v -0.99425101 -0.315716 -0.008963
v -0.994295 0.37199199 -0.008841
v -0.92219901 -0.292494 -0.009067
v -0.99429297 0.54368699 0.00208
v -0.89527798 0.60581899 0.002236
v -0.99429101 0.98646998 0.002186
v -0.99420398 -0.98858202 -0.39204699
v -0.93445098 -0.98845202 -0.47710401
v -0.99411201 -0.98859602 -0.64693898
v -0.99419397 -0.988563 -0.01958
v -0.99422199 -0.98860502 0.010317
v -0.99411899 -0.98856699 0.42484799
v -0.97489899 -0.988388 0.201373
v -0.638304 -0.93277502 0.002451
v -0.99425298 -0.62569898 0.002133
v -0.99424398 -0.979886 0.001983
v -0.95403802 -0.90496403 -0.008977
v -0.99422997 -0.97843498 -0.008697
v -0.936297 -0.499037 -0.009064
v -0.87019199 0.358345 -0.008902
v -0.99427098 0.15629999 0.002106
v -0.99422801 0.77179402 -0.009035
v -0.85272098 0.73880601 -0.009176
v -0.99429101 0.98637903 -0.009042
v -0.88151699 -0.99765497 -0.001138
v -0.92862803 -0.99759901 0.62602103
v -0.994277 -0.21811099 0.002157
v -0.73748499 -0.44766501 0.002346
v -0.90087402 -0.080408 0.002284
v -0.757779 0.31474099 0.002386
v -0.86571598 -0.98844302 -0.053715
v -0.99402398 -0.98860198 0.750516
v -0.81658298 -0.98839998 0.53415799
v -0.99766999 0.98968399 -0.003925
v -0.808128 0.98962802 -0.00393
v -0.808128 0.98962802 -0.00393
v -0.99766999 0.98968399 -0.003925
v -0.99429101 0.98646998 0.002186
v -0.62602401 -0.98859602 0.008218
v -0.99422199 -0.98860502 0.010317
v -0.75163299 -0.99763799 -0.65628499
v -0.64071298 0.98640198 -0.008999
v -0.78009599 0.98642302 0.002509
v -0.50262201 -0.98846799 0.750624
v -0.99747503 -0.99426597 0.75682801
v -0.99404901 -0.98849398 -0.758551
v -0.61893803 -0.98844498 0.170856
v -0.62602401 -0.98859602 0.008218
v -0.73392701 -0.978715 -0.008648
v -0.99400997 -0.98601401 -0.011929
v -0.669846 0.036717 -0.008957
v -0.69203001 -0.98872203 -0.019404
v -0.99400997 -0.98601401 -0.011929
v -0.41885999 -0.99427599 0.75705099
v -0.41885999 -0.99427599 0.75705099
v -0.68360502 -0.78425097 0.002089
v -0.622208 -0.978567 0.00183
v -0.726412 -0.56215799 -0.008974
v -0.59564501 -0.997666 -0.124373
v -0.53758901 -0.99766201 0.750597
v -0.58291602 -0.98834002 -0.27246499
v -0.660855 -0.799972 -0.008873
v -0.47582 -0.99764502 -0.51643503
v -0.78009599 0.98642302 0.002509
v -0.48719901 -0.98849499 -0.61275899
v -0.67120397 0.56363302 0.002386
v -0.564538 0.89340299 0.002507
v -0.63832998 -0.90173203 -0.00869
v -0.574458 -0.997684 0.40868101
v -0.660299 0.007447 0.002366
v -0.64431202 -0.997585 -0.002218
v -0.63657302 -0.92217302 -0.008956
v -0.37344199 0.98638397 0.002738
v -0.41939801 -0.99428201 -0.76543301
v -0.99407899 -0.994277 -0.76528299
v -0.41939801 -0.99428201 -0.76543301
v -0.61853099 -0.98604298 0.005822
v -0.73364103 -0.69076902 -0.095871
v -0.73802698 -0.72819501 -0.100739
v -0.712053 -0.752294 -0.088444
v -0.73364103 -0.69076902 -0.095871
v -0.73049498 -0.67268699 -0.106415
v -0.73802698 -0.72819501 -0.100739
v -0.73802698 -0.72819501 -0.100739
v -0.73143703 -0.74672598 -0.114516
v -0.72567099 -0.78341401 -0.094989
v -0.72567099 -0.78341401 -0.094989
v -0.73049498 -0.67268699 -0.106415
v -0.70630401 -0.69204903 -0.16314299
v -0.72436702 -0.652493 -0.091518
v -0.54883403 -0.997648 -0.75851101
v -0.72436702 -0.652493 -0.091518
v -0.71122402 -0.72042298 -0.091654
v -0.654585 -0.58521801 0.002147
v -0.62899601 -0.41533899 -0.009027
v -0.63277203 -0.36997899 -0.008911
v -0.61940199 0.13768899 0.002193
v -0.166803 -0.997576 0.66653597
v -0.70074201 -0.76922101 -0.158052
v -0.68475002 -0.60657901 -0.12959599
v -0.698102 -0.602736 -0.078885
v -0.68185699 -0.811988 -0.14954001
v -0.70636201 -0.817168 -0.086886
v -0.71122402 -0.72042298 -0.091654
v -0.70102102 -0.70530802 -0.11572
v -0.694372 -0.65013498 -0.081125
v -0.694372 -0.65013498 -0.081125
v -0.70630401 -0.69204903 -0.16314299
v -0.67824203 -0.63434702 -0.167188
v -0.63140702 -0.41494599 0.002341
v -0.63394898 -0.370085 0.002316
v -0.64672101 -0.18492 0.002338
v -0.62420702 -0.037995 0.002467
v -0.63526797 0.49700099 0.002689
v -0.60709101 -0.98866701 -0.068661
v -0.73392701 -0.978715 -0.008648
v -0.68210799 -0.85027403 -0.076984
v -0.70636201 -0.817168 -0.086886
v -0.68610603 -0.79921198 -0.080064
v -0.69214499 -0.767712 -0.111934
v -0.712053 -0.752294 -0.088444
v -0.698102 -0.602736 -0.078885
v -0.63307601 -0.16080301 -0.008836
v -0.53568 0.70841199 -0.008948
v -0.394923 -0.98846 -0.75861198
v -0.68610603 -0.79921198 -0.080064
v -0.68216002 -0.64980203 -0.116681
v -0.652713 -0.85126299 -0.132861
v -0.68210799 -0.85027403 -0.076984
v -0.65093899 -0.830257 -0.062763
v -0.66221797 -0.74989498 -0.206313
v -0.66288698 -0.73874301 -0.16204999
v -0.66245598 -0.758582 -0.009158
v -0.67120099 -0.61971802 -0.066098
v -0.645118 0.020684 0.002471
v -0.62460601 0.191135 0.002222
v -0.59705597 0.52419698 -0.009098
v -0.64351797 -0.79829901 -0.19802
v -0.65973598 -0.77006298 -0.15326899
v -0.638484 -0.704454 -0.18563101
v -0.66176403 -0.61842602 -0.008813
v -0.65373099 -0.66650701 -0.203555
v -0.66085398 -0.71042001 -0.209572
v -0.66390699 -0.75688303 0.002212
v -0.66222399 -0.67466402 0.002134
v -0.67120099 -0.61971802 -0.066098
v -0.65443999 -0.58397001 -0.009092
v -0.63701802 -0.538647 -0.00971
v -0.63050097 -0.24978501 -0.008784
v -0.60105503 0.41833201 -0.009224
v -0.67967403 0.513439 0.057305
v -0.67203701 0.55857998 0.037494
v -0.66652799 0.51452601 0.027948
v -0.615596 -0.987782 -0.010961
v -0.64367902 -0.84910899 0.002773
v -0.65093899 -0.830257 -0.062763
v -0.64329898 -0.81820297 -0.130152
v -0.65743297 -0.79727101 0.004214
v -0.66085398 -0.71042001 -0.209572
v -0.64175302 -0.63510197 -0.193692
v -0.64576799 -0.598593 -0.086018
v -0.65789801 -0.61032301 -0.05774
v -0.66184503 -0.57231599 -0.05835
v -0.61138499 -0.55534202 -0.116757
v -0.66029501 0.018532 0.026724
v -0.66344601 -0.009746 0.01963
v -0.66827899 -0.006537 0.047696
v -0.61942899 0.15138 -0.009256
v -0.62582898 0.18455499 -0.009524
v -0.63100803 0.325418 -0.008819
v -0.60817999 0.38567701 0.002446
v -0.617688 0.42918 0.002621
v -0.64290601 0.446091 0.051433
v -0.66816199 0.417088 0.057112
v -0.66096503 0.424808 0.070564
v -0.652228 0.49009299 0.071416
v -0.66698003 0.51986599 0.092033
v -0.67967403 0.513439 0.057305
v -0.652228 0.49009299 0.071416
v -0.64793599 0.54588598 0.007842
v -0.64929903 0.51753497 0.017285
v -0.65696901 0.56829298 0.08305
v -0.67203701 0.55857998 0.037494
v -0.390531 -0.98847198 0.52888298
v -0.648215 -0.81476301 0.003769
v -0.62189698 -0.832111 -0.18244199
v -0.65603101 -0.79788601 -0.012859
v -0.66245598 -0.758582 -0.009158
v -0.65644503 -0.76738 -0.061877
v -0.65603101 -0.79788601 -0.012859
v -0.65217102 -0.74998897 -0.054995
v -0.65556502 -0.748097 -0.013102
v -0.65866703 -0.69049901 -0.014246
v -0.655725 -0.68354899 -0.040753
v -0.65556502 -0.748097 -0.013102
v -0.65866703 -0.69049901 -0.014246
v -0.65548998 -0.74979901 0.011012
v -0.66222399 -0.67466402 0.002134
v -0.66390699 -0.75688303 0.002212
v -0.65026897 -0.60836297 0.010458
v -0.65438098 -0.69473302 0.043188
v -0.64907598 -0.60024399 -0.012288
v -0.64371401 -0.629008 -0.14149401
v -0.65789801 -0.61032301 -0.05774
v -0.66184503 -0.57231599 -0.05835
v -0.642353 -0.54335099 0.0024
v -0.61067599 -0.45963499 -0.00876
v -0.619995 -0.063363 -0.009129
v -0.62420702 -0.037995 0.002467
v -0.646851 -0.006678 0.011134
v -0.660299 0.007447 0.002366
v -0.65179801 0.007801 0.071234
v -0.614124 0.43767601 0.007802
v -0.60545802 0.393527 -0.008899
v -0.64793599 0.54588598 0.007842
v -0.64667499 0.583031 0.064156
v -0.64801502 0.56701797 0.028404
v -0.67203701 0.55857998 0.037494
v -0.64667499 0.583031 0.064156
v -0.37344199 0.98638397 0.002738
v -0.615596 -0.987782 -0.010961
v -0.629116 -0.90755498 0.003435
v -0.641541 -0.84117901 -0.052473
v -0.61934298 -0.839194 -0.122735
v -0.635369 -0.83762997 -0.090471
v -0.64709198 -0.814789 -0.012921
v -0.64288998 -0.82350099 -0.061041
v -0.65743297 -0.79727101 0.004214
v -0.648215 -0.81476301 0.003769
v -0.64262003 -0.80077201 0.073994
v -0.65185398 -0.75990701 0.067946
v -0.64015001 -0.77860999 -0.19553
v -0.66221797 -0.74989498 -0.206313
v -0.66085398 -0.71042001 -0.209572
v -0.63424301 -0.75966299 -0.117423
v -0.66245598 -0.758582 -0.009158
v -0.65217102 -0.74998897 -0.054995
v -0.64327103 -0.74908298 0.076776
v -0.655725 -0.68354899 -0.040753
v -0.639579 -0.712201 -0.102041
v -0.63994801 -0.68866402 -0.19504701
v -0.65373099 -0.66650701 -0.203555
v -0.64573699 -0.60098499 0.042202
v -0.64907598 -0.60024399 -0.012288
v -0.648426 -0.61685503 -0.054944
v -0.654585 -0.58521801 0.002147
v -0.60992903 -0.57846302 -0.165047
v -0.65789801 -0.61032301 -0.05774
v -0.64576799 -0.598593 -0.086018
v -0.648426 -0.61685503 -0.054944
v -0.648426 -0.61685503 -0.054944
v -0.65188098 -0.57949799 -0.041249
v -0.65443999 -0.58397001 -0.009092
v -0.65188098 -0.57949799 -0.041249
v -0.64435297 -0.58466703 0.063628
v -0.62217402 -0.493563 0.00201
v -0.63249499 -0.18429001 0.002396
v -0.61914003 -0.079931 0.002502
v -0.61808598 -0.049538 0.019439
v -0.66827899 -0.006537 0.047696
v -0.66344601 -0.009746 0.01963
v -0.660299 0.007447 0.002366
v -0.645118 0.020684 0.002471
v -0.63812798 0.039973 0.034236
v -0.59952903 0.084336 -0.009092
v -0.62903798 0.290261 0.003287
v -0.62240601 0.32724199 0.002412
v -0.66816199 0.417088 0.057112
v -0.62056899 0.410873 0.055001
v -0.66096503 0.424808 0.070564
v -0.63368499 0.52128798 0.104762
v -0.63506001 0.54366601 0.107431
v -0.61832601 0.56191701 0.012204
v -0.64793599 0.54588598 0.007842
v -0.60107899 0.55501801 0.002396
v -0.61273301 -0.98855501 0.04378
v -0.62043899 -0.88731098 -0.087985
v -0.624807 -0.89745998 -0.046442
v -0.628097 -0.90726298 -0.011767
v -0.64288998 -0.82350099 -0.061041
v -0.64709198 -0.814789 -0.012921
v -0.641541 -0.84117901 -0.052473
v -0.628097 -0.90726298 -0.011767
v -0.637371 -0.81285203 0.069021
v -0.64351797 -0.79829901 -0.19802
v -0.62339401 -0.80555201 -0.124435
v -0.63234502 -0.75253397 -0.18284699
v -0.61789298 -0.74928302 -0.135087
v -0.63376999 -0.75889498 0.107965
v -0.63956797 -0.69807398 0.090007
v -0.63050801 -0.67797601 -0.183925
v -0.63050801 -0.67797601 -0.183925
v -0.648426 -0.61685503 -0.054944
v -0.630741 -0.59664601 0.085947
v -0.623496 -0.60229498 -0.11009
v -0.63975102 -0.55738401 -0.055694
v -0.63701802 -0.538647 -0.00971
v -0.63762802 -0.54566002 0.044535
v -0.642353 -0.54335099 0.0024
v -0.61285901 -0.467089 0.002558
v -0.60826802 -0.36397901 -0.008328
v -0.62308401 -0.249833 0.002608
v -0.63367099 -0.005149 0.06919
v -0.65179801 0.007801 0.071234
v -0.66827899 -0.006537 0.047696
v -0.59001797 0.019286 -0.008645
v -0.59508997 -0.000513 -0.008828
v -0.63375098 0.026937 0.062769
v -0.60268098 0.072344 -0.008994
v -0.66816199 0.417088 0.057112
v -0.614124 0.43767601 0.007802
v -0.62997198 0.41162899 0.037946
v -0.64234298 0.47678301 0.04249
v -0.63526797 0.49700099 0.002689
v -0.63499701 0.568757 0.092732
v -0.61853099 -0.98604298 0.005822
v -0.634009 -0.92192203 0.034726
v -0.638304 -0.93277502 0.002451
v -0.624807 -0.89745998 -0.046442
v -0.61940098 -0.90871602 0.057968
v -0.64367902 -0.84910899 0.002773
v -0.635369 -0.83762997 -0.090471
v -0.65093899 -0.830257 -0.062763
v -0.615659 -0.83108801 -0.115062
v -0.61833102 -0.796408 -0.17232101
v -0.63234502 -0.75253397 -0.18284699
v -0.638484 -0.704454 -0.18563101
v -0.64175302 -0.63510197 -0.193692
v -0.623496 -0.60229498 -0.11009
v -0.623496 -0.60229498 -0.11009
v -0.61377299 -0.54149598 0.103194
v -0.63307202 -0.53602999 0.005232
v -0.63307202 -0.53602999 0.005232
v -0.61558902 -0.051177 0.04764
v -0.645118 0.020684 0.002471
v -0.63812798 0.039973 0.034236
v -0.628187 0.011736 0.005608
v -0.62997198 0.41162899 0.037946
v -0.64234298 0.47678301 0.04249
v -0.61341703 0.495527 0.106084
v -0.64234298 0.47678301 0.04249
v -0.63526797 0.49700099 0.002689
v -0.61318302 0.494838 0.015889
v -0.62218797 0.575252 0.067034
v -0.63499701 0.568757 0.092732
v -0.615596 -0.987782 -0.010961
v -0.63657302 -0.92217302 -0.008956
v -0.63220799 -0.92400199 -0.04626
v -0.61273301 -0.98855501 0.04378
v -0.629116 -0.90755498 0.003435
v -0.60757899 -0.92380899 0.102128
v -0.628097 -0.90726298 -0.011767
v -0.624807 -0.89745998 -0.046442
v -0.61934298 -0.839194 -0.122735
v -0.61681902 -0.81355202 0.111554
v -0.62024301 -0.80146199 0.11662
v -0.61833102 -0.796408 -0.17232101
v -0.60038698 -0.74522197 0.146506
v -0.5948 -0.75768101 0.16161799
v -0.61961198 -0.67953598 0.12346
v -0.613392 -0.63177299 -0.173333
v -0.60707599 -0.59450603 0.12634601
v -0.60992903 -0.57846302 -0.165047
v -0.60850799 -0.60897398 -0.13646699
v -0.61372399 -0.58380902 0.12710001
v -0.63134098 -0.533705 0.020291
v -0.61520201 -0.53316998 0.08051
v -0.62899601 -0.41533899 -0.009027
v -0.63277203 -0.36997899 -0.008911
v -0.62502402 -0.413773 -0.052569
v -0.62873697 -0.37019101 -0.052019
v -0.61958802 -0.414619 0.068126
v -0.62252802 -0.371604 0.070261
v -0.63140702 -0.41494599 0.002341
v -0.63394898 -0.370085 0.002316
v -0.60075903 -0.34162799 0.002212
v -0.62348503 -0.247356 -0.011808
v -0.62642598 -0.212217 -0.012902
v -0.62308401 -0.249833 0.002608
v -0.62641603 -0.21650501 0.011678
v -0.63249499 -0.18429001 0.002396
v -0.633757 -0.06066 -0.04823
v -0.60308301 -0.072288 -0.099338
v -0.61717302 -0.08 -0.063224
v -0.61558902 -0.051177 0.04764
v -0.59932798 -0.031118 0.068917
v -0.63367099 -0.005149 0.06919
v -0.63375098 0.026937 0.062769
v -0.65179801 0.007801 0.071234
v -0.59739703 0.005088 -0.000652
v -0.62582898 0.18455499 -0.009524
v -0.63100803 0.325418 -0.008819
v -0.62518603 0.265461 -0.013943
v -0.61553699 0.32190201 -0.046245
v -0.62086499 0.27280101 -0.056362
v -0.619582 0.32608199 -0.010236
v -0.62997198 0.41162899 0.037946
v -0.614124 0.43767601 0.007802
v -0.617688 0.42918 0.002621
v -0.61106598 0.47148499 0.057102
v -0.61106598 0.47148499 0.057102
v -0.60107899 0.55501801 0.002396
v -0.63506001 0.54366601 0.107431
v -0.62218797 0.575252 0.067034
v -0.63499701 0.568757 0.092732
v -0.61853099 -0.98604298 0.005822
v -0.622208 -0.978567 0.00183
v -0.60709101 -0.98866701 -0.068661
v -0.60646403 -0.92313999 -0.10904
v -0.59385997 -0.98874301 0.093903
v -0.60593802 -0.908032 -0.090647
v -0.59249902 -0.87324202 -0.15468401
v -0.62189698 -0.832111 -0.18244199
v -0.613392 -0.63177299 -0.173333
v -0.60850799 -0.60897398 -0.13646699
v -0.61067599 -0.45963499 -0.00876
v -0.60660702 -0.475133 -0.051589
v -0.62217402 -0.493563 0.00201
v -0.60226899 -0.362964 -0.055005
v -0.63277203 -0.36997899 -0.008911
v -0.60826802 -0.36397901 -0.008328
v -0.62873697 -0.37019101 -0.052019
v -0.62252802 -0.371604 0.070261
v -0.59795302 -0.363451 0.066607
v -0.63394898 -0.370085 0.002316
v -0.61724699 -0.265356 -0.012794
v -0.62348503 -0.247356 -0.011808
v -0.61759502 -0.20286401 -0.06924
v -0.61355197 -0.25457799 -0.057516
v -0.61196703 -0.25999501 0.049209
v -0.62642598 -0.212217 -0.012902
v -0.62133002 -0.12992001 -0.03941
v -0.61570102 -0.200321 0.065773
v -0.61414498 -0.085296 0.050022
v -0.61759502 -0.084756 -0.014158
v -0.61759502 -0.084756 -0.014158
v -0.61914003 -0.079931 0.002502
v -0.61717302 -0.08 -0.063224
v -0.60479897 -0.042652 -0.061143
v -0.633757 -0.06066 -0.04823
v -0.61808598 -0.049538 0.019439
v -0.62420702 -0.037995 0.002467
v -0.59739703 0.005088 -0.000652
v -0.58829898 0.017687 0.001326
v -0.59719002 -0.006448 0.01645
v -0.59353203 -0.00205 0.045039
v -0.63375098 0.026937 0.062769
v -0.60524899 0.075775 0.002264
v -0.62460601 0.191135 0.002222
v -0.61940199 0.13768899 0.002193
v -0.61559898 0.13990401 0.009017
v -0.61908603 0.176185 0.055023
v -0.61630303 0.17214499 -0.06778
v -0.61351103 0.14854801 -0.050828
v -0.61942899 0.15138 -0.009256
v -0.61808199 0.272874 0.064803
v -0.62903798 0.290261 0.003287
v -0.60816503 0.30437499 -0.087842
v -0.60052502 0.301891 0.097843
v -0.62240601 0.32724199 0.002412
v -0.60901302 0.32593799 0.066505
v -0.61608702 0.37175301 -0.01366
v -0.60545802 0.393527 -0.008899
v -0.60004801 0.38940999 0.040411
v -0.59607297 0.43371701 0.07317
v -0.60546201 0.55068302 0.10508
v -0.60186398 0.582991 0.04588
v -0.59723699 -0.91092598 0.102098
v -0.58997798 -0.83365899 -0.147331
v -0.57756698 -0.81396699 0.155394
v -0.58208799 -0.79962701 0.164141
v -0.571845 -0.75925702 -0.188565
v -0.59452897 -0.69444299 -0.163652
v -0.60494202 -0.47609401 0.047784
v -0.61285901 -0.467089 0.002558
v -0.60521299 -0.46149501 -0.056717
v -0.62502402 -0.413773 -0.052569
v -0.579377 -0.417914 -0.046089
v -0.62899601 -0.41533899 -0.009027
v -0.60226899 -0.362964 -0.055005
v -0.61018902 -0.36582801 0.011598
v -0.61018902 -0.36582801 0.011598
v -0.60075903 -0.34162799 0.002212
v -0.61724699 -0.265356 -0.012794
v -0.60056102 -0.320043 -0.049084
v -0.598683 -0.250514 -0.096713
v -0.597211 -0.25231799 0.09136
v -0.58359998 -0.211868 0.12455
v -0.60818201 -0.085799 -0.071943
v -0.61140102 -0.055641 -0.045292
v -0.60818201 -0.085799 -0.071943
v -0.61140102 -0.055641 -0.045292
v -0.61717302 -0.08 -0.063224
v -0.60818201 -0.085799 -0.071943
v -0.619995 -0.063363 -0.009129
v -0.61558902 -0.051177 0.04764
v -0.61954999 -0.046509 -0.07392
v -0.61717302 -0.08 -0.063224
v -0.61140102 -0.055641 -0.045292
v -0.60479897 -0.042652 -0.061143
v -0.60479897 -0.042652 -0.061143
v -0.61954999 -0.046509 -0.07392
v -0.633757 -0.06066 -0.04823
v -0.59508997 -0.000513 -0.008828
v -0.619995 -0.063363 -0.009129
v -0.59932798 -0.031118 0.068917
v -0.599742 0.086396 0.012784
v -0.59803301 0.146072 0.086285
v -0.60435897 0.26668799 -0.096075
v -0.58668399 0.32616901 -0.111022
v -0.60771102 0.37551299 0.059967
v -0.60817999 0.38567701 0.002446
v -0.60004801 0.38940999 0.040411
v -0.60004801 0.38940999 0.040411
v -0.62997198 0.41162899 0.037946
v -0.617688 0.42918 0.002621
v -0.66096503 0.424808 0.070564
v -0.59607297 0.43371701 0.07317
v -0.64290601 0.446091 0.051433
v -0.60148102 -0.99796897 -0.006313
v -0.59385997 -0.98874301 0.093903
v -0.57797498 -0.89248598 -0.138309
v -0.57060999 -0.91535598 0.133505
v -0.58557302 -0.840069 -0.15621699
v -0.58557302 -0.840069 -0.15621699
v -0.573704 -0.66513902 0.172749
v -0.59293598 -0.61217898 -0.153961
v -0.59293598 -0.61217898 -0.153961
v -0.59293598 -0.61217898 -0.153961
v -0.57986897 -0.475703 0.102928
v -0.57910299 -0.46405801 -0.112968
v -0.60451102 -0.46033701 0.054795
v -0.59534299 -0.46265599 0.077493
v -0.585985 -0.419478 0.00428
v -0.579377 -0.417914 -0.046089
v -0.585985 -0.419478 0.00428
v -0.58415699 -0.41742399 -0.012536
v -0.58415699 -0.41742399 -0.012536
v -0.61958802 -0.414619 0.068126
v -0.58289403 -0.41407201 0.05758
v -0.582766 -0.404452 0.066675
v -0.59795302 -0.363451 0.066607
v -0.62252802 -0.371604 0.070261
v -0.58801597 -0.40340599 -0.056416
v -0.61018902 -0.36582801 0.011598
v -0.58486199 -0.342729 0.069753
v -0.59795302 -0.363451 0.066607
v -0.60826802 -0.36397901 -0.008328
v -0.600223 -0.34106001 -0.013397
v -0.600223 -0.34106001 -0.013397
v -0.58027101 -0.211502 -0.133683
v -0.57814097 -0.16459601 -0.13569599
v -0.59620303 -0.084566 0.09143
v -0.60524899 0.075775 0.002264
v -0.587026 0.082699 0.070544
v -0.59952903 0.084336 -0.009092
v -0.58736902 0.184945 0.116699
v -0.586586 0.18605199 -0.122367
v -0.57655197 0.33105999 0.12199
v -0.59253901 0.37446401 -0.092329
v -0.595595 0.38753 -0.068201
v -0.60105503 0.41833201 -0.009224
v -0.60817999 0.38567701 0.002446
v -0.56592298 0.426907 -0.011809
v -0.59995401 0.458693 0.040482
v -0.59000498 0.46759701 0.001788
v -0.60107899 0.55501801 0.002396
v -0.60124803 0.53229398 0.0135
v -0.60124803 0.53229398 0.0135
v -0.60107899 0.55501801 0.002396
v -0.61832601 0.56191701 0.012204
v -0.58988702 0.554515 0.028308
v -0.60124803 0.53229398 0.0135
v -0.63506001 0.54366601 0.107431
v -0.59448498 0.57723898 0.077043
v -0.60546201 0.55068302 0.10508
v -0.55307698 -0.98872697 -0.14714301
v -0.58997798 -0.83365899 -0.147331
v -0.58708501 -0.56401002 -0.152474
v -0.58708501 -0.56401002 -0.152474
v -0.57191199 -0.53827697 0.15446299
v -0.56440997 -0.53062302 0.148656
v -0.562172 -0.47467399 -0.132449
v -0.58801597 -0.40340599 -0.056416
v -0.56761497 -0.14376 0.13819601
v -0.57530999 -0.081523 -0.12719201
v -0.58600301 -0.061076 0.110619
v -0.61954999 -0.046509 -0.07392
v -0.565759 -0.024478 -0.122237
v -0.60308301 -0.072288 -0.099338
v -0.59932798 -0.031118 0.068917
v -0.565759 -0.024478 -0.122237
v -0.59353203 -0.00205 0.045039
v -0.59001797 0.019286 -0.008645
v -0.60268098 0.072344 -0.008994
v -0.59033 0.074026 -0.073927
v -0.59328699 0.082923 -0.051811
v -0.58950698 0.074115 0.07321
v -0.56612402 0.142296 -0.13273001
v -0.58287299 0.268114 0.12376
v -0.58907199 0.421242 -0.059689
v -0.58070099 0.41994101 -0.084684
v -0.60105503 0.41833201 -0.009224
v -0.58868098 0.419415 -0.018929
v -0.58907199 0.421242 -0.059689
v -0.59000498 0.46759701 0.001788
v -0.59995401 0.458693 0.040482
v -0.59459102 0.49717501 0.088264
v -0.59934402 0.50653303 0.008639
v -0.59934402 0.50653303 0.008639
v -0.58152097 0.52864498 0.090476
v -0.58014798 0.56736302 0.077313
v -0.59249902 -0.87324202 -0.15468401
v -0.55785501 -0.80290002 -0.18693399
v -0.547809 -0.74691302 -0.19517399
v -0.56134599 -0.59302598 0.17061999
v -0.56040502 -0.57935899 0.17798699
v -0.58415699 -0.41742399 -0.012536
v -0.63140702 -0.41494599 0.002341
v -0.585985 -0.419478 0.00428
v -0.58289403 -0.41407201 0.05758
v -0.61958802 -0.414619 0.068126
v -0.57211298 -0.40566 -0.097213
v -0.582766 -0.404452 0.066675
v -0.57075298 -0.40374699 0.089864
v -0.57223397 -0.35328701 0.10371
v -0.57203001 -0.34218699 -0.099806
v -0.55852002 -0.24755099 -0.15253399
v -0.60308301 -0.072288 -0.099338
v -0.55323899 -0.070597 -0.154217
v -0.55904102 -0.020536 0.119299
v -0.59353203 -0.00205 0.045039
v -0.58055401 0.01934 -0.057673
v -0.59739703 0.005088 -0.000652
v -0.59719002 -0.006448 0.01645
v -0.58829898 0.017687 0.001326
v -0.59001797 0.019286 -0.008645
v -0.57461601 0.020097 0.06237
v -0.57955599 0.028637 0.070627
v -0.58055401 0.01934 -0.057673
v -0.56988198 0.082069 -0.105063
v -0.57242799 0.40074301 0.067306
v -0.57242799 0.40074301 0.067306
v -0.57625198 0.45558101 0.010242
v -0.59000498 0.46759701 0.001788
v -0.614124 0.43767601 0.007802
v -0.57625198 0.45558101 0.010242
v -0.59995401 0.458693 0.040482
v -0.55218601 0.489692 -0.010667
v -0.57625198 0.45558101 0.010242
v -0.59995401 0.458693 0.040482
v -0.56286103 0.448428 0.058319
v -0.57625198 0.45558101 0.010242
v -0.55815297 0.516635 0.002792
v -0.55815297 0.516635 0.002792
v -0.58152097 0.52864498 0.090476
v -0.52857202 0.526838 -0.008996
v -0.55307698 -0.98872697 -0.14714301
v -0.55024999 -0.92706102 -0.16557699
v -0.55119503 -0.91612297 -0.154139
v -0.57562703 -0.83593798 -0.154963
v -0.57797498 -0.89248598 -0.138309
v -0.58557302 -0.840069 -0.15621699
v -0.57562703 -0.83593798 -0.154963
v -0.55649501 -0.81558901 -0.176644
v -0.559039 -0.59251797 -0.18390299
v -0.58708501 -0.56401002 -0.152474
v -0.56622702 -0.42003599 -0.082955
v -0.55076599 -0.41921899 0.098718
v -0.571356 -0.417308 0.059062
v -0.57490098 -0.41756201 -0.057103
v -0.56991899 -0.409464 -0.053457
v -0.571356 -0.417308 0.059062
v -0.56991899 -0.409464 -0.053457
v -0.58289403 -0.41407201 0.05758
v -0.536044 -0.40863401 0.068191
v -0.582766 -0.404452 0.066675
v -0.56038702 -0.351612 -0.128139
v -0.55699998 -0.342664 0.112954
v -0.56483901 -0.258616 -0.138439
v -0.55323899 -0.070597 -0.154217
v -0.55801499 0.14166801 0.135681
v -0.54688901 0.270569 -0.164731
v -0.586586 0.18605199 -0.122367
v -0.60435897 0.26668799 -0.096075
v -0.60816503 0.30437499 -0.087842
v -0.53534502 0.30540699 0.16441
v -0.55994499 0.37516001 0.130675
v -0.55267102 0.38685399 -0.134094
v -0.56592298 0.426907 -0.011809
v -0.56453103 0.42201099 0.070332
v -0.56286103 0.448428 0.058319
v -0.55815297 0.516635 0.002792
v -0.53796899 0.52452999 0.037625
v -0.57628697 0.55236202 0.067557
v -0.53939098 -0.93285298 0.16722099
v -0.549698 -0.672001 -0.19488101
v -0.53195 -0.55298901 -0.18917
v -0.531295 -0.47372201 0.148406
v -0.54694402 -0.45910901 0.13913301
v -0.57116902 -0.41333699 0.036032
v -0.58289403 -0.41407201 0.05758
v -0.571356 -0.417308 0.059062
v -0.57211298 -0.40566 -0.097213
v -0.57116902 -0.41333699 0.036032
v -0.55206901 -0.40572199 0.115262
v -0.54675299 -0.249217 0.152794
v -0.54377598 -0.081903 0.150235
v -0.555044 0.03285 -0.113132
v -0.55053502 0.16500901 -0.155733
v -0.56612402 0.142296 -0.13273001
v -0.54592299 0.32213399 -0.155377
v -0.59253901 0.37446401 -0.092329
v -0.54809499 0.37191901 -0.146966
v -0.58668399 0.32616901 -0.111022
v -0.55984598 0.391909 -0.060833
v -0.58868098 0.419415 -0.018929
v -0.57499897 0.39093399 -0.01575
v -0.57499897 0.39093399 -0.01575
v -0.58868098 0.419415 -0.018929
v -0.56149501 0.39202401 -0.016657
v -0.55884898 0.42317101 -0.091885
v -0.58070099 0.41994101 -0.084684
v -0.56453103 0.42201099 0.070332
v -0.40543401 -0.99778098 0.186891
v -0.53770697 -0.98815501 0.153402
v -0.55649501 -0.81558901 -0.176644
v -0.57562703 -0.83593798 -0.154963
v -0.52631199 -0.86218101 0.18207499
v -0.52194101 -0.74396002 0.204152
v -0.57075298 -0.40374699 0.089864
v -0.55206901 -0.40572199 0.115262
v -0.54210502 -0.405303 -0.134923
v -0.52942199 -0.34254801 -0.148872
v -0.54362297 0.019601 -0.117265
v -0.54362297 0.019601 -0.117265
v -0.55735701 0.073005 0.119711
v -0.56988198 0.082069 -0.105063
v -0.555044 0.03285 -0.113132
v -0.59033 0.074026 -0.073927
v -0.54401302 0.081925 0.12905
v -0.54899502 0.18626601 0.152458
v -0.53417701 0.32810301 0.159796
v -0.55267102 0.38685399 -0.134094
v -0.56149501 0.39202401 -0.016657
v -0.54699498 0.402024 0.106143
v -0.55984598 0.391909 -0.060833
v -0.54509598 0.423967 -0.12373
v -0.54883897 0.49434799 0.078431
v -0.50361103 0.545699 0.002685
v -0.51194602 -0.80431902 0.202701
v -0.53223801 -0.60314399 -0.196164
v -0.57910299 -0.46405801 -0.112968
v -0.56622702 -0.42003599 -0.082955
v -0.55003601 -0.45959401 -0.141791
v -0.56622702 -0.42003599 -0.082955
v -0.57490098 -0.41756201 -0.057103
v -0.52793199 -0.419285 -0.123159
v -0.52670199 -0.35234699 0.148422
v -0.53288698 -0.082116 -0.16407999
v -0.53301501 -0.064035 0.15947799
v -0.52700502 0.019521 0.122741
v -0.52760398 0.027775 0.13165399
v -0.53326797 0.078929 -0.141893
v -0.522856 0.27010301 0.175001
v -0.549941 0.438454 -0.043733
v -0.518704 0.39368799 -0.108319
v -0.56453103 0.42201099 0.070332
v -0.58070099 0.41994101 -0.084684
v -0.54509598 0.423967 -0.12373
v -0.550143 0.43999299 0.097728
v -0.56286103 0.448428 0.058319
v -0.54883897 0.49434799 0.078431
v -0.495377 -0.91705698 -0.18547
v -0.515356 -0.81418002 -0.201529
v -0.55785501 -0.80290002 -0.18693399
v -0.511136 -0.75775599 0.21265399
v -0.52091902 -0.66706699 0.204317
v -0.51805902 -0.53776401 0.189486
v -0.562172 -0.47467399 -0.132449
v -0.525653 -0.413488 0.057304
v -0.55076599 -0.41921899 0.098718
v -0.54210502 -0.405303 -0.134923
v -0.525653 -0.413488 0.057304
v -0.51302499 -0.32544601 -0.162196
v -0.53531897 -0.25720701 -0.163752
v -0.52041799 -0.21037599 0.17228401
v -0.51853901 -0.025683 -0.16150901
v -0.51661301 0.38396001 -0.158085
v -0.52666199 0.48143199 0.120706
v -0.54883897 0.49434799 0.078431
v -0.550143 0.43999299 0.097728
v -0.54883897 0.49434799 0.078431
v -0.48907599 0.55068201 -0.009203
v -0.442572 -0.99793601 -0.182568
v -0.50240803 -0.91772598 0.176627
v -0.50596702 -0.59338701 -0.21034101
v -0.52793199 -0.419285 -0.123159
v -0.52387899 -0.40860701 -0.054727
v -0.51757097 -0.41294 -0.045573
v -0.56991899 -0.409464 -0.053457
v -0.51757097 -0.41294 -0.045573
v -0.47831199 -0.40730101 0.119415
v -0.51032698 -0.319886 0.156032
v -0.51887298 -0.208737 -0.18189099
v -0.51474297 -0.121104 0.17220201
v -0.51276398 0.166109 0.17356201
v -0.53235501 0.39432099 0.13975599
v -0.519526 0.42968801 -0.133522
v -0.519526 0.42968801 -0.133522
v -0.52836299 0.42605901 0.13254499
v -0.529405 0.44317201 0.121564
v -0.52666199 0.48143199 0.120706
v -0.527107 0.51177198 -0.044016
v -0.53770697 -0.98815501 0.153402
v -0.503829 -0.80157602 -0.21367601
v -0.504345 -0.52814901 0.18265601
v -0.56440997 -0.53062302 0.148656
v -0.51805902 -0.53776401 0.189486
v -0.49693799 -0.47345001 -0.17260399
v -0.49938899 -0.419202 0.138532
v -0.50605601 -0.40506601 0.148955
v -0.497417 -0.35017699 -0.17169601
v -0.492127 -0.34061301 0.156975
v -0.51159 -0.02095 0.152688
v -0.50944102 0.044257 -0.15159
v -0.54362297 0.019601 -0.117265
v -0.51132798 0.069846 0.152492
v -0.49650401 0.19259299 0.179362
v -0.48177099 0.287682 -0.19443101
v -0.50910699 0.36303401 0.16872101
v -0.50893998 0.39342099 -0.080948
v -0.56149501 0.39202401 -0.016657
v -0.50530797 0.395037 0.13354699
v -0.516047 0.43845001 -0.084635
v -0.50893998 0.39342099 -0.080948
v -0.51493901 0.52857298 0.088665
v -0.53796899 0.52452999 0.037625
v -0.50361103 0.545699 0.002685
v -0.55815297 0.516635 0.002792
v -0.49854299 -0.98829299 -0.179123
v -0.51278299 -0.93262398 -0.185846
v -0.49854299 -0.98829299 -0.179123
v -0.503829 -0.80157602 -0.21367601
v -0.499035 -0.75833303 -0.222515
v -0.50631797 -0.74316698 -0.21444
v -0.47096899 -0.66545302 -0.225025
v -0.52091902 -0.66706699 0.204317
v -0.490352 -0.59280002 0.204418
v -0.56134599 -0.59302598 0.17061999
v -0.498777 -0.41824999 -0.142198
v -0.50605601 -0.40506601 0.148955
v -0.48384401 -0.24828701 -0.193389
v -0.49803799 -0.13884901 -0.189505
v -0.49848601 0.15030099 -0.178305
v -0.50807601 0.19130901 -0.179405
v -0.50634098 0.41993499 0.143819
v -0.50026202 0.55177701 0.042649
v -0.36760399 0.62165999 -0.008787
v -0.49771899 -0.57893801 0.207361
v -0.56040502 -0.57935899 0.17798699
v -0.531295 -0.47372201 0.148406
v -0.49901399 -0.45751199 -0.170554
v -0.48417899 -0.40784401 -0.116814
v -0.47790599 0.33094999 -0.185445
v -0.51753497 0.376423 -0.162855
v -0.503057 0.39523399 0.159632
v -0.46424299 0.37795299 0.176018
v -0.48739201 0.51203901 -0.073045
v -0.52631199 -0.86218101 0.18207499
v -0.450587 -0.81058103 0.213625
v -0.51194602 -0.80431902 0.202701
v -0.46781501 -0.60576499 -0.217667
v -0.54694402 -0.45910901 0.13913301
v -0.46322101 -0.45598999 0.17449901
v -0.49938899 -0.419202 0.138532
v -0.478057 -0.25988701 -0.18869799
v -0.47346601 -0.207738 0.18846101
v -0.478535 -0.0821 0.179398
v -0.479303 -0.063856 0.182137
v -0.456231 0.017222 -0.16175599
v -0.51853901 -0.025683 -0.16150901
v -0.47134301 0.082902 0.16424599
v -0.48787799 0.540649 -0.039852
v -0.475371 -0.98866898 0.185968
v -0.47178501 -0.474812 0.172591
v -0.472747 -0.41312701 -0.117056
v -0.458823 -0.404073 -0.172989
v -0.458823 -0.404073 -0.172989
v -0.46836001 -0.25270101 0.184716
v -0.445694 -0.158933 0.19407099
v -0.46836099 -0.084779 -0.19177499
v -0.46669 -0.064661 -0.19347499
v -0.45417199 0.01958 0.15576001
v -0.45716 0.028123 0.160761
v -0.462677 0.16271099 0.18687101
v -0.47496301 0.172833 -0.189422
v -0.474987 0.076192 -0.167886
v -0.460363 0.32304701 0.18345401
v -0.46092299 0.37336299 -0.183677
v -0.45536101 0.504067 0.137656
v -0.463415 0.54711097 0.086995
v -0.48204899 -0.98548597 0.17602
v -0.468465 -0.93182498 -0.200775
v -0.53770697 -0.98815501 0.153402
v -0.48204899 -0.98548597 0.17602
v -0.53939098 -0.93285298 0.16722099
v -0.46889901 -0.932239 0.193128
v -0.50240803 -0.91772598 0.176627
v -0.45696399 -0.64426601 0.21862601
v -0.47206399 -0.55560398 -0.20964199
v -0.498777 -0.41824999 -0.142198
v -0.45281601 -0.411019 0.120817
v -0.49938899 -0.419202 0.138532
v -0.45281601 -0.411019 0.120817
v -0.45254299 -0.350449 0.17455199
v -0.47947499 0.402347 0.15434501
v -0.49760401 0.42894799 -0.14727899
v -0.49760401 0.42894799 -0.14727899
v -0.45585999 0.55343199 0.002808
v -0.511136 -0.75775599 0.21265399
v -0.43923199 -0.743931 -0.22686
v -0.44054699 -0.535119 0.206552
v -0.44509301 -0.418717 -0.157833
v -0.472747 -0.41312701 -0.117056
v -0.44294301 -0.203721 -0.20321
v -0.44543499 0.076966 0.168631
v -0.45424399 0.301056 0.19073801
v -0.471598 0.38765499 -0.171233
v -0.44860101 0.426377 -0.147411
v -0.42835701 0.42267901 -0.100923
v -0.47224 0.43771699 0.15185601
v -0.45585999 0.55343199 0.002808
v -0.43639401 -0.91970199 0.190284
v -0.45671901 -0.81483001 -0.215942
v -0.44803399 -0.80352002 -0.22337601
v -0.52194101 -0.74396002 0.204152
v -0.43439099 -0.756266 0.226216
v -0.43738699 -0.523377 0.194811
v -0.443636 -0.46203601 -0.181861
v -0.43822199 -0.47183201 0.176717
v -0.45185599 -0.338936 -0.177415
v -0.44005099 -0.027379 -0.18652201
v -0.43921301 -0.024288 0.175144
v -0.450315 0.19464999 -0.193279
v -0.431995 0.259608 0.193958
v -0.45851099 0.40577 0.167017
v -0.45536101 0.504067 0.137656
v -0.439751 -0.986085 0.182209
v -0.43819699 -0.74356002 0.220085
v -0.41882101 -0.59450799 -0.22372501
v -0.43146399 -0.41770399 0.15116601
v -0.448358 -0.406625 -0.13084701
v -0.42012101 -0.404313 0.166302
v -0.430244 -0.20541599 0.19353899
v -0.42155501 0.076825 -0.172874
v -0.43162301 0.170782 -0.194012
v -0.42886499 0.427874 -0.16167299
v -0.43323001 0.487748 -0.091005
v -0.42078799 0.54853201 -0.009532
v -0.234584 0.98959798 -0.003923
v -0.234584 0.98959798 -0.003923
v -0.42787099 -0.98838198 -0.191121
v -0.42787099 -0.98838198 -0.191121
v -0.433965 -0.91657197 -0.19714899
v -0.42762899 -0.759404 -0.232457
v -0.408317 -0.59072 0.209984
v -0.43328899 -0.54267699 -0.208487
v -0.435794 -0.35023001 -0.183484
v -0.43746099 -0.340637 0.168679
v -0.427212 -0.107404 -0.200073
v -0.40851301 0.314796 0.183625
v -0.430269 0.39755401 -0.129271
v -0.441636 0.38503399 0.173233
v -0.42648399 0.40128499 -0.096619
v -0.43167099 0.53751099 -0.04927
v -0.406959 0.54799402 0.046321
v -0.38772199 0.61764801 0.00218
v -0.439751 -0.986085 0.182209
v -0.44803399 -0.80352002 -0.22337601
v -0.416269 -0.57867402 0.21499699
v -0.448358 -0.406625 -0.13084701
v -0.43146399 -0.41770399 0.15116601
v -0.410467 -0.25123999 -0.196522
v -0.41297299 0.183871 0.186766
v -0.407096 0.42020401 0.17198101
v -0.40617201 0.461615 0.141297
v -0.428565 0.53618997 0.094055
v -0.38739201 -0.98850298 0.18554901
v -0.41714799 -0.55657601 -0.215308
v -0.44509301 -0.418717 -0.157833
v -0.42012101 -0.404313 0.166302
v -0.41794601 -0.067295 0.186629
v -0.42252001 0.282359 -0.196659
v -0.426375 0.32566601 -0.18746699
v -0.41376701 0.38785601 -0.170995
v -0.40064999 -0.93274099 0.19311
v -0.38936901 -0.45878401 0.17172401
v -0.41106001 -0.41083899 -0.128107
v -0.38071099 -0.40451199 -0.166511
v -0.381688 -0.34885401 -0.176653
v -0.40443301 -0.33705899 -0.17771401
v -0.40357301 -0.25286901 0.185407
v -0.400462 -0.069693 -0.193783
v -0.40843001 0.016261 -0.160164
v -0.40213001 0.072305 0.16439401
v -0.416067 0.134517 0.178177
v -0.40314001 0.36335599 -0.183249
v -0.42886499 0.427874 -0.16167299
v -0.468465 -0.93182498 -0.200775
v -0.39029801 -0.92842901 -0.20238
v -0.42787099 -0.98838198 -0.191121
v -0.433965 -0.91657197 -0.19714899
v -0.39295599 -0.88631999 -0.201629
v -0.374533 -0.79421902 0.21231601
v -0.39801601 -0.65916699 -0.223067
v -0.39080101 -0.68448198 0.21551
v -0.40568501 -0.60707098 -0.216683
v -0.396604 -0.464508 -0.177329
v -0.37575001 -0.40479901 -0.10603
v -0.37575001 -0.40479901 -0.10603
v -0.392692 -0.207564 -0.199416
v -0.388533 0.37131301 0.171712
v -0.42648399 0.40128499 -0.096619
v -0.39477301 0.40520999 -0.085797
v -0.37002301 -0.418962 -0.14492901
v -0.40418199 -0.40777001 0.116247
v -0.40357301 -0.25286901 0.185407
v -0.43746099 -0.340637 0.168679
v -0.39275301 -0.34067801 0.163305
v -0.445694 -0.158933 0.19407099
v -0.385681 -0.12999199 0.186352
v -0.41794601 -0.067295 0.186629
v -0.40247101 0.54267299 0.003693
v -0.40247101 0.54267299 0.003693
v -0.397742 -0.98563701 0.177867
v -0.36670101 -0.81068498 0.20097999
v -0.36415601 -0.47261599 0.162595
v -0.385252 0.452907 -0.071612
v -0.42835701 0.42267901 -0.100923
v -0.43323001 0.487748 -0.091005
v -0.39715499 0.51671898 -0.049028
v -0.39715499 0.51671898 -0.049028
v -0.28286201 -0.99798101 -0.000994
v -0.397742 -0.98563701 0.177867
v -0.38051701 -0.98808903 -0.18238001
v -0.37206301 -0.79684699 -0.216851
v -0.44803399 -0.80352002 -0.22337601
v -0.42762899 -0.759404 -0.232457
v -0.43923199 -0.743931 -0.22686
v -0.39801601 -0.65916699 -0.223067
v -0.36510101 -0.70025802 -0.21611699
v -0.379875 -0.74335998 0.211097
v -0.35929999 -0.53579801 0.188642
v -0.37002301 -0.418962 -0.14492901
v -0.396604 -0.464508 -0.177329
v -0.44509301 -0.418717 -0.157833
v -0.366368 -0.41826501 0.13417099
v -0.38071099 -0.40451199 -0.166511
v -0.42012101 -0.404313 0.166302
v -0.382193 -0.35065401 0.16700301
v -0.45254299 -0.350449 0.17455199
v -0.36527601 -0.25904101 -0.182686
v -0.378369 -0.14248 -0.194196
v -0.36913201 -0.027762 0.16490801
v -0.43921301 -0.024288 0.175144
v -0.38287899 -0.026837 -0.17865001
v -0.36913201 -0.027762 0.16490801
v -0.37829 0.01909 0.14567301
v -0.373083 0.173601 -0.181141
v -0.36591199 0.325665 -0.173978
v -0.36926901 0.322189 0.170406
v -0.370949 0.39280099 0.15068799
v -0.441636 0.38503399 0.173233
v -0.388533 0.37131301 0.171712
v -0.39477301 0.40520999 -0.085797
v -0.42648399 0.40128499 -0.096619
v -0.37881699 0.43126199 -0.133698
v -0.40617201 0.461615 0.141297
v -0.393168 0.50831699 0.099406
v -0.45536101 0.504067 0.137656
v -0.428565 0.53618997 0.094055
v -0.39425501 0.52055401 0.074047
v -0.406959 0.54799402 0.046321
v -0.36692899 0.55978101 -0.010175
v -0.30562001 -0.99760902 0.18852
v -0.379879 -0.91671902 0.179648
v -0.37300599 -0.74249601 -0.216611
v -0.40418199 -0.40777001 0.116247
v -0.359496 -0.40504101 0.14658999
v -0.37978199 -0.209429 0.18552899
v -0.430244 -0.20541599 0.19353899
v -0.36572999 -0.066324 0.173629
v -0.368146 0.141431 0.165089
v -0.364007 0.075355 -0.15617301
v -0.37202999 0.18889 0.173372
v -0.407096 0.42020401 0.17198101
v -0.36178899 0.43650901 0.13861801
v -0.37079901 0.47427499 0.118927
v -0.38246 0.52619499 -0.009536
v -0.40247101 0.54267299 0.003693
v -0.406959 0.54799402 0.046321
v -0.393655 0.57539701 0.04848
v -0.184715 0.986341 -0.008994
v -0.33501601 -0.91336298 -0.173195
v -0.39295599 -0.88631999 -0.201629
v -0.36499101 -0.81267202 -0.205332
v -0.358657 -0.755211 0.211431
v -0.366368 -0.41826501 0.13417099
v -0.33004999 -0.40484601 -0.134826
v -0.37153801 0.25501299 -0.181345
v -0.36000499 0.26836401 0.17265999
v -0.359364 0.27063 -0.178343
v -0.353246 0.37775901 -0.157976
v -0.407096 0.42020401 0.17198101
v -0.39425501 0.52055401 0.074047
v -0.385465 0.561463 0.072659
v -0.406959 0.54799402 0.046321
v -0.378975 0.57790297 0.007268
v -0.378975 0.57790297 0.007268
v -0.38972101 0.60877597 0.020573
v -0.379834 0.60152298 0.074265
v -0.393655 0.57539701 0.04848
v -0.379834 0.60152298 0.074265
v -0.33042899 -0.99757099 -0.18486001
v -0.35254201 -0.98884797 0.16138799
v -0.33344099 -0.92643398 0.16944601
v -0.33774799 -0.75653398 -0.210302
v -0.41882101 -0.59450799 -0.22372501
v -0.41714799 -0.55657601 -0.215308
v -0.34069499 -0.56981099 -0.198608
v -0.34752101 -0.591205 0.188889
v -0.43328899 -0.54267699 -0.208487
v -0.35761601 -0.53832603 -0.189079
v -0.37397501 -0.412889 -0.104537
v -0.37397501 -0.412889 -0.104537
v -0.41106001 -0.41083899 -0.128107
v -0.37575001 -0.40479901 -0.10603
v -0.37765801 -0.40600601 0.090243
v -0.35543001 0.015529 -0.14440399
v -0.35132301 0.075547 0.14208101
v -0.40213001 0.072305 0.16439401
v -0.37829 0.01909 0.14567301
v -0.36465901 0.41179901 -0.14776
v -0.35286599 0.408337 -0.096464
v -0.36465901 0.41179901 -0.14776
v -0.42886499 0.427874 -0.16167299
v -0.37881699 0.43126199 -0.133698
v -0.368743 0.489934 0.04656
v -0.380463 0.51379198 0.076964
v -0.38772199 0.61764801 0.00218
v -0.35254201 -0.98884797 0.16138799
v -0.35143399 -0.85320902 0.184862
v -0.40568501 -0.60707098 -0.216683
v -0.33725399 -0.59760898 -0.193349
v -0.37765801 -0.40600601 0.090243
v -0.36743599 -0.25569499 0.17382599
v -0.34392101 -0.027962 -0.163179
v -0.36591199 0.325665 -0.173978
v -0.40314001 0.36335599 -0.183249
v -0.353246 0.37775901 -0.157976
v -0.36791 0.40808001 -0.055179
v -0.36791 0.40808001 -0.055179
v -0.35231301 0.44137201 -0.012987
v -0.38246 0.52619499 -0.009536
v -0.380463 0.51379198 0.076964
v -0.34325799 0.55515301 0.102103
v -0.35414001 0.60199898 -0.030281
v -0.36692899 0.55978101 -0.010175
v -0.36760399 0.62165999 -0.008787
v -0.354689 0.61969399 0.001848
v -0.25026101 0.67195201 0.002365
v -0.38051701 -0.98808903 -0.18238001
v -0.26711199 -0.98848802 -0.209769
v -0.33213699 -0.92488003 -0.17907
v -0.33998501 -0.65242898 0.193951
v -0.316237 -0.53618401 0.16293301
v -0.34115699 -0.463736 -0.15498599
v -0.359496 -0.40504101 0.14658999
v -0.343622 -0.35021001 0.150012
v -0.34541699 -0.33964601 0.142152
v -0.32262301 -0.023844 0.135479
v -0.364007 0.075355 -0.15617301
v -0.373083 0.173601 -0.181141
v -0.327407 0.149874 -0.15019301
v -0.37153801 0.25501299 -0.181345
v -0.33491001 0.18530101 -0.16178501
v -0.35749599 0.46391401 0.086332
v -0.34292099 0.52195102 0.079198
v -0.350081 0.58884102 0.079463
v -0.379834 0.60152298 0.074265
v -0.36234701 0.60504502 0.062675
v -0.35688201 0.61639202 0.033096
v -0.35688201 0.61639202 0.033096
v -0.17875101 -0.98848701 -0.51056999
v -0.319965 -0.743195 0.185027
v -0.318194 -0.57724601 0.17983501
v -0.32247099 -0.52979398 -0.166555
v -0.31663099 -0.419258 0.094687
v -0.326509 -0.410891 -0.070009
v -0.330679 -0.340092 -0.14313599
v -0.381688 -0.34885401 -0.176653
v -0.40443301 -0.33705899 -0.17771401
v -0.33426401 -0.206122 -0.17445
v -0.392692 -0.207564 -0.199416
v -0.310642 -0.166842 -0.15919
v -0.378369 -0.14248 -0.194196
v -0.316039 -0.071462 -0.153852
v -0.400462 -0.069693 -0.193783
v -0.34392101 -0.027962 -0.163179
v -0.33064601 0.148948 0.14664701
v -0.37202999 0.18889 0.173372
v -0.368146 0.141431 0.165089
v -0.359364 0.27063 -0.178343
v -0.33665901 0.26197401 -0.162131
v -0.31878901 0.32455301 -0.144503
v -0.33987901 0.369091 0.14899001
v -0.36926901 0.322189 0.170406
v -0.326545 0.40412101 -0.064296
v -0.370949 0.39280099 0.15068799
v -0.34903899 0.40239099 0.12579399
v -0.35352799 0.410907 -0.019624
v -0.345586 0.43228999 0.094308
v -0.34173599 0.50488001 0.056145
v -0.380463 0.51379198 0.076964
v -0.368743 0.489934 0.04656
v -0.320342 0.52159202 -0.009067
v -0.34935099 0.56129497 -0.020434
v -0.350081 0.58884102 0.079463
v -0.31392401 -0.809623 -0.179461
v -0.31700999 -0.64782399 -0.18848599
v -0.326401 -0.458776 0.135601
v -0.320777 -0.41900599 -0.103829
v -0.326509 -0.410891 -0.070009
v -0.28219599 -0.40250999 -0.086668
v -0.34943601 -0.40473801 0.052687
v -0.36527601 -0.25904101 -0.182686
v -0.32497001 -0.246096 0.15659
v -0.33302701 -0.207335 0.164405
v -0.324022 -0.135942 0.157426
v -0.317489 -0.070704 0.146704
v -0.33442199 0.019733 0.120789
v -0.326235 0.18696401 0.14828201
v -0.36000499 0.26836401 0.17265999
v -0.34830499 0.382258 0.144328
v -0.31734499 0.395152 -0.119838
v -0.32474899 0.39869699 0.119051
v -0.34903899 0.40239099 0.12579399
v -0.370949 0.39280099 0.15068799
v -0.32474899 0.39869699 0.119051
v -0.35352799 0.410907 -0.019624
v -0.30222401 0.43098199 -0.080606
v -0.368743 0.489934 0.04656
v -0.35749599 0.46391401 0.086332
v -0.34173599 0.50488001 0.056145
v -0.34292099 0.52195102 0.079198
v -0.350081 0.58884102 0.079463
v -0.34325799 0.55515301 0.102103
v -0.32420999 0.55817902 0.079794
v -0.35688201 0.61639202 0.033096
v -0.34037799 0.60517401 0.009964
v -0.354689 0.61969399 0.001848
v -0.31175801 -0.98853302 -0.141269
v -0.30229801 -0.91289097 -0.146281
v -0.29980499 -0.91411901 0.13081101
v -0.30517599 -0.74183297 -0.18206801
v -0.321183 -0.59160203 0.174236
v -0.326401 -0.458776 0.135601
v -0.31663099 -0.419258 0.094687
v -0.366368 -0.41826501 0.13417099
v -0.326509 -0.410891 -0.070009
v -0.30222401 -0.417061 -0.068798
v -0.33659101 -0.41351801 0.051768
v -0.34943601 -0.40473801 0.052687
v -0.38071099 -0.40451199 -0.166511
v -0.30974099 -0.35095701 -0.135166
v -0.35543001 0.015529 -0.14440399
v -0.31819299 0.01168 -0.116852
v -0.32051799 0.066406 -0.118963
v -0.31470701 0.40246099 -0.013867
v -0.32180801 0.405967 -0.009033
v -0.343458 0.39772001 0.088842
v -0.3193 0.405422 0.075541
v -0.35231301 0.44137201 -0.012987
v -0.32180801 0.405967 -0.009033
v -0.35352799 0.410907 -0.019624
v -0.30222401 0.43098199 -0.080606
v -0.320342 0.52159202 -0.009067
v -0.334252 0.62648302 0.085059
v -0.288854 -0.79853201 -0.168281
v -0.28756401 -0.75039703 0.16808499
v -0.33004999 -0.40484601 -0.134826
v -0.30456501 -0.40346801 0.107696
v -0.30225199 -0.25345999 -0.14422899
v -0.306831 -0.259758 0.134501
v -0.30761099 -0.209408 -0.157527
v -0.30818099 0.29353699 0.13636
v -0.31097299 0.37524101 -0.12837601
v -0.317435 0.38721099 -0.120048
v -0.343458 0.39772001 0.088842
v -0.31176901 0.430453 -0.068672
v -0.31515199 0.55316597 -0.01624
v -0.35414001 0.60199898 -0.030281
v -0.36760399 0.62165999 -0.008787
v -0.31349701 0.576536 -0.009038
v -0.354689 0.61969399 0.001848
v -0.096712 0.81222302 -0.009004
v -0.31175801 -0.98853302 -0.141269
v -0.31668499 -0.98773003 0.13711201
v -0.31588799 -0.84117901 0.164455
v -0.28141299 -0.79781598 0.15439101
v -0.27915499 -0.811037 0.13880301
v -0.29967701 -0.54460698 -0.160298
v -0.316237 -0.53618401 0.16293301
v -0.29881999 -0.52824003 0.136223
v -0.30456501 -0.40346801 0.107696
v -0.29492101 -0.350178 0.111474
v -0.30900499 0.071877 0.099286
v -0.308319 0.26805699 -0.140187
v -0.288214 0.32129201 0.105278
v -0.345586 0.43228999 0.094308
v -0.3193 0.405422 0.075541
v -0.30141899 0.44374499 0.100725
v -0.35749599 0.46391401 0.086332
v -0.31343099 0.48425099 0.106932
v -0.29001799 0.50526798 0.10161
v -0.321358 0.51270998 0.054452
v -0.31364101 0.52873302 0.078757
v -0.34325799 0.55515301 0.102103
v -0.31339699 0.559111 0.06483
v -0.297021 0.62088603 0.103435
v -0.350081 0.58884102 0.079463
v -0.31339699 0.559111 0.06483
v -0.31515199 0.55316597 -0.01624
v -0.32413 0.58377397 0.004626
v -0.321751 0.58965099 0.001432
v -0.30590701 0.60741502 0.014586
v -0.321751 0.58965099 0.001432
v -0.34037799 0.60517401 0.009964
v -0.334252 0.62648302 0.085059
v -0.31805399 0.66555297 0.076384
v -0.256933 -0.988554 0.126592
v -0.31668499 -0.98773003 0.13711201
v -0.26552299 -0.66705799 0.13772701
v -0.31276801 -0.46226901 -0.131418
v -0.320777 -0.41900599 -0.103829
v -0.28219599 -0.40250999 -0.086668
v -0.30215901 -0.34004101 0.106899
v -0.29233599 0.38536501 0.075418
v -0.308622 0.40228599 0.094232
v -0.3193 0.405422 0.075541
v -0.333469 0.49929899 0.003001
v -0.30615401 0.476641 0.018194
v -0.31521299 0.424115 0.003856
v -0.31343099 0.48425099 0.106932
v -0.333469 0.49929899 0.003001
v -0.321358 0.51270998 0.054452
v -0.31435001 0.50768203 0.037145
v -0.321751 0.58965099 0.001432
v -0.296336 0.67228401 0.038986
v -0.276647 -0.92458802 -0.127657
v -0.27688801 -0.923774 0.120033
v -0.291448 -0.57877898 -0.16302501
v -0.279028 -0.40359199 0.054355
v -0.34943601 -0.40473801 0.052687
v -0.33659101 -0.41351801 0.051768
v -0.279028 -0.40359199 0.054355
v -0.2861 -0.208079 0.127271
v -0.27756599 -0.024766 -0.09472
v -0.28637499 -0.027775 0.101926
v -0.30622599 0.019656 0.090293
v -0.29354101 0.022618 -0.083931
v -0.29663599 0.06455 -0.080713
v -0.294613 0.189492 -0.122096
v -0.28964999 0.37335101 0.094579
v -0.29438901 0.38558099 -0.091339
v -0.308622 0.40228599 0.094232
v -0.31470701 0.40246099 -0.013867
v -0.28315899 0.44189501 -0.009015
v -0.291338 0.41793299 0.057217
v -0.30141899 0.44374499 0.100725
v -0.3193 0.405422 0.075541
v -0.31210601 0.42350399 0.015295
v -0.31087801 0.53361702 0.00513
v -0.333469 0.49929899 0.003001
v -0.300569 0.534486 0.052264
v -0.31364101 0.52873302 0.078757
v -0.310514 0.56434602 0.022808
v -0.321751 0.58965099 0.001432
v -0.32413 0.58377397 0.004626
v -0.28700101 0.595954 0.025909
v -0.34037799 0.60517401 0.009964
v -0.284141 0.686297 0.117415
v -0.23843201 -0.99760199 -0.002103
v -0.285759 -0.98848099 0.100031
v -0.29709199 -0.46210101 -0.113633
v -0.28078201 -0.458783 0.08098
v -0.29644099 -0.41811901 0.046141
v -0.326509 -0.410891 -0.070009
v -0.28219599 -0.40250999 -0.086668
v -0.30222401 -0.417061 -0.068798
v -0.281903 -0.34056601 -0.092501
v -0.285923 -0.071449 0.114508
v -0.28435501 -0.14252201 0.121335
v -0.29219201 0.03526 0.070961
v -0.28846201 0.14814299 -0.104617
v -0.27165401 0.145051 0.062604
v -0.288892 0.178532 0.108576
v -0.284998 0.29467699 -0.115848
v -0.291338 0.41793299 0.057217
v -0.29326999 0.42758399 -0.015328
v -0.31521299 0.424115 0.003856
v -0.281858 0.42511299 0.002158
v -0.333469 0.49929899 0.003001
v -0.31435001 0.50768203 0.037145
v -0.29083499 0.52650601 0.002135
v -0.31087801 0.53361702 0.00513
v -0.310514 0.56434602 0.022808
v -0.300569 0.534486 0.052264
v -0.31087801 0.53361702 0.00513
v -0.320342 0.52159202 -0.009067
v -0.31515199 0.55316597 -0.01624
v -0.31349701 0.576536 -0.009038
v -0.321751 0.58965099 0.001432
v -0.284141 0.686297 0.117415
v -0.27673399 0.70610899 0.058284
v -0.26641399 -0.85488999 -0.122012
v -0.25883701 -0.75527197 -0.14313801
v -0.274766 -0.592659 -0.140045
v -0.27591601 -0.53731698 0.125259
v -0.27591601 -0.53731698 0.125259
v -0.28026 -0.531443 -0.12372
v -0.28212401 -0.475043 0.085523
v -0.29644099 -0.41811901 0.046141
v -0.26819399 -0.36286399 -0.084231
v -0.27811101 -0.019533 0.074757
v -0.28849 0.02077 0.05606
v -0.28935599 0.066355 0.052577
v -0.26912999 0.26888999 0.081799
v -0.291338 0.41793299 0.057217
v -0.30141899 0.44374499 0.100725
v -0.291338 0.41793299 0.057217
v -0.297658 0.430069 0.039011
v -0.241888 0.48489299 0.13625
v -0.310514 0.56434602 0.022808
v -0.272993 0.59913701 0.079477
v -0.284614 0.70494002 0.092763
v -0.31668499 -0.98773003 0.13711201
v -0.285759 -0.98848099 0.100031
v -0.27688801 -0.923774 0.120033
v -0.251542 -0.74118501 0.11548
v -0.268053 -0.59143901 0.123986
v -0.26818901 -0.57781303 0.132771
v -0.30222401 -0.417061 -0.068798
v -0.26852399 -0.459108 -0.057812
v -0.29644099 -0.41811901 0.046141
v -0.28746399 -0.41926801 -0.00793
v -0.29095501 -0.418365 0.005633
v -0.28588599 -0.41490501 0.047957
v -0.27757299 -0.248448 0.108988
v -0.268426 -0.078369 -0.096059
v -0.268011 0.187951 -0.077079
v -0.27998 0.326552 -0.091504
v -0.28062201 0.373786 -0.080973
v -0.27541199 0.383598 -0.045371
v -0.31521299 0.424115 0.003856
v -0.31210601 0.42350399 0.015295
v -0.281858 0.42511299 0.002158
v -0.291338 0.41793299 0.057217
v -0.283315 0.42500001 -0.02558
v -0.28315899 0.44189501 -0.009015
v -0.241888 0.48489299 0.13625
v -0.25112 0.50455397 0.101951
v -0.310514 0.56434602 0.022808
v -0.26939601 0.59713 0.057267
v -0.31339699 0.559111 0.06483
v -0.272993 0.59913701 0.079477
v -0.296336 0.67228401 0.038986
v 0.25213301 -0.99759197 -0.012887
v -0.27202499 -0.98851401 -0.083194
v -0.25801399 -0.80898303 -0.11751
v -0.25649101 -0.67523003 -0.132539
v -0.25312501 -0.52962899 0.065654
v -0.26853901 -0.47428799 -0.060416
v -0.26033801 -0.46063399 0.001699
v -0.29095501 -0.418365 0.005633
v -0.24619199 -0.41585699 -0.087241
v -0.26370499 -0.35862201 0.05181
v -0.279028 -0.40359199 0.054355
v -0.279286 -0.341369 0.068004
v -0.26239601 -0.25668499 -0.086558
v -0.25977999 -0.258277 0.065896
v -0.26380801 -0.20920201 -0.10412
v -0.275224 0.019094 0.005433
v -0.27469 0.036437 0.012921
v -0.27694899 0.022434 -0.036868
v -0.286993 0.066606 -0.04381
v -0.27288601 0.026088 -0.009256
v -0.28409001 0.070382 -0.011485
v -0.28241599 0.069308 0.002406
v -0.26206201 0.135814 0.002762
v -0.265708 0.137707 -0.020213
v -0.261372 0.18748599 0.050476
v -0.26002699 0.26657501 -0.062425
v -0.26633599 0.32542199 0.051925
v -0.26547 0.37437001 0.006894
v -0.27490699 0.38556299 0.003065
v -0.281858 0.42511299 0.002158
v -0.283315 0.42500001 -0.02558
v -0.27592999 0.38833499 -0.011446
v -0.283315 0.42500001 -0.02558
v -0.29326999 0.42758399 -0.015328
v -0.27592999 0.38833499 -0.011446
v -0.27592999 0.38833499 -0.011446
v -0.29326999 0.42758399 -0.015328
v -0.297658 0.430069 0.039011
v -0.25908601 0.460302 0.098704
v -0.30141899 0.44374499 0.100725
v -0.23990101 0.492695 0.089064
v -0.241888 0.48489299 0.13625
v -0.28700101 0.595954 0.025909
v -0.26851201 0.63297999 0.032359
v -0.108365 0.95368499 0.00248
v -0.26508099 -0.91073 -0.092406
v -0.266855 -0.91010797 0.086219
v -0.29980499 -0.91411901 0.13081101
v -0.27915499 -0.811037 0.13880301
v -0.244298 -0.57659698 -0.102983
v -0.25676799 -0.53811198 -0.101067
v -0.25529099 -0.53020799 -0.080927
v -0.255712 -0.200527 -0.083204
v -0.25538701 -0.144383 0.071622
v -0.25588 -0.20639101 0.076523
v -0.25747401 -0.072796 0.058102
v -0.26959699 0.040512 0.002247
v -0.27288601 0.026088 -0.009256
v -0.28409001 0.070382 -0.011485
v -0.26605499 0.095964 -0.009045
v -0.26717499 0.120635 -0.011393
v -0.26717499 0.120635 -0.011393
v -0.26605001 0.1494 -0.055653
v -0.257027 0.29507101 -0.053283
v -0.262797 0.32926601 -0.039192
v -0.23990101 0.492695 0.089064
v -0.25112 0.50455397 0.101951
v -0.245983 0.65905499 0.126416
v -0.23759 0.686378 0.046208
v -0.27673399 0.70610899 0.058284
v -0.028855 -0.98855102 0.750642
v -0.247192 -0.80396497 0.09384
v -0.231575 -0.740596 -0.083788
v -0.261444 -0.474976 0.012347
v -0.26064801 -0.47642201 -0.01152
v -0.25968599 -0.463321 -0.00854
v -0.29095501 -0.418365 0.005633
v -0.26033801 -0.46063399 0.001699
v -0.262716 -0.42157301 0.000129
v -0.28746399 -0.41926801 -0.00793
v -0.30222401 -0.417061 -0.068798
v -0.231814 -0.41776699 -0.009034
v -0.262716 -0.42157301 0.000129
v -0.26819399 -0.36286399 -0.084231
v -0.24561401 -0.370745 -0.088506
v -0.26590699 -0.34088501 0.019519
v -0.26349401 -0.341932 -0.009695
v -0.25563401 -0.289745 -0.03985
v -0.246911 -0.25283301 0.011584
v -0.25134799 -0.247907 0.054656
v -0.25336599 -0.072054 -0.05358
v -0.26195699 -0.029232 0.047464
v -0.248172 -0.04719 -0.010067
v -0.26099801 -0.019607 0.00334
v -0.275224 0.019094 0.005433
v -0.26099801 -0.019607 0.00334
v -0.26959699 0.040512 0.002247
v -0.256183 0.154254 -0.009985
v -0.259386 0.262061 0.04494
v -0.25970799 0.32774201 0.002582
v -0.26380399 0.37424099 -0.00996
v -0.26547 0.37437001 0.006894
v -0.256313 0.376894 0.002304
v -0.27490699 0.38556299 0.003065
v -0.26851201 0.63297999 0.032359
v -0.284141 0.686297 0.117415
v -0.245983 0.65905499 0.126416
v -0.284614 0.70494002 0.092763
v -0.27202499 -0.98851401 -0.083194
v -0.257236 -0.98623401 0.003738
v -0.263706 -0.98794001 0.046069
v -0.247236 -0.988823 0.011773
v -0.263706 -0.98794001 0.046069
v -0.245316 -0.92302698 0.054099
v -0.240312 -0.92439401 -0.040301
v -0.249552 -0.908687 0.03822
v -0.234869 -0.81011701 -0.067455
v -0.243977 -0.90752 -0.013139
v -0.23404799 -0.79593003 -0.087121
v -0.28141299 -0.79781598 0.15439101
v -0.245066 -0.75132501 0.114893
v -0.28756401 -0.75039703 0.16808499
v -0.251542 -0.74118501 0.11548
v -0.23657 -0.59224099 -0.071033
v -0.231913 -0.578215 0.063686
v -0.268053 -0.59143901 0.123986
v -0.23852099 -0.59011799 0.066477
v -0.26818901 -0.57781303 0.132771
v -0.25224301 -0.53825903 0.083505
v -0.24367601 -0.52969998 -0.040608
v -0.240926 -0.52897501 -0.013117
v -0.242699 -0.52995402 0.010195
v -0.23656 -0.41578799 0.04541
v -0.241111 -0.41130099 0.052275
v -0.279028 -0.40359199 0.054355
v -0.241111 -0.41130099 0.052275
v -0.26370499 -0.35862201 0.05181
v -0.25754499 -0.36512399 0.042251
v -0.247283 -0.364678 0.003538
v -0.249181 -0.36422601 -0.011523
v -0.26147899 -0.33851299 0.002197
v -0.24385799 -0.20972601 -0.054283
v -0.244403 -0.206514 0.039448
v -0.246702 -0.061431 0.009957
v -0.28241599 0.069308 0.002406
v 0.03573 -0.040616 0.002347
v -0.26206201 0.135814 0.002762
v -0.256183 0.154254 -0.009985
v -0.25309601 0.184168 -0.014644
v -0.254942 0.19428 -0.013722
v -0.25384101 0.19297799 0.002489
v -0.252601 0.266298 -0.00924
v -0.253252 0.290521 0.011973
v -0.25966001 0.32195199 -0.01003
v -0.25970799 0.32774201 0.002582
v -0.26380399 0.37424099 -0.00996
v -0.21980201 0.665416 0.070372
v -0.256385 -0.98663902 -0.013512
v -0.245658 -0.98889703 -0.019683
v -0.257236 -0.98623401 0.003738
v -0.238313 -0.92503101 0.004014
v -0.256385 -0.98663902 -0.013512
v -0.23442701 -0.83290797 0.041249
v -0.26552299 -0.66705799 0.13772701
v -0.233538 -0.53829801 0.01549
v -0.240926 -0.52897501 -0.013117
v -0.26064801 -0.47642201 -0.01152
v -0.25968599 -0.463321 -0.00854
v -0.28746399 -0.41926801 -0.00793
v -0.231814 -0.41776699 -0.009034
v -0.228304 -0.41693801 0.002408
v -0.24619199 -0.41585699 -0.087241
v -0.249181 -0.36422601 -0.011523
v -0.24561401 -0.370745 -0.088506
v -0.26819399 -0.36286399 -0.084231
v -0.25754499 -0.36512399 0.042251
v -0.26370499 -0.35862201 0.05181
v -0.234863 -0.36898601 0.043363
v -0.249181 -0.36422601 -0.011523
v -0.26349401 -0.341932 -0.009695
v -0.22758099 -0.37135601 -0.009547
v -0.24811199 -0.28288999 -0.008483
v -0.247954 -0.25767899 -0.011672
v -0.243737 -0.26058999 0.002224
v -0.24791799 -0.246782 -0.051548
v -0.240014 -0.244269 -0.009569
v -0.24405301 -0.134562 -0.028541
v -0.249118 -0.082015 0.011148
v -0.24820501 -0.081086 -0.008907
v -0.247336 0.18743099 -0.008933
v -0.247601 0.274454 0.002335
v -0.247601 0.274454 0.002335
v -0.215197 0.47189 0.131365
v -0.23759 0.686378 0.046208
v -0.23759 0.686378 0.046208
v -0.27673399 0.70610899 0.058284
v -0.24371099 -0.98510599 -0.009136
v -0.256385 -0.98663902 -0.013512
v -0.235673 -0.92675102 -0.009066
v -0.24371099 -0.98510599 -0.009136
v -0.257236 -0.98623401 0.003738
v -0.247748 -0.97714001 0.001864
v -0.238313 -0.92503101 0.004014
v -0.235673 -0.92675102 -0.009066
v -0.24532799 -0.91034299 0.00237
v -0.232282 -0.85786301 0.003034
v -0.23431399 -0.86273599 -0.009035
v -0.220351 -0.75181597 0.05767
v -0.24194901 -0.53726202 -0.063938
v -0.247283 -0.364678 0.003538
v -0.24811199 -0.28288999 -0.008483
v -0.241908 -0.20464499 0.010081
v -0.23520701 -0.20770501 -0.009235
v -0.241291 -0.198815 -0.012809
v -0.234162 -0.201039 0.002321
v -0.23981901 -0.066905 0.002183
v -0.147172 0.004801 -0.008903
v -0.248172 -0.04719 -0.010067
v -0.247336 0.18743099 -0.008933
v -0.25966001 0.32195199 -0.01003
v -0.061746 0.34980199 -0.008934
v -0.21986599 0.65449798 0.10112
v -0.029559 -0.988608 0.010085
v -0.243977 -0.90752 -0.013139
v -0.23431399 -0.86273599 -0.009035
v -0.221224 -0.80127299 0.00629
v -0.223341 -0.80191302 -0.009208
v -0.222839 -0.75263602 -0.071963
v -0.251542 -0.74118501 0.11548
v -0.220351 -0.75181597 0.05767
v -0.22614001 -0.73841798 0.047692
v -0.22515599 -0.66296899 0.046933
v -0.228781 -0.65992397 -0.069131
v -0.222771 -0.576482 -0.035827
v -0.22984201 -0.538535 -0.009145
v -0.218226 -0.57642502 0.002213
v -0.22984201 -0.538535 -0.009145
v -0.228304 -0.41693801 0.002408
v -0.24561401 -0.370745 -0.088506
v -0.231814 -0.41776699 -0.009034
v -0.24619199 -0.41585699 -0.087241
v -0.234863 -0.36898601 0.043363
v -0.23656 -0.41578799 0.04541
v -0.228304 -0.41693801 0.002408
v -0.241111 -0.41130099 0.052275
v -0.234863 -0.36898601 0.043363
v -0.22758099 -0.37135601 -0.009547
v -0.226294 -0.370408 0.002353
v -0.226294 -0.370408 0.002353
v -0.26147899 -0.33851299 0.002197
v -0.247283 -0.364678 0.003538
v -0.243737 -0.26058999 0.002224
v -0.247954 -0.25767899 -0.011672
v -0.240014 -0.244269 -0.009569
v -0.23981901 -0.066905 0.002183
v -0.252601 0.266298 -0.00924
v -0.31349701 0.576536 -0.009038
v -0.21986599 0.65449798 0.10112
v -0.21986599 0.65449798 0.10112
v -0.21980201 0.665416 0.070372
v 0.022788 -0.98844701 0.12552799
v 0.082062 -0.988379 0.54520202
v -0.170093 -0.94609302 0.002106
v -0.24532799 -0.91034299 0.00237
v -0.225899 -0.803837 0.002258
v -0.221735 -0.67552298 -0.02146
v -0.22887801 -0.59202999 -0.012435
v -0.223362 -0.64767802 0.011465
v -0.227946 -0.59105998 0.002153
v -0.225234 -0.59435898 -0.009074
v -0.22887801 -0.59202999 -0.012435
v -0.21917699 -0.57728499 -0.01116
v -0.22758099 -0.37135601 -0.009547
v -0.226294 -0.370408 0.002353
v -0.25384101 0.19297799 0.002489
v -0.215197 0.47189 0.131365
v -0.215197 0.47189 0.131365
v -0.029559 -0.988608 0.010085
v 0.055647 -0.97950298 0.001983
v -0.232282 -0.85786301 0.003034
v -0.21493199 -0.75448799 -0.013882
v -0.21516 -0.74938601 0.002328
v -0.22244 -0.74228501 -0.016715
v -0.21516 -0.74938601 0.002328
v -0.22288001 -0.74188799 0.011677
v -0.217502 -0.65002698 0.002092
v -0.216649 -0.73240101 -0.009873
v -0.216649 -0.73240101 -0.009873
v -0.21917699 -0.57728499 -0.01116
v -0.218226 -0.57642502 0.002213
v -0.23520701 -0.20770501 -0.009235
v -0.24820501 -0.081086 -0.008907
v -0.158197 -0.31910801 -0.008983
v -0.225899 -0.803837 0.002258
v -0.223341 -0.80191302 -0.009208
v -0.21493199 -0.75448799 -0.013882
v -0.207158 -0.75055599 -0.008948
v -0.22244 -0.74228501 -0.016715
v -0.147609 -0.63674998 -0.008956
v -0.234162 -0.201039 0.002321
v 0.061003 -0.421253 0.002312
v 0.038509 0.23470201 0.002352
v 0.194609 -0.99763298 -0.758497
v -0.023486 -0.90100902 -0.008928
v -0.21516 -0.74938601 0.002328
v -0.111832 -0.62571901 0.002162
v -0.217502 -0.65002698 0.002092
v -0.227946 -0.59105998 0.002153
v 0.116747 -0.97844601 -0.008641
v -0.040679 -0.98843801 -0.75851601
v 0.116747 -0.97844601 -0.008641
v 0.24153601 -0.055207 -0.008729
v 0.202336 -0.994277 -0.76536101
v 0.202336 -0.994277 -0.76536101
v 0.34119701 -0.99760902 0.183385
v -0.007814 -0.98685098 -0.011432
v -0.245658 -0.98889703 -0.019683
v 0.116747 -0.97844601 -0.008641
v 0.26218101 -0.98878402 -0.018993
v -0.007814 -0.98685098 -0.011432
v 0.194619 -0.756818 0.00219
v 0.098816 -0.34680501 -0.008877
v 0.26717699 -0.98852003 -0.242181
v 0.14207999 0.56156999 0.002459
v 0.26374599 0.66217101 -0.009108
v 0.47139499 -0.99757999 -0.237582
v 0.137803 0.98630399 -0.008982
v 0.41429201 -0.99764001 0.75065303
v 0.25674501 0.98638898 0.002661
v 0.25674501 0.98638898 0.002661
v 0.245254 -0.87200803 0.002338
v 0.188682 -0.98847097 -0.54281998
v 0.188944 0.909787 0.00248
v 0.234322 -0.59098601 -0.008983
v 0.263289 -0.98877603 0.011716
v 0.25624999 -0.98843199 -0.75852197
v 0.306981 0.98961997 -0.003935
v 0.306981 0.98961997 -0.003935
v 0.221277 -0.187087 -0.008721
v 0.45466301 -0.994286 0.75711501
v 0.45466301 -0.994286 0.75711501
v 0.30755401 -0.988662 0.22678301
v 0.24112099 -0.099688 0.001752
v 0.249272 0.39380899 0.002066
v 0.18991899 -0.77517003 -0.008968
v 0.242571 -0.20280001 0.001898
v 0.24398699 -0.92018002 0.002174
v 0.247418 -0.92245001 -0.008798
v 0.205338 -0.60492301 0.002149
v 0.37501499 0.76461899 -0.009121
v 0.237854 -0.33337799 0.002064
v 0.233834 -0.676494 -0.009113
v 0.18412 -0.79284501 -0.133349
v 0.19548801 -0.72018301 -0.135042
v 0.167098 -0.732903 -0.14894401
v 0.19086701 -0.64286602 -0.135144
v 0.18108401 -0.68333399 -0.164481
v 0.167098 -0.732903 -0.14894401
v 0.19086701 -0.64286602 -0.135144
v 0.242955 0.112735 -0.009008
v 0.229389 0.137566 0.002194
v 0.24729601 0.26588601 0.00201
v 0.18412 -0.79284501 -0.133349
v 0.167098 -0.732903 -0.14894401
v 0.22270299 -0.78594702 -0.208773
v 0.270363 0.66564399 0.002296
v 0.339515 -0.98843497 0.75064099
v 0.246958 -0.863388 -0.00897
v 0.21576799 -0.796018 -0.117341
v 0.22094101 -0.72018802 -0.225595
v 0.19848099 -0.703143 -0.140866
v 0.210445 -0.66759998 -0.12788799
v 0.19548801 -0.72018301 -0.135042
v 0.210445 -0.66759998 -0.12788799
v 0.21944501 -0.62899601 -0.179703
v 0.235211 0.163533 -0.009128
v 0.239774 -0.813012 0.00249
v 0.214027 -0.84429801 -0.116993
v 0.22590999 -0.759938 0.002678
v 0.22270299 -0.78594702 -0.208773
v 0.19548801 -0.72018301 -0.135042
v 0.21576799 -0.796018 -0.117341
v 0.211742 -0.752132 -0.15922301
v 0.211742 -0.752132 -0.15922301
v 0.260014 -0.52858102 0.00253
v 0.251784 -0.40390199 0.002423
v 0.252711 -0.246246 0.002019
v 0.24727599 0.278772 -0.009028
v 0.264642 0.189035 -0.009011
v 0.20257799 0.318317 -0.13117599
v 0.215633 0.29353899 -0.118962
v 0.196468 0.36788499 -0.125847
v 0.229563 0.329952 -0.112157
v 0.20257799 0.318317 -0.13117599
v 0.196468 0.36788499 -0.125847
v 0.234955 0.359173 -0.191958
v 0.22459 0.379033 -0.106444
v 0.214027 -0.84429801 -0.116993
v 0.240997 -0.81307602 -0.009619
v 0.227456 -0.76910698 -0.011433
v 0.235734 -0.746158 -0.009776
v 0.23217 -0.64491302 -0.145235
v 0.22786599 -0.591609 -0.111572
v 0.27846199 -0.46569899 0.002461
v 0.259895 -0.003866 -0.009578
v 0.221526 0.27587599 -0.121907
v 0.20409399 0.39995101 -0.117464
v 0.247361 0.420872 -0.18467
v 0.20409399 0.39995101 -0.117464
v 0.281849 0.490509 -0.009025
v 0.27466899 -0.98871499 0.076964
v 0.23461799 -0.61736101 0.002442
v 0.236113 -0.62816697 -0.112052
v 0.236113 -0.62816697 -0.112052
v 0.22786599 -0.591609 -0.111572
v 0.235737 -0.595608 0.003523
v 0.25066 -0.55033898 -0.00905
v 0.23965 -0.36386099 -0.009235
v 0.23844901 -0.329171 -0.009131
v 0.24664199 -0.059084 0.002499
v 0.270583 0.040584 -0.009089
v 0.25055999 -0.015578 0.00248
v 0.221526 0.27587599 -0.121907
v 0.238644 0.286266 -0.16759799
v 0.247594 0.35668701 -0.009273
v 0.22148301 0.42789501 -0.10004
v 0.26325101 0.458754 -0.150506
v 0.20409399 0.39995101 -0.117464
v 0.22148301 0.42789501 -0.10004
v 0.26278299 0.44949499 0.002244
v 0.254529 0.43132001 -0.008977
v 0.25904599 -0.95960897 0.002445
v 0.227456 -0.76910698 -0.011433
v 0.235734 -0.746158 -0.009776
v 0.23259801 -0.75919598 -0.066676
v 0.229629 -0.75894397 0.043935
v 0.23595101 -0.74381 0.005779
v 0.22590999 -0.759938 0.002678
v 0.23595101 -0.74381 0.005779
v 0.262328 -0.65725797 -0.247991
v 0.288113 -0.67133099 -0.22983301
v 0.247308 -0.40418199 -0.008786
v 0.23144101 -0.169229 -0.16094901
v 0.226588 -0.09336 -0.159383
v 0.227038 -0.127289 -0.17050999
v 0.245517 -0.121887 -0.14784101
v 0.226588 -0.09336 -0.159383
v 0.230507 -0.080964 -0.16371299
v 0.227038 -0.127289 -0.17050999
v 0.234276 -0.059649 -0.150031
v 0.244138 0.25242901 -0.103437
v 0.24803901 0.287911 -0.103148
v 0.22459 0.379033 -0.106444
v 0.229563 0.329952 -0.112157
v 0.23791 0.343418 -0.136741
v 0.238855 0.40680599 -0.095953
v 0.247361 0.420872 -0.18467
v 0.27190301 -0.98714602 -0.01109
v 0.27190301 -0.98714602 -0.01109
v 0.26440001 -0.97553498 -0.00913
v 0.26969001 -0.985744 0.003564
v 0.24705601 -0.833413 -0.087251
v 0.26077101 -0.84762198 -0.176181
v 0.249099 -0.81642002 -0.074143
v 0.240997 -0.81307602 -0.009619
v 0.23699699 -0.79981101 -0.053111
v 0.227456 -0.76910698 -0.011433
v 0.25107101 -0.81663901 -0.144858
v 0.23259801 -0.75919598 -0.066676
v 0.245773 -0.81176102 0.063725
v 0.239774 -0.813012 0.00249
v 0.242658 -0.74925399 -0.072007
v 0.240557 -0.74608999 0.053413
v 0.28080401 -0.714656 -0.23711701
v 0.233834 -0.676494 -0.009113
v 0.235697 -0.666264 0.011717
v 0.245552 -0.67538702 0.082783
v 0.23461799 -0.61736101 0.002442
v 0.24214301 -0.59811401 -0.012811
v 0.242027 -0.60901397 0.006196
v 0.235697 -0.666264 0.011717
v 0.27358299 -0.494894 -0.008942
v 0.26514199 -0.29697901 -0.009478
v 0.248399 -0.15902001 -0.143123
v 0.24668001 -0.21166299 -0.14504901
v 0.242753 -0.201579 -0.009369
v 0.24541099 -0.12563001 -0.010869
v 0.26316699 -0.115633 -0.221071
v 0.27073199 -0.089665 -0.223692
v 0.26188499 -0.052625 -0.187998
v 0.235211 0.163533 -0.009128
v 0.242883 0.163718 -0.077265
v 0.23769 0.12121 -0.015232
v 0.242955 0.112735 -0.009008
v 0.25350499 0.239677 -0.105279
v 0.249075 0.45605499 -0.080855
v 0.28433099 0.49303699 0.00215
v 0.290719 0.64428997 0.002467
v 0.26969001 -0.985744 0.003564
v 0.260811 -0.90816098 -0.010673
v 0.24936 -0.860973 0.012567
v 0.263441 -0.83548403 -0.109847
v 0.24705601 -0.833413 -0.087251
v 0.245254 -0.87200803 0.002338
v 0.249099 -0.81642002 -0.074143
v 0.23699699 -0.79981101 -0.053111
v 0.25529599 -0.80140698 -0.113194
v 0.25787601 -0.77419198 -0.19835401
v 0.265387 -0.76003301 -0.14279801
v 0.25179899 -0.75920498 0.111684
v 0.26152 -0.74882001 0.115384
v 0.26129499 -0.74739701 -0.25678
v 0.25320199 -0.68799001 -0.109499
v 0.243965 -0.59862399 -0.045849
v 0.24214301 -0.59811401 -0.012811
v 0.242027 -0.60901397 0.006196
v 0.25812301 -0.611058 0.098106
v 0.25425899 -0.60094202 -0.090927
v 0.235737 -0.595608 0.003523
v 0.25069699 -0.59790403 0.087864
v 0.26161799 -0.569359 -0.099163
v 0.25804299 -0.54236299 -0.068161
v 0.25066 -0.55033898 -0.00905
v 0.25323799 -0.55830199 0.065577
v 0.25310901 -0.54730898 0.015677
v 0.260014 -0.52858102 0.00253
v 0.253218 -0.39917299 -0.01258
v 0.23965 -0.36386099 -0.009235
v 0.25071499 -0.399261 -0.051723
v 0.253218 -0.39917299 -0.01258
v 0.247835 -0.36545199 0.011851
v 0.23844901 -0.329171 -0.009131
v 0.26034701 -0.34177399 0.006021
v 0.247016 -0.327777 -0.05896
v 0.27176601 -0.32234699 0.001046
v 0.25302199 -0.244203 -0.010118
v 0.24816 -0.18497001 0.006925
v 0.24112099 -0.099688 0.001752
v 0.242571 -0.20280001 0.001898
v 0.25015199 -0.069933 0.013478
v 0.253171 -0.071635 -0.13786399
v 0.24975801 -0.068225 -0.011711
v 0.24664199 -0.059084 0.002499
v 0.234276 -0.059649 -0.150031
v 0.245437 -0.057773 -0.012581
v 0.24975801 -0.068225 -0.011711
v 0.24153601 -0.055207 -0.008729
v 0.25190401 -0.027068 -0.141091
v 0.27179599 0.046507 0.002153
v 0.27390099 0.064322 0.003723
v 0.26199701 0.13323 0.003647
v 0.248101 0.120235 -0.078474
v 0.25064901 0.114415 -0.069842
v 0.235211 0.163533 -0.009128
v 0.25374201 0.16930901 -0.010279
v 0.242883 0.163718 -0.077265
v 0.25851899 0.197723 0.002056
v 0.25350499 0.239677 -0.105279
v 0.257301 0.29744399 -0.141757
v 0.24803901 0.287911 -0.103148
v 0.24729601 0.26588601 0.00201
v 0.244572 0.30954599 0.00878
v 0.249272 0.39380899 0.002066
v 0.24727599 0.278772 -0.009028
v 0.250054 0.32075199 -0.01235
v 0.25279099 0.312525 -0.064602
v 0.247594 0.35668701 -0.009273
v 0.244572 0.30954599 0.00878
v 0.249705 0.32068899 0.006841
v 0.249272 0.39380899 0.002066
v 0.22459 0.379033 -0.106444
v 0.27389401 0.39443201 -0.178312
v 0.238855 0.40680599 -0.095953
v 0.270255 0.434881 -0.125853
v 0.261792 0.43054 -0.073194
v 0.249075 0.45605499 -0.080855
v 0.25904599 -0.95960897 0.002445
v 0.252051 -0.92178702 0.039715
v 0.24873599 -0.92378098 0.013997
v 0.24398699 -0.92018002 0.002174
v 0.25960299 -0.90760601 0.005642
v 0.25960299 -0.90760601 0.005642
v 0.246958 -0.863388 -0.00897
v 0.26318499 -0.907646 -0.052165
v 0.263493 -0.91097897 0.038657
v 0.29504499 -0.88810903 -0.12663101
v 0.26267701 -0.886208 -0.07414
v 0.249099 -0.81642002 -0.074143
v 0.26267701 -0.886208 -0.07414
v 0.263441 -0.83548403 -0.109847
v 0.24705601 -0.833413 -0.087251
v 0.28773499 -0.82076198 -0.228744
v 0.269912 -0.80898899 0.120348
v 0.26129499 -0.74739701 -0.25678
v 0.269205 -0.74864602 -0.13540401
v 0.28080401 -0.714656 -0.23711701
v 0.25425899 -0.60094202 -0.090927
v 0.26775599 -0.60951501 -0.13621099
v 0.27804101 -0.579373 -0.17499401
v 0.25425899 -0.60094202 -0.090927
v 0.26161799 -0.569359 -0.099163
v 0.256071 -0.400518 0.011475
v 0.247835 -0.36545199 0.011851
v 0.251784 -0.40390199 0.002423
v 0.25166801 -0.38416001 0.043855
v 0.261172 -0.37148201 -0.071518
v 0.25720799 -0.33375499 -0.073959
v 0.247016 -0.327777 -0.05896
v 0.23844901 -0.329171 -0.009131
v 0.279405 -0.32548401 -0.051032
v 0.26796401 -0.32198399 -0.007481
v 0.26131701 -0.252451 -0.029432
v 0.25302199 -0.244203 -0.010118
v 0.25741199 -0.238086 -0.059689
v 0.242753 -0.201579 -0.009369
v 0.25468001 -0.20323201 -0.076004
v 0.26323101 -0.25050899 0.050269
v 0.250691 -0.201884 0.046902
v 0.252711 -0.246246 0.002019
v 0.25026801 -0.185633 -0.048099
v 0.24668001 -0.21166299 -0.14504901
v 0.23144101 -0.169229 -0.16094901
v 0.273783 -0.180903 -0.218793
v 0.25727201 -0.181485 -0.078357
v 0.26743299 -0.197001 -0.130118
v 0.24541099 -0.12563001 -0.010869
v 0.25019899 -0.12036 0.045314
v 0.227038 -0.127289 -0.17050999
v 0.25853401 -0.067448 -0.07251
v 0.25399801 -0.074987 0.048403
v 0.25332499 -0.057011 0.061304
v 0.27071899 -0.035011 -0.119168
v 0.25610501 -0.058114 -0.075238
v 0.25190401 -0.027068 -0.141091
v 0.28209201 0.00217 -0.103989
v 0.252222 -0.015231 -0.018971
v 0.255101 -0.01639 0.03899
v 0.25055999 -0.015578 0.00248
v 0.259895 -0.003866 -0.009578
v 0.273523 0.062784 -0.009513
v 0.25652 0.17316499 0.005513
v 0.25374201 0.16930901 -0.010279
v 0.25228301 0.26311499 0.009098
v 0.24729601 0.26588601 0.00201
v 0.25851899 0.197723 0.002056
v 0.26289999 0.27571201 -0.093762
v 0.25607601 0.26375499 -0.049932
v 0.25839499 0.259583 0.046843
v 0.25485599 0.27548799 0.062718
v 0.270417 0.30771399 0.101731
v 0.253508 0.32505801 -0.051876
v 0.256897 0.32048899 0.055493
v 0.28557 0.32246101 -0.189229
v 0.25944501 0.35910001 0.06015
v 0.25723901 0.41042799 0.007919
v 0.27389401 0.39443201 -0.178312
v 0.255788 0.415517 -0.01001
v 0.255788 0.415517 -0.01001
v 0.26278299 0.44949499 0.002244
v 0.27826601 0.46117201 -0.009586
v 0.309374 0.599253 0.001811
v 0.275545 -0.98755997 -0.055757
v 0.27327201 -0.98698801 0.039811
v 0.26440001 -0.97553498 -0.00913
v 0.247418 -0.92245001 -0.008798
v 0.266489 -0.96737403 -0.048291
v 0.28605399 -0.98659003 0.086519
v 0.28160799 -0.92823702 0.108526
v 0.26365101 -0.92091602 -0.082607
v 0.26318499 -0.907646 -0.052165
v 0.260811 -0.90816098 -0.010673
v 0.260811 -0.90816098 -0.010673
v 0.315034 -0.810242 -0.204418
v 0.277024 -0.61311299 -0.13671499
v 0.29368001 -0.60895801 -0.1707
v 0.277024 -0.61311299 -0.13671499
v 0.25425899 -0.60094202 -0.090927
v 0.26775599 -0.60951501 -0.13621099
v 0.265365 -0.529576 -0.052719
v 0.27358299 -0.494894 -0.008942
v 0.27942199 -0.46304101 -0.009074
v 0.28195599 -0.39865401 0.043303
v 0.26748601 -0.350651 0.044866
v 0.26034701 -0.34177399 0.006021
v 0.26672399 -0.33439499 0.040846
v 0.26796401 -0.32198399 -0.007481
v 0.26514199 -0.29697901 -0.009478
v 0.269254 -0.202084 0.097995
v 0.273092 -0.208985 -0.113524
v 0.273541 -0.117815 0.105633
v 0.26316699 -0.115633 -0.221071
v 0.245517 -0.121887 -0.14784101
v 0.298219 -0.06356 -0.18961699
v 0.253171 -0.071635 -0.13786399
v 0.27063999 -0.014527 -0.091979
v 0.27877101 -0.013077 0.104119
v 0.26246199 -0.003381 -0.045044
v 0.259985 -0.004806 0.006224
v 0.274795 -0.003977 0.080685
v 0.27179599 0.046507 0.002153
v 0.30033699 0.11084 -0.009497
v 0.242955 0.112735 -0.009008
v 0.25064901 0.114415 -0.069842
v 0.30033699 0.11084 -0.009497
v 0.248101 0.120235 -0.078474
v 0.242883 0.163718 -0.077265
v 0.27000299 0.16982999 -0.071597
v 0.27000299 0.16982999 -0.071597
v 0.267131 0.18582 0.007196
v 0.25228301 0.26311499 0.009098
v 0.274858 0.184689 0.058792
v 0.27250201 0.25034499 -0.161109
v 0.275731 0.23064899 -0.086871
v 0.26289999 0.27571201 -0.093762
v 0.264642 0.189035 -0.009011
v 0.281874 0.27131999 -0.129867
v 0.26289999 0.27571201 -0.093762
v 0.26036301 0.415481 -0.047591
v 0.26157501 0.41427499 0.05617
v 0.261792 0.43054 -0.073194
v 0.26733801 0.45195699 -0.025661
v 0.277224 0.45176601 0.070838
v 0.254529 0.43132001 -0.008977
v 0.28244001 0.460356 -0.048376
v 0.30880001 -0.988603 -0.12615401
v 0.27327201 -0.98698801 0.039811
v 0.275545 -0.98755997 -0.055757
v 0.27190301 -0.98714602 -0.01109
v 0.26969001 -0.985744 0.003564
v 0.27749401 -0.962367 -0.089056
v 0.29056099 -0.91746801 0.103841
v 0.27961099 -0.83672702 -0.132333
v 0.27961099 -0.83672702 -0.132333
v 0.30322999 -0.799178 -0.176964
v 0.28809801 -0.68088597 0.15348899
v 0.282828 -0.62320697 -0.233502
v 0.28470299 -0.60021597 0.14615899
v 0.294815 -0.55753601 0.144472
v 0.26161799 -0.569359 -0.099163
v 0.27590999 -0.54701298 0.093668
v 0.276714 -0.50349301 0.058508
v 0.278837 -0.483547 -0.038585
v 0.28108901 -0.50559598 -0.084434
v 0.307576 -0.40520799 -0.007962
v 0.28013101 -0.334546 -0.076291
v 0.25720799 -0.33375499 -0.073959
v 0.28013101 -0.334546 -0.076291
v 0.27176601 -0.32234699 0.001046
v 0.28916699 -0.327362 0.073365
v 0.26796401 -0.32198399 -0.007481
v 0.279405 -0.32548401 -0.051032
v 0.28039801 -0.25775 -0.093937
v 0.26719299 -0.23876999 -0.12878101
v 0.290378 -0.21803001 -0.195852
v 0.248399 -0.15902001 -0.143123
v 0.30236 -0.12757801 -0.21256
v 0.27850699 -0.118586 -0.119921
v 0.28815201 -0.067155 0.128188
v 0.281124 -0.050726 -0.128603
v 0.27757201 0.048178 0.025506
v 0.277798 0.048476 -0.020791
v 0.270583 0.040584 -0.009089
v 0.305574 0.113614 -0.062968
v 0.28284401 0.17418399 0.093059
v 0.25652 0.17316499 0.005513
v 0.26199701 0.13323 0.003647
v 0.25374201 0.16930901 -0.010279
v 0.281039 0.185872 -0.080817
v 0.267131 0.18582 0.007196
v 0.289074 0.21416099 -0.102919
v 0.281059 0.25715899 0.102483
v 0.275731 0.23064899 -0.086871
v 0.285689 0.30412501 -0.128123
v 0.281874 0.27131999 -0.129867
v 0.29121801 0.34110299 -0.245628
v 0.28191501 0.357079 -0.117387
v 0.29642901 0.39333501 -0.24168301
v 0.261792 0.43054 -0.073194
v 0.287689 0.41101599 -0.111428
v 0.28244001 0.460356 -0.048376
v 0.27826601 0.46117201 -0.009586
v 0.26733801 0.45195699 -0.025661
v 0.254529 0.43132001 -0.008977
v 0.27846199 0.46254799 0.003033
v 0.290719 0.64428997 0.002467
v 0.28294101 0.66182601 0.020287
v 0.270363 0.66564399 0.002296
v 0.28605399 -0.98659003 0.086519
v 0.30500901 -0.91426498 -0.12749
v 0.30500901 -0.91426498 -0.12749
v 0.29790401 -0.78302002 -0.221223
v 0.295975 -0.721654 -0.170425
v 0.28080401 -0.714656 -0.23711701
v 0.26129499 -0.74739701 -0.25678
v 0.27659899 -0.65683299 -0.24417201
v 0.262328 -0.65725797 -0.247991
v 0.30739 -0.63843298 -0.215277
v 0.29461101 -0.53605598 -0.13335299
v 0.292593 -0.48194599 -0.086899
v 0.27846199 -0.46569899 0.002461
v 0.29221499 -0.46694699 0.078456
v 0.31504899 -0.409141 0.001577
v 0.28325701 -0.37760001 -0.070704
v 0.29147401 -0.33823699 0.088028
v 0.29385799 -0.249457 0.120373
v 0.273092 -0.208985 -0.113524
v 0.26719299 -0.23876999 -0.12878101
v 0.29268101 -0.26441601 -0.110554
v 0.294155 -0.20663799 -0.153892
v 0.26743299 -0.197001 -0.130118
v 0.28209701 -0.19677299 -0.124767
v 0.28209701 -0.19677299 -0.124767
v 0.28209701 -0.19677299 -0.124767
v 0.30002201 -0.174179 -0.19092301
v 0.295396 -0.147772 -0.24721099
v 0.295396 -0.147772 -0.24721099
v 0.29717201 -0.091325 -0.245497
v 0.29984701 -0.06954 -0.144509
v 0.28559899 -0.03958 -0.20947599
v 0.28447601 -0.043449 -0.140956
v 0.27071899 -0.035011 -0.119168
v 0.27071899 -0.035011 -0.119168
v 0.28447601 -0.043449 -0.140956
v 0.28209201 0.00217 -0.103989
v 0.28797999 0.049904 -0.072852
v 0.273523 0.062784 -0.009513
v 0.27390099 0.064322 0.003723
v 0.300888 0.109668 0.00387
v 0.287108 0.12679 -0.075443
v 0.276907 0.122696 0.050823
v 0.289074 0.21416099 -0.102919
v 0.29592299 0.27094299 0.130983
v 0.286084 0.31924 0.115357
v 0.297858 0.40639201 0.124378
v 0.283683 0.44387099 -0.099682
v 0.28244001 0.460356 -0.048376
v 0.29135299 0.470938 -0.06644
v 0.26278299 0.44949499 0.002244
v 0.277224 0.45176601 0.070838
v 0.27846199 0.46254799 0.003033
v 0.30821699 0.48008999 -0.104052
v 0.32328501 0.503097 -0.009734
v 0.358518 0.56945997 -0.009082
v 0.32262701 -0.98891401 0.13724799
v 0.30880001 -0.988603 -0.12615401
v 0.29632199 -0.92300099 -0.13368
v 0.32912701 -0.83050299 -0.18147901
v 0.29790401 -0.78302002 -0.221223
v 0.28773499 -0.82076198 -0.228744
v 0.30338901 -0.758533 0.176356
v 0.288113 -0.67133099 -0.22983301
v 0.282828 -0.62320697 -0.233502
v 0.30557001 -0.59991902 -0.220459
v 0.29829201 -0.61918002 -0.161428
v 0.30324301 -0.51332903 0.120269
v 0.27942199 -0.46304101 -0.009074
v 0.28742599 -0.46651399 -0.069408
v 0.316293 -0.41573501 -0.044506
v 0.30558801 -0.42506799 -0.009079
v 0.253218 -0.39917299 -0.01258
v 0.25071499 -0.399261 -0.051723
v 0.30019701 -0.396218 -0.065541
v 0.30019701 -0.396218 -0.065541
v 0.30057999 -0.39489499 0.092687
v 0.29268101 -0.26441601 -0.110554
v 0.31617299 -0.203345 0.155779
v 0.29796001 -0.20266201 -0.146587
v 0.26743299 -0.197001 -0.130118
v 0.294155 -0.20663799 -0.153892
v 0.303637 0.000671 -0.16413701
v 0.29844299 -0.002854 0.12122
v 0.28209201 0.00217 -0.103989
v 0.31710801 0.015181 -0.13658901
v 0.28101701 0.060599 -0.057491
v 0.28016099 0.062045 0.051653
v 0.300888 0.109668 0.00387
v 0.276907 0.122696 0.050823
v 0.26199701 0.13323 0.003647
v 0.29495099 0.122862 0.09287
v 0.31072301 0.18580601 0.122424
v 0.289074 0.21416099 -0.102919
v 0.308146 0.29108301 -0.238646
v 0.31591401 0.361303 -0.22297899
v 0.29788601 0.44490701 0.111631
v 0.283683 0.44387099 -0.099682
v 0.28760001 0.48328799 0.06204
v 0.28865099 0.493469 -0.029172
v 0.281849 0.490509 -0.009025
v 0.28433099 0.49303699 0.00215
v 0.28294101 0.66182601 0.020287
v 0.30762601 0.66675597 0.029648
v 0.270363 0.66564399 0.002296
v 0.31542599 -0.85627502 -0.19701301
v 0.32244 -0.81421697 0.17295501
v 0.32492799 -0.80333 0.185257
v 0.318441 -0.743536 0.179636
v 0.322559 -0.742993 -0.190641
v 0.30739 -0.63843298 -0.215277
v 0.325445 -0.61292499 0.182368
v 0.29368001 -0.60895801 -0.1707
v 0.315615 -0.56841302 -0.174363
v 0.315615 -0.56841302 -0.174363
v 0.31762201 -0.54834598 0.151913
v 0.31289899 -0.52985698 -0.14832
v 0.30558801 -0.42506799 -0.009079
v 0.34679601 -0.40024999 -0.011422
v 0.256071 -0.400518 0.011475
v 0.251784 -0.40390199 0.002423
v 0.342354 -0.40021199 0.011195
v 0.31504899 -0.409141 0.001577
v 0.28195599 -0.39865401 0.043303
v 0.302692 -0.39367899 -0.099733
v 0.28325701 -0.37760001 -0.070704
v 0.291695 -0.33378401 -0.101001
v 0.302692 -0.39367899 -0.099733
v 0.30938399 -0.32501501 -0.109924
v 0.30938399 -0.32501501 -0.109924
v 0.29268101 -0.26441601 -0.110554
v 0.29796001 -0.20266201 -0.146587
v 0.31697401 -0.050811 -0.232263
v 0.28797999 0.049904 -0.072852
v 0.302935 0.048477 -0.101203
v 0.30263099 0.062834 -0.103865
v 0.31054601 0.108257 -0.074712
v 0.287108 0.12679 -0.075443
v 0.248101 0.120235 -0.078474
v 0.32263899 0.122345 0.059141
v 0.29495099 0.122862 0.09287
v 0.30355799 0.126874 -0.106108
v 0.306301 0.17666399 -0.12644599
v 0.31295699 0.395724 0.139449
v 0.30822599 0.441421 -0.159482
v 0.315891 0.44638601 -0.138363
v 0.315891 0.44638601 -0.138363
v 0.32328501 0.503097 -0.009734
v 0.32886499 0.67193002 0.001956
v 0.32262701 -0.98891401 0.13724799
v 0.316607 -0.93138403 0.14868
v 0.318717 -0.91757399 0.13863701
v 0.32912701 -0.83050299 -0.18147901
v 0.315604 -0.66587502 -0.185498
v 0.29829201 -0.61918002 -0.161428
v 0.30557001 -0.59991902 -0.220459
v 0.32208601 -0.49632299 -0.142316
v 0.31962001 -0.46407399 -0.12741999
v 0.31504899 -0.409141 0.001577
v 0.325555 -0.337028 -0.143766
v 0.291695 -0.33378401 -0.101001
v 0.317307 -0.26358601 -0.143013
v 0.31568599 -0.198091 -0.23329499
v 0.33372501 -0.081274 0.168597
v 0.34828499 -0.057039 -0.191763
v 0.32409501 -0.019778 0.15738399
v 0.32924801 -0.021676 -0.216282
v 0.31710801 0.015181 -0.13658901
v 0.322391 0.058029 0.122086
v 0.32247299 0.109668 0.08777
v 0.30804601 0.113329 0.037487
v 0.305574 0.113614 -0.062968
v 0.30033699 0.11084 -0.009497
v 0.300888 0.109668 0.00387
v 0.332674 0.123864 0.138136
v 0.31845501 0.189785 -0.12824699
v 0.31104901 0.28613999 -0.183623
v 0.31605199 0.27565601 -0.160616
v 0.321284 0.30226901 0.157387
v 0.31605199 0.27565601 -0.160616
v 0.308146 0.29108301 -0.238646
v 0.29121801 0.34110299 -0.245628
v 0.31718799 0.30915299 -0.235443
v 0.32339701 0.304194 -0.164436
v 0.29642901 0.39333501 -0.24168301
v 0.327957 0.309596 -0.22133499
v 0.325427 0.41378099 -0.208509
v 0.34091601 0.41960201 -0.167895
v 0.31685799 0.445703 -0.216906
v 0.29642901 0.39333501 -0.24168301
v 0.29788601 0.44490701 0.111631
v 0.30652899 0.459575 0.084046
v 0.338792 0.48573801 -0.13711099
v 0.30566499 0.48600501 -0.065421
v 0.326727 0.491249 0.00491
v 0.32550499 0.50062698 -0.030515
v 0.326727 0.491249 0.00491
v 0.35191199 0.507559 0.001758
v 0.309374 0.599253 0.001811
v 0.30824301 0.606938 0.016982
v 0.31564599 0.636841 0.012931
v 0.32886499 0.67193002 0.001956
v 0.499715 0.93538302 0.002485
v 0.33901101 -0.92555201 -0.17685901
v 0.315034 -0.810242 -0.204418
v 0.31542599 -0.85627502 -0.19701301
v 0.33684 -0.75547397 -0.20928299
v 0.33553299 -0.61462301 -0.194778
v 0.32821599 -0.582322 0.186151
v 0.345779 -0.54309499 -0.189649
v 0.34015399 -0.415185 -0.102844
v 0.32704499 -0.420219 0.075321
v 0.315864 -0.414859 -0.012539
v 0.316293 -0.41573501 -0.044506
v 0.30558801 -0.42506799 -0.009079
v 0.31692401 -0.32881799 0.118849
v 0.317307 -0.26358601 -0.143013
v 0.33111799 -0.20328 -0.182293
v 0.33111799 -0.20328 -0.182293
v 0.33353299 -0.177177 -0.213085
v 0.32130101 -0.130327 -0.22715101
v 0.295396 -0.147772 -0.24721099
v 0.29717201 -0.091325 -0.245497
v 0.33175701 -0.075963 -0.212565
v 0.32336 -0.034576 -0.173549
v 0.32336 -0.034576 -0.173549
v 0.31054601 0.108257 -0.074712
v 0.30804601 0.113329 0.037487
v 0.30355799 0.126874 -0.106108
v 0.322972 0.121911 -0.082484
v 0.287108 0.12679 -0.075443
v 0.340343 0.175164 0.154635
v 0.332082 0.25662601 -0.219846
v 0.34676501 0.270852 0.174328
v 0.31591401 0.361303 -0.22297899
v 0.327957 0.309596 -0.22133499
v 0.325427 0.41378099 -0.208509
v 0.35277 0.40744799 -0.171115
v 0.325427 0.41378099 -0.208509
v 0.310265 0.656699 -0.012327
v 0.338346 -0.98745102 -0.156728
v 0.33553299 -0.61462301 -0.194778
v 0.33553299 -0.61462301 -0.194778
v 0.33983499 -0.57804799 -0.197901
v 0.333038 -0.462428 0.13180099
v 0.34732699 -0.51675999 0.16606399
v 0.315864 -0.414859 -0.012539
v 0.30057999 -0.39489499 0.092687
v 0.35883 -0.400581 0.13249101
v 0.326024 -0.39474201 -0.125605
v 0.345375 -0.347552 0.148398
v 0.33953199 -0.232243 -0.21209601
v 0.31568599 -0.198091 -0.23329499
v 0.35322401 -0.137834 -0.19450399
v 0.31697401 -0.050811 -0.232263
v 0.32251599 0.056578 -0.127324
v 0.322972 0.121911 -0.082484
v 0.287108 0.12679 -0.075443
v 0.33483601 0.125594 -0.14071
v 0.344064 0.215119 -0.15655801
v 0.34189001 0.25080401 0.163193
v 0.330571 0.27142501 -0.177029
v 0.31685799 0.445703 -0.216906
v 0.35339901 0.46325701 0.1451
v 0.348382 0.471495 -0.186022
v 0.328215 0.48194101 0.056032
v 0.32971701 0.58809 0.027362
v 0.35106099 0.60493898 0.004915
v 0.33350801 0.64240998 0.049007
v 0.36136699 -0.98852903 -0.182532
v 0.3432 -0.88153201 -0.17528801
v 0.34204999 -0.92029899 0.15926699
v 0.33143201 -0.84281403 -0.192334
v 0.32912701 -0.83050299 -0.18147901
v 0.36625701 -0.687599 0.21241599
v 0.33553299 -0.61462301 -0.194778
v 0.36520901 -0.47145 0.162192
v 0.35317099 -0.40455401 -0.008409
v 0.35992399 -0.397273 0.142525
v 0.35992399 -0.397273 0.142525
v 0.357104 -0.32483301 -0.15980799
v 0.325555 -0.337028 -0.143766
v 0.34236899 -0.253683 0.163101
v 0.33111799 -0.20328 -0.182293
v 0.32130101 -0.130327 -0.22715101
v 0.33175701 -0.075963 -0.212565
v 0.34478399 -0.066956 0.17828199
v 0.355268 -0.00155 -0.19216301
v 0.34773201 0.057055 0.144225
v 0.32247299 0.109668 0.08777
v 0.36310801 0.114203 0.108162
v 0.30804601 0.113329 0.037487
v 0.35116401 0.177415 -0.165454
v 0.34391099 0.18888199 -0.150097
v 0.344064 0.215119 -0.15655801
v 0.332082 0.25662601 -0.219846
v 0.330571 0.27142501 -0.177029
v 0.34849599 0.409706 0.16845199
v 0.361801 0.451552 -0.17146599
v 0.30652899 0.459575 0.084046
v 0.333491 0.45754799 0.065695
v 0.328215 0.48194101 0.056032
v 0.34226799 0.48332399 -0.052224
v 0.353771 0.57656902 0.002696
v 0.349832 0.609532 0.045265
v 0.33350801 0.64240998 0.049007
v 0.34221101 0.65712798 0.028453
v 0.53107101 -0.99792898 -0.013095
v 0.338346 -0.98745102 -0.156728
v 0.355028 -0.93240201 0.17768601
v 0.362418 -0.75761497 0.21480601
v 0.33983499 -0.57804799 -0.197901
v 0.32704499 -0.420219 0.075321
v 0.35527399 -0.41285801 0.068537
v 0.355674 -0.40557399 0.005501
v 0.36880499 -0.405018 -0.051409
v 0.31504899 -0.409141 0.001577
v 0.34679601 -0.40024999 -0.011422
v 0.355674 -0.40557399 0.005501
v 0.326024 -0.39474201 -0.125605
v 0.37433699 -0.398168 -0.074765
v 0.34507799 -0.39414999 -0.14770301
v 0.357104 -0.32483301 -0.15980799
v 0.355533 -0.201611 -0.196518
v 0.33353299 -0.177177 -0.213085
v 0.33953199 -0.232243 -0.21209601
v 0.36675799 -0.075145 -0.197097
v 0.36456501 -0.076578 0.185378
v 0.340734 -0.054147 -0.205541
v 0.34605801 -0.044371 -0.191368
v 0.34605801 -0.044371 -0.191368
v 0.36828601 -0.017607 0.182524
v 0.36363801 0.070018 -0.160459
v 0.32263899 0.122345 0.059141
v 0.30804601 0.113329 0.037487
v 0.36310801 0.114203 0.108162
v 0.33483601 0.125594 -0.14071
v 0.36724201 0.25455901 0.176355
v 0.34925801 0.28300399 -0.206613
v 0.361801 0.451552 -0.17146599
v 0.35339901 0.46325701 0.1451
v 0.344524 0.44401801 -0.002647
v 0.326727 0.491249 0.00491
v 0.33633599 0.467314 0.028472
v 0.34373099 0.450627 0.114384
v 0.333491 0.45754799 0.065695
v 0.30652899 0.459575 0.084046
v 0.350768 0.50967598 -0.091542
v 0.36745799 -0.98824799 0.168369
v 0.36745799 -0.98824799 0.168369
v 0.3432 -0.88153201 -0.17528801
v 0.36727801 -0.81327301 -0.206476
v 0.364438 -0.79916298 -0.21492
v 0.39443499 -0.812433 0.212392
v 0.37763199 -0.68888098 -0.223368
v 0.36777899 -0.60378599 -0.21110301
v 0.372374 -0.59967297 0.212129
v 0.34015399 -0.415185 -0.102844
v 0.35407701 -0.39959601 -0.04749
v 0.37000799 -0.329339 0.15764999
v 0.37136099 -0.26231 -0.18602
v 0.355533 -0.201611 -0.196518
v 0.34605801 -0.044371 -0.191368
v 0.32924801 -0.021676 -0.216282
v 0.36207101 -0.024514 -0.191321
v 0.37042499 0.009629 -0.17554399
v 0.363417 0.109626 0.130804
v 0.36513999 0.113647 -0.136632
v 0.37682199 0.119482 0.12648501
v 0.332674 0.123864 0.138136
v 0.35819 0.235276 -0.196291
v 0.36993599 0.25916201 -0.18805601
v 0.34925801 0.28300399 -0.206613
v 0.348382 0.471495 -0.186022
v 0.35339901 0.46325701 0.1451
v 0.370202 0.483172 -0.161282
v 0.32550499 0.50062698 -0.030515
v 0.34634301 0.48464599 -0.014288
v 0.34226799 0.48332399 -0.052224
v 0.32328501 0.503097 -0.009734
v 0.348371 0.51016003 0.118701
v 0.34376901 0.52805102 0.108484
v 0.34173399 0.50962198 0.084948
v 0.353771 0.57656902 0.002696
v 0.35047701 0.572308 0.041325
v 0.38859999 0.64120299 -0.009047
v 0.594078 -0.98849201 -0.54317802
v 0.38707 -0.88313299 0.194693
v 0.389092 -0.74151897 0.218182
v 0.33983499 -0.57804799 -0.197901
v 0.387907 -0.45190299 -0.171942
v 0.357104 -0.32483301 -0.15980799
v 0.36694801 -0.334975 -0.17474499
v 0.325555 -0.337028 -0.143766
v 0.37136099 -0.26231 -0.18602
v 0.355533 -0.201611 -0.196518
v 0.355268 -0.00155 -0.19216301
v 0.37682199 0.119482 0.12648501
v 0.38937199 0.120451 0.165665
v 0.371512 0.127088 -0.16459399
v 0.38821399 0.194933 -0.16782001
v 0.36993599 0.25916201 -0.18805601
v 0.377711 0.30748701 0.188052
v 0.36823499 0.395769 0.173619
v 0.361801 0.451552 -0.17146599
v 0.37749699 0.44353199 0.004929
v 0.344524 0.44401801 -0.002647
v 0.33633599 0.467314 0.028472
v 0.344524 0.44401801 -0.002647
v 0.357793 0.44680601 -0.040176
v 0.34634301 0.48464599 -0.014288
v 0.32328501 0.503097 -0.009734
v 0.35767001 0.45820299 -0.007593
v 0.349172 0.48932701 0.101761
v 0.35917801 0.47419599 0.078139
v 0.35767001 0.45820299 -0.007593
v 0.35360199 0.53724903 0.057019
v 0.361085 0.615749 -0.011574
v 0.35675699 0.61203498 0.052617
v 0.36831099 0.63549602 0.003273
v 0.63251001 -0.99763399 0.37046501
v 0.38661999 -0.98565 -0.184026
v 0.39113399 -0.923181 0.18476801
v 0.3432 -0.88153201 -0.17528801
v 0.38889199 -0.79867101 0.21887
v 0.38552999 -0.74265897 -0.223885
v 0.36661401 -0.57756603 -0.212193
v 0.38039801 -0.50147003 -0.18638401
v 0.37761801 -0.41462401 -0.137697
v 0.387694 -0.41602299 0.128887
v 0.37761801 -0.41462401 -0.137697
v 0.35317099 -0.40455401 -0.008409
v 0.35317099 -0.40455401 -0.008409
v 0.34507799 -0.39414999 -0.14770301
v 0.34507799 -0.39414999 -0.14770301
v 0.37136099 -0.26231 -0.18602
v 0.378847 -0.20615201 0.195875
v 0.40782401 -0.257173 0.190873
v 0.36207101 -0.024514 -0.191321
v 0.34828499 -0.057039 -0.191763
v 0.34605801 -0.044371 -0.191368
v 0.37042499 0.009629 -0.17554399
v 0.36993599 0.25916201 -0.18805601
v 0.35819 0.235276 -0.196291
v 0.38546401 0.310956 -0.194629
v 0.344524 0.44401801 -0.002647
v 0.36296901 0.448962 -0.012326
v 0.357793 0.44680601 -0.040176
v 0.37749699 0.44353199 0.004929
v 0.344524 0.44401801 -0.002647
v 0.34634301 0.48464599 -0.014288
v 0.35767001 0.45820299 -0.007593
v 0.372738 0.47386301 0.016711
v 0.35917801 0.47419599 0.078139
v 0.344524 0.44401801 -0.002647
v 0.35767001 0.45820299 -0.007593
v 0.36570999 0.48389399 0.043035
v 0.381598 0.495682 -0.113223
v 0.36570999 0.48389399 0.043035
v 0.352972 0.52597302 0.012685
v 0.372738 0.47386301 0.016711
v 0.35191199 0.507559 0.001758
v 0.34376901 0.52805102 0.108484
v 0.348371 0.51016003 0.118701
v 0.370316 0.51135999 0.133054
v 0.357041 0.56624001 0.091787
v 0.35675699 0.61203498 0.052617
v 0.36537501 0.63414198 0.041663
v 0.57588601 -0.98846197 0.26323101
v 0.38661999 -0.98565 -0.184026
v 0.374502 -0.91639698 -0.18471
v 0.374502 -0.91639698 -0.18471
v 0.38479301 -0.75466102 -0.22999001
v 0.38207701 -0.547553 0.201451
v 0.36880499 -0.405018 -0.051409
v 0.37462899 -0.394095 -0.166136
v 0.38721499 -0.184911 0.196477
v 0.395852 0.044241 0.170719
v 0.363417 0.109626 0.130804
v 0.42571601 0.121708 -0.13653
v 0.36513999 0.113647 -0.136632
v 0.322972 0.121911 -0.082484
v 0.38821399 0.194933 -0.16782001
v 0.38195401 0.184845 0.168787
v 0.39731401 0.203684 0.178931
v 0.380117 0.47853899 -0.046569
v 0.37126899 0.462706 -0.068692
v 0.378658 0.477772 0.14588501
v 0.37126899 0.462706 -0.068692
v 0.381598 0.495682 -0.113223
v 0.350768 0.50967598 -0.091542
v 0.36296901 0.448962 -0.012326
v 0.371427 0.51353198 -0.043015
v 0.380117 0.47853899 -0.046569
v 0.349172 0.48932701 0.101761
v 0.37364301 0.491292 0.13015699
v 0.37765399 0.54541999 0.110921
v 0.36731601 0.59846097 -0.024148
v 0.37765399 0.54541999 0.110921
v 0.38374999 0.61938798 0.101819
v 0.40840101 0.65938801 0.003113
v 0.36831099 0.63549602 0.003273
v 0.443176 -0.98875397 0.19632401
v 0.38269901 -0.92657501 -0.198209
v 0.395271 -0.60951 0.214937
v 0.395724 -0.54298002 -0.21527
v 0.387694 -0.41602299 0.128887
v 0.38613099 -0.40381601 0.05073
v 0.38613099 -0.40381601 0.05073
v 0.37462899 -0.394095 -0.166136
v 0.355533 -0.201611 -0.196518
v 0.38477001 -0.21335199 -0.20953199
v 0.37136099 -0.26231 -0.18602
v 0.39273199 -0.057756 -0.20784301
v 0.37042499 0.009629 -0.17554399
v 0.39636499 0.06224 0.16904099
v 0.36513999 0.113647 -0.136632
v 0.41771701 0.083661 -0.17464501
v 0.36363801 0.070018 -0.160459
v 0.371512 0.127088 -0.16459399
v 0.38346401 0.23065101 -0.18324
v 0.38821399 0.194933 -0.16782001
v 0.40690601 0.44112599 0.178745
v 0.370202 0.483172 -0.161282
v 0.36296901 0.448962 -0.012326
v 0.37749699 0.44353199 0.004929
v 0.35767001 0.45820299 -0.007593
v 0.392196 0.47434801 0.128093
v 0.392196 0.47434801 0.128093
v 0.37364301 0.491292 0.13015699
v 0.399701 0.56916702 0.135297
v 0.39450401 0.61656201 -0.040818
v 0.38374999 0.61938798 0.101819
v 0.432071 -0.93387198 0.201079
v 0.41890401 -0.91620702 -0.201462
v 0.38958699 -0.50484902 0.182431
v 0.395298 -0.40073499 -0.087389
v 0.40322 -0.40049401 0.160015
v 0.42815599 -0.34153 0.178561
v 0.43405601 -0.32256401 -0.190449
v 0.403961 -0.25149199 -0.198539
v 0.399849 -0.062766 0.201949
v 0.38937199 0.120451 0.165665
v 0.39376801 0.173282 0.177782
v 0.405581 0.17661101 -0.184999
v 0.42469701 0.40634599 0.19460499
v 0.361801 0.451552 -0.17146599
v 0.370202 0.483172 -0.161282
v 0.411551 0.457297 -0.17972501
v 0.378658 0.477772 0.14588501
v 0.37932199 0.44723299 -0.093493
v 0.404401 0.47494799 -0.114193
v 0.40728 0.50351799 0.172341
v 0.386843 0.51926601 0.162626
v 0.403597 0.56651503 -0.068269
v 0.45433301 0.660496 0.002282
v 0.416601 -0.41356599 -0.15397
v 0.395298 -0.40073499 -0.087389
v 0.410467 -0.40119401 0.08907
v 0.405256 -0.392784 -0.178444
v 0.36675799 -0.075145 -0.197097
v 0.40581399 0.111897 -0.1549
v 0.38346401 0.23065101 -0.18324
v 0.43260199 0.27930599 -0.206468
v 0.41759399 0.325627 -0.2015
v 0.419036 0.42113301 -0.194396
v 0.40187299 0.44671899 -0.084175
v 0.37932199 0.44723299 -0.093493
v 0.37126899 0.462706 -0.068692
v 0.378658 0.477772 0.14588501
v 0.40834799 0.47889501 -0.152007
v 0.39456299 0.50710797 -0.062338
v 0.399701 0.56916702 0.135297
v 0.41730201 0.59510797 0.138227
v 0.41852701 0.664805 0.04283
v 0.40840101 0.65938801 0.003113
v 0.65415102 0.98634601 -0.009041
v 0.42435601 -0.98638302 -0.195187
v 0.43389201 -0.98439801 0.188535
v 0.42435601 -0.98638302 -0.195187
v 0.437635 -0.80760598 -0.229399
v 0.450881 -0.79628402 -0.237251
v 0.449976 -0.75697601 0.23480999
v 0.42695099 -0.69114399 0.23038
v 0.44570401 -0.59809101 0.228544
v 0.43495801 -0.598261 -0.22744299
v 0.42844799 -0.58691102 -0.22954699
v 0.421029 -0.54964501 0.21207
v 0.43216899 -0.47565699 -0.196482
v 0.43818 -0.404504 -0.114327
v 0.416601 -0.41356599 -0.15397
v 0.41439301 -0.40481299 0.077614
v 0.40322 -0.40049401 0.160015
v 0.42253399 -0.33464801 -0.19340301
v 0.44193199 -0.190098 -0.220191
v 0.35322401 -0.137834 -0.19450399
v 0.43320501 -0.01283 -0.204694
v 0.37042499 0.009629 -0.17554399
v 0.41174099 0.107759 0.15128
v 0.40581399 0.111897 -0.1549
v 0.42571601 0.121708 -0.13653
v 0.43170699 0.12957001 -0.18056799
v 0.42212701 0.26695499 0.195943
v 0.41829601 0.37472001 0.190026
v 0.419036 0.42113301 -0.194396
v 0.411888 0.44714499 -0.100443
v 0.40860599 0.48565501 -0.061719
v 0.40834799 0.47889501 -0.152007
v 0.40860599 0.48565501 -0.061719
v 0.40834799 0.47889501 -0.152007
v 0.41051799 0.55208802 0.139549
v 0.399701 0.56916702 0.135297
v 0.43158901 0.64876199 0.090678
v 0.449608 -0.98882902 -0.205174
v 0.43389201 -0.98439801 0.188535
v 0.43792701 -0.93155098 -0.211785
v 0.440413 -0.75437099 -0.24166501
v 0.42868799 -0.49345601 0.192404
v 0.42319599 -0.41815901 0.146457
v 0.41439301 -0.40481299 0.077614
v 0.442972 -0.330625 0.176052
v 0.43036601 -0.203952 0.206672
v 0.436207 0.043982 -0.186505
v 0.46303499 0.116438 0.128189
v 0.47225201 0.119963 0.173595
v 0.43170699 0.12957001 -0.18056799
v 0.41203299 0.12617201 -0.164279
v 0.421817 0.25581101 0.191476
v 0.411888 0.44714499 -0.100443
v 0.41767401 0.46886399 -0.092551
v 0.43377301 0.47899899 0.15048601
v 0.41703901 0.520962 0.172391
v 0.457205 -0.396375 -0.099072
v 0.44289801 -0.23821799 -0.20923001
v 0.43835199 -0.129788 0.20860399
v 0.443461 -0.074864 0.20485701
v 0.395852 0.044241 0.170719
v 0.44119099 0.046374 0.177724
v 0.39636499 0.06224 0.16904099
v 0.446677 0.067068 0.17609499
v 0.41174099 0.107759 0.15128
v 0.46663401 0.085648 -0.17458899
v 0.41174099 0.107759 0.15128
v 0.433121 0.189027 -0.184553
v 0.44721401 0.17342301 0.184248
v 0.44854099 0.18451899 0.179638
v 0.431317 0.214764 -0.192617
v 0.44077 0.30838701 0.198406
v 0.455762 0.40236899 -0.195016
v 0.40834799 0.47889501 -0.152007
v 0.404401 0.47494799 -0.114193
v 0.424164 0.50329798 -0.159448
v 0.40860599 0.48565501 -0.061719
v 0.429598 0.50366801 -0.105004
v 0.659078 -0.988428 -0.75846398
v 0.81307602 -0.988419 0.59518999
v 0.44475999 -0.87368798 0.20930301
v 0.45622599 -0.735645 -0.23722599
v 0.439255 -0.69173801 -0.23981801
v 0.457205 -0.396375 -0.099072
v 0.44870701 -0.386197 -0.185361
v 0.45362201 -0.072824 -0.21438999
v 0.431757 -0.015802 0.197201
v 0.46303499 0.116438 0.128189
v 0.36310801 0.114203 0.108162
v 0.47225201 0.119963 0.173595
v 0.455176 0.395652 0.188274
v 0.411888 0.44714499 -0.100443
v 0.41767401 0.46886399 -0.092551
v 0.404401 0.47494799 -0.114193
v 0.404401 0.47494799 -0.114193
v 0.41767401 0.46886399 -0.092551
v 0.429598 0.50366801 -0.105004
v 0.43737599 0.51541299 -0.144765
v 0.45857999 0.61392701 -0.050039
v 0.43796501 0.65052801 -0.009308
v 0.98616099 -0.997536 -0.75858802
v 0.461824 -0.80330199 0.225236
v 0.460513 -0.61080903 0.22347701
v 0.45702001 -0.51582402 -0.212853
v 0.46506301 -0.43150601 -0.172443
v 0.42319599 -0.41815901 0.146457
v 0.482402 -0.40082401 0.092113
v 0.40322 -0.40049401 0.160015
v 0.462073 -0.39705601 0.16612799
v 0.42815599 -0.34153 0.178561
v 0.443461 -0.074864 0.20485701
v 0.456285 -0.062846 0.20925499
v 0.399849 -0.062766 0.201949
v 0.455042 -0.057512 -0.21593
v 0.431757 -0.015802 0.197201
v 0.405581 0.17661101 -0.184999
v 0.46349999 0.17725401 -0.187369
v 0.43170699 0.12957001 -0.18056799
v 0.433121 0.189027 -0.184553
v 0.478719 0.478504 -0.165525
v 0.424164 0.50329798 -0.159448
v 0.438683 0.472087 -0.088826
v 0.43921599 0.51355302 -0.066605
v 0.61670101 -0.99766302 -0.55755001
v 0.461189 -0.92262602 0.19422901
v 0.47253701 -0.74073702 0.2273
v 0.47203299 -0.69075298 0.231776
v 0.40782401 -0.257173 0.190873
v 0.48863599 -0.244666 0.193866
v 0.43036601 -0.203952 0.206672
v 0.47594601 -0.133027 -0.217613
v 0.485131 -0.190322 -0.214783
v 0.46902701 0.107431 0.153008
v 0.47918001 0.109568 -0.156793
v 0.46634999 0.30766499 0.195261
v 0.456581 0.47616601 -0.051726
v 0.438683 0.472087 -0.088826
v 0.43377301 0.47899899 0.15048601
v 0.47200799 0.51309299 0.136775
v 0.40728 0.50351799 0.172341
v 0.41703901 0.520962 0.172391
v 0.41730201 0.59510797 0.138227
v 0.472231 0.56514603 -0.064045
v 0.48642799 -0.40109399 0.143114
v 0.405256 -0.392784 -0.178444
v 0.485203 -0.39275101 -0.17665
v 0.47873399 -0.020149 0.197781
v 0.46694201 0.050444 -0.18415301
v 0.46902701 0.107431 0.153008
v 0.456581 0.47616601 -0.051726
v 0.45143601 0.56162298 0.13493
v 0.45143601 0.56162298 0.13493
v 0.47577399 0.608962 0.117083
v 0.45640999 0.66029203 0.050543
v 0.45433301 0.660496 0.002282
v 0.48457199 -0.98616397 -0.19326299
v 0.47461 -0.61267799 -0.229385
v 0.464084 -0.54841799 0.212386
v 0.493166 -0.54961801 -0.22043499
v 0.395724 -0.54298002 -0.21527
v 0.45702001 -0.51582402 -0.212853
v 0.478479 -0.52862602 -0.20783301
v 0.496077 -0.433927 0.154107
v 0.479469 -0.40506601 0.081264
v 0.49766901 -0.41359499 0.115508
v 0.479469 -0.40506601 0.081264
v 0.462073 -0.39705601 0.16612799
v 0.49098101 -0.002246 -0.195399
v 0.50852001 0.12673999 -0.163571
v 0.472397 0.25572199 0.188776
v 0.492818 0.269943 0.19016001
v 0.481552 0.43958199 0.17806
v 0.480984 0.43484101 -0.18787
v 0.45845899 0.477516 -0.102994
v 0.45152301 0.451038 -0.091718
v 0.45285299 0.470438 -0.075111
v 0.45152301 0.451038 -0.091718
v 0.438683 0.472087 -0.088826
v 0.45285299 0.470438 -0.075111
v 0.45536199 0.507617 -0.124833
v 0.43737599 0.51541299 -0.144765
v 0.47577399 0.608962 0.117083
v 0.41890401 -0.91620702 -0.201462
v 0.437635 -0.80760598 -0.229399
v 0.47985801 -0.91600001 -0.204616
v 0.47335601 -0.52940702 0.20493101
v 0.50859803 -0.41848499 -0.14436799
v 0.49088201 -0.33454999 -0.188107
v 0.47764501 -0.199752 0.20649301
v 0.49274299 -0.1894 0.198477
v 0.43036601 -0.203952 0.206672
v 0.43835199 -0.129788 0.20860399
v 0.482997 -0.075195 0.201001
v 0.49068099 -0.020469 -0.20448899
v 0.48137501 0.115382 -0.135121
v 0.47918001 0.109568 -0.156793
v 0.48448101 0.18754999 -0.179104
v 0.497641 0.18389601 0.16969
v 0.43260199 0.27930599 -0.206468
v 0.41759399 0.325627 -0.2015
v 0.49465299 0.284953 -0.196971
v 0.455762 0.40236899 -0.195016
v 0.45433301 0.660496 0.002282
v 0.45640999 0.66029203 0.050543
v 0.465278 0.68892199 0.002893
v 0.465278 0.68892199 0.002893
v 0.48541501 0.72299701 0.002061
v 0.48457199 -0.98616397 -0.19326299
v 0.47985801 -0.91600001 -0.204616
v 0.461189 -0.92262602 0.19422901
v 0.491851 -0.90991199 0.196337
v 0.44475999 -0.87368798 0.20930301
v 0.494757 -0.804748 -0.22476301
v 0.461824 -0.80330199 0.225236
v 0.50095397 -0.582564 -0.225898
v 0.42844799 -0.58691102 -0.22954699
v 0.493166 -0.54961801 -0.22043499
v 0.490686 -0.45383501 0.170656
v 0.496077 -0.433927 0.154107
v 0.46506301 -0.43150601 -0.172443
v 0.442972 -0.330625 0.176052
v 0.48863599 -0.244666 0.193866
v 0.40782401 -0.257173 0.190873
v 0.47764501 -0.199752 0.20649301
v 0.49498799 -0.129767 0.20081501
v 0.49489799 0.045519 0.16853499
v 0.489528 0.122339 -0.12635501
v 0.489528 0.122339 -0.12635501
v 0.500561 0.17508499 -0.177835
v 0.431317 0.214764 -0.192617
v 0.49818999 0.39523301 -0.185946
v 0.47486699 0.45614499 -0.104644
v 0.469271 0.473589 0.093185
v 0.43377301 0.47899899 0.15048601
v 0.48056799 0.46430001 0.112873
v 0.48545101 0.46082801 0.14928401
v 0.48262501 0.50909001 -0.145569
v 0.48641101 0.49550399 -0.12037
v 0.43737599 0.51541299 -0.144765
v 0.47626001 0.48151499 -0.04034
v 0.494358 0.557953 0.113501
v 0.47577399 0.608962 0.117083
v 0.494203 0.60448599 0.082662
v 0.43158901 0.64876199 0.090678
v 0.48034599 0.69757199 0.048669
v 0.49540299 -0.98673803 0.179746
v 0.432071 -0.93387198 0.201079
v 0.43389201 -0.98439801 0.188535
v 0.50005299 -0.93044603 0.19459
v 0.52489603 -0.923841 -0.19897699
v 0.43495801 -0.598261 -0.22744299
v 0.47335601 -0.52940702 0.20493101
v 0.517654 -0.498564 0.186004
v 0.490686 -0.45383501 0.170656
v 0.44870701 -0.386197 -0.185361
v 0.485203 -0.39275101 -0.17665
v 0.51205498 -0.34167799 0.163672
v 0.49650699 -0.32337299 -0.18118
v 0.49975899 -0.237242 -0.20126501
v 0.506015 0.30769199 0.185019
v 0.50588602 0.40480399 0.180319
v 0.45152301 0.451038 -0.091718
v 0.52024901 0.45141599 -0.093751
v 0.47486699 0.45614499 -0.104644
v 0.52284402 0.474913 -0.071299
v 0.496712 0.45269799 -0.17261399
v 0.48893201 0.44764501 0.131386
v 0.48056799 0.46430001 0.112873
v 0.48545101 0.46082801 0.14928401
v 0.469271 0.473589 0.093185
v 0.50700498 0.52085102 0.089466
v 0.48262501 0.50909001 -0.145569
v 0.49479499 0.531196 -0.043694
v 0.45640999 0.66029203 0.050543
v 0.485356 0.63625401 -0.009886
v 0.486316 0.66363502 0.052403
v 0.48034599 0.69757199 0.048669
v 0.48446399 0.70776999 0.00403
v 0.49540299 -0.98673803 0.179746
v 0.440413 -0.75437099 -0.24166501
v 0.50086403 -0.74902701 -0.235543
v 0.450881 -0.79628402 -0.237251
v 0.45622599 -0.735645 -0.23722599
v 0.439255 -0.69173801 -0.23981801
v 0.52704 -0.671987 -0.22277699
v 0.47461 -0.61267799 -0.229385
v 0.52954102 -0.59451598 -0.212695
v 0.43216899 -0.47565699 -0.196482
v 0.50949901 -0.47800899 -0.18855
v 0.46506301 -0.43150601 -0.172443
v 0.51065397 -0.40434 -0.070091
v 0.52965301 -0.39854401 0.13995101
v 0.49669999 -0.32887 0.166501
v 0.51496601 -0.071702 -0.199606
v 0.50573301 -0.058045 -0.206671
v 0.508775 0.074078 -0.16539299
v 0.52260298 0.110627 -0.132851
v 0.51375198 0.107916 0.13532899
v 0.50592899 0.186094 -0.16872799
v 0.481552 0.43958199 0.17806
v 0.48753101 0.46638501 0.03301
v 0.47908801 0.47408101 0.031247
v 0.48465401 0.478104 0.061728
v 0.498431 0.472496 0.083135
v 0.49075401 0.59908003 -0.037796
v 0.49637499 0.635979 0.040806
v 0.48446399 0.70776999 0.00403
v 0.538288 0.71843201 -0.009538
v 0.75578898 0.85139102 -0.009177
v 0.59664798 -0.98826301 -0.228764
v 0.53240597 -0.98882401 -0.18486901
v 0.47253701 -0.74073702 0.2273
v 0.449976 -0.75697601 0.23480999
v 0.51705402 -0.75048 0.22179399
v 0.464084 -0.54841799 0.212386
v 0.44570401 -0.59809101 0.228544
v 0.52753901 -0.54966098 0.200082
v 0.43818 -0.404504 -0.114327
v 0.457205 -0.396375 -0.099072
v 0.50791401 -0.39731899 -0.078352
v 0.53175998 0.060997 0.14981499
v 0.52449298 0.115672 0.093779
v 0.50852001 0.12673999 -0.163571
v 0.51086301 0.39680001 0.172581
v 0.50520098 0.45199201 -0.134601
v 0.49004799 0.47837999 -0.007282
v 0.50833702 0.48219401 -0.007105
v 0.51245397 0.47551501 0.047226
v 0.497453 0.483823 -0.14832599
v 0.53035903 0.48525399 -0.053255
v 0.47626001 0.48151499 -0.04034
v 0.47908801 0.47408101 0.031247
v 0.49004799 0.47837999 -0.007282
v 0.50640798 0.49749199 0.036233
v 0.48465401 0.478104 0.061728
v 0.49479499 0.531196 -0.043694
v 0.47626001 0.48151499 -0.04034
v 0.497453 0.483823 -0.14832599
v 0.49525499 0.67352003 0.016528
v 0.50933599 0.71877903 0.002645
v 0.52755201 -0.79657602 0.210198
v 0.52301502 -0.73256499 -0.22290801
v 0.536017 -0.58709502 0.20716
v 0.460513 -0.61080903 0.22347701
v 0.52771401 -0.48953801 -0.179483
v 0.43818 -0.404504 -0.114327
v 0.50791401 -0.39731899 -0.078352
v 0.51065397 -0.40434 -0.070091
v 0.52965301 -0.39854401 0.13995101
v 0.53755599 -0.32513499 -0.160226
v 0.53942198 -0.188537 -0.192393
v 0.53140199 -0.064035 0.186244
v 0.50395203 0.11401 -0.112061
v 0.48137501 0.115382 -0.135121
v 0.489528 0.122339 -0.12635501
v 0.50395203 0.11401 -0.112061
v 0.497641 0.18389601 0.16969
v 0.545838 0.26241201 0.15942501
v 0.472397 0.25572199 0.188776
v 0.492818 0.269943 0.19016001
v 0.481552 0.43958199 0.17806
v 0.50588602 0.40480399 0.180319
v 0.537395 0.41399601 0.161845
v 0.50071102 0.46283799 -0.142552
v 0.50520098 0.45199201 -0.134601
v 0.52174503 0.45401901 0.15471999
v 0.52229398 0.463846 0.128915
v 0.48056799 0.46430001 0.112873
v 0.48893201 0.44764501 0.131386
v 0.51568401 0.51935399 -0.000383
v 0.50534302 0.61288202 0.054897
v 0.50870401 0.70253998 0.039838
v 0.50870401 0.70253998 0.039838
v 0.52166802 0.71859199 0.022087
v 0.724172 0.98644102 0.002538
v 0.61479902 -0.99802101 0.00106
v 0.62904298 -0.99747801 0.046369
v 0.52907002 -0.98664403 -0.17624199
v 0.52840197 -0.98904997 0.180986
v 0.55031198 -0.87541401 -0.189925
v 0.54985303 -0.78648901 -0.212547
v 0.47203299 -0.69075298 0.231776
v 0.534585 -0.60101098 0.20283701
v 0.51225901 -0.525895 0.18648501
v 0.50859803 -0.41848499 -0.14436799
v 0.54796898 -0.42357099 0.106394
v 0.54977202 -0.42388499 -0.119824
v 0.528427 -0.40018299 0.049795
v 0.50791401 -0.39731899 -0.078352
v 0.54247802 -0.39224401 -0.151691
v 0.52604598 -0.24770699 -0.186336
v 0.55434102 -0.19445901 0.17384499
v 0.54925299 -0.020523 0.16705801
v 0.51375198 0.107916 0.13532899
v 0.54982001 0.125809 -0.13714799
v 0.53475201 0.214175 -0.161393
v 0.48893201 0.44764501 0.131386
v 0.52229398 0.463846 0.128915
v 0.52305299 0.47678801 0.104036
v 0.52305299 0.47678801 0.104036
v 0.50748003 0.49916399 0.065786
v 0.51245397 0.47551501 0.047226
v 0.498431 0.472496 0.083135
v 0.51957899 0.564785 -0.009013
v 0.51568401 0.51935399 -0.000383
v 0.512119 0.58692801 0.067434
v 0.51884902 0.60333198 0.074089
v 0.50549102 0.608091 0.001891
v 0.51354301 0.59298003 0.044122
v 0.50241601 0.618545 0.028549
v 0.52156103 0.64914399 0.027906
v 0.49525499 0.67352003 0.016528
v 0.49637499 0.635979 0.040806
v 0.52156103 0.64914399 0.027906
v 0.98960799 -0.99427003 -0.76522601
v 0.63823801 -0.99742597 -0.037466
v 0.98960799 -0.99427003 -0.76522601
v 0.52489603 -0.923841 -0.19897699
v 0.55531198 -0.90924299 -0.175724
v 0.55840999 -0.90978402 0.165466
v 0.55183202 -0.82348597 0.19163799
v 0.54501498 -0.52839398 -0.18767899
v 0.54790598 -0.46981499 -0.16595
v 0.53544497 -0.242645 0.17333101
v 0.55456603 -0.185864 0.169778
v 0.52260298 0.110627 -0.132851
v 0.54086399 0.120309 0.13875
v 0.47225201 0.119963 0.173595
v 0.54209298 0.170872 0.14911599
v 0.53830099 0.184241 0.146475
v 0.54785401 0.290714 -0.17060301
v 0.52174503 0.45401901 0.15471999
v 0.50071102 0.46283799 -0.142552
v 0.51991802 0.462284 -0.139156
v 0.496712 0.45269799 -0.17261399
v 0.53645003 0.49595299 0.018175
v 0.52305299 0.47678801 0.104036
v 0.52498502 0.54213798 0.03046
v 0.51409602 0.598912 0.053591
v 0.53168702 0.661578 0.00235
v 0.53654301 0.63781798 -0.00926
v 0.52911401 0.69471198 0.014937
v 0.50933599 0.71877903 0.002645
v 0.54681599 0.71964699 0.002076
v 0.54755098 -0.98720998 0.155959
v 0.48457199 -0.98616397 -0.19326299
v 0.52907002 -0.98664403 -0.17624199
v 0.564946 -0.92165202 0.165563
v 0.564789 -0.79664499 -0.19724201
v 0.543742 -0.73418802 0.20482001
v 0.54463798 -0.67604202 0.206337
v 0.55101103 -0.40731701 0.012646
v 0.54311401 -0.40103599 -0.052107
v 0.54973203 -0.39953601 0.120586
v 0.54763401 -0.33616 -0.16037799
v 0.54452199 -0.231498 -0.18322501
v 0.56252402 -0.172639 -0.177117
v 0.54187602 -0.074462 0.175569
v 0.54168099 -0.019197 -0.18158799
v 0.541529 0.04662 0.14343099
v 0.55410701 0.06113 -0.13855299
v 0.54086399 0.120309 0.13875
v 0.54022002 0.27027699 -0.172916
v 0.554003 0.39499301 -0.16027901
v 0.51086301 0.39680001 0.172581
v 0.506015 0.30769199 0.185019
v 0.53997999 0.32439399 0.165672
v 0.54901898 0.43654999 -0.151296
v 0.496712 0.45269799 -0.17261399
v 0.496712 0.45269799 -0.17261399
v 0.51991802 0.462284 -0.139156
v 0.53561002 0.452167 -0.153862
v 0.52335799 0.47007099 -0.129838
v 0.52876902 0.507891 0.041302
v 0.53782302 0.572263 0.002413
v 0.52911401 0.69471198 0.014937
v 0.724172 0.98644102 0.002538
v 0.57092601 -0.74005002 -0.20756
v 0.554286 -0.57770902 -0.20490301
v 0.56283402 -0.486435 0.15159801
v 0.54958802 -0.405624 -0.017739
v 0.55101103 -0.40731701 0.012646
v 0.55857599 -0.05903 -0.178119
v 0.55427802 -0.009393 -0.165672
v 0.551108 0.113897 0.054338
v 0.55376399 0.106687 0.096534
v 0.50395203 0.11401 -0.112061
v 0.55200702 0.121567 -0.09626
v 0.52449298 0.115672 0.093779
v 0.54629099 0.17607901 -0.14963301
v 0.55579698 0.303702 0.157692
v 0.53561002 0.452167 -0.153862
v 0.53471297 0.47656199 -0.140285
v 0.54924798 0.49780601 -0.104514
v 0.52229398 0.463846 0.128915
v 0.52529502 0.49073201 0.147737
v 0.53583902 0.49445799 -0.009096
v 0.54806501 0.494845 0.002836
v 0.53645003 0.49595299 0.018175
v 0.54047501 0.50886601 0.126467
v 0.50833702 0.48219401 -0.007105
v 0.53583902 0.49445799 -0.009096
v 0.50833702 0.48219401 -0.007105
v 0.54806501 0.494845 0.002836
v 0.51568401 0.51935399 -0.000383
v 0.54405499 0.53143501 0.103314
v 0.55497599 0.51780701 0.064492
v 0.52166802 0.71859199 0.022087
v 0.537705 0.71132499 0.003469
v 0.537705 0.71132499 0.003469
v 0.56173599 -0.98630702 -0.15566801
v 0.98637497 -0.988536 0.75056702
v 0.54755098 -0.98720998 0.155959
v 0.57734299 -0.74238801 0.192643
v 0.567514 -0.53101897 0.161679
v 0.55941802 -0.44152999 0.124376
v 0.54247802 -0.39224401 -0.151691
v 0.55203801 -0.32923201 0.13149799
v 0.54878801 0.113488 -0.068203
v 0.57960403 0.124793 -0.103068
v 0.54982001 0.125809 -0.13714799
v 0.55462199 0.444152 0.13785
v 0.559964 0.480299 -0.120479
v 0.53583902 0.49445799 -0.009096
v 0.56055701 0.49179599 -0.026047
v 0.53035903 0.48525399 -0.053255
v 0.56742698 0.54789501 0.019557
v 0.537705 0.71132499 0.003469
v 0.70025498 0.98961401 -0.003925
v 0.70025498 0.98961401 -0.003925
v 0.59344202 -0.98927301 -0.133476
v 0.58014601 -0.72332799 -0.193876
v 0.55941802 -0.44152999 0.124376
v 0.496077 -0.433927 0.154107
v 0.54958802 -0.405624 -0.017739
v 0.51065397 -0.40434 -0.070091
v 0.54311401 -0.40103599 -0.052107
v 0.56728601 -0.130472 0.159987
v 0.57783401 -0.016008 0.138283
v 0.55376399 0.106687 0.096534
v 0.54878801 0.113488 -0.068203
v 0.57199401 0.18553001 -0.116578
v 0.56189799 0.238673 -0.18076999
v 0.57980299 0.282756 -0.145768
v 0.55741799 0.40321499 0.140294
v 0.55462199 0.444152 0.13785
v 0.55462199 0.444152 0.13785
v 0.56771898 0.453527 0.146244
v 0.52229398 0.463846 0.128915
v 0.52529502 0.49073201 0.147737
v 0.53561002 0.452167 -0.153862
v 0.51991802 0.462284 -0.139156
v 0.55330002 0.470211 -0.16670699
v 0.55330002 0.470211 -0.16670699
v 0.57122999 0.483266 -0.010461
v 0.54143202 0.525819 0.042743
v 0.53782302 0.572263 0.002413
v 0.53168702 0.661578 0.00235
v 0.50549102 0.608091 0.001891
v 0.57658798 -0.98916399 0.14570101
v 0.56173599 -0.98630702 -0.15566801
v 0.586178 -0.91916698 -0.158815
v 0.58173102 -0.72727799 0.18188401
v 0.58431703 -0.59437197 0.171086
v 0.54977202 -0.42388499 -0.119824
v 0.586371 -0.40318 -0.010373
v 0.59222102 -0.40545201 0.003174
v 0.58223999 -0.246066 -0.14253899
v 0.57146603 -0.2396 0.14611199
v 0.580935 -0.069717 -0.155092
v 0.55410701 0.06113 -0.13855299
v 0.52260298 0.110627 -0.132851
v 0.56372899 0.10699 -0.092825
v 0.551108 0.113897 0.054338
v 0.570476 0.113705 0.052896
v 0.57830501 0.120287 0.091327
v 0.55239701 0.269463 -0.182262
v 0.55885601 0.27940401 -0.1716
v 0.58924103 0.31794599 0.118604
v 0.56585801 0.43889001 -0.14124
v 0.57045501 0.50484401 -0.085619
v 0.56202 0.48725799 0.022551
v 0.52529502 0.49073201 0.147737
v 0.582371 0.48388201 0.1391
v 0.54047501 0.50886601 0.126467
v 0.56055701 0.49179599 -0.026047
v 0.62150401 0.61159801 0.002825
v 0.59615999 -0.782888 0.17015301
v 0.57867402 -0.67527902 -0.19448701
v 0.59959799 -0.58856499 -0.16564199
v 0.57872802 -0.543091 0.16588201
v 0.60419899 -0.53004599 -0.14493699
v 0.59020299 -0.482822 -0.124118
v 0.59159899 -0.46305299 -0.117947
v 0.579835 -0.419808 -0.062949
v 0.58204001 -0.41684201 -0.007988
v 0.586371 -0.40318 -0.010373
v 0.58204001 -0.41684201 -0.007988
v 0.54958802 -0.405624 -0.017739
v 0.591959 -0.39910901 -0.090483
v 0.57754803 -0.402136 0.058088
v 0.57802898 -0.34229901 0.108392
v 0.58892399 -0.074388 0.133595
v 0.58368498 -0.060331 0.144168
v 0.59315199 -0.020815 -0.13939001
v 0.58434898 0.058826 0.093674
v 0.56372899 0.10699 -0.092825
v 0.56716502 0.116495 -0.068377
v 0.58015603 0.169315 0.105819
v 0.53475201 0.214175 -0.161393
v 0.56189799 0.238673 -0.18076999
v 0.58317 0.21600799 -0.118599
v 0.56980997 0.30920899 -0.195205
v 0.59056503 0.28561699 -0.21099199
v 0.55239701 0.269463 -0.182262
v 0.55239701 0.269463 -0.182262
v 0.55885601 0.27940401 -0.1716
v 0.56980997 0.30920899 -0.195205
v 0.59035403 0.438315 0.104151
v 0.53561002 0.452167 -0.153862
v 0.56016701 0.421947 -0.183001
v 0.56585801 0.43889001 -0.14124
v 0.61893803 0.43546501 -0.096585
v 0.56016701 0.421947 -0.183001
v 0.57726502 0.44332701 -0.197217
v 0.56771898 0.453527 0.146244
v 0.57122999 0.483266 -0.010461
v 0.59092402 0.598131 0.024076
v 0.58698601 0.578695 0.061333
v 0.67348403 0.664123 0.002125
v 0.58752 -0.98806798 0.117928
v 0.61181098 -0.79995 0.14431
v 0.59470803 -0.66245401 0.17161199
v 0.58333701 -0.415333 0.003608
v 0.57612598 -0.41514999 0.044606
v 0.55101103 -0.40731701 0.012646
v 0.58333701 -0.415333 0.003608
v 0.59222102 -0.40545201 0.003174
v 0.54973203 -0.39953601 0.120586
v 0.57524401 -0.39651701 0.092877
v 0.58718002 -0.33639899 -0.121087
v 0.58426303 -0.33185399 0.094517
v 0.58718598 0.045176 0.091994
v 0.56716502 0.116495 -0.068377
v 0.570476 0.113705 0.052896
v 0.57830501 0.120287 0.091327
v 0.58875901 0.17625099 -0.104954
v 0.57960403 0.124793 -0.103068
v 0.54982001 0.125809 -0.13714799
v 0.54629099 0.17607901 -0.14963301
v 0.58565098 0.184553 0.088296
v 0.58317 0.21600799 -0.118599
v 0.58693701 0.249395 0.113654
v 0.56189799 0.238673 -0.18076999
v 0.59167397 0.37596601 0.109271
v 0.57007802 0.402464 -0.194929
v 0.554003 0.39499301 -0.16027901
v 0.54901898 0.43654999 -0.151296
v 0.56165302 0.43847701 -0.123803
v 0.56165302 0.43847701 -0.123803
v 0.54901898 0.43654999 -0.151296
v 0.56585801 0.43889001 -0.14124
v 0.56202 0.48725799 0.022551
v 0.60140198 0.45915699 0.004169
v 0.54806501 0.494845 0.002836
v 0.56202 0.48725799 0.022551
v 0.53645003 0.49595299 0.018175
v 0.57955801 0.52198797 0.022311
v 0.54405499 0.53143501 0.103314
v 0.56742698 0.54789501 0.019557
v 0.594374 -0.98467702 -0.122888
v 0.60608 -0.58351099 0.156855
v 0.59757602 -0.44859701 0.080683
v 0.59601998 -0.402924 -0.065197
v 0.57524401 -0.39651701 0.092877
v 0.53755599 -0.32513499 -0.160226
v 0.59056097 -0.326397 -0.100108
v 0.58718002 -0.33639899 -0.121087
v 0.58223999 -0.246066 -0.14253899
v 0.59962898 -0.204317 -0.140623
v 0.55427802 -0.009393 -0.165672
v 0.58331299 0.050212 -0.108135
v 0.57551301 0.110192 -0.062264
v 0.56716502 0.116495 -0.068377
v 0.60042399 0.062929 0.05359
v 0.570476 0.113705 0.052896
v 0.577618 0.11089 0.017939
v 0.58996099 0.111632 0.056842
v 0.57199401 0.18553001 -0.116578
v 0.58317 0.21600799 -0.118599
v 0.58607101 0.19093101 -0.097212
v 0.600591 0.28233299 0.109264
v 0.59837103 0.419548 0.087806
v 0.59244698 0.428455 -0.10228
v 0.59244698 0.428455 -0.10228
v 0.59035403 0.438315 0.104151
v 0.59227198 0.47089401 0.02972
v 0.57122999 0.483266 -0.010461
v 0.58317202 0.49314901 -0.052136
v 0.56202 0.48725799 0.022551
v 0.57955801 0.52198797 0.022311
v 0.57578599 0.50289899 0.05373
v 0.57578599 0.50289899 0.05373
v 0.55497599 0.51780701 0.064492
v 0.59058201 0.51368999 0.092575
v 0.54405499 0.53143501 0.103314
v 0.59058201 0.51368999 0.092575
v 0.57578599 0.50289899 0.05373
v 0.58794397 0.549918 0.063752
v 0.55497599 0.51780701 0.064492
v 0.58698601 0.578695 0.061333
v 0.59684902 0.61863798 0.042623
v 0.58752 -0.98806798 0.117928
v 0.61019999 -0.84831703 -0.145033
v 0.60510498 -0.77965498 -0.17329299
v 0.61369503 -0.57672298 -0.154516
v 0.60911298 -0.53598201 0.127185
v 0.59757602 -0.44859701 0.080683
v 0.61251098 -0.46044901 -0.080222
v 0.61251098 -0.46044901 -0.080222
v 0.620269 -0.45715299 -0.009168
v 0.59087002 -0.39348599 0.064803
v 0.591959 -0.39910901 -0.090483
v 0.60213703 -0.348609 0.066452
v 0.60944402 -0.244316 -0.104536
v 0.60479301 -0.058274 -0.131235
v 0.60484898 -0.012919 -0.111033
v 0.59315199 -0.020815 -0.13939001
v 0.60240799 0.058689 -0.059476
v 0.577618 0.11089 0.017939
v 0.59410298 0.094881 -0.003114
v 0.59531897 0.10159 -0.002082
v 0.57551301 0.110192 -0.062264
v 0.56716502 0.116495 -0.068377
v 0.59626597 0.12982599 -0.075384
v 0.59626597 0.12982599 -0.075384
v 0.60418701 0.168598 0.06007
v 0.62959403 0.25270301 -0.139926
v 0.58613002 0.28188401 -0.153422
v 0.57980299 0.282756 -0.145768
v 0.60388499 0.36768901 -0.22365899
v 0.58029199 0.36192301 -0.200637
v 0.58982801 0.41891301 -0.21262801
v 0.60371202 0.333673 -0.110107
v 0.57980299 0.282756 -0.145768
v 0.57007802 0.402464 -0.194929
v 0.61501199 0.41107401 -0.145593
v 0.59244698 0.428455 -0.10228
v 0.56585801 0.43889001 -0.14124
v 0.61251497 0.437599 -0.074328
v 0.60067898 0.45681101 0.116822
v 0.60067898 0.45681101 0.116822
v 0.57726502 0.44332701 -0.197217
v 0.622024 0.46545801 -0.11641
v 0.59570903 0.47685099 -0.091461
v 0.61168301 0.45727101 -0.008987
v 0.63021499 0.58218402 0.042305
v 0.60660499 0.57146102 0.017835
v 0.594374 -0.98467702 -0.122888
v 0.61423802 -0.90754902 -0.117384
v 0.60672301 -0.483628 0.092949
v 0.61878699 -0.45632499 0.01258
v 0.61013198 -0.35759601 -0.070862
v 0.591959 -0.39910901 -0.090483
v 0.59087002 -0.39348599 0.064803
v 0.60692197 -0.24405 0.097772
v 0.61037898 -0.19174799 0.10885
v 0.61162502 -0.080261 0.103737
v 0.60754299 -0.071312 -0.124514
v 0.56252402 -0.172639 -0.177117
v 0.580935 -0.069717 -0.155092
v 0.60292 -0.02178 0.1089
v 0.58504897 0.1069 -0.0135
v 0.59531897 0.10159 -0.002082
v 0.58504897 0.1069 -0.0135
v 0.60772598 0.109103 -0.008075
v 0.57551301 0.110192 -0.062264
v 0.61774701 0.110313 -0.072479
v 0.62487799 0.108712 0.053901
v 0.60276502 0.18439201 0.042384
v 0.60839802 0.25988501 0.072778
v 0.628281 0.235337 -0.095243
v 0.59056503 0.28561699 -0.21099199
v 0.60952997 0.27202401 -0.118581
v 0.63299602 0.321536 -0.143722
v 0.58029199 0.36192301 -0.200637
v 0.63738602 0.43073401 -0.159119
v 0.58534098 0.46796301 -0.019283
v 0.61168301 0.45727101 -0.008987
v 0.60599601 0.498642 0.099118
v 0.59092402 0.598131 0.024076
v 0.62510997 -0.91591102 -0.109449
v 0.62257302 -0.90837699 0.091191
v 0.635203 -0.71671897 0.12560201
v 0.61420202 -0.47307399 0.066063
v 0.59875202 -0.33407101 0.061959
v 0.60550702 -0.326067 -0.064175
v 0.61310399 -0.33345601 -0.065841
v 0.59962898 -0.204317 -0.140623
v 0.62453097 -0.024144 0.058383
v 0.61076802 0.038044 0.012433
v 0.60974199 0.064367 -0.00853
v 0.59410298 0.094881 -0.003114
v 0.59531897 0.10159 -0.002082
v 0.61774701 0.110313 -0.072479
v 0.59626597 0.12982599 -0.075384
v 0.60957801 0.16926999 -0.066848
v 0.58996099 0.111632 0.056842
v 0.60799098 0.16593701 0.049025
v 0.60094202 0.217917 -0.0836
v 0.60197401 0.189687 -0.056407
v 0.62173003 0.295073 -0.13869099
v 0.62063199 0.307675 0.059298
v 0.61830902 0.32922399 0.055547
v 0.61501199 0.41107401 -0.145593
v 0.57007802 0.402464 -0.194929
v 0.58982801 0.41891301 -0.21262801
v 0.61333299 0.41718599 -0.060758
v 0.59837103 0.419548 0.087806
v 0.61251497 0.437599 -0.074328
v 0.63487202 0.45774701 -0.056234
v 0.60599601 0.498642 0.099118
v 0.58794397 0.549918 0.063752
v 0.621849 0.61253899 0.011703
v 0.620197 0.61996102 0.066575
v 0.63271499 0.67000699 0.019258
v 0.61759299 -0.98854202 -0.075941
v 0.67508501 -0.988572 0.011355
v 0.62525201 -0.989182 0.032955
v 0.61096299 -0.97930902 0.086417
v 0.62555301 -0.91756302 0.095775
v 0.63121998 -0.78697598 -0.130918
v 0.61828202 -0.73517799 0.15465701
v 0.615538 -0.72846699 -0.17100599
v 0.63393199 -0.71316701 -0.139211
v 0.632303 -0.64882302 -0.13834199
v 0.62998199 -0.52262902 0.07046
v 0.61878699 -0.45632499 0.01258
v 0.623833 -0.45430401 0.002383
v 0.58333701 -0.415333 0.003608
v 0.62277502 -0.40795201 -0.058088
v 0.63129097 -0.40972501 -0.008809
v 0.61795801 -0.40387899 0.058896
v 0.62530297 -0.40461501 0.011425
v 0.59601998 -0.402924 -0.065197
v 0.610829 -0.33586401 0.003002
v 0.62447602 -0.190327 -0.096581
v 0.62228501 -0.058984 0.083452
v 0.60479301 -0.058274 -0.131235
v 0.608868 0.06135 0.002091
v 0.609905 0.045145 -0.009396
v 0.60772598 0.109103 -0.008075
v 0.60974199 0.064367 -0.00853
v 0.59410298 0.094881 -0.003114
v 0.59410298 0.094881 -0.003114
v 0.61998802 0.096544 0.001259
v 0.60772598 0.109103 -0.008075
v 0.61998802 0.096544 0.001259
v 0.62505901 0.155394 -0.068096
v 0.62487799 0.108712 0.053901
v 0.62927902 0.153861 0.055422
v 0.60957801 0.16926999 -0.066848
v 0.60971498 0.187402 0.001606
v 0.61693799 0.16631401 0.006559
v 0.62034899 0.268246 -0.044569
v 0.61002499 0.190355 -0.008501
v 0.60094202 0.217917 -0.0836
v 0.61717898 0.27691901 -0.08994
v 0.64664102 0.36304101 -0.127106
v 0.616027 0.415719 0.032921
v 0.60371202 0.333673 -0.110107
v 0.608235 0.45001599 0.055432
v 0.608235 0.45001599 0.055432
v 0.62030798 0.43617499 0.094874
v 0.59837103 0.419548 0.087806
v 0.62030798 0.43617499 0.094874
v 0.62469202 0.45602399 0.080362
v 0.61017299 0.447833 -0.0402
v 0.58534098 0.46796301 -0.019283
v 0.61168301 0.45727101 -0.008987
v 0.608235 0.45001599 0.055432
v 0.62469202 0.45602399 0.080362
v 0.61017299 0.447833 -0.0402
v 0.63487202 0.45774701 -0.056234
v 0.58534098 0.46796301 -0.019283
v 0.62154001 0.59369898 0.062574
v 0.620197 0.61996102 0.066575
v 0.62184697 0.67212898 0.044881
v 0.64172 0.66087198 0.003505
v 0.61759299 -0.98854202 -0.075941
v 0.64017302 -0.78760201 0.106563
v 0.63766098 -0.65704399 0.120623
v 0.63957101 -0.59281999 0.100425
v 0.62092203 -0.48124701 -0.054071
v 0.620269 -0.45715299 -0.009168
v 0.63129097 -0.40972501 -0.008809
v 0.63706899 -0.41051999 0.002366
v 0.625911 -0.39745399 0.066459
v 0.62277502 -0.40795201 -0.058088
v 0.59601998 -0.402924 -0.065197
v 0.62709302 -0.36345199 -0.061625
v 0.61013198 -0.35759601 -0.070862
v 0.625911 -0.39745399 0.066459
v 0.60213703 -0.348609 0.066452
v 0.625911 -0.39745399 0.066459
v 0.625009 -0.346762 0.065246
v 0.60213703 -0.348609 0.066452
v 0.625009 -0.346762 0.065246
v 0.610829 -0.33586401 0.003002
v 0.61483598 -0.35358801 -0.012672
v 0.60998499 -0.32604101 -0.015029
v 0.61702198 -0.30491099 -0.009069
v 0.62645799 -0.246309 -0.045359
v 0.62474102 -0.24379601 0.047313
v 0.62764901 -0.085922 0.066618
v 0.63256198 -0.065533 -0.06311
v 0.62400597 -0.021118 -0.08013
v 0.62228501 -0.058984 0.083452
v 0.62453097 -0.024144 0.058383
v 0.60292 -0.02178 0.1089
v 0.62525398 -0.01024 -0.045938
v 0.608868 0.06135 0.002091
v 0.61998802 0.096544 0.001259
v 0.59410298 0.094881 -0.003114
v 0.59531897 0.10159 -0.002082
v 0.63273299 0.110323 0.003239
v 0.63257498 0.157919 0.013919
v 0.62933803 0.16508301 -0.010711
v 0.62039202 0.26216599 0.007515
v 0.62315899 0.26770401 -0.009123
v 0.61456501 0.26478201 -0.077724
v 0.62275302 0.27225599 0.041011
v 0.60952997 0.27202401 -0.118581
v 0.60388499 0.36768901 -0.22365899
v 0.64589798 0.31266299 -0.174404
v 0.62641197 0.31160799 -0.028739
v 0.62065297 0.4233 -0.013024
v 0.62462997 0.35948399 -0.02145
v 0.613554 0.42769399 -0.052509
v 0.62302101 0.408905 -0.008922
v 0.636078 0.40172401 -0.181445
v 0.58982801 0.41891301 -0.21262801
v 0.63738602 0.43073401 -0.159119
v 0.620175 0.42525399 0.010465
v 0.620175 0.42525399 0.010465
v 0.60140198 0.45915699 0.004169
v 0.75816 0.491689 0.002345
v 0.62469202 0.45602399 0.080362
v 0.60660499 0.57146102 0.017835
v 0.62154001 0.59369898 0.062574
v 0.64162999 0.65855497 0.07652
v 0.62525201 -0.989182 0.032955
v 0.63329798 -0.96630102 0.024339
v 0.62451601 -0.98665398 0.004017
v 0.65093702 -0.91969299 0.022797
v 0.64756799 -0.77375197 0.106871
v 0.64866501 -0.72275198 -0.12974399
v 0.65276998 -0.72332799 0.106794
v 0.638017 -0.53578401 0.076473
v 0.63716102 -0.528207 -0.076789
v 0.620269 -0.45715299 -0.009168
v 0.63892102 -0.51716799 -0.01262
v 0.62578601 -0.482241 0.011071
v 0.623833 -0.45430401 0.002383
v 0.61483598 -0.35358801 -0.012672
v 0.63518101 -0.363397 -0.008862
v 0.61013198 -0.35759601 -0.070862
v 0.62709302 -0.36345199 -0.061625
v 0.63518101 -0.363397 -0.008862
v 0.61483598 -0.35358801 -0.012672
v 0.61702198 -0.30491099 -0.009069
v 0.63249898 -0.244876 0.00239
v 0.62929797 -0.23365501 -0.06405
v 0.63279998 -0.19120701 0.048524
v 0.62989199 -0.01868 0.002681
v 0.62610298 -0.011622 -0.012664
v 0.63273299 0.110323 0.003239
v 0.59531897 0.10159 -0.002082
v 0.62918103 0.112345 -0.008964
v 0.62505901 0.155394 -0.068096
v 0.61693799 0.16631401 0.006559
v 0.63831002 0.16368499 0.002208
v 0.60971498 0.187402 0.001606
v 0.62428498 0.263037 0.002743
v 0.628281 0.235337 -0.095243
v 0.61456501 0.26478201 -0.077724
v 0.60094202 0.217917 -0.0836
v 0.61717898 0.27691901 -0.08994
v 0.624843 0.31092101 0.012949
v 0.62617803 0.31605199 -0.009239
v 0.62454897 0.34968999 0.009839
v 0.62230301 0.411199 0.002273
v 0.628649 0.41536 0.002239
v 0.60140198 0.45915699 0.004169
v 0.62030798 0.43617499 0.094874
v 0.64172 0.66087198 0.003505
v 0.64172 0.66087198 0.003505
v 0.62779498 -0.98494798 -0.009129
v 0.634184 -0.98894 -0.01935
v 0.63286799 -0.97835702 0.00149
v 0.64916098 -0.916412 -0.045892
v 0.638834 -0.907242 0.042502
v 0.64973599 -0.84704399 -0.076064
v 0.64901799 -0.77356499 -0.117954
v 0.65341902 -0.57694 -0.08505
v 0.64732099 -0.58872801 -0.091441
v 0.64271897 -0.57717198 0.095411
v 0.64281702 -0.52257001 0.002035
v 0.63706899 -0.41051999 0.002366
v 0.62277502 -0.40795201 -0.058088
v 0.63251799 -0.385562 -0.012167
v 0.63129097 -0.40972501 -0.008809
v 0.63272399 -0.396038 0.010402
v 0.62530297 -0.40461501 0.011425
v 0.63706899 -0.41051999 0.002366
v 0.62709302 -0.36345199 -0.061625
v 0.63518101 -0.363397 -0.008862
v 0.63595301 -0.34677199 0.011729
v 0.63595301 -0.34677199 0.011729
v 0.63455999 -0.23787899 -0.00921
v 0.63852501 -0.17817 -0.026651
v 0.63724101 -0.052573 0.012858
v 0.63724101 -0.052573 0.012858
v 0.63592601 -0.025302 -0.009985
v 0.63592601 -0.025302 -0.009985
v 0.62610298 -0.011622 -0.012664
v 0.609905 0.045145 -0.009396
v 0.62918103 0.112345 -0.008964
v 0.62918103 0.112345 -0.008964
v 0.61774701 0.110313 -0.072479
v 0.63273299 0.110323 0.003239
v 0.63831002 0.16368499 0.002208
v 0.62428498 0.263037 0.002743
v 0.65391999 0.26420701 -0.094367
v 0.65202701 0.30543199 -0.088573
v 0.61717898 0.27691901 -0.08994
v 0.61456501 0.26478201 -0.077724
v 0.65202701 0.30543199 -0.088573
v 0.63295001 0.295508 0.002201
v 0.65499902 0.39849901 -0.075393
v 0.613554 0.42769399 -0.052509
v 0.62150401 0.61159801 0.002825
v 0.82720399 -0.988491 0.110238
v 0.63882101 -0.90657997 -0.055323
v 0.64121002 -0.34003001 0.002263
v 0.64121002 -0.34003001 0.002263
v 0.610829 -0.33586401 0.003002
v 0.64121002 -0.34003001 0.002263
v 0.63249898 -0.244876 0.00239
v 0.63936198 -0.193626 0.002963
v 0.64165902 -0.19869401 -0.012375
v 0.63669801 -0.184598 -0.011862
v 0.63669801 -0.184598 -0.011862
v 0.64876598 -0.194341 -0.00878
v 0.64165902 -0.19869401 -0.012375
v 0.63798702 -0.0614 -0.010504
v 0.63678998 -0.067144 0.002376
v 0.63724101 -0.052573 0.012858
v 0.63678998 -0.067144 0.002376
v 0.62989199 -0.01868 0.002681
v 0.66727 0.104924 0.002132
v 0.62933803 0.16508301 -0.010711
v 0.61002499 0.190355 -0.008501
v 0.70912302 0.148184 -0.008937
v 0.62315899 0.26770401 -0.009123
v 0.63295001 0.295508 0.002201
v 0.74069899 0.30310899 0.002286
v 0.628649 0.41536 0.002239
v 0.66534299 0.42414799 -0.071897
v 0.613554 0.42769399 -0.052509
v 0.65499902 0.39849901 -0.075393
v 0.66607201 0.64467001 0.069351
v 0.62184697 0.67212898 0.044881
v 0.64162999 0.65855497 0.07652
v 0.63271499 0.67000699 0.019258
v 0.65513003 -0.92483598 0.00207
v 0.62779498 -0.98494798 -0.009129
v 0.64870399 -0.91219503 -0.009218
v 0.64306402 -0.90524501 0.006056
v 0.65375298 -0.87246799 -0.009772
v 0.66020298 -0.851749 0.003454
v 0.67029297 -0.77607203 -0.046658
v 0.65918601 -0.71061999 -0.088824
v 0.65575498 -0.64481801 -0.09026
v 0.656762 -0.641487 0.07646
v 0.65171599 -0.53358698 -0.014651
v 0.65171599 -0.53358698 -0.014651
v 0.63892102 -0.51716799 -0.01262
v 0.65998298 -0.534491 -0.008936
v 0.65247798 -0.53384799 0.002137
v 0.63455999 -0.23787899 -0.00921
v 0.63798702 -0.0614 -0.010504
v 0.64775699 -0.066877 -0.008934
v 0.65391999 0.26420701 -0.094367
v 0.66809499 0.31215599 -0.135768
v 0.66380799 0.370388 -0.15013801
v 0.65499902 0.39849901 -0.075393
v 0.66759598 0.42281899 -0.115699
v 0.66534299 0.42414799 -0.071897
v 0.664415 0.63895202 0.002233
v 0.62150401 0.61159801 0.002825
v 0.66454101 0.64489102 0.011253
v 0.621849 0.61253899 0.011703
v 0.621849 0.61253899 0.011703
v 0.66454101 0.64489102 0.011253
v 0.60660499 0.57146102 0.017835
v 0.64162999 0.65855497 0.07652
v 0.98619503 -0.997554 0.75050497
v 0.62451601 -0.98665398 0.004017
v 0.66020298 -0.851749 0.003454
v 0.64306402 -0.90524501 0.006056
v 0.65513003 -0.92483598 0.00207
v 0.66384399 -0.779284 0.048466
v 0.66525698 -0.65353501 -0.054139
v 0.66290802 -0.605326 0.01448
v 0.66082501 -0.57986403 -0.03977
v 0.65948701 -0.57654798 0.044165
v 0.66321999 -0.57351798 0.005458
v 0.80940098 -0.414592 -0.00913
v 0.81238699 -0.079567 0.002282
v 0.63678998 -0.067144 0.002376
v 0.63936198 -0.193626 0.002963
v 0.65391999 0.26420701 -0.094367
v 0.66487902 0.32948101 -0.084644
v 0.65202701 0.30543199 -0.088573
v 0.66487902 0.32948101 -0.084644
v 0.842664 0.50926 -0.009013
v 0.62617803 0.31605199 -0.009239
v 0.62302101 0.408905 -0.008922
v 0.67818397 0.63824898 0.049684
v 0.66454101 0.64489102 0.011253
v 0.679277 0.64355803 0.027853
v 0.66607201 0.64467001 0.069351
v 0.664415 0.63895202 0.002233
v 0.66454101 0.64489102 0.011253
v 0.66454101 0.64489102 0.011253
v 0.64172 0.66087198 0.003505
v 0.66784298 -0.78127801 -0.009278
v 0.67289799 -0.774589 0.001814
v 0.67576802 -0.720034 -0.062667
v 0.669155 -0.72165799 0.059968
v 0.669128 -0.65069801 -0.011531
v 0.66102201 -0.592493 -0.011784
v 0.66285002 -0.57535201 -0.01293
v 0.66056001 -0.59334999 0.005441
v 0.66285002 -0.57535201 -0.01293
v 0.64281702 -0.52257001 0.002035
v 0.65247798 -0.53384799 0.002137
v 0.62989199 -0.01868 0.002681
v 0.68741202 0.31434101 -0.099969
v 0.684026 0.31841299 -0.09089
v 0.65499902 0.39849901 -0.075393
v 0.67027301 0.38138899 -0.077422
v 0.66534299 0.42414799 -0.071897
v 0.679277 0.64355803 0.027853
v 0.66607201 0.64467001 0.069351
v 0.97618699 -0.99755102 -0.02162
v 0.986278 -0.985578 0.005355
v 0.62451601 -0.98665398 0.004017
v 0.986278 -0.985578 0.005355
v 0.63286799 -0.97835702 0.00149
v 0.64870399 -0.91219503 -0.009218
v 0.65375298 -0.87246799 -0.009772
v 0.714454 -0.97925597 -0.008851
v 0.79490298 -0.78896302 0.002031
v 0.67289799 -0.774589 0.001814
v 0.67674398 -0.76763898 -0.009015
v 0.671933 -0.70429498 -0.009782
v 0.669128 -0.65069801 -0.011531
v 0.67557198 -0.60191 -0.008964
v 0.671933 -0.70429498 -0.009782
v 0.67571402 -0.71471298 0.002308
v 0.66838801 -0.60039502 0.001985
v 0.66102201 -0.592493 -0.011784
v 0.68746698 0.38909701 -0.085618
v 0.66759598 0.42281899 -0.115699
v 0.68746698 0.38909701 -0.085618
v 0.66759598 0.42281899 -0.115699
v 0.66534299 0.42414799 -0.071897
v 0.67348403 0.664123 0.002125
v 0.66784298 -0.78127801 -0.009278
v 0.68072999 -0.71884 -0.009069
v 0.68741202 0.31434101 -0.099969
v 0.67818397 0.63824898 0.049684
v 0.840096 0.80090898 0.002261
v 0.67571402 -0.71471298 0.002308
v 0.66838801 -0.60039502 0.001985
v 0.69254601 0.36052501 -0.097816
v 0.98605502 -0.99750501 0.014696
v 0.83126098 -0.98847002 -0.147257
v 0.67674398 -0.76763898 -0.009015
v 0.68072999 -0.71884 -0.009069
v 0.69254601 0.36052501 -0.097816
v 0.68746698 0.38909701 -0.085618
v 0.98640698 -0.97862703 0.002012
v 0.62779498 -0.98494798 -0.009129
v 0.96616399 -0.53951901 0.002184
v 0.714454 -0.97925597 -0.008851
v 0.865152 -0.98847097 -0.55413401
v 0.98620999 -0.988325 -0.013348
v 0.96091098 -0.802481 -0.009074
v 0.97033101 -0.260607 -0.008976
v 0.98988497 -0.99803799 -0.006088
v 0.986229 0.98631102 -0.009026
v 0.98629397 -0.97860903 -0.008718
v 0.98632801 -0.93152499 -0.008867
v 0.989703 -0.99428302 0.756814
v 0.986386 -0.98856902 0.011853
v 0.989703 -0.99428302 0.756814
v 0.98622799 0.98644102 0.002248
v 0.98958403 0.98955399 -0.003937
v 0.98622799 0.98644102 0.002248
v 0.98958403 0.98955399 -0.003937
v 0.98620999 -0.988325 -0.013348
v 0.986377 -0.116466 0.0022
v 0.98644698 -0.98861098 -0.75855702
v 0.98634201 0.218522 0.002215
v 0.98599398 -0.99752498 -0.017007
v 0.97715998 0.55773902 -0.009073
v 0.98638099 0.65131903 0.00219
v 0.98637098 -0.98852801 -0.178177
v 0.98637497 -0.98856801 0.41771701
v 0.98637003 -0.73238301 0.002114
v 0.986287 0.091401 -0.008871
v 0.98618799 -0.99750501 -0.412568
v 0.98638201 -0.988536 -0.40341899
v 0.98640901 -0.48360601 -0.008724
v 0.98643202 0.55116498 -0.008773
v 0.989622 -0.99427903 -0.45146799
v 0.98959202 -0.99427998 -0.020779
v 0.98988497 -0.99803799 -0.006088
v 0.98955202 -0.99426597 0.011741
v 0.98605502 -0.99750501 0.014696
v 0.98955202 -0.99426597 0.011741
v 0.989622 -0.99427903 -0.45146799
v 0.98960799 -0.99427003 -0.76522601
v 0.98644698 -0.98861098 -0.75855702
v 0.98638201 -0.988536 -0.40341899
v 0.98637098 -0.98852801 -0.178177
v 0.98959202 -0.99427998 -0.020779
v 0.98620999 -0.988325 -0.013348
v 0.98959899 -0.98478001 -0.003935
v 0.986278 -0.985578 0.005355
v 0.986386 -0.98856902 0.011853
v 0.989703 -0.99428302 0.756814
v 0.98637497 -0.98856801 0.41771701
v 0.98637497 -0.988536 0.75056702
v 0.98629397 -0.97860903 -0.008718
v 0.98640698 -0.97862703 0.002012
v 0.98632801 -0.93152499 -0.008867
v 0.98637003 -0.73238301 0.002114
v 0.98640901 -0.48360601 -0.008724
v 0.98959398 -0.097226 -0.003912
v 0.986377 -0.116466 0.0022
v 0.986287 0.091401 -0.008871
v 0.98634201 0.218522 0.002215
v 0.98643202 0.55116498 -0.008773
v 0.98638099 0.65131903 0.00219
v 0.98958403 0.98955399 -0.003937
v 0.986229 0.98631102 -0.009026
v 0.98622799 0.98644102 0.002248
vt 0.36561 0.88933
vt 0.36699 0.88841
vt 0.36544 0.88838
vt 0.27077 0.88936
vt 0.21314 0.88831
vt 0.20984 0.88938
vt 0.20874 0.88831
vt 0.12967 0.88827
vt 0.05286 0.88919
vt 0.05423 0.88825
vt 0.376 0.58085
vt 0.37603 0.57948
vt 0.37453 0.58085
vt 0.40086 0.57951
vt 0.47818 0.58085
vt 0.45757 0.57951
vt 0.54043 0.5795
vt 0.54389 0.58085
vt 0.54213 0.5789
vt 0.54708 0.57951
vt 0.54523 0.57745
vt 0.6393 0.5795
vt 0.71315 0.58085
vt 0.71175 0.57951
vt 0.54285 0.57711
vt 0.54391 0.43353
vt 0.54526 0.49368
vt 0.54279 0.42036
vt 0.54527 0.39727
vt 0.54525 0.30872
vt 0.54282 0.2577
vt 0.54391 0.22389
vt 0.54525 0.21709
vt 0.54278 0.16314
vt 0.54391 0.11161
vt 0.54527 0.11237
vt 0.54278 0.11239
vt 0.36547 0.88679
vt 0.29535 0.88667
vt 0.42393 0.16184
vt 0.42294 0.31146
vt 0.40917 0.16678
vt 0.42728 0.10943
vt 0.4477 0.09584
vt 0.42735 0.0124
vt 0.37826 0.79901
vt 0.39057 0.81767
vt 0.37828 0.85495
vt 0.37828 0.71727
vt 0.83871 0.50575
vt 0.92411 0.50572
vt 0.87807 0.50151
vt 0.50013 0.43309
vt 0.42689 0.36568
vt 0.42677 0.44329
vt 0.41659 0.03363
vt 0.42491 0.01771
vt 0.41236 0.12188
vt 0.39758 0.30825
vt 0.42715 0.19432
vt 0.42213 0.39865
vt 0.39317 0.39115
vt 0.42178 0.44554
vt 0.20924 0.86364
vt 0.07989 0.87394
vt 0.42702 0.27636
vt 0.47986 0.32675
vt 0.44631 0.24622
vt 0.47593 0.15969
vt 0.40474 0.72476
vt 0.99121 0.50569
vt 0.94663 0.46681
vt 0.4225 0.44692
vt 0.38355 0.44645
vt 0.58523 0.61259
vt 0.54618 0.6126
vt 0.54687 0.61075
vt 0.50264 0.44574
vt 0.42677 0.44593
vt 0.34439 0.83517
vt 0.34918 0.4448
vt 0.59101 0.61067
vt 0.99122 0.398
vt 0.99296 0.50645
vt 0.37828 0.87944
vt 0.87178 0.4235
vt 0.83827 0.42506
vt 0.37172 0.01724
vt 0.42487 0.01592
vt 0.35712 0.238
vt 0.44052 0.71721
vt 0.37831 0.7155
vt 0.05271 0.76215
vt 0.993 0.37964
vt 0.49085 0.40053
vt 0.50343 0.44314
vt 0.36957 0.10782
vt 0.23467 0.80093
vt 0.05421 0.78817
vt 0.46298 0.77278
vt 0.35653 0.056
vt 0.31555 0.77466
vt 0.47149 0.01244
vt 0.48268 0.84746
vt 0.49389 0.10515
vt 0.5159 0.03285
vt 0.35208 0.03383
vt 0.12473 0.79626
vt 0.49591 0.22706
vt 0.20948 0.8116
vt 0.35174 0.02938
vt 0.67481 0.61062
vt 0.36707 0.76229
vt 0.37828 0.88139
vt 0.49664 0.88144
vt 0.50419 0.44499
vt 0.55175 0.29726
vt 0.54991 0.30545
vt 0.55567 0.31121
vt 0.94335 0.04803
vt 0.93948 0.04589
vt 0.95103 0.04654
vt 0.98461 0.53
vt 0.98101 0.53377
vt 0.98325 0.5429
vt 0.552 0.31785
vt 0.98367 0.51736
vt 0.97042 0.52077
vt 0.93532 0.04944
vt 0.36548 0.79068
vt 0.55449 0.28897
vt 0.55597 0.30418
vt 0.49689 0.35693
vt 0.34945 0.1396
vt 0.35015 0.14947
vt 0.50438 0.19853
vt 0.07156 0.70683
vt 0.96976 0.53784
vt 0.92367 0.04084
vt 0.9239 0.05201
vt 0.96838 0.548
vt 0.55596 0.32563
vt 0.74379 0.97066
vt 0.74102 0.97668
vt 0.72814 0.9717
vt 0.56121 0.28895
vt 0.94032 0.03193
vt 0.92761 0.03193
vt 0.50173 0.31962
vt 0.50122 0.30979
vt 0.49865 0.26921
vt 0.50333 0.23703
vt 0.50123 0.11981
vt 0.45801 0.72805
vt 0.43189 0.71402
vt 0.98005 0.56104
vt 0.98185 0.55174
vt 0.56071 0.322
vt 0.75396 0.97666
vt 0.75065 0.96974
vt 0.56141 0.27842
vt 0.34988 0.19497
vt 0.32811 0.38376
vt 0.50169 0.87947
vt 0.76212 0.97145
vt 0.72948 0.97991
vt 0.96709 0.55915
vt 0.56103 0.33335
vt 0.5686 0.32946
vt 0.95712 0.53322
vt 0.74822 0.98955
vt 0.3568 0.065
vt 0.5675 0.28263
vt 0.49904 0.22416
vt 0.50332 0.18681
vt 0.34127 0.34356
vt 0.95562 0.54493
vt 0.75474 0.98824
vt 0.74139 0.99741
vt 0.35643 0.09549
vt 0.93047 0.02076
vt 0.93894 0.01736
vt 0.49491 0.39454
vt 0.49529 0.37652
vt 0.71929 0.97239
vt 0.35491 0.10297
vt 0.35128 0.1128
vt 0.34951 0.17561
vt 0.34257 0.32093
vt 0.09095 0.0683
vt 0.09167 0.07986
vt 0.0975 0.07148
vt 0.45628 0.71541
vt 0.49905 0.41476
vt 0.77263 0.97242
vt 0.76613 0.9862
vt 0.49626 0.40339
vt 0.95671 0.52438
vt 0.92366 0.0233
vt 0.71502 0.97991
vt 0.71538 0.97241
vt 0.57071 0.27232
vt 0.90551 0.03971
vt 0.5229 0.24648
vt 0.52711 0.24212
vt 0.52197 0.23859
vt 0.34665 0.26286
vt 0.34791 0.27009
vt 0.34878 0.30074
vt 0.50675 0.1442
vt 0.5048 0.13468
vt 0.03979 0.59273
vt 0.04524 0.58611
vt 0.04141 0.58581
vt 0.09334 0.06101
vt 0.65623 0.89234
vt 0.65516 0.88495
vt 0.66255 0.8884
vt 0.10059 0.07986
vt 0.10104 0.07284
vt 0.64768 0.89624
vt 0.64485 0.88618
vt 0.94554 0.37344
vt 0.49814 0.40723
vt 0.95503 0.55465
vt 0.77498 0.95746
vt 0.76753 0.96181
vt 0.76502 0.95012
vt 0.35526 0.0565
vt 0.76179 0.95273
vt 0.35513 0.06725
vt 0.35535 0.07979
vt 0.93617 0.05853
vt 0.95096 0.06492
vt 0.93782 0.06493
vt 0.59259 0.9019
vt 0.60833 0.90027
vt 0.59088 0.89931
vt 0.62196 0.90446
vt 0.60351 0.90982
vt 0.35373 0.09943
vt 0.72466 0.98964
vt 0.57096 0.28078
vt 0.91385 0.05464
vt 0.49943 0.34776
vt 0.34578 0.12994
vt 0.34709 0.21615
vt 0.39429 0.49448
vt 0.39518 0.48585
vt 0.39319 0.48165
vt 0.51507 0.23972
vt 0.04524 0.60353
vt 0.34348 0.31553
vt 0.49878 0.1091
vt 0.87922 0.59787
vt 0.87084 0.59519
vt 0.86967 0.60169
vt 0.64226 0.89598
vt 0.55527 0.0125
vt 0.34755 0.01507
vt 0.50204 0.42757
vt 0.57122 0.33203
vt 0.77277 0.98806
vt 0.77339 0.97981
vt 0.35359 0.05278
vt 0.77608 0.9449
vt 0.58217 0.89971
vt 0.57789 0.89995
vt 0.5811 0.91565
vt 0.58959 0.91417
vt 0.72923 0.2136
vt 0.72435 0.22011
vt 0.72465 0.2288
vt 0.75947 0.93843
vt 0.95382 0.06597
vt 0.95118 0.05462
vt 0.59192 0.91675
vt 0.74954 0.9606
vt 0.751 0.94533
vt 0.73014 0.23335
vt 0.72693 0.23834
vt 0.62278 0.91177
vt 0.91779 0.06535
vt 0.92134 0.05531
vt 0.62708 0.90297
vt 0.91032 0.02903
vt 0.89603 0.61547
vt 0.90289 0.61458
vt 0.89599 0.61855
vt 0.57293 0.28238
vt 0.57416 0.27409
vt 0.91411 0.06597
vt 0.91326 0.05871
vt 0.62574 0.91672
vt 0.5036 0.33685
vt 0.50158 0.26908
vt 0.50436 0.24622
vt 0.39832 0.49685
vt 0.40438 0.48206
vt 0.39835 0.48336
vt 0.52845 0.24767
vt 0.52608 0.25149
vt 0.51789 0.25149
vt 0.34268 0.24825
vt 0.50244 0.16509
vt 0.50381 0.15699
vt 0.27901 0.29216
vt 0.28004 0.30291
vt 0.28256 0.29299
vt 0.65908 0.89829
vt 0.65488 0.90087
vt 0.8691 0.58743
vt 0.86427 0.59384
vt 0.50835 0.10699
vt 0.8456 0.42215
vt 0.97014 0.57353
vt 0.57416 0.34474
vt 0.3499 0.03262
vt 0.57039 0.3281
vt 0.77869 0.95575
vt 0.78029 0.94505
vt 0.79711 0.94687
vt 0.57831 0.91489
vt 0.72817 0.20933
vt 0.76757 0.93269
vt 0.75171 0.99751
vt 0.7556 0.93448
vt 0.5892 0.92352
vt 0.60209 0.92043
vt 0.73566 0.99852
vt 0.7332 0.23568
vt 0.73519 0.96181
vt 0.6228 0.92208
vt 0.90905 0.61855
vt 0.90835 0.05486
vt 0.90422 0.0653
vt 0.63437 0.91407
vt 0.63619 0.90472
vt 0.50553 0.33105
vt 0.34514 0.15074
vt 0.50349 0.28345
vt 0.0156 0.88544
vt 0.01551 0.88032
vt 0.02262 0.87946
vt 0.34084 0.23408
vt 0.3419 0.22978
vt 0.51353 0.24596
vt 0.34334 0.24564
vt 0.83629 0.21776
vt 0.85215 0.21776
vt 0.84424 0.2128
vt 0.10061 0.0612
vt 0.10681 0.06977
vt 0.64823 0.90138
vt 0.54066 0.90244
vt 0.55449 0.90771
vt 0.55225 0.90059
vt 0.97778 0.57865
vt 0.55769 0.91358
vt 0.57047 0.90002
vt 0.77718 0.93746
vt 0.77833 0.9447
vt 0.77334 0.93144
vt 0.76177 0.99729
vt 0.73262 0.21915
vt 0.73197 0.22978
vt 0.7303 0.24513
vt 0.72832 0.95007
vt 0.71528 0.98743
vt 0.63394 0.92797
vt 0.63855 0.90607
vt 0.50147 0.34622
vt 0.40438 0.49752
vt 0.79808 0.6374
vt 0.79618 0.62919
vt 0.80198 0.63613
vt 0.27617 0.30098
vt 0.66866 0.88442
vt 0.66502 0.89854
vt 0.45196 0.57022
vt 0.44379 0.57391
vt 0.44273 0.56796
vt 0.88075 0.59202
vt 0.8865 0.59543
vt 0.98103 0.5997
vt 0.98461 0.58557
vt 0.97724 0.58446
vt 0.54044 0.91093
vt 0.55783 0.90098
vt 0.55393 0.92345
vt 0.98446 0.58179
vt 0.7922 0.94048
vt 0.77526 0.92973
vt 0.57778 0.92538
vt 0.58046 0.92607
vt 0.73567 0.20931
vt 0.59162 0.93464
vt 0.58867 0.93752
vt 0.60531 0.92911
vt 0.73758 0.24569
vt 0.62253 0.93242
vt 0.7394 0.25736
vt 0.71727 0.99419
vt 0.62488 0.9318
vt 0.63845 0.9096
vt 0.63676 0.9236
vt 0.71502 0.71192
vt 0.70528 0.7128
vt 0.71391 0.70203
vt 0.70463 0.70292
vt 0.84203 0.40267
vt 0.84188 0.4122
vt 0.8565 0.40228
vt 0.85681 0.4122
vt 0.50806 0.30357
vt 0.34795 0.17614
vt 0.34837 0.18377
vt 0.78341 0.70822
vt 0.79093 0.70687
vt 0.79773 0.70982
vt 0.69785 0.29117
vt 0.70476 0.30308
vt 0.6973 0.29774
vt 0.02285 0.89534
vt 0.01539 0.89534
vt 0.70548 0.46691
vt 0.70004 0.46244
vt 0.70569 0.46181
vt 0.80862 0.6374
vt 0.01194 0.48815
vt 0.00979 0.51926
vt 0.01227 0.50609
vt 0.0194 0.51861
vt 0.02116 0.50775
vt 0.01202 0.51956
vt 0.37174 0.01538
vt 0.38058 0.01245
vt 0.37938 0.01042
vt 0.45185 0.56261
vt 0.6728 0.89093
vt 0.86731 0.58275
vt 0.15065 0.17907
vt 0.16185 0.17907
vt 0.15621 0.17609
vt 0.83775 0.42333
vt 0.54229 0.90138
vt 0.96965 0.59752
vt 0.96407 0.58241
vt 0.54026 0.92271
vt 0.96749 0.5787
vt 0.95545 0.5676
vt 0.73324 0.20156
vt 0.72507 0.99946
vt 0.72761 0.94317
vt 0.8869 0.06569
vt 0.8896 0.05581
vt 0.64785 0.90755
vt 0.70311 0.69683
vt 0.85961 0.01637
vt 0.8544 0.01674
vt 0.85961 0.02607
vt 0.8149 0.58085
vt 0.81483 0.5749
vt 0.82976 0.58085
vt 0.34667 0.17223
vt 0.67816 0.71047
vt 0.66792 0.69866
vt 0.67874 0.69992
vt 0.78209 0.69706
vt 0.67058 0.71101
vt 0.65328 0.70577
vt 0.79493 0.69455
vt 0.81917 0.69818
vt 0.64397 0.71149
vt 0.34624 0.21145
vt 0.82025 0.70914
vt 0.3083 0.98938
vt 0.31483 0.98264
vt 0.31483 0.99157
vt 0.82682 0.70528
vt 0.82934 0.70941
vt 0.50888 0.22763
vt 0.51075 0.22484
vt 0.80923 0.63283
vt 0.80893 0.6263
vt 0.79848 0.62252
vt 0.50728 0.2121
vt 0.87902 0.70921
vt 0.86803 0.70825
vt 0.86854 0.70655
vt 0.87683 0.69774
vt 0.02405 0.48597
vt 0.02111 0.48054
vt 0.01241 0.48062
vt 0.89562 0.69657
vt 0.89894 0.70982
vt 0.02805 0.51472
vt 0.90136 0.68897
vt 0.9067 0.70963
vt 0.90612 0.6956
vt 0.01264 0.52949
vt 0.0122 0.53485
vt 0.27565 0.30887
vt 0.28778 0.30649
vt 0.65842 0.9073
vt 0.87744 0.58714
vt 0.55692 0.92488
vt 0.77311 0.99689
vt 0.57676 0.93838
vt 0.58012 0.93918
vt 0.75317 0.91934
vt 0.74243 0.93092
vt 0.65003 0.91904
vt 0.65363 0.90917
vt 0.88665 0.05505
vt 0.37243 0.60275
vt 0.38179 0.60516
vt 0.3708 0.61246
vt 0.85401 0.02728
vt 0.82696 0.57577
vt 0.50653 0.3094
vt 0.76313 0.70507
vt 0.68228 0.70953
vt 0.69285 0.69913
vt 0.67715 0.6909
vt 0.78431 0.68717
vt 0.79305 0.67978
vt 0.64389 0.6984
vt 0.63775 0.70457
vt 0.6979 0.30073
vt 0.29338 0.19494
vt 0.28723 0.19296
vt 0.28498 0.19494
vt 0.63951 0.7128
vt 0.82651 0.69873
vt 0.70476 0.29425
vt 0.72528 0.40459
vt 0.73108 0.40145
vt 0.73364 0.40524
vt 0.93789 0.51339
vt 0.93828 0.51835
vt 0.93144 0.51835
vt 0.74431 0.3955
vt 0.73005 0.39335
vt 0.70569 0.47669
vt 0.85748 0.70379
vt 0.87116 0.68969
vt 0.03002 0.50655
vt 0.0339 0.52026
vt 0.91591 0.69652
vt 0.91895 0.70857
vt 0.91989 0.69976
vt 0.93983 0.98859
vt 0.93983 0.99703
vt 0.93144 0.9995
vt 0.54058 0.23264
vt 0.52693 0.23136
vt 0.53688 0.22583
vt 0.21032 0.80221
vt 0.85592 0.41801
vt 0.95619 0.57415
vt 0.55524 0.93428
vt 0.74241 0.19906
vt 0.77379 0.9995
vt 0.60741 0.944
vt 0.72658 0.9379
vt 0.71781 0.9995
vt 0.74348 0.2499
vt 0.64912 0.93268
vt 0.88437 0.04152
vt 0.65295 0.921
vt 0.65209 0.92617
vt 0.66465 0.9128
vt 0.87622 0.05735
vt 0.51109 0.32063
vt 0.34027 0.13909
vt 0.38016 0.6126
vt 0.151 0.3249
vt 0.14972 0.31597
vt 0.15263 0.31603
vt 0.16185 0.31889
vt 0.16047 0.3249
vt 0.71166 0.69371
vt 0.75768 0.70301
vt 0.76416 0.68889
vt 0.7591 0.69064
vt 0.70365 0.70741
vt 0.69852 0.70623
vt 0.34327 0.15575
vt 0.66878 0.68267
vt 0.65939 0.68249
vt 0.81929 0.68796
vt 0.85523 0.7062
vt 0.85775 0.69079
vt 0.01395 0.46526
vt 0.87911 0.68358
vt 0.0367 0.48901
vt 0.90713 0.6822
vt 0.02948 0.53059
vt 0.02453 0.53355
vt 0.01238 0.54029
vt 0.93164 0.98887
vt 0.33579 0.32293
vt 0.03591 0.60235
vt 0.51051 0.12634
vt 0.42957 0.57391
vt 0.43417 0.57036
vt 0.63759 0.60665
vt 0.63323 0.60268
vt 0.63013 0.60665
vt 0.87379 0.58125
vt 0.8674 0.57951
vt 0.89132 0.59397
vt 0.88262 0.58654
vt 0.88999 0.58757
vt 0.46913 0.74528
vt 0.77088 0.92246
vt 0.74487 0.26042
vt 0.90463 0.02989
vt 0.6343 0.94251
vt 0.63687 0.94282
vt 0.88577 0.03544
vt 0.38029 0.60101
vt 0.8071 0.67566
vt 0.64237 0.68418
vt 0.82423 0.68319
vt 0.73143 0.40635
vt 0.73813 0.42137
vt 0.7267 0.41324
vt 0.83095 0.69254
vt 0.95382 0.51343
vt 0.69823 0.47417
vt 0.01469 0.45065
vt 0.01395 0.46261
vt 0.02756 0.46338
vt 0.02298 0.46551
vt 0.85583 0.69039
vt 0.04058 0.47895
vt 0.89503 0.6825
vt 0.02293 0.54109
vt 0.02825 0.54117
vt 0.7434 0.69891
vt 0.74209 0.69591
vt 0.73414 0.69399
vt 0.38853 0.01538
vt 0.4485 0.55908
vt 0.6692 0.90071
vt 0.50875 0.11771
vt 0.43851 0.56714
vt 0.66594 0.90823
vt 0.88329 0.58367
vt 0.74088 0.19181
vt 0.76106 0.91406
vt 0.74881 0.91561
vt 0.62236 0.94659
vt 0.62552 0.94795
vt 0.87665 0.06485
vt 0.64506 0.60158
vt 0.64719 0.59169
vt 0.65832 0.59328
vt 0.65905 0.60169
vt 0.71049 0.68418
vt 0.7505 0.6879
vt 0.75132 0.68224
vt 0.76223 0.68038
vt 0.6966 0.68557
vt 0.67568 0.6763
vt 0.64024 0.69286
vt 0.63972 0.67656
vt 0.83328 0.67787
vt 0.83819 0.69607
vt 0.74777 0.4067
vt 0.84002 0.7058
vt 0.83766 0.70223
vt 0.84302 0.70491
vt 0.7486 0.39588
vt 0.84347 0.69072
vt 0.84608 0.68958
vt 0.02499 0.45098
vt 0.03509 0.46557
vt 0.92323 0.69126
vt 0.28276 0.31399
vt 0.85681 0.04018
vt 0.86147 0.04018
vt 0.86057 0.03125
vt 0.03898 0.61062
vt 0.52795 0.22173
vt 0.33236 0.33565
vt 0.44134 0.55506
vt 0.67805 0.88855
vt 0.68423 0.89716
vt 0.51411 0.12845
vt 0.4327 0.56034
vt 0.87005 0.56852
vt 0.89006 0.58
vt 0.32702 0.34357
vt 0.95079 0.59597
vt 0.94823 0.58254
vt 0.94975 0.57951
vt 0.74452 0.19992
vt 0.74487 0.187
vt 0.77229 0.92031
vt 0.77049 0.91885
vt 0.76452 0.91423
vt 0.71981 0.9298
vt 0.71658 0.94044
vt 0.87521 0.04864
vt 0.66249 0.93565
vt 0.66338 0.92556
vt 0.87566 0.05472
vt 0.8736 0.0555
vt 0.65905 0.59077
vt 0.38394 0.60282
vt 0.86707 0.99079
vt 0.8572 0.98846
vt 0.867 0.98788
vt 0.69846 0.67869
vt 0.76506 0.67669
vt 0.67822 0.67919
vt 0.72887 0.42928
vt 0.87076 0.67622
vt 0.56604 0.67427
vt 0.58346 0.68687
vt 0.56664 0.69388
vt 0.55856 0.69564
vt 0.90251 0.67007
vt 0.9158 0.6787
vt 0.04058 0.53553
vt 0.74468 0.69144
vt 0.28778 0.31396
vt 0.52006 0.22629
vt 0.51724 0.11536
vt 0.8795 0.56796
vt 0.88283 0.58059
vt 0.55004 0.94388
vt 0.73444 0.92135
vt 0.71037 0.92729
vt 0.65002 0.94778
vt 0.6531 0.94362
vt 0.47382 0.99058
vt 0.47155 0.98569
vt 0.47404 0.98539
vt 0.38575 0.59312
vt 0.86464 0.99554
vt 0.75108 0.67514
vt 0.78563 0.66951
vt 0.82012 0.67038
vt 0.03768 0.45339
vt 0.58751 0.6759
vt 0.59275 0.68152
vt 0.55535 0.6751
vt 0.54338 0.692
vt 0.54483 0.67616
vt 0.55401 0.68851
vt 0.6833 0.73363
vt 0.67118 0.73363
vt 0.67496 0.72749
vt 0.33769 0.31625
vt 0.33993 0.3216
vt 0.33535 0.3164
vt 0.7293 0.68626
vt 0.73026 0.69097
vt 0.52043 0.23264
vt 0.17048 0.75919
vt 0.53871 0.94069
vt 0.94783 0.55647
vt 0.95375 0.56122
vt 0.5655 0.95007
vt 0.5903 0.95608
vt 0.86411 0.98302
vt 0.85977 0.9778
vt 0.70923 0.67371
vt 0.69557 0.67085
vt 0.7486 0.42239
vt 0.03941 0.4499
vt 0.85603 0.67793
vt 0.60619 0.68527
vt 0.61619 0.68086
vt 0.60862 0.69329
vt 0.8582 0.67441
vt 0.87971 0.67287
vt 0.90689 0.67055
vt 0.54113 0.67864
vt 0.67732 0.72569
vt 0.92364 0.6805
vt 0.73796 0.68461
vt 0.72285 0.6836
vt 0.67752 0.90823
vt 0.52844 0.10901
vt 0.57733 0.95656
vt 0.71996 0.92305
vt 0.69573 0.95068
vt 0.68517 0.95534
vt 0.69336 0.94204
vt 0.48195 0.45939
vt 0.48461 0.46487
vt 0.47272 0.45194
vt 0.76249 0.66615
vt 0.64223 0.67166
vt 0.82394 0.66748
vt 0.84342 0.67193
vt 0.84609 0.67088
vt 0.60598 0.67365
vt 0.89594 0.66659
vt 0.3294 0.32405
vt 0.7291 0.67529
vt 0.92775 0.6899
vt 0.53163 0.69032
vt 0.53248 0.6779
vt 0.9318 0.68314
vt 0.93335 0.69247
vt 0.94319 0.68745
vt 0.93623 0.58016
vt 0.93771 0.5563
vt 0.94694 0.55297
vt 0.587 0.95883
vt 0.6063 0.95758
vt 0.63506 0.95686
vt 0.69716 0.94448
vt 0.48353 0.98646
vt 0.47882 0.97686
vt 0.39372 0.58659
vt 0.85508 0.99114
vt 0.69163 0.66636
vt 0.67756 0.67092
vt 0.79374 0.66248
vt 0.74002 0.43403
vt 0.54225 0.66869
vt 0.03549 0.86606
vt 0.02601 0.87147
vt 0.03685 0.87847
vt 0.89132 0.56845
vt 0.31847 0.34873
vt 0.24668 0.76735
vt 0.55299 0.95246
vt 0.71599 0.91775
vt 0.68321 0.94325
vt 0.39325 0.60508
vt 0.47335 0.46974
vt 0.48402 0.46709
vt 0.39406 0.6076
vt 0.84436 0.97816
vt 0.77038 0.66208
vt 0.66768 0.66633
vt 0.81222 0.66201
vt 0.87613 0.66421
vt 0.91994 0.67315
vt 0.53125 0.67146
vt 0.72076 0.67817
vt 0.92949 0.67397
vt 0.93319 0.67592
vt 0.94167 0.67612
vt 0.32372 0.33671
vt 0.86818 0.4057
vt 0.75646 0.9016
vt 0.14808 0.28871
vt 0.1622 0.29312
vt 0.15093 0.28587
vt 0.69228 0.92846
vt 0.66465 0.95016
vt 0.75123 0.66217
vt 0.69719 0.66226
vt 0.76553 0.65829
vt 0.83375 0.66456
vt 0.61317 0.66774
vt 0.61887 0.67818
vt 0.85555 0.66549
vt 0.88123 0.66075
vt 0.56267 0.65904
vt 0.91394 0.66564
vt 0.7347 0.67368
vt 0.74673 0.68564
vt 0.92359 0.66958
vt 0.32105 0.32217
vt 0.32144 0.31434
vt 0.02475 0.8607
vt 0.01539 0.86777
vt 0.00671 0.85947
vt 0.0085 0.87385
vt 0.48036 0.7523
vt 0.93968 0.58386
vt 0.93816 0.59615
vt 0.93441 0.55319
vt 0.74747 0.90332
vt 0.74497 0.90638
vt 0.72733 0.90459
vt 0.15447 0.25657
vt 0.14646 0.27236
vt 0.16278 0.27496
vt 0.68112 0.93583
vt 0.84964 0.97117
vt 0.67528 0.6585
vt 0.65367 0.66218
vt 0.59044 0.66354
vt 0.58207 0.66542
vt 0.92849 0.66861
vt 0.01475 0.85741
vt 0.2935 0.36466
vt 0.14733 0.27573
vt 0.16144 0.27825
vt 0.15244 0.30383
vt 0.68948 0.93019
vt 0.40446 0.59379
vt 0.55376 0.65871
vt 0.5441 0.66847
vt 0.92043 0.66596
vt 0.91807 0.65639
vt 0.31592 0.33446
vt 0.1587 0.21181
vt 0.14178 0.2233
vt 0.15463 0.22514
vt 0.71552 0.90885
vt 0.15508 0.30833
vt 0.13696 0.30311
vt 0.14359 0.31498
vt 0.67779 0.65756
vt 0.79439 0.65142
vt 0.82089 0.65444
vt 0.82466 0.65479
vt 0.61972 0.65538
vt 0.63025 0.66892
vt 0.85871 0.6564
vt 0.31694 0.3422
vt 0.87488 0.39204
vt 0.13955 0.29961
vt 0.46168 0.45555
vt 0.41238 0.58284
vt 0.708 0.65387
vt 0.78481 0.65068
vt 0.80499 0.64518
vt 0.64255 0.65632
vt 0.63854 0.65596
vt 0.84428 0.65206
vt 0.8467 0.65269
vt 0.87547 0.65352
vt 0.5858 0.65806
vt 0.60636 0.6592
vt 0.90692 0.6543
vt 0.54496 0.65524
vt 0.03685 0.8488
vt 0.02328 0.84925
vt 0.87271 0.39346
vt 0.93029 0.58445
vt 0.16278 0.18358
vt 0.15062 0.18406
vt 0.16197 0.19584
vt 0.14688 0.19568
vt 0.15424 0.19921
vt 0.14047 0.2601
vt 0.70612 0.91431
vt 0.46611 0.44885
vt 0.49952 0.97346
vt 0.49 0.96874
vt 0.83898 0.97835
vt 0.76261 0.64849
vt 0.92438 0.6625
vt 0.53188 0.66536
vt 0.7179 0.67366
vt 0.53827 0.10732
vt 0.15367 0.23569
vt 0.74036 0.89215
vt 0.13487 0.2836
vt 0.67677 0.92434
vt 0.40689 0.59483
vt 0.66631 0.64977
vt 0.85757 0.65027
vt 0.90251 0.65255
vt 0.5414 0.65808
vt 0.71586 0.66362
vt 0.30715 0.31773
vt 0.93248 0.66062
vt 0.00608 0.84816
vt 0.14023 0.19843
vt 0.92506 0.55755
vt 0.75294 0.88961
vt 0.15594 0.23943
vt 0.13774 0.2351
vt 0.13387 0.28697
vt 0.68554 0.91874
vt 0.13252 0.29884
vt 0.69423 0.65245
vt 0.63051 0.65077
vt 0.8342 0.64721
vt 0.58147 0.65264
vt 0.89462 0.64754
vt 0.92467 0.65644
vt 0.94823 0.65902
vt 0.87396 0.38423
vt 0.13831 0.23811
vt 0.70922 0.8998
vt 0.12931 0.31199
vt 0.41238 0.59259
vt 0.75047 0.64228
vt 0.79477 0.6414
vt 0.60635 0.64706
vt 0.58636 0.64876
vt 0.5318 0.64907
vt 0.30709 0.32927
vt 0.30426 0.34855
vt 0.26579 0.44541
vt 0.70342 0.61259
vt 0.49492 0.75493
vt 0.92393 0.59782
vt 0.9231 0.58121
vt 0.74272 0.88839
vt 0.12954 0.27091
vt 0.7001 0.90794
vt 0.69684 0.64888
vt 0.76529 0.6453
vt 0.64688 0.64716
vt 0.90593 0.64293
vt 0.72384 0.65727
vt 0.92028 0.65158
vt 0.30742 0.31386
vt 0.30703 0.34073
vt 0.01505 0.83688
vt 0.55231 0.09326
vt 0.14195 0.18348
vt 0.92274 0.55494
vt 0.13101 0.27369
vt 0.45605 0.45351
vt 0.50424 0.96677
vt 0.67601 0.64289
vt 0.87977 0.64313
vt 0.92883 0.64402
vt 0.94041 0.64566
vt 0.02577 0.84159
vt 0.8748 0.37275
vt 0.70162 0.9031
vt 0.45472 0.44692
vt 0.83148 0.96875
vt 0.82533 0.64095
vt 0.56372 0.64643
vt 0.5546 0.64725
vt 0.54051 0.64486
vt 0.13331 0.19452
vt 0.1224 0.30057
vt 0.44835 0.45462
vt 0.42773 0.58846
vt 0.69667 0.63705
vt 0.6941 0.64199
vt 0.78391 0.63587
vt 0.63889 0.6418
vt 0.61965 0.64381
vt 0.85672 0.64065
vt 0.86964 0.64364
vt 0.54645 0.64226
vt 0.71222 0.66023
vt 0.97776 0.94792
vt 0.97531 0.93156
vt 0.98834 0.93765
vt 0.97325 0.94101
vt 0.91371 0.57561
vt 0.12615 0.22586
vt 0.72076 0.89008
vt 0.12766 0.25017
vt 0.71105 0.89587
vt 0.68097 0.90954
vt 0.4416 0.46061
vt 0.42573 0.6019
vt 0.66703 0.6389
vt 0.91817 0.63938
vt 0.73055 0.65599
vt 0.73243 0.64898
vt 0.43954 0.45137
vt 0.50957 0.97509
vt 0.94751 0.80854
vt 0.96646 0.80371
vt 0.96557 0.81346
vt 0.9283 0.79911
vt 0.92275 0.81223
vt 0.90988 0.80591
vt 0.00606 0.83581
vt 0.54927 0.10968
vt 0.13343 0.18268
vt 0.12431 0.22168
vt 0.11705 0.29748
vt 0.40943 0.45916
vt 0.39785 0.45532
vt 0.4014 0.46972
vt 0.41416 0.47367
vt 0.30078 0.33799
vt 0.20924 0.73231
vt 0.87313 0.37504
vt 0.98724 0.92711
vt 0.9459 0.9313
vt 0.94879 0.94792
vt 0.93881 0.9445
vt 0.93513 0.94705
vt 0.91701 0.93795
vt 0.92568 0.9305
vt 0.12616 0.23714
vt 0.11819 0.28249
vt 0.86455 0.92129
vt 0.8743 0.93103
vt 0.86097 0.93839
vt 0.51766 0.97095
vt 0.70827 0.63679
vt 0.97901 0.80853
vt 0.96782 0.81552
vt 0.96887 0.8006
vt 0.67825 0.63268
vt 0.65353 0.63621
vt 0.90215 0.81794
vt 0.90027 0.80248
vt 0.62964 0.63836
vt 0.83516 0.63145
vt 0.8456 0.63431
vt 0.58625 0.63572
vt 0.55429 0.63336
vt 0.90819 0.63398
vt 0.80995 0.81893
vt 0.80911 0.80132
vt 0.81495 0.81268
vt 0.404 0.44942
vt 0.398 0.45054
vt 0.71746 0.6458
vt 0.93738 0.52516
vt 0.92815 0.53581
vt 0.92452 0.51977
vt 0.91911 0.53201
vt 0.92374 0.54016
vt 0.91558 0.54341
vt 0.29336 0.35146
vt 0.17015 0.7373
vt 0.12811 0.19795
vt 0.93449 0.93203
vt 0.82889 0.98007
vt 0.81914 0.97404
vt 0.93854 0.81328
vt 0.93786 0.80227
vt 0.91017 0.81752
vt 0.8707 0.63272
vt 0.60714 0.63384
vt 0.88072 0.63373
vt 0.94654 0.51934
vt 0.94556 0.53172
vt 0.93747 0.53461
vt 0.29648 0.3445
vt 0.61239 0.58184
vt 0.60442 0.58667
vt 0.60686 0.59305
vt 0.25553 0.44406
vt 0.97031 0.91878
vt 0.96542 0.93343
vt 0.94949 0.92886
vt 0.12231 0.23392
vt 0.11524 0.31115
vt 0.43633 0.59808
vt 0.56939 0.63481
vt 0.89698 0.63153
vt 0.56592 0.63195
vt 0.5408 0.63028
vt 0.80228 0.81039
vt 0.6952 0.3658
vt 0.69464 0.35633
vt 0.68797 0.36081
vt 0.61589 0.59066
vt 0.55422 0.10201
vt 0.61461 0.59853
vt 0.69335 0.34725
vt 0.68865 0.35428
vt 0.60308 0.60092
vt 0.24716 0.74275
vt 0.86983 0.36511
vt 0.11929 0.19345
vt 0.93739 0.92435
vt 0.90268 0.94193
vt 0.89447 0.94042
vt 0.89873 0.92349
vt 0.11629 0.27014
vt 0.89029 0.94314
vt 0.89144 0.92553
vt 0.44105 0.46053
vt 0.58815 0.46095
vt 0.58815 0.47073
vt 0.58629 0.46154
vt 0.82371 0.98619
vt 0.61932 0.63145
vt 0.8791 0.82416
vt 0.88048 0.81145
vt 0.89154 0.81873
vt 0.53322 0.63344
vt 0.72975 0.64004
vt 0.90278 0.52258
vt 0.91091 0.50945
vt 0.90885 0.52264
vt 0.93093 0.54911
vt 0.92664 0.54151
vt 0.61894 0.59925
vt 0.12387 0.18045
vt 0.12142 0.21161
vt 0.90573 0.93876
vt 0.90445 0.92254
vt 0.51498 0.981
vt 0.94779 0.81679
vt 0.62885 0.62946
vt 0.88365 0.5175
vt 0.89243 0.50956
vt 0.89464 0.52256
vt 0.73843 0.64278
vt 0.41268 0.4483
vt 0.42304 0.45444
vt 0.42304 0.4747
vt 0.6983 0.36657
vt 0.70569 0.35394
vt 0.13058 0.32391
vt 0.12471 0.31498
vt 0.13666 0.32069
vt 0.61894 0.60665
vt 0.58062 0.08137
vt 0.50467 0.75301
vt 0.52803 0.75903
vt 0.97315 0.91866
vt 0.11595 0.25646
vt 0.10776 0.28268
vt 0.87557 0.91758
vt 0.97849 0.82201
vt 0.96749 0.82429
vt 0.9649 0.82476
vt 0.90164 0.83013
vt 0.83017 0.52103
vt 0.85099 0.51513
vt 0.84646 0.52775
vt 0.86828 0.51506
vt 0.85378 0.52465
vt 0.93903 0.54235
vt 0.70569 0.3629
vt 0.70031 0.34673
vt 0.33069 0.97243
vt 0.33457 0.97457
vt 0.33475 0.98191
vt 0.61224 0.60637
vt 0.54622 0.82505
vt 0.11247 0.23593
vt 0.11007 0.27314
vt 0.89003 0.9162
vt 0.52794 0.9798
vt 0.58713 0.44792
vt 0.74392 0.52715
vt 0.74109 0.514
vt 0.74379 0.50923
vt 0.77157 0.52234
vt 0.77128 0.50853
vt 0.77933 0.52838
vt 0.78462 0.51204
vt 0.79848 0.52863
vt 0.79978 0.50843
vt 0.80774 0.52299
vt 0.86291 0.82669
vt 0.85471 0.81512
vt 0.86499 0.8173
vt 0.87179 0.51779
vt 0.86981 0.52409
vt 0.88285 0.53003
vt 0.81619 0.8249
vt 0.82587 0.81613
vt 0.73609 0.63392
vt 0.95382 0.52724
vt 0.95276 0.53476
vt 0.4206 0.44792
vt 0.94639 0.54172
vt 0.14912 0.98727
vt 0.15784 0.98352
vt 0.15059 0.97966
vt 0.28395 0.34308
vt 0.12297 0.31913
vt 0.33573 0.96875
vt 0.94844 0.91636
vt 0.91492 0.91841
vt 0.10756 0.30137
vt 0.43004 0.46149
vt 0.43371 0.6126
vt 0.44356 0.61115
vt 0.81834 0.99487
vt 0.76065 0.51563
vt 0.94553 0.82638
vt 0.93806 0.82405
vt 0.92417 0.82655
vt 0.91138 0.82924
vt 0.89148 0.8304
vt 0.8548 0.82701
vt 0.83759 0.81737
vt 0.81279 0.82416
vt 0.89793 0.53468
vt 0.80901 0.83218
vt 0.27376 0.17501
vt 0.27256 0.16716
vt 0.27752 0.17922
vt 0.74616 0.63785
vt 0.90595 0.54403
vt 0.7156 0.09554
vt 0.71035 0.10501
vt 0.72078 0.10032
vt 0.15367 0.99151
vt 0.59432 0.61458
vt 0.59002 0.62334
vt 0.5958 0.62396
vt 0.98927 0.56994
vt 0.98452 0.56545
vt 0.98274 0.56994
vt 0.98631 0.9097
vt 0.97012 0.90921
vt 0.10887 0.19516
vt 0.93406 0.91539
vt 0.10996 0.26978
vt 0.76291 0.4924
vt 0.75585 0.48206
vt 0.7514 0.49533
vt 0.43193 0.4693
vt 0.42677 0.46974
vt 0.52377 0.98941
vt 0.52054 0.98959
vt 0.72994 0.51578
vt 0.74136 0.53173
vt 0.81766 0.52414
vt 0.81649 0.53457
vt 0.82841 0.53415
vt 0.74508 0.62787
vt 0.74673 0.62941
vt 0.95367 0.54307
vt 0.95179 0.54911
vt 0.29089 0.32583
vt 0.2847 0.31789
vt 0.2916 0.31901
vt 0.72939 0.62747
vt 0.11241 0.31848
vt 0.34316 0.97261
vt 0.94574 0.91075
vt 0.1052 0.23279
vt 0.73033 0.52852
vt 0.97805 0.83614
vt 0.76208 0.53166
vt 0.94843 0.83223
vt 0.77094 0.52901
vt 0.83241 0.83174
vt 0.89332 0.53413
vt 0.89639 0.53493
vt 0.27006 0.18267
vt 0.73234 0.62862
vt 0.11708 0.32391
vt 0.03405 0.79634
vt 0.03871 0.79117
vt 0.03871 0.80746
vt 0.55911 0.09281
vt 0.23763 0.40587
vt 0.51883 0.74399
vt 0.11502 0.17907
vt 0.11269 0.21275
vt 0.10399 0.22185
vt 0.10242 0.21753
vt 0.89363 0.91156
vt 0.77876 0.4995
vt 0.77851 0.49218
vt 0.80822 0.98341
vt 0.96749 0.83715
vt 0.87983 0.83837
vt 0.87102 0.53212
vt 0.82656 0.83995
vt 0.78788 0.62476
vt 0.78965 0.63343
vt 0.77963 0.6302
vt 0.78575 0.61756
vt 0.71784 0.11381
vt 0.7244 0.11499
vt 0.14632 0.99161
vt 0.15001 0.99752
vt 0.15812 0.99752
vt 0.59957 0.62441
vt 0.0921 0.1973
vt 0.08897 0.21268
vt 0.0999 0.2128
vt 0.03536 0.81101
vt 0.63335 0.99311
vt 0.63237 0.99413
vt 0.62675 0.99309
vt 0.98283 0.56002
vt 0.6309 0.9995
vt 0.08606 0.2038
vt 0.35021 0.97867
vt 0.86265 0.34416
vt 0.86481 0.35726
vt 0.09657 0.25234
vt 0.87538 0.90942
vt 0.86465 0.90647
vt 0.73058 0.54287
vt 0.96493 0.83698
vt 0.81187 0.84499
vt 0.27752 0.18613
vt 0.27313 0.1885
vt 0.75343 0.187
vt 0.74832 0.18037
vt 0.73726 0.18439
vt 0.77505 0.62159
vt 0.73088 0.09177
vt 0.72502 0.10244
vt 0.72875 0.10054
vt 0.5659 0.09939
vt 0.35077 0.98859
vt 0.97285 0.90254
vt 0.10446 0.19137
vt 0.90063 0.91063
vt 0.53685 0.13174
vt 0.53467 0.11657
vt 0.53319 0.11959
vt 0.80364 0.99554
vt 0.93824 0.83639
vt 0.80789 0.54388
vt 0.90291 0.84085
vt 0.89161 0.84034
vt 0.81857 0.54421
vt 0.82786 0.54475
vt 0.85481 0.53716
vt 0.81552 0.84163
vt 0.89583 0.54297
vt 0.80813 0.83913
vt 0.28307 0.31685
vt 0.27657 0.32552
vt 0.80364 0.83284
vt 0.79921 0.82192
vt 0.79618 0.83284
vt 0.73704 0.18183
vt 0.13573 0.98985
vt 0.13803 0.98196
vt 0.1434 0.99738
vt 0.59671 0.63145
vt 0.10308 0.18601
vt 0.10308 0.19395
vt 0.10121 0.19271
vt 0.62581 0.98764
vt 0.33305 0.98859
vt 0.36078 0.97268
vt 0.20947 0.72256
vt 0.85718 0.35048
vt 0.87515 0.90426
vt 0.76617 0.47729
vt 0.53218 0.99058
vt 0.69848 0.28323
vt 0.69678 0.27208
vt 0.70009 0.27776
vt 0.74363 0.54286
vt 0.91167 0.83872
vt 0.9256 0.8377
vt 0.88809 0.84599
vt 0.84619 0.54112
vt 0.86374 0.85011
vt 0.8564 0.83926
vt 0.87645 0.5395
vt 0.27638 0.19593
vt 0.74186 0.62157
vt 0.56726 0.13566
vt 0.57413 0.13543
vt 0.56349 0.11921
vt 0.75606 0.17868
vt 0.57226 0.11323
vt 0.56808 0.11168
vt 0.6086 0.62227
vt 0.60303 0.63073
vt 0.61241 0.62841
vt 0.12453 0.98165
vt 0.12267 0.9742
vt 0.12453 0.96875
vt 0.61241 0.61493
vt 0.08442 0.18382
vt 0.35987 0.98762
vt 0.95782 0.90007
vt 0.93721 0.90265
vt 0.90348 0.90454
vt 0.09605 0.28252
vt 0.78256 0.488
vt 0.89014 0.90294
vt 0.76922 0.47875
vt 0.5329 0.12848
vt 0.73852 0.54544
vt 0.90059 0.84679
vt 0.89134 0.84949
vt 0.88126 0.85039
vt 0.83756 0.84671
vt 0.80436 0.84865
vt 0.74169 0.16232
vt 0.73554 0.17163
vt 0.73829 0.17572
vt 0.72631 0.12865
vt 0.63386 0.98661
vt 0.10028 0.19893
vt 0.36147 0.9797
vt 0.53596 0.41716
vt 0.52602 0.41664
vt 0.5289 0.40221
vt 0.09188 0.23542
vt 0.09458 0.26955
vt 0.09583 0.27307
vt 0.86313 0.89735
vt 0.87302 0.89049
vt 0.75676 0.47044
vt 0.86054 0.88311
vt 0.52477 0.13148
vt 0.53386 0.13075
vt 0.94604 0.84029
vt 0.79695 0.54468
vt 0.85448 0.54869
vt 0.88314 0.54462
vt 0.893 0.54649
vt 0.89571 0.55441
vt 0.46409 0.60566
vt 0.46464 0.60294
vt 0.47155 0.60566
vt 0.46876 0.59276
vt 0.73923 0.62003
vt 0.74152 0.61756
vt 0.76259 0.63343
vt 0.73049 0.12063
vt 0.70288 0.38046
vt 0.6974 0.39365
vt 0.69407 0.3812
vt 0.69316 0.39459
vt 0.6131 0.9989
vt 0.2117 0.61494
vt 0.98667 0.89429
vt 0.94832 0.89813
vt 0.9204 0.90058
vt 0.7818 0.47376
vt 0.87625 0.89047
vt 0.76736 0.45948
vt 0.75669 0.46141
vt 0.70009 0.26386
vt 0.96988 0.85108
vt 0.9789 0.84852
vt 0.96567 0.8469
vt 0.76107 0.54674
vt 0.94861 0.84992
vt 0.7707 0.54359
vt 0.89155 0.86128
vt 0.88806 0.85981
vt 0.81855 0.55564
vt 0.82809 0.55366
vt 0.81947 0.56174
vt 0.82862 0.56097
vt 0.88108 0.86207
vt 0.8664 0.86382
vt 0.84318 0.56077
vt 0.85473 0.8537
vt 0.87071 0.55232
vt 0.82538 0.853
vt 0.81405 0.86242
vt 0.81067 0.86255
vt 0.80177 0.86173
vt 0.90536 0.55761
vt 0.89776 0.56203
vt 0.57136 0.59203
vt 0.57416 0.59077
vt 0.57416 0.60069
vt 0.27522 0.31376
vt 0.27895 0.32232
vt 0.28452 0.25149
vt 0.2894 0.26795
vt 0.29524 0.25977
vt 0.75166 0.159
vt 0.29524 0.27682
vt 0.70409 0.38944
vt 0.61726 0.98906
vt 0.60986 0.01967
vt 0.96993 0.89456
vt 0.52168 0.39852
vt 0.53353 0.39898
vt 0.53189 0.37561
vt 0.89975 0.89442
vt 0.8917 0.89588
vt 0.88913 0.89196
vt 0.77248 0.54831
vt 0.92604 0.8497
vt 0.93814 0.8486
vt 0.91182 0.8521
vt 0.88742 0.86243
vt 0.2751 0.23459
vt 0.27737 0.24428
vt 0.27359 0.24984
vt 0.8395 0.56248
vt 0.27387 0.25524
vt 0.84629 0.55315
vt 0.87656 0.55434
vt 0.88393 0.55692
vt 0.28218 0.27253
vt 0.75606 0.15879
vt 0.09409 0.18135
vt 0.60406 0.98941
vt 0.60401 0.9995
vt 0.99122 0.29417
vt 0.52015 0.37425
vt 0.93377 0.88875
vt 0.77023 0.46205
vt 0.87442 0.87919
vt 0.87131 0.87919
vt 0.57212 0.32017
vt 0.57855 0.32936
vt 0.57805 0.3208
vt 0.00399 0.66218
vt 0.00326 0.64813
vt 0.01539 0.66419
vt 0.52472 0.13789
vt 0.68797 0.26877
vt 0.68989 0.26339
vt 0.96618 0.8579
vt 0.74212 0.56164
vt 0.75362 0.55647
vt 0.94818 0.86206
vt 0.94649 0.85284
vt 0.79838 0.55433
vt 0.90287 0.85361
vt 0.80387 0.56361
vt 0.89989 0.86291
vt 0.57539 0.22437
vt 0.5784 0.23283
vt 0.57665 0.21966
vt 0.8469 0.56366
vt 0.8389 0.85529
vt 0.82421 0.86444
vt 0.89387 0.56306
vt 0.57729 0.14666
vt 0.57937 0.146
vt 0.57556 0.14404
vt 0.70517 0.39883
vt 0.28689 0.16967
vt 0.28218 0.17919
vt 0.29329 0.16915
vt 0.52702 0.73125
vt 0.83729 0.34425
vt 0.84605 0.34566
vt 0.839 0.34203
vt 0.51402 0.41675
vt 0.51388 0.40214
vt 0.97391 0.8822
vt 0.51069 0.39885
vt 0.94878 0.88599
vt 0.97037 0.8762
vt 0.94545 0.88988
vt 0.53484 0.37232
vt 0.52343 0.36216
vt 0.53778 0.36173
vt 0.52417 0.35962
vt 0.90279 0.88712
vt 0.79279 0.47262
vt 0.79424 0.48822
vt 0.79535 0.47388
vt 0.79111 0.48962
vt 0.7839 0.47753
vt 0.88781 0.8825
vt 0.88647 0.87628
vt 0.78216 0.46131
vt 0.53534 0.14163
vt 0.53685 0.14029
vt 0.8223 0.51934
vt 0.83069 0.51934
vt 0.82357 0.50843
vt 0.97151 0.85328
vt 0.97196 0.86185
vt 0.73678 0.56155
vt 0.96598 0.8618
vt 0.77036 0.55492
vt 0.93841 0.85679
vt 0.90912 0.86274
vt 0.57401 0.21336
vt 0.6395 0.23743
vt 0.57819 0.19879
vt 0.27152 0.26256
vt 0.85338 0.56306
vt 0.85561 0.56307
vt 0.85391 0.86488
vt 0.87072 0.56431
vt 0.83264 0.86294
vt 0.88259 0.56371
vt 0.57869 0.15676
vt 0.27271 0.31066
vt 0.69874 0.41319
vt 0.53022 0.71593
vt 0.53246 0.71732
vt 0.50523 0.41716
vt 0.50361 0.40348
vt 0.98779 0.87866
vt 0.50913 0.38164
vt 0.80981 0.49238
vt 0.78466 0.46226
vt 0.26964 0.11325
vt 0.27352 0.12479
vt 0.27317 0.12771
vt 0.2788 0.13737
vt 0.26738 0.13761
vt 0.58515 0.3198
vt 0.01539 0.64633
vt 0.54861 0.11912
vt 0.55364 0.1362
vt 0.54804 0.13641
vt 0.82983 0.80636
vt 0.83069 0.80903
vt 0.82509 0.80478
vt 0.27089 0.14929
vt 0.27376 0.15421
vt 0.26644 0.14773
vt 0.75449 0.56369
vt 0.75975 0.56351
vt 0.94985 0.86415
vt 0.7628 0.55502
vt 0.76298 0.56447
vt 0.7858 0.56022
vt 0.9134 0.86237
vt 0.79685 0.56419
vt 0.85408 0.56498
vt 0.83613 0.86558
vt 0.58117 0.16843
vt 0.29017 0.28026
vt 0.70569 0.41319
vt 0.29991 0.18295
vt 0.29991 0.17271
vt 0.53282 0.71485
vt 0.27347 0.01346
vt 0.26897 0.02648
vt 0.27072 0.01376
vt 0.57913 0.44439
vt 0.58111 0.4424
vt 0.58304 0.43099
vt 0.97492 0.87535
vt 0.50312 0.4
vt 0.50166 0.38817
vt 0.96084 0.874
vt 0.51033 0.36293
vt 0.89069 0.88714
vt 0.83069 0.79711
vt 0.27051 0.16708
vt 0.93821 0.86316
vt 0.7707 0.56498
vt 0.77279 0.56377
vt 0.93749 0.86558
vt 0.91032 0.86508
vt 0.24935 0.22973
vt 0.27015 0.21855
vt 0.26961 0.26978
vt 0.27194 0.29921
vt 0.23126 0.30491
vt 0.28626 0.1862
vt 0.83864 0.29433
vt 0.27083 0.0307
vt 0.26859 0.04045
vt 0.50086 0.37517
vt 0.94775 0.87262
vt 0.93657 0.88577
vt 0.82574 0.48816
vt 0.82976 0.47406
vt 0.82659 0.47198
vt 0.81092 0.47028
vt 0.91702 0.8856
vt 0.89853 0.87904
vt 0.88942 0.87451
vt 0.79287 0.45883
vt 0.26717 0.11124
vt 0.52671 0.14534
vt 0.72806 0.14434
vt 0.71782 0.1622
vt 0.71813 0.14467
vt 0.5723 0.39329
vt 0.58256 0.39354
vt 0.58256 0.38343
vt 0.58165 0.39534
vt 0.83038 0.50927
vt 0.55364 0.11756
vt 0.82635 0.79514
vt 0.58556 0.30961
vt 0.57832 0.30263
vt 0.58123 0.30837
vt 0.58197 0.28558
vt 0.27055 0.17263
vt 0.26879 0.1755
vt 0.58278 0.24318
vt 0.27057 0.28702
vt 0.28248 0.35488
vt 0.6917 0.41278
vt 0.10028 0.18006
vt 0.29314 0.187
vt 0.86243 0.28286
vt 0.94889 0.26986
vt 0.59709 0.4356
vt 0.58161 0.42776
vt 0.49992 0.37619
vt 0.92002 0.87472
vt 0.90206 0.87369
vt 0.8083 0.46216
vt 0.7965 0.45941
vt 0.26631 0.09901
vt 0.26728 0.09959
vt 0.26506 0.10275
vt 0.72808 0.1622
vt 0.57236 0.38362
vt 0.57989 0.18628
vt 0.75135 0.14732
vt 0.73088 0.13343
vt 0.626 0.44556
vt 0.64354 0.44293
vt 0.5843 0.41628
vt 0.93742 0.87277
vt 0.4986 0.36383
vt 0.93422 0.87354
vt 0.82976 0.46167
vt 0.8278 0.46399
vt 0.80903 0.45974
vt 0.93206 0.87153
vt 0.26475 0.06889
vt 0.89813 0.87338
vt 0.58721 0.3547
vt 0.26774 0.18348
vt 0.27021 0.21114
vt 0.25213 0.15902
vt 0.58562 0.40446
vt 0.26625 0.05371
vt 0.26476 0.06408
vt 0.26286 0.0649
vt 0.26642 0.06666
vt 0.25046 0.08965
vt 0.58394 0.27254
vt 0.64469 0.32076
vt 0.64008 0.17715
vt 0.36549 0.62758
vt 0.22542 0.03174
vt 0.58783 0.39255
vt 0.6091 0.3655
vt 0.58736 0.37081
vt 0.58521 0.3579
vt 0.19678 0.01459
vt 0.57465 0.87946
vt 0.60711 0.71379
vt 0.16971 0.21596
vt 0.36707 0.62589
vt 0.6247 0.88145
vt 0.17122 0.5954
vt 0.35041 0.99256
vt 0.30084 0.99454
vt 0.3764 0.99454
vt 0.63705 0.71718
vt 0.58144 0.71546
vt 0.67215 0.39421
vt 0.19945 0.15254
vt 0.63807 0.76616
vt 0.66142 0.10557
vt 0.16366 0.3723
vt 0.25805 0.56685
vt 0.18919 0.44375
vt 0.05422 0.57935
vt 0.68506 0.01252
vt 0.80467 0.61064
vt 0.68256 0.41942
vt 0.62189 0.83214
vt 0.67109 0.0293
vt 0.17204 0.09899
vt 0.83897 0.23017
vt 0.6358 0.87947
vt 0.15428 0.44511
vt 0.81503 0.6126
vt 0.17408 0.1872
vt 0.05272 0.5705
vt 0.993 0.1882
vt 0.88328 0.22045
vt 0.68178 0.25037
vt 0.68349 0.14231
vt 0.18145 0.05885
vt 0.68207 0.27294
vt 0.68229 0.42996
vt 0.16989 0.0266
vt 0.67436 0.36097
vt 0.14021 0.39475
vt 0.68117 0.30155
vt 0.17229 0.08033
vt 0.51872 0.29721
vt 0.52124 0.28116
vt 0.51446 0.28368
vt 0.52122 0.26403
vt 0.71862 0.45659
vt 0.71409 0.44568
vt 0.7144 0.46701
vt 0.16915 0.25263
vt 0.67938 0.19842
vt 0.68307 0.17032
vt 0.03697 0.95969
vt 0.03753 0.94494
vt 0.01907 0.95654
vt 0.68785 0.08278
vt 0.99121 0.21343
vt 0.16989 0.03949
vt 0.52616 0.29825
vt 0.73393 0.44884
vt 0.50733 0.47191
vt 0.50622 0.46304
vt 0.50583 0.47566
vt 0.52526 0.26967
vt 0.72582 0.4692
vt 0.17066 0.26375
vt 0.68144 0.40651
vt 0.03605 0.97413
vt 0.67859 0.3949
vt 0.73179 0.43403
vt 0.1322 0.14501
vt 0.13237 0.16264
vt 0.13852 0.15052
vt 0.51249 0.48264
vt 0.68561 0.34427
vt 0.68393 0.31701
vt 0.6841 0.28245
vt 0.16801 0.2889
vt 0.16458 0.26928
vt 0.68944 0.17458
vt 0.69392 0.17943
vt 0.68797 0.16353
vt 0.69633 0.17103
vt 0.52146 0.59151
vt 0.53191 0.59012
vt 0.52951 0.60688
vt 0.6948 0.1601
vt 0.5254 0.30892
vt 0.17103 0.05048
vt 0.17372 0.06011
vt 0.172 0.06512
vt 0.51198 0.45777
vt 0.71506 0.48226
vt 0.68941 0.33053
vt 0.16586 0.22714
vt 0.69475 0.18352
vt 0.539 0.58978
vt 0.54244 0.60795
vt 0.6894 0.15612
vt 0.16064 0.33507
vt 0.85241 0.22766
vt 0.68038 0.3637
vt 0.50658 0.45168
vt 0.53208 0.26126
vt 0.53109 0.25314
vt 0.68062 0.35893
vt 0.16863 0.10784
vt 0.1706 0.14858
vt 0.17079 0.15615
vt 0.68292 0.24148
vt 0.16359 0.23683
vt 0.68373 0.23196
vt 0.51141 0.59209
vt 0.51452 0.60258
vt 0.16784 0.30591
vt 0.69368 0.14917
vt 0.10307 0.0367
vt 0.11614 0.02255
vt 0.10814 0.02164
vt 0.68627 0.13012
vt 0.16632 0.3222
vt 0.68539 0.43859
vt 0.42566 0.47073
vt 0.4308 0.47115
vt 0.42629 0.48336
vt 0.61174 0.53986
vt 0.61533 0.54836
vt 0.61102 0.54911
vt 0.68076 0.39137
vt 0.74293 0.46334
vt 0.53344 0.46312
vt 0.16907 0.13977
vt 0.68158 0.71844
vt 0.66578 0.71789
vt 0.67294 0.71577
vt 0.67176 0.72278
vt 0.12733 0.13316
vt 0.12566 0.13532
vt 0.12663 0.1256
vt 0.12657 0.1411
vt 0.70149 0.18774
vt 0.70156 0.17985
vt 0.47183 0.70585
vt 0.48237 0.70659
vt 0.47976 0.71239
vt 0.69782 0.1535
vt 0.11344 0.04101
vt 0.63908 0.71545
vt 0.16497 0.0124
vt 0.16649 0.01498
vt 0.68758 0.44431
vt 0.53493 0.30704
vt 0.02049 0.97505
vt 0.04369 0.97539
vt 0.0577 0.97877
vt 0.04958 0.97246
vt 0.06017 0.96856
vt 0.14191 0.1675
vt 0.04885 0.96296
vt 0.60095 0.53402
vt 0.59932 0.54769
vt 0.42904 0.48527
vt 0.61508 0.53745
vt 0.53405 0.47309
vt 0.44559 0.47222
vt 0.6321 0.54698
vt 0.62986 0.53099
vt 0.64268 0.54911
vt 0.17029 0.0974
vt 0.68207 0.36185
vt 0.68171 0.37449
vt 0.16384 0.11991
vt 0.16526 0.16313
vt 0.67949 0.72394
vt 0.69043 0.72331
vt 0.1697 0.184
vt 0.169 0.20057
vt 0.11294 0.12502
vt 0.11056 0.1302
vt 0.11628 0.14037
vt 0.24207 0.98859
vt 0.24208 0.97309
vt 0.25116 0.98715
vt 0.25326 0.98859
vt 0.70293 0.19091
vt 0.09874 0.02168
vt 0.69071 0.12058
vt 0.69204 0.08746
vt 0.83722 0.22872
vt 0.16709 0.02969
vt 0.58922 0.5439
vt 0.13801 0.1751
vt 0.132 0.17507
vt 0.58675 0.54627
vt 0.41373 0.48602
vt 0.41752 0.48069
vt 0.4172 0.49475
vt 0.15149 0.15568
vt 0.42573 0.50163
vt 0.6124 0.52455
vt 0.61487 0.52296
vt 0.74487 0.44314
vt 0.44144 0.49481
vt 0.46125 0.48232
vt 0.46233 0.47495
vt 0.64464 0.54733
vt 0.643 0.52658
vt 0.53813 0.25558
vt 0.6481 0.5479
vt 0.64589 0.52901
vt 0.46581 0.49544
vt 0.47221 0.48963
vt 0.47286 0.47619
vt 0.65442 0.53261
vt 0.6588 0.54305
vt 0.66378 0.54515
vt 0.16775 0.14101
vt 0.55898 0.19749
vt 0.56571 0.20761
vt 0.5667 0.19906
vt 0.68433 0.30841
vt 0.55183 0.19692
vt 0.68596 0.30303
vt 0.55084 0.20797
vt 0.68805 0.29887
vt 0.16765 0.17468
vt 0.27605 0.05594
vt 0.27285 0.07527
vt 0.2751 0.05158
vt 0.27573 0.08231
vt 0.6613 0.72555
vt 0.16795 0.2131
vt 0.27319 0.08499
vt 0.65876 0.72056
vt 0.07054 0.89557
vt 0.06822 0.89571
vt 0.07106 0.89434
vt 0.12433 0.14952
vt 0.6881 0.21837
vt 0.68855 0.21447
vt 0.6861 0.19941
vt 0.25152 0.97272
vt 0.25305 0.97457
vt 0.132 0.13687
vt 0.13307 0.13228
vt 0.14692 0.13839
vt 0.68537 0.18524
vt 0.50065 0.59343
vt 0.48961 0.71501
vt 0.49233 0.70658
vt 0.33442 0.31101
vt 0.3252 0.30903
vt 0.30737 0.31101
vt 0.93921 0.75768
vt 0.9393 0.76715
vt 0.95005 0.76624
vt 0.93807 0.77511
vt 0.49235 0.96123
vt 0.48979 0.96107
vt 0.4748 0.9628
vt 0.3756 0.93998
vt 0.3736 0.91992
vt 0.38215 0.93852
vt 0.38536 0.92773
vt 0.70371 0.14709
vt 0.69986 0.14192
vt 0.56673 0.54278
vt 0.57586 0.53638
vt 0.57485 0.54199
vt 0.57508 0.54491
vt 0.57899 0.54373
vt 0.68559 0.42721
vt 0.05524 0.98937
vt 0.04329 0.99651
vt 0.57913 0.53617
vt 0.0266 0.99026
vt 0.53871 0.31895
vt 0.53708 0.30346
vt 0.03973 0.99057
vt 0.40978 0.49484
vt 0.40974 0.48847
vt 0.00897 0.9685
vt 0.60228 0.52057
vt 0.00819 0.9492
vt 0.42847 0.50081
vt 0.16091 0.14335
vt 0.45971 0.49245
vt 0.51477 0.44676
vt 0.73235 0.48452
vt 0.50513 0.44296
vt 0.53871 0.24851
vt 0.2854 0.00863
vt 0.28336 0.01474
vt 0.2839 0.00744
vt 0.28858 0.01303
vt 0.55976 0.21203
vt 0.55201 0.21208
vt 0.98461 0.8329
vt 0.98855 0.84375
vt 0.99199 0.8307
vt 0.16471 0.15765
vt 0.02979 0.90276
vt 0.03145 0.89804
vt 0.03377 0.90877
vt 0.04049 0.89673
vt 0.04115 0.91158
vt 0.28741 0.04227
vt 0.28471 0.05308
vt 0.27707 0.04152
vt 0.04435 0.9052
vt 0.72435 0.2825
vt 0.7245 0.27173
vt 0.74032 0.2729
vt 0.0456 0.91198
vt 0.68742 0.72904
vt 0.0563 0.8961
vt 0.28309 0.07112
vt 0.72497 0.2626
vt 0.06915 0.90929
vt 0.28341 0.08135
vt 0.28582 0.08551
vt 0.65365 0.73124
vt 0.07119 0.90953
vt 0.65189 0.72482
vt 0.64599 0.73562
vt 0.07939 0.89672
vt 0.28139 0.09472
vt 0.2734 0.09539
vt 0.08214 0.89471
vt 0.16295 0.24168
vt 0.68506 0.19067
vt 0.16683 0.26497
vt 0.50234 0.96049
vt 0.5017 0.96243
vt 0.51638 0.96144
vt 0.9569 0.7589
vt 0.94821 0.75525
vt 0.50272 0.95189
vt 0.49902 0.94895
vt 0.49228 0.94029
vt 0.94734 0.76884
vt 0.48975 0.95054
vt 0.48534 0.72722
vt 0.48185 0.94945
vt 0.4712 0.9608
vt 0.47025 0.72527
vt 0.16604 0.31874
vt 0.9379 0.78819
vt 0.4628 0.96158
vt 0.16141 0.32867
vt 0.69588 0.09732
vt 0.63981 0.72525
vt 0.56212 0.53341
vt 0.37413 0.48522
vt 0.38401 0.48302
vt 0.37687 0.49236
vt 0.56338 0.52293
vt 0.57589 0.52014
vt 0.38604 0.49706
vt 0.38831 0.4913
vt 0.38761 0.48322
vt 0.05199 0.9995
vt 0.16067 0.16724
vt 0.45656 0.50352
vt 0.52396 0.44663
vt 0.57016 0.8937
vt 0.5583 0.89633
vt 0.56866 0.89173
vt 0.476 0.48734
vt 0.48568 0.47942
vt 0.1626 0.12684
vt 0.29223 0.00972
vt 0.28964 0.01898
vt 0.28203 0.01987
vt 0.28848 0.02209
vt 0.99487 0.84069
vt 0.02012 0.89928
vt 0.29574 0.05417
vt 0.04027 0.92081
vt 0.2964 0.07256
vt 0.73836 0.25942
vt 0.27489 0.992
vt 0.28672 0.9768
vt 0.28576 0.99221
vt 0.08067 0.91323
vt 0.29578 0.09544
vt 0.08237 0.90252
vt 0.27488 0.09859
vt 0.29105 0.09786
vt 0.27503 0.11098
vt 0.15738 0.25213
vt 0.86614 0.63145
vt 0.86541 0.61781
vt 0.85364 0.63044
vt 0.95093 0.72173
vt 0.94943 0.73187
vt 0.95541 0.7336
vt 0.14692 0.13145
vt 0.68731 0.18795
vt 0.68581 0.17082
vt 0.51851 0.9471
vt 0.50497 0.60591
vt 0.70925 0.19196
vt 0.70548 0.18223
vt 0.94195 0.73697
vt 0.4974 0.71551
vt 0.4969 0.70629
vt 0.94576 0.78891
vt 0.47062 0.95013
vt 0.39065 0.93783
vt 0.94051 0.79674
vt 0.46258 0.94595
vt 0.93703 0.79152
vt 0.70942 0.13938
vt 0.64665 0.7407
vt 0.84474 0.2279
vt 0.37327 0.49485
vt 0.37174 0.48624
vt 0.5611 0.54129
vt 0.37893 0.5002
vt 0.57891 0.52014
vt 0.14397 0.17496
vt 0.40934 0.50121
vt 0.41731 0.5124
vt 0.62883 0.51319
vt 0.74314 0.47282
vt 0.64531 0.51498
vt 0.65362 0.51387
vt 0.71712 0.49154
vt 0.65698 0.5249
vt 0.66709 0.53102
vt 0.48664 0.48683
vt 0.48 0.49586
vt 0.15667 0.13938
vt 0.55275 0.21718
vt 0.98462 0.82869
vt 0.98883 0.82554
vt 0.28055 0.02457
vt 0.29571 0.02595
vt 0.01484 0.89938
vt 0.01473 0.90948
vt 0.02957 0.91779
vt 0.7246 0.2909
vt 0.73904 0.2834
vt 0.26705 0.99256
vt 0.27332 0.97261
vt 0.05922 0.92143
vt 0.30126 0.08388
vt 0.07385 0.92231
vt 0.28037 0.11087
vt 0.09339 0.8972
vt 0.09152 0.89439
vt 0.85334 0.61846
vt 0.52062 0.93927
vt 0.52239 0.95943
vt 0.53083 0.95871
vt 0.94213 0.73184
vt 0.95767 0.73804
vt 0.51903 0.95893
vt 0.70942 0.19792
vt 0.50256 0.93871
vt 0.95728 0.74856
vt 0.96445 0.7657
vt 0.96484 0.75876
vt 0.52501 0.62376
vt 0.9614 0.77688
vt 0.536 0.6245
vt 0.95081 0.79269
vt 0.96027 0.78872
vt 0.9453 0.8001
vt 0.08791 0.01079
vt 0.09156 0.01273
vt 0.09443 0.00744
vt 0.68951 0.12726
vt 0.11735 0.99143
vt 0.12019 0.98832
vt 0.12267 0.99158
vt 0.85432 0.22507
vt 0.38973 0.50815
vt 0.0246 0.99637
vt 0.16091 0.15914
vt 0.43373 0.5108
vt 0.65719 0.96442
vt 0.65075 0.95784
vt 0.66933 0.96344
vt 0.66954 0.96018
vt 0.53335 0.45397
vt 0.47228 0.50598
vt 0.48507 0.49804
vt 0.67778 0.54159
vt 0.67404 0.52468
vt 0.69693 0.31816
vt 0.56188 0.21644
vt 0.29882 0.02362
vt 0.30295 0.04436
vt 0.68998 0.7329
vt 0.69611 0.72911
vt 0.70196 0.73562
vt 0.59146 0.00843
vt 0.59935 0.00843
vt 0.59798 0.00546
vt 0.6861 0.73223
vt 0.04307 0.92382
vt 0.26342 0.97678
vt 0.74763 0.26623
vt 0.10515 0.11855
vt 0.10329 0.1295
vt 0.06996 0.92789
vt 0.10898 0.14228
vt 0.29317 0.98672
vt 0.29524 0.99256
vt 0.0774 0.91979
vt 0.07568 0.92483
vt 0.08484 0.91586
vt 0.09439 0.90869
vt 0.09618 0.89444
vt 0.27595 0.11535
vt 0.69409 0.20455
vt 0.95937 0.72362
vt 0.53218 0.94752
vt 0.49241 0.59799
vt 0.49931 0.93203
vt 0.48972 0.9362
vt 0.4721 0.93343
vt 0.39132 0.92959
vt 0.08988 0.01838
vt 0.08877 0.02335
vt 0.5555 0.43516
vt 0.55867 0.45041
vt 0.55974 0.43531
vt 0.08913 0.03322
vt 0.15235 0.33814
vt 0.14511 0.35147
vt 0.86484 0.21715
vt 0.37498 0.50995
vt 0.38708 0.50829
vt 0.15898 0.17427
vt 0.64265 0.96858
vt 0.63498 0.96526
vt 0.61291 0.50716
vt 0.6661 0.96732
vt 0.67629 0.96631
vt 0.74393 0.48076
vt 0.57783 0.89418
vt 0.66376 0.51654
vt 0.49264 0.48147
vt 0.48875 0.49456
vt 0.50213 0.4938
vt 0.15717 0.13506
vt 0.03758 0.75298
vt 0.02946 0.75248
vt 0.02666 0.76346
vt 0.5667 0.21908
vt 0.30193 0.01208
vt 0.02811 0.92237
vt 0.31066 0.05486
vt 0.5921 0.00651
vt 0.25776 0.99202
vt 0.25544 0.98392
vt 0.1122 0.15612
vt 0.30085 0.0982
vt 0.12484 0.16131
vt 0.11412 0.16284
vt 0.09626 0.90486
vt 0.28631 0.11334
vt 0.38091 0.97568
vt 0.37564 0.96522
vt 0.37267 0.97569
vt 0.53144 0.93731
vt 0.51741 0.93056
vt 0.9619 0.7454
vt 0.51393 0.6245
vt 0.47838 0.73795
vt 0.46397 0.93563
vt 0.95756 0.79578
vt 0.56437 0.44714
vt 0.08289 0.0164
vt 0.08247 0.01214
vt 0.56612 0.43502
vt 0.95045 0.95528
vt 0.95157 0.96048
vt 0.94636 0.95288
vt 0.01206 0.98071
vt 0.6013 0.50431
vt 0.604 0.50235
vt 0.61625 0.50437
vt 0.42901 0.51797
vt 0.67282 0.97294
vt 0.64275 0.50357
vt 0.57861 0.89137
vt 0.73721 0.49157
vt 0.46498 0.51546
vt 0.65643 0.50948
vt 0.47369 0.51112
vt 0.50195 0.48507
vt 0.14869 0.14076
vt 0.04129 0.64436
vt 0.04334 0.64534
vt 0.04149 0.6252
vt 0.04431 0.63124
vt 0.03456 0.63854
vt 0.01955 0.76402
vt 0.02519 0.75801
vt 0.55251 0.22328
vt 0.56533 0.22424
vt 0.99118 0.81555
vt 0.01512 0.92423
vt 0.72514 0.29966
vt 0.04219 0.92986
vt 0.10115 0.14004
vt 0.12733 0.17411
vt 0.09528 0.91563
vt 0.09816 0.9155
vt 0.1073 0.90914
vt 0.85753 0.61458
vt 0.86614 0.61554
vt 0.38514 0.96316
vt 0.37922 0.95578
vt 0.96678 0.72489
vt 0.96925 0.737
vt 0.47427 0.92879
vt 0.3859 0.91601
vt 0.96756 0.79705
vt 0.39007 0.91809
vt 0.07509 0.01627
vt 0.94669 0.96513
vt 0.56347 0.50921
vt 0.57566 0.50861
vt 0.57909 0.50991
vt 0.40996 0.51719
vt 0.44509 0.51662
vt 0.45504 0.51063
vt 0.68095 0.97233
vt 0.481 0.51167
vt 0.48791 0.50903
vt 0.6917 0.53662
vt 0.55347 0.23548
vt 0.98831 0.81931
vt 0.0281 0.93146
vt 0.7486 0.27879
vt 0.31386 0.08155
vt 0.07358 0.94274
vt 0.30996 0.09462
vt 0.10092 0.14818
vt 0.09015 0.92518
vt 0.3037 0.1124
vt 0.29765 0.12498
vt 0.28635 0.12723
vt 0.10804 0.90627
vt 0.10728 0.8947
vt 0.27865 0.12748
vt 0.5308 0.9242
vt 0.97095 0.74074
vt 0.49441 0.72914
vt 0.49877 0.72572
vt 0.49295 0.9246
vt 0.97355 0.76056
vt 0.97204 0.04679
vt 0.96875 0.03543
vt 0.97401 0.0429
vt 0.97474 0.76667
vt 0.97045 0.02387
vt 0.48949 0.73832
vt 0.46688 0.73859
vt 0.97563 0.79197
vt 0.10334 0.05578
vt 0.11614 0.05903
vt 0.56061 0.46201
vt 0.56495 0.45477
vt 0.08745 0.04358
vt 0.08428 0.02532
vt 0.57416 0.43795
vt 0.07667 0.02025
vt 0.69946 0.12107
vt 0.70463 0.11741
vt 0.11077 0.99355
vt 0.11139 0.99096
vt 0.11439 0.98854
vt 0.6999 0.08141
vt 0.7351 0.02371
vt 0.38745 0.51978
vt 0.63666 0.97346
vt 0.627 0.97395
vt 0.42594 0.5227
vt 0.4556 0.5217
vt 0.64882 0.50295
vt 0.47042 0.52257
vt 0.50014 0.50803
vt 0.68559 0.52032
vt 0.53633 0.56469
vt 0.52969 0.56414
vt 0.53679 0.56796
vt 0.30686 0.0267
vt 0.73402 0.29901
vt 0.58162 0.00632
vt 0.25498 0.97322
vt 0.26192 0.96779
vt 0.18715 0.97386
vt 0.1834 0.96677
vt 0.19509 0.96705
vt 0.28489 0.9675
vt 0.29511 0.97503
vt 0.07792 0.93581
vt 0.85121 0.61627
vt 0.38224 0.96813
vt 0.38895 0.98951
vt 0.39316 0.99477
vt 0.38573 0.99653
vt 0.51994 0.92094
vt 0.5043 0.6245
vt 0.49901 0.91801
vt 0.97594 0.03117
vt 0.9777 0.04286
vt 0.97981 0.01954
vt 0.97822 0.78956
vt 0.37771 0.9062
vt 0.15396 0.37082
vt 0.65273 0.74741
vt 0.53405 0.44452
vt 0.58909 0.89633
vt 0.74487 0.49126
vt 0.6743 0.5103
vt 0.66312 0.5029
vt 0.1549 0.13713
vt 0.02408 0.63438
vt 0.01587 0.62123
vt 0.56583 0.23204
vt 0.31535 0.02307
vt 0.74853 0.28925
vt 0.17307 0.97236
vt 0.05666 0.94513
vt 0.20357 0.97206
vt 0.09838 0.92216
vt 0.11081 0.91143
vt 0.11025 0.90337
vt 0.97682 0.72582
vt 0.4909 0.61516
vt 0.50326 0.91994
vt 0.49955 0.73067
vt 0.97749 0.01236
vt 0.57416 0.47371
vt 0.09265 0.05393
vt 0.57181 0.44903
vt 0.10767 0.98837
vt 0.1104 0.98762
vt 0.95731 0.96551
vt 0.65747 0.75307
vt 0.01354 0.99015
vt 0.57856 0.50268
vt 0.62981 0.97752
vt 0.63259 0.97955
vt 0.62791 0.49211
vt 0.67745 0.98093
vt 0.67274 0.50095
vt 0.14738 0.13966
vt 0.01363 0.62107
vt 0.31726 0.01221
vt 0.99487 0.8001
vt 0.98994 0.80686
vt 0.31611 0.04409
vt 0.04267 0.94069
vt 0.27265 0.96718
vt 0.19848 0.97755
vt 0.31663 0.0849
vt 0.10028 0.15653
vt 0.31079 0.11274
vt 0.76436 0.58732
vt 0.7731 0.58322
vt 0.76073 0.59871
vt 0.98172 0.73836
vt 0.97843 0.74143
vt 0.97865 0.74786
vt 0.97821 0.0547
vt 0.97771 0.7598
vt 0.47125 0.91926
vt 0.39132 0.90526
vt 0.66065 0.61359
vt 0.66441 0.61979
vt 0.65937 0.62284
vt 0.07611 0.02678
vt 0.10182 0.99288
vt 0.11036 0.98409
vt 0.11466 0.98336
vt 0.9527 0.96739
vt 0.21175 0.55375
vt 0.37579 0.51826
vt 0.57539 0.49815
vt 0.61325 0.49236
vt 0.68517 0.98165
vt 0.88137 0.96401
vt 0.88732 0.96601
vt 0.8868 0.98027
vt 0.52903 0.55222
vt 0.87827 0.98066
vt 0.038 0.77366
vt 0.04295 0.62214
vt 0.01423 0.76923
vt 0.02483 0.77986
vt 0.56591 0.23859
vt 0.01446 0.9396
vt 0.2542 0.96677
vt 0.17753 0.97817
vt 0.1661 0.97948
vt 0.06986 0.94692
vt 0.32113 0.08315
vt 0.20308 0.97998
vt 0.29358 0.96801
vt 0.07616 0.94219
vt 0.32023 0.09636
vt 0.10412 0.93221
vt 0.86147 0.37233
vt 0.86334 0.36657
vt 0.86334 0.38631
vt 0.39521 0.98152
vt 0.50237 0.9138
vt 0.49735 0.73859
vt 0.99098 0.01144
vt 0.45948 0.92137
vt 0.67024 0.63443
vt 0.65905 0.63443
vt 0.66388 0.62838
vt 0.89316 0.00754
vt 0.88305 0.00721
vt 0.88592 0.0005
vt 0.07828 0.03683
vt 0.87125 0.20733
vt 0.56343 0.49717
vt 0.62173 0.98165
vt 0.41325 0.5277
vt 0.41668 0.5281
vt 0.60152 0.48627
vt 0.43989 0.5326
vt 0.45787 0.52972
vt 0.64615 0.49196
vt 0.51789 0.55808
vt 0.03052 0.77539
vt 0.32061 0.02708
vt 0.02722 0.94683
vt 0.17253 0.98427
vt 0.20452 0.98364
vt 0.20975 0.97627
vt 0.20951 0.98532
vt 0.10033 0.16157
vt 0.31049 0.12567
vt 0.11241 0.9262
vt 0.39617 0.94794
vt 0.38689 0.94552
vt 0.49573 0.62427
vt 0.9859 0.75833
vt 0.98292 0.04902
vt 0.98695 0.0069
vt 0.9 0.00838
vt 0.08556 0.05231
vt 0.75632 0.57768
vt 0.75886 0.58417
vt 0.75104 0.58234
vt 0.76073 0.57765
vt 0.09161 0.96023
vt 0.09506 0.96367
vt 0.09023 0.96826
vt 0.70502 0.10229
vt 0.10327 0.98375
vt 0.13743 0.36708
vt 0.70539 0.83223
vt 0.58642 0.48968
vt 0.61684 0.48671
vt 0.46301 0.52273
vt 0.49164 0.52686
vt 0.35742 0.90355
vt 0.35958 0.90737
vt 0.3615 0.89633
vt 0.7486 0.3001
vt 0.04348 0.94692
vt 0.21427 0.98382
vt 0.86229 0.39137
vt 0.39862 0.93916
vt 0.98621 0.72699
vt 0.48368 0.62324
vt 0.50513 0.73823
vt 0.49153 0.91111
vt 0.47392 0.91492
vt 0.97873 0.79945
vt 0.8652 0.01675
vt 0.86607 0.00876
vt 0.87489 0.00958
vt 0.75999 0.59375
vt 0.75183 0.59177
vt 0.33629 0.23218
vt 0.33815 0.22569
vt 0.33815 0.23859
vt 0.08618 0.96311
vt 0.08071 0.96799
vt 0.14639 0.32944
vt 0.0961 0.97701
vt 0.14344 0.36134
vt 0.11099 0.98289
vt 0.95001 0.97538
vt 0.13264 0.53149
vt 0.66271 0.75326
vt 0.57747 0.48997
vt 0.39858 0.51903
vt 0.60477 0.4869
vt 0.42852 0.53384
vt 0.46334 0.52935
vt 0.48059 0.52816
vt 0.50051 0.51986
vt 0.89464 0.95281
vt 0.51108 0.5494
vt 0.53778 0.55622
vt 0.03871 0.7753
vt 0.00967 0.77347
vt 0.37267 0.90216
vt 0.15998 0.98859
vt 0.32555 0.05485
vt 0.33071 0.04325
vt 0.29257 0.90354
vt 0.29951 0.90047
vt 0.29682 0.89994
vt 0.09322 0.93919
vt 0.98862 0.05452
vt 0.98548 0.0597
vt 0.98826 0.76971
vt 0.09351 0.30704
vt 0.09586 0.30294
vt 0.09188 0.2982
vt 0.10028 0.30503
vt 0.81763 0.50248
vt 0.82696 0.50248
vt 0.82106 0.4995
vt 0.87236 0.01835
vt 0.88618 0.01404
vt 0.70339 0.13143
vt 0.7063 0.12834
vt 0.87867 0.01722
vt 0.07704 0.0456
vt 0.0803 0.97755
vt 0.09033 0.98793
vt 0.07532 0.98389
vt 0.08539 0.99073
vt 0.45028 0.93138
vt 0.45264 0.92761
vt 0.44992 0.92252
vt 0.1047 0.97207
vt 0.96246 0.96971
vt 0.95803 0.97308
vt 0.89078 0.16164
vt 0.37662 0.52916
vt 0.39083 0.52619
vt 0.00793 0.9995
vt 0.4257 0.53399
vt 0.65705 0.49211
vt 0.0299 0.77891
vt 0.37164 0.90977
vt 0.32711 0.05945
vt 0.32274 0.11152
vt 0.77344 0.57798
vt 0.31963 0.13864
vt 0.33239 0.13856
vt 0.34095 0.15129
vt 0.98893 0.74354
vt 0.5173 0.91138
vt 0.51311 0.90728
vt 0.09794 0.29224
vt 0.0923 0.29023
vt 0.90159 0.01492
vt 0.74507 0.5885
vt 0.7357 0.58068
vt 0.74288 0.57589
vt 0.14502 0.32761
vt 0.13952 0.34027
vt 0.13795 0.33356
vt 0.45803 0.92722
vt 0.45384 0.92054
vt 0.44302 0.92808
vt 0.14133 0.35676
vt 0.10321 0.96469
vt 0.11667 0.97242
vt 0.71628 0.08418
vt 0.70802 0.0894
vt 0.87699 0.19073
vt 0.38803 0.5291
vt 0.64438 0.48686
vt 0.47128 0.53525
vt 0.68694 0.50195
vt 0.89373 0.97053
vt 0.03333 0.61525
vt 0.00588 0.78002
vt 0.32986 0.90318
vt 0.33189 0.9104
vt 0.34302 0.90686
vt 0.29981 0.91093
vt 0.21688 0.98859
vt 0.32218 0.11569
vt 0.26073 0.90329
vt 0.26959 0.91622
vt 0.27133 0.90349
vt 0.40261 0.97586
vt 0.99121 0.06105
vt 0.99394 0.06895
vt 0.46379 0.9076
vt 0.99394 0.00446
vt 0.06667 0.99355
vt 0.06483 0.98628
vt 0.0702 0.99319
vt 0.89793 0.01835
vt 0.0779 0.953
vt 0.08387 0.95385
vt 0.11059 0.9607
vt 0.13493 0.35915
vt 0.97198 0.976
vt 0.57385 0.48042
vt 0.39041 0.53675
vt 0.66663 0.49348
vt 0.02228 0.78455
vt 0.32661 0.01112
vt 0.33312 0.02359
vt 0.35497 0.9222
vt 0.3401 0.91452
vt 0.32901 0.08725
vt 0.53151 0.90999
vt 0.52009 0.90823
vt 0.99391 0.73906
vt 0.47055 0.90262
vt 0.04897 0.66267
vt 0.04562 0.65586
vt 0.03832 0.66469
vt 0.45538 0.91612
vt 0.73953 0.59188
vt 0.73207 0.5865
vt 0.44693 0.91073
vt 0.44619 0.91637
vt 0.13258 0.34927
vt 0.72574 0.08392
vt 0.50233 0.52952
vt 0.52198 0.5457
vt 0.02517 0.60986
vt 0.3705 0.91697
vt 0.30355 0.90482
vt 0.324 0.13412
vt 0.98861 0.75217
vt 0.99866 0.76388
vt 0.9945 0.77368
vt 0.9918 0.79488
vt 0.15238 0.11825
vt 0.15556 0.12351
vt 0.16091 0.11614
vt 0.08172 0.94891
vt 0.07838 0.05656
vt 0.13435 0.33908
vt 0.98554 0.97371
vt 0.98329 0.98066
vt 0.95855 0.98716
vt 0.95043 0.98545
vt 0.08248 0.44415
vt 0.67047 0.75574
vt 0.56306 0.48176
vt 0.37647 0.53708
vt 0.41342 0.54444
vt 0.41585 0.54798
vt 0.61305 0.47261
vt 0.62768 0.4782
vt 0.64833 0.47551
vt 0.45928 0.54539
vt 0.462 0.544
vt 0.65792 0.48324
vt 0.48812 0.53907
vt 0.51651 0.53611
vt 0.50799 0.54068
vt 0.0277 0.60895
vt 0.01013 0.61134
vt 0.35797 0.92003
vt 0.32665 0.92258
vt 0.31662 0.90206
vt 0.29053 0.91961
vt 0.2845 0.90481
vt 0.32172 0.12748
vt 0.26243 0.91335
vt 0.41398 0.98187
vt 0.99953 0.72818
vt 0.49949 0.90117
vt 0.4775 0.90341
vt 0.03868 0.67361
vt 0.14812 0.12018
vt 0.15153 0.10666
vt 0.03729 0.65684
vt 0.10028 0.28522
vt 0.72528 0.58187
vt 0.43739 0.92025
vt 0.43593 0.92465
vt 0.96921 0.98876
vt 0.67565 0.75804
vt 0.8751 0.1927
vt 0.387 0.54051
vt 0.42503 0.54667
vt 0.67036 0.48513
vt 0.6875 0.49272
vt 0.89985 0.96476
vt 0.33612 0.02604
vt 0.33637 0.05522
vt 0.27821 0.92016
vt 0.41415 0.94719
vt 0.41587 0.937
vt 0.41489 0.97173
vt 0.41096 0.97564
vt 0.50193 0.9013
vt 0.73278 0.59375
vt 0.14656 0.11432
vt 0.4532 0.90388
vt 0.44241 0.91115
vt 0.52009 0.5319
vt 0.33661 0.9232
vt 0.33775 0.07197
vt 0.33815 0.08436
vt 0.13411 0.96434
vt 0.13701 0.95457
vt 0.1313 0.96171
vt 0.13379 0.95112
vt 0.12267 0.95568
vt 0.26932 0.92693
vt 0.7838 0.57391
vt 0.99902 0.74318
vt 0.52021 0.89612
vt 0.51765 0.89566
vt 0.99876 0.74931
vt 0.49074 0.89741
vt 0.99953 0.79155
vt 0.27659 0.20016
vt 0.27735 0.20883
vt 0.28232 0.19692
vt 0.13204 0.33503
vt 0.28592 0.20883
vt 0.71877 0.87948
vt 0.95917 0.10965
vt 0.58779 0.47612
vt 0.42934 0.55023
vt 0.43908 0.54701
vt 0.01981 0.79826
vt 0.36836 0.92645
vt 0.30278 0.92423
vt 0.33366 0.0992
vt 0.79422 0.57999
vt 0.39342 0.95214
vt 0.53218 0.89086
vt 0.47235 0.89591
vt 0.01073 0.54018
vt 0.01073 0.54613
vt 0.00513 0.54492
vt 0.76446 0.89634
vt 0.77037 0.89534
vt 0.76901 0.90458
vt 0.28685 0.19925
vt 0.12367 0.35786
vt 0.12694 0.36902
vt 0.36553 0.45394
vt 0.6028 0.47078
vt 0.64523 0.47208
vt 0.48049 0.54739
vt 0.50089 0.54221
vt 0.90213 0.94912
vt 0.02462 0.59386
vt 0.23647 0.96603
vt 0.23534 0.95315
vt 0.22369 0.96069
vt 0.16373 0.95939
vt 0.16132 0.95638
vt 0.1608 0.96875
vt 0.29972 0.92447
vt 0.15127 0.96155
vt 0.04897 0.72761
vt 0.03732 0.72942
vt 0.04527 0.7385
vt 0.04304 0.72586
vt 0.02302 0.6628
vt 0.03205 0.65305
vt 0.14215 0.11133
vt 0.12701 0.34025
vt 0.32406 0.53498
vt 0.57654 0.47383
vt 0.61732 0.46776
vt 0.62821 0.46807
vt 0.65905 0.46379
vt 0.64132 0.46379
vt 0.65234 0.45188
vt 0.31493 0.92939
vt 0.32637 0.93188
vt 0.12591 0.94392
vt 0.26323 0.93009
vt 0.49059 0.89173
vt 0.14073 0.10086
vt 0.77452 0.89816
vt 0.76015 0.38839
vt 0.75435 0.37894
vt 0.76819 0.38461
vt 0.76743 0.3801
vt 0.42976 0.92648
vt 0.12187 0.34911
vt 0.01386 0.59293
vt 0.00332 0.78679
vt 0.00371 0.80446
vt 0.15285 0.95021
vt 0.2768 0.92696
vt 0.79579 0.57428
vt 0.12361 0.33339
vt 0.75915 0.36893
vt 0.42916 0.91549
vt 0.98215 0.99554
vt 0.96098 0.9952
vt 0.95097 0.99554
vt 0.37579 0.54917
vt 0.45642 0.55454
vt 0.66024 0.47384
vt 0.47188 0.55804
vt 0.40146 0.70387
vt 0.40029 0.68846
vt 0.40445 0.68453
vt 0.68898 0.47585
vt 0.91339 0.96438
vt 0.91726 0.95662
vt 0.02706 0.59458
vt 0.00886 0.59826
vt 0.28785 0.9323
vt 0.43084 0.97498
vt 0.50202 0.88964
vt 0.49844 0.88513
vt 0.46163 0.89145
vt 0.02528 0.6735
vt 0.77741 0.90317
vt 0.7799 0.89673
vt 0.53498 0.44097
vt 0.52938 0.44097
vt 0.53314 0.437
vt 0.13969 0.10699
vt 0.77342 0.91045
vt 0.76868 0.91434
vt 0.41744 0.91959
vt 0.4901 0.70387
vt 0.46625 0.70104
vt 0.48919 0.6902
vt 0.66525 0.47309
vt 0.51004 0.52044
vt 0.35726 0.93506
vt 0.19259 0.95501
vt 0.18834 0.95129
vt 0.18995 0.96536
vt 0.17483 0.96196
vt 0.16475 0.95081
vt 0.29191 0.932
vt 0.30796 0.13753
vt 0.30873 0.13244
vt 0.0324 0.72779
vt 0.51857 0.88397
vt 0.04109 0.7056
vt 0.0425 0.69486
vt 0.02799 0.70646
vt 0.03186 0.67953
vt 0.80177 0.97966
vt 0.80177 0.96875
vt 0.79527 0.97945
vt 0.72799 0.07769
vt 0.73215 0.07023
vt 0.68282 0.75526
vt 0.38936 0.54913
vt 0.81407 0.78625
vt 0.8177 0.77987
vt 0.82415 0.79165
vt 0.46523 0.68823
vt 0.8397 0.79036
vt 0.41786 0.68325
vt 0.41663 0.69952
vt 0.41062 0.68351
vt 0.68336 0.4749
vt 0.91754 0.94692
vt 0.50327 0.52971
vt 0.2215 0.95736
vt 0.20355 0.94968
vt 0.20756 0.9661
vt 0.64209 0.4527
vt 0.17617 0.94961
vt 0.13963 0.94153
vt 0.30618 0.14002
vt 0.42721 0.9836
vt 0.02983 0.73152
vt 0.04286 0.72
vt 0.0231 0.68266
vt 0.78325 0.9021
vt 0.14877 0.06254
vt 0.16091 0.0509
vt 0.1469 0.05658
vt 0.14806 0.04723
vt 0.01939 0.65539
vt 0.77988 0.91052
vt 0.02785 0.6503
vt 0.11971 0.3342
vt 0.74952 0.36862
vt 0.75385 0.35803
vt 0.74552 0.35708
vt 0.75656 0.34394
vt 0.7923 0.96884
vt 0.80163 0.77609
vt 0.81057 0.79221
vt 0.80009 0.78965
vt 0.81358 0.77756
vt 0.38702 0.55804
vt 0.41939 0.69839
vt 0.89907 0.78568
vt 0.90456 0.77442
vt 0.91552 0.77753
vt 0.0014 0.79641
vt 0.36954 0.93472
vt 0.22404 0.94209
vt 0.35469 0.93666
vt 0.33602 0.9359
vt 0.48988 0.88244
vt 0.46844 0.88495
vt 0.13532 0.11264
vt 0.1248 0.10719
vt 0.12806 0.1159
vt 0.12444 0.10069
vt 0.02061 0.66977
vt 0.54897 0.61866
vt 0.5527 0.61359
vt 0.5527 0.62252
vt 0.74623 0.38808
vt 0.74342 0.37547
vt 0.77834 0.91617
vt 0.11694 0.34324
vt 0.74709 0.34001
vt 0.11686 0.36578
vt 0.7409 0.33951
vt 0.74236 0.3318
vt 0.73197 0.0736
vt 0.87354 0.17928
vt 0.45401 0.70068
vt 0.45331 0.68716
vt 0.46305 0.69836
vt 0.44985 0.69687
vt 0.44021 0.70002
vt 0.43763 0.67983
vt 0.4242 0.69021
vt 0.42168 0.67693
vt 0.38978 0.68987
vt 0.39583 0.67388
vt 0.38277 0.67862
vt 0.52568 0.52018
vt 0.01451 0.58336
vt 0.22135 0.94545
vt 0.30198 0.93799
vt 0.29932 0.93542
vt 0.27106 0.93646
vt 0.29929 0.1371
vt 0.80492 0.57895
vt 0.0275 0.72923
vt 0.1497 0.03819
vt 0.14138 0.07737
vt 0.1438 0.07856
vt 0.14363 0.06977
vt 0.14133 0.06356
vt 0.11758 0.35598
vt 0.73892 0.34684
vt 0.78954 0.97881
vt 0.10591 0.38454
vt 0.06099 0.41473
vt 0.70594 0.76323
vt 0.6927 0.7536
vt 0.85358 0.78908
vt 0.84948 0.79415
vt 0.85162 0.77915
vt 0.89485 0.78845
vt 0.88446 0.79415
vt 0.89297 0.77443
vt 0.8083 0.88442
vt 0.80644 0.87886
vt 0.8083 0.86657
vt 0.13734 0.93241
vt 0.80665 0.58872
vt 0.02971 0.74247
vt 0.47054 0.88301
vt 0.12008 0.11431
vt 0.13689 0.08705
vt 0.13262 0.08542
vt 0.13625 0.07188
vt 0.01751 0.66157
vt 0.12369 0.09455
vt 0.13714 0.09623
vt 0.73251 0.38839
vt 0.72426 0.38626
vt 0.73302 0.38038
vt 0.73887 0.38627
vt 0.71502 0.37582
vt 0.71684 0.38754
vt 0.78454 0.91481
vt 0.73271 0.33833
vt 0.73708 0.07116
vt 0.84231 0.77562
vt 0.45 0.68158
vt 0.88526 0.77382
vt 0.8813 0.7909
vt 0.39903 0.67003
vt 0.98647 0.72569
vt 0.98461 0.70851
vt 0.98647 0.70705
vt 0.23647 0.93737
vt 0.35525 0.94722
vt 0.32571 0.94463
vt 0.16363 0.93972
vt 0.30279 0.14227
vt 0.29524 0.32192
vt 0.29338 0.31906
vt 0.29524 0.31399
vt 0.85015 0.90692
vt 0.84247 0.92568
vt 0.85868 0.92178
vt 0.85545 0.92613
vt 0.85868 0.96542
vt 0.85405 0.95708
vt 0.8464 0.95951
vt 0.78801 0.911
vt 0.78988 0.90855
vt 0.13942 0.04434
vt 0.56123 0.31696
vt 0.56928 0.31109
vt 0.5695 0.31696
vt 0.72535 0.37541
vt 0.73989 0.35399
vt 0.73629 0.32998
vt 0.78592 0.96975
vt 0.78166 0.97393
vt 0.901 0.61068
vt 0.20883 0.53538
vt 0.19949 0.53225
vt 0.69199 0.75166
vt 0.87384 0.17204
vt 0.48056 0.67411
vt 0.46147 0.67582
vt 0.86428 0.78958
vt 0.88243 0.77388
vt 0.89912 0.77594
vt 0.382 0.66664
vt 0.92777 0.95824
vt 0.51493 0.51121
vt 0.03347 0.58366
vt 0.02411 0.80947
vt 0.36967 0.94849
vt 0.33831 0.94255
vt 0.19136 0.93722
vt 0.1552 0.93349
vt 0.12657 0.9327
vt 0.43955 0.98059
vt 0.02043 0.7241
vt 0.14569 0.05241
vt 0.13678 0.05083
vt 0.55923 0.31101
vt 0.13596 0.05744
vt 0.56082 0.40984
vt 0.55498 0.41123
vt 0.56094 0.41669
vt 0.10904 0.3501
vt 0.10876 0.34052
vt 0.74061 0.36071
vt 0.74132 0.358
vt 0.72824 0.35223
vt 0.73619 0.3583
vt 0.7345 0.3503
vt 0.73339 0.34099
vt 0.7291 0.70387
vt 0.71968 0.70587
vt 0.72428 0.71081
vt 0.36698 0.45304
vt 0.21678 0.53024
vt 0.78685 0.88145
vt 0.49185 0.68022
vt 0.48819 0.67176
vt 0.81892 0.76354
vt 0.83699 0.76882
vt 0.408 0.66931
vt 0.39582 0.66421
vt 0.2024 0.94041
vt 0.18898 0.93624
vt 0.26141 0.9412
vt 0.43032 0.94443
vt 0.85373 0.89273
vt 0.83998 0.90522
vt 0.84046 0.90819
vt 0.01547 0.70725
vt 0.84878 0.96896
vt 0.11834 0.11593
vt 0.11745 0.11271
vt 0.79338 0.91617
vt 0.12704 0.07698
vt 0.56765 0.41648
vt 0.73164 0.36981
vt 0.73847 0.35757
vt 0.72698 0.33806
vt 0.10594 0.36649
vt 0.7293 0.33003
vt 0.78373 0.97865
vt 0.7448 0.07097
vt 0.86866 0.16787
vt 0.50584 0.68715
vt 0.50531 0.67665
vt 0.81644 0.76234
vt 0.46405 0.67152
vt 0.85533 0.77259
vt 0.86715 0.77263
vt 0.92849 0.97926
vt 0.98575 0.69891
vt 0.01861 0.57895
vt 0.35791 0.94891
vt 0.33472 0.94648
vt 0.32225 0.95076
vt 0.16592 0.93691
vt 0.29065 0.94399
vt 0.14102 0.93027
vt 0.27187 0.94851
vt 0.83828 0.89443
vt 0.01794 0.71164
vt 0.01039 0.68461
vt 0.85209 0.95524
vt 0.85324 0.93486
vt 0.84522 0.93921
vt 0.00931 0.67521
vt 0.11392 0.11887
vt 0.99767 0.86954
vt 0.99767 0.85962
vt 0.99207 0.8609
vt 0.11751 0.10987
vt 0.55755 0.40347
vt 0.72582 0.36269
vt 0.73461 0.71081
vt 0.78134 0.01253
vt 0.45231 0.67095
vt 0.41869 0.671
vt 0.90664 0.76203
vt 0.53632 0.51142
vt 0.04149 0.57892
vt 0.29856 0.94826
vt 0.28774 0.94793
vt 0.81173 0.59812
vt 0.81281 0.58839
vt 0.42999 0.9875
vt 0.44031 0.9899
vt 0.42712 0.95456
vt 0.01923 0.7344
vt 0.8413 0.93491
vt 0.01158 0.67126
vt 0.11442 0.11065
vt 0.1153 0.10106
vt 0.57129 0.42113
vt 0.57696 0.41735
vt 0.12562 0.08311
vt 0.12347 0.08018
vt 0.55177 0.4027
vt 0.57462 0.41101
vt 0.11 0.33279
vt 0.10471 0.3353
vt 0.73663 0.12308
vt 0.74504 0.12022
vt 0.73834 0.11485
vt 0.57199 0.40464
vt 0.56459 0.39997
vt 0.73228 0.3249
vt 0.77752 0.97772
vt 0.74291 0.0728
vt 0.69863 0.74706
vt 0.99118 0.07166
vt 0.80252 0.76355
vt 0.85369 0.76503
vt 0.89724 0.76281
vt 0.93101 0.95316
vt 0.00888 0.81712
vt 0.22053 0.93119
vt 0.2926 0.15129
vt 0.44596 0.98801
vt 0.02013 0.74554
vt 0.13014 0.04375
vt 0.11187 0.10479
vt 0.91185 0.01725
vt 0.91838 0.01871
vt 0.91838 0.00942
vt 0.55578 0.39
vt 0.72651 0.32589
vt 0.07295 0.44562
vt 0.89607 0.6126
vt 0.70526 0.74231
vt 0.4489 0.66756
vt 0.91723 0.75863
vt 0.92024 0.77426
vt 0.03681 0.81862
vt 0.02597 0.80999
vt 0.02961 0.81725
vt 0.17796 0.93162
vt 0.15476 0.92476
vt 0.12786 0.91935
vt 0.43992 0.99653
vt 0.01031 0.73357
vt 0.01352 0.71885
vt 0.00724 0.70982
vt 0.84005 0.95742
vt 0.84078 0.96691
vt 0.78007 0.00837
vt 0.77969 0.00436
vt 0.78772 0.01141
vt 0.79151 0.00529
vt 0.53013 0.20939
vt 0.53405 0.2128
vt 0.52463 0.21206
vt 0.10895 0.11381
vt 0.09779 0.33271
vt 0.55907 0.3986
vt 0.74294 0.10326
vt 0.74168 0.08369
vt 0.73628 0.09541
vt 0.86657 0.16149
vt 0.50519 0.66814
vt 0.49096 0.66417
vt 0.85693 0.76305
vt 0.88354 0.76127
vt 0.3848 0.6562
vt 0.03831 0.82677
vt 0.04352 0.56988
vt 0.33865 0.95867
vt 0.2014 0.93059
vt 0.30043 0.95547
vt 0.30307 0.27814
vt 0.30149 0.29117
vt 0.31325 0.28801
vt 0.43284 0.96323
vt 0.43689 0.96346
vt 0.43832 0.95481
vt 0.01498 0.71237
vt 0.01371 0.71001
vt 0.83086 0.93881
vt 0.00513 0.67524
vt 0.11246 0.09605
vt 0.12089 0.0743
vt 0.57976 0.25175
vt 0.5687 0.25694
vt 0.57852 0.2592
vt 0.11395 0.0844
vt 0.76018 0.09465
vt 0.84576 0.7588
vt 0.43921 0.66723
vt 0.42206 0.65845
vt 0.89408 0.76149
vt 0.41021 0.65369
vt 0.39941 0.6515
vt 0.39526 0.65014
vt 0.52664 0.50493
vt 0.53778 0.50364
vt 0.09019 0.13231
vt 0.09102 0.12913
vt 0.09819 0.13183
vt 0.02165 0.82806
vt 0.03184 0.57274
vt 0.2238 0.92364
vt 0.16704 0.92325
vt 0.16387 0.92532
vt 0.28953 0.95872
vt 0.13897 0.91613
vt 0.28985 0.14524
vt 0.44371 0.99614
vt 0.8282 0.90536
vt 0.59841 0.99851
vt 0.58965 0.99768
vt 0.59686 0.98397
vt 0.52689 0.1755
vt 0.5228 0.16895
vt 0.53355 0.16814
vt 0.153 0.0372
vt 0.15001 0.03535
vt 0.1529 0.02674
vt 0.83014 0.96631
vt 0.54804 0.14906
vt 0.55864 0.1471
vt 0.55276 0.15555
vt 0.55601 0.17102
vt 0.5239 0.2007
vt 0.51811 0.20405
vt 0.5675 0.2495
vt 0.91754 0.02331
vt 0.56021 0.37844
vt 0.56753 0.38495
vt 0.77089 0.08314
vt 0.86084 0.1591
vt 0.84226 0.75246
vt 0.86989 0.75967
vt 0.93561 0.98066
vt 0.93336 0.97186
vt 0.74541 0.31779
vt 0.7523 0.31968
vt 0.75413 0.31751
vt 0.23591 0.93008
vt 0.2345 0.92176
vt 0.35871 0.96122
vt 0.22116 0.92049
vt 0.14176 0.91555
vt 0.28871 0.15116
vt 0.81577 0.59871
vt 0.82624 0.89475
vt 0.97467 0.63094
vt 0.9737 0.6199
vt 0.96453 0.62018
vt 0.96222 0.63092
vt 0.82454 0.90893
vt 0.00727 0.72718
vt 0.82945 0.92371
vt 0.53405 0.16121
vt 0.82983 0.95193
vt 0.52176 0.19561
vt 0.69886 0.61359
vt 0.70756 0.61579
vt 0.70742 0.6227
vt 0.89569 0.60169
vt 0.88946 0.60354
vt 0.89318 0.60566
vt 0.86072 0.17543
vt 0.85091 0.17113
vt 0.86411 0.1713
vt 0.47542 0.56399
vt 0.47435 0.558
vt 0.48351 0.56353
vt 0.57976 0.26663
vt 0.48693 0.55828
vt 0.70513 0.73977
vt 0.8859 0.756
vt 0.93973 0.96229
vt 0.02695 0.82897
vt 0.02439 0.57331
vt 0.29671 0.18807
vt 0.31351 0.18924
vt 0.30978 0.18592
vt 0.30416 0.20695
vt 0.32958 0.96234
vt 0.29675 0.2627
vt 0.3115 0.27438
vt 0.32019 0.28853
vt 0.31836 0.29043
vt 0.13809 0.90688
vt 0.12629 0.90862
vt 0.43854 0.97123
vt 0.44094 0.96251
vt 0.97069 0.63312
vt 0.97137 0.64013
vt 0.97571 0.63442
vt 0.82754 0.93122
vt 0.82595 0.96229
vt 0.70349 0.63046
vt 0.90345 0.60566
vt 0.7697 0.00788
vt 0.85346 0.17711
vt 0.10626 0.08136
vt 0.10824 0.08998
vt 0.33815 0.30804
vt 0.33001 0.30757
vt 0.33432 0.30062
vt 0.86027 0.18355
vt 0.86576 0.18563
vt 0.8592 0.19291
vt 0.86987 0.19395
vt 0.56893 0.26934
vt 0.96409 0.01141
vt 0.95426 0.00796
vt 0.96363 0.00551
vt 0.9493 0.00446
vt 0.56533 0.37498
vt 0.80252 0.75145
vt 0.47572 0.65733
vt 0.46073 0.66141
vt 0.41985 0.65456
vt 0.89593 0.75103
vt 0.91626 0.74525
vt 0.39427 0.64064
vt 0.52145 0.49442
vt 0.53595 0.49157
vt 0.0298 0.56956
vt 0.37267 0.96577
vt 0.22546 0.91387
vt 0.31386 0.20801
vt 0.29709 0.96271
vt 0.31217 0.25956
vt 0.30574 0.25771
vt 0.32249 0.27584
vt 0.12665 0.9006
vt 0.13081 0.89517
vt 0.12936 0.89494
vt 0.50327 0.46006
vt 0.50288 0.4628
vt 0.49671 0.45954
vt 0.45009 0.99381
vt 0.81734 0.90446
vt 0.58412 0.98088
vt 0.14319 0.03312
vt 0.14281 0.03541
vt 0.51446 0.1856
vt 0.52164 0.18624
vt 0.51534 0.19765
vt 0.68376 0.62709
vt 0.67472 0.61555
vt 0.5639 0.14633
vt 0.5639 0.1615
vt 0.97578 0.68838
vt 0.96589 0.69094
vt 0.98308 0.69021
vt 0.77056 0.00248
vt 0.56084 0.25722
vt 0.1026 0.11812
vt 0.10088 0.10223
vt 0.10558 0.09838
vt 0.08946 0.32682
vt 0.31387 0.30131
vt 0.49528 0.5632
vt 0.50523 0.65788
vt 0.48875 0.65302
vt 0.90803 0.7458
vt 0.94636 0.97654
vt 0.32106 0.18222
vt 0.3165 0.17297
vt 0.23427 0.91519
vt 0.2029 0.91753
vt 0.19186 0.91848
vt 0.16901 0.91513
vt 0.30964 0.24629
vt 0.29524 0.22399
vt 0.30119 0.24663
vt 0.15625 0.91673
vt 0.3307 0.28843
vt 0.99439 0.04611
vt 0.9958 0.04279
vt 0.99121 0.04493
vt 0.9958 0.03168
vt 0.98647 0.03125
vt 0.44825 0.96303
vt 0.81387 0.90914
vt 0.81986 0.92635
vt 0.59102 0.97319
vt 0.57641 0.99842
vt 0.13372 0.03426
vt 0.1366 0.02114
vt 0.15369 0.01454
vt 0.09466 0.10928
vt 0.1028 0.08402
vt 0.09722 0.08262
vt 0.56463 0.26726
vt 0.49846 0.55704
vt 0.49111 0.65058
vt 0.81929 0.74177
vt 0.85919 0.74661
vt 0.91114 0.73988
vt 0.22245 0.91265
vt 0.32177 0.18966
vt 0.32188 0.18741
vt 0.30596 0.21673
vt 0.15667 0.90647
vt 0.14308 0.89775
vt 0.33323 0.27773
vt 0.33336 0.28547
vt 0.33383 0.28693
vt 0.49698 0.45288
vt 0.98029 0.62073
vt 0.98343 0.62915
vt 0.81952 0.89236
vt 0.81439 0.90482
vt 0.97953 0.64069
vt 0.98512 0.63421
vt 0.13645 0.02741
vt 0.81673 0.93736
vt 0.8163 0.94226
vt 0.14146 0.00149
vt 0.15532 0.00516
vt 0.0983 0.12087
vt 0.98553 0.6854
vt 0.76533 0.01141
vt 0.55243 0.17431
vt 0.09576 0.09409
vt 0.85461 0.19395
vt 0.32489 0.29588
vt 0.50442 0.56201
vt 0.57254 0.37423
vt 0.56328 0.35988
vt 0.71027 0.72969
vt 0.83889 0.1399
vt 0.80071 0.73122
vt 0.80418 0.74287
vt 0.81721 0.74238
vt 0.46348 0.65108
vt 0.85526 0.75346
vt 0.45082 0.65881
vt 0.44783 0.651
vt 0.43486 0.65021
vt 0.90012 0.73811
vt 0.91712 0.72843
vt 0.91778 0.72548
vt 0.93144 0.73191
vt 0.02848 0.83497
vt 0.08059 0.13112
vt 0.03218 0.56388
vt 0.04202 0.56258
vt 0.32162 0.17212
vt 0.22436 0.89963
vt 0.31637 0.22013
vt 0.16523 0.9098
vt 0.30817 0.24922
vt 0.13828 0.89568
vt 0.33326 0.2734
vt 0.08881 0.24813
vt 0.08812 0.23805
vt 0.0918 0.24483
vt 0.64972 0.57589
vt 0.65532 0.57589
vt 0.65259 0.57193
vt 0.98976 0.04911
vt 0.48863 0.45804
vt 0.81316 0.89241
vt 0.81331 0.90066
vt 0.48834 0.4628
vt 0.8054 0.91007
vt 0.80614 0.90561
vt 0.98844 0.65207
vt 0.99547 0.63437
vt 0.5982 0.97508
vt 0.67126 0.63046
vt 0.13324 0.01169
vt 0.81322 0.9626
vt 0.97433 0.66716
vt 0.8192 0.97007
vt 0.29618 0.98661
vt 0.30401 0.98026
vt 0.30644 0.98661
vt 0.76353 0.00539
vt 0.29844 0.97966
vt 0.99 0.69216
vt 0.99331 0.6999
vt 0.99665 0.69417
vt 0.84699 0.18168
vt 0.84562 0.18816
vt 0.30304 0.15865
vt 0.29984 0.16518
vt 0.3111 0.15707
vt 0.94275 0.00917
vt 0.93819 0.00575
vt 0.56892 0.36205
vt 0.76434 0.08386
vt 0.50715 0.64642
vt 0.84479 0.74234
vt 0.87113 0.74556
vt 0.88433 0.74211
vt 0.3985 0.63417
vt 0.08259 0.12029
vt 0.03871 0.83681
vt 0.04431 0.56002
vt 0.03042 0.56193
vt 0.13666 0.11905
vt 0.14319 0.11855
vt 0.13854 0.12912
vt 0.14319 0.12946
vt 0.23431 0.90801
vt 0.38226 0.88442
vt 0.39323 0.88903
vt 0.38218 0.88958
vt 0.01166 0.42808
vt 0.00698 0.42712
vt 0.01166 0.41308
vt 0.33274 0.18367
vt 0.33191 0.18951
vt 0.33357 0.19412
vt 0.32669 0.20756
vt 0.20388 0.90587
vt 0.17094 0.90643
vt 0.32344 0.2475
vt 0.31958 0.25721
vt 0.41278 0.89553
vt 0.42118 0.90045
vt 0.42118 0.88839
vt 0.32653 0.26003
vt 0.75756 0.21522
vt 0.75985 0.20752
vt 0.75445 0.20783
vt 0.44236 0.97569
vt 0.45009 0.97425
vt 0.80642 0.90205
vt 0.99578 0.6274
vt 0.80587 0.92678
vt 0.99597 0.65177
vt 0.98131 0.6514
vt 0.81273 0.92958
vt 0.67024 0.6237
vt 0.55876 0.99841
vt 0.5701 0.98419
vt 0.9921 0.66166
vt 0.99586 0.68638
vt 0.99384 0.67226
vt 0.98741 0.68762
vt 0.99673 0.68316
vt 0.55186 0.98638
vt 0.54725 0.99851
vt 0.54524 0.98202
vt 0.80834 0.96556
vt 0.84282 0.17118
vt 0.75603 0.12805
vt 0.78833 0.12093
vt 0.55481 0.26446
vt 0.3182 0.30797
vt 0.31346 0.29566
vt 0.57696 0.36512
vt 0.84333 0.15083
vt 0.80531 0.72825
vt 0.79991 0.72487
vt 0.81534 0.72573
vt 0.84778 0.74167
vt 0.45037 0.64779
vt 0.85779 0.74121
vt 0.89667 0.73836
vt 0.40972 0.63723
vt 0.3922 0.62464
vt 0.40557 0.62331
vt 0.91132 0.72667
vt 0.76064 0.32822
vt 0.81208 0.63244
vt 0.8111 0.62748
vt 0.82416 0.63244
vt 0.82207 0.62858
vt 0.08005 0.14165
vt 0.08452 0.14371
vt 0.08427 0.15475
vt 0.20533 0.896
vt 0.32309 0.21068
vt 0.19296 0.90444
vt 0.15501 0.89467
vt 0.33353 0.26024
vt 0.76248 0.20448
vt 0.75472 0.20647
vt 0.9866 0.04565
vt 0.98388 0.62461
vt 0.75912 0.19238
vt 0.76363 0.19279
vt 0.75774 0.1876
vt 0.80459 0.92734
vt 0.99953 0.53147
vt 0.99207 0.53443
vt 0.99658 0.52431
vt 0.97881 0.65426
vt 0.80674 0.93846
vt 0.99625 0.66254
vt 0.80652 0.94767
vt 0.8062 0.96212
vt 0.80488 0.96321
vt 0.81089 0.97768
vt 0.55364 0.25865
vt 0.5589 0.35962
vt 0.51539 0.56104
vt 0.71229 0.71494
vt 0.7137 0.71728
vt 0.8021 0.72367
vt 0.49291 0.63607
vt 0.8188 0.73027
vt 0.47703 0.63991
vt 0.46062 0.64653
vt 0.42039 0.63754
vt 0.42281 0.63934
vt 0.88763 0.74104
vt 0.90238 0.72233
vt 0.76337 0.31862
vt 0.05025 0.86896
vt 0.04042 0.87424
vt 0.03977 0.86855
vt 0.3933 0.9017
vt 0.39573 0.90121
vt 0.39599 0.90427
vt 0.05084 0.87946
vt 0.03965 0.87946
vt 0.38252 0.90183
vt 0.00574 0.41469
vt 0.33442 0.20938
vt 0.33119 0.22277
vt 0.16403 0.89461
vt 0.41543 0.91121
vt 0.33435 0.25655
vt 0.08202 0.218
vt 0.08434 0.22095
vt 0.08796 0.23371
vt 0.08428 0.24899
vt 0.99673 0.6159
vt 0.9833 0.61458
vt 0.80427 0.89322
vt 0.80405 0.90278
vt 0.76074 0.17102
vt 0.99953 0.54018
vt 0.99349 0.54712
vt 0.12712 0.03404
vt 0.12458 0.0372
vt 0.12423 0.0239
vt 0.80364 0.935
vt 0.56376 0.18006
vt 0.55155 0.17859
vt 0.50465 0.56399
vt 0.85926 0.10656
vt 0.49022 0.63822
vt 0.38106 0.90427
vt 0.00513 0.4122
vt 0.75796 0.30226
vt 0.76422 0.30318
vt 0.76243 0.28233
vt 0.19469 0.89445
vt 0.33415 0.21818
vt 0.33433 0.22142
vt 0.0809 0.18209
vt 0.07822 0.17995
vt 0.07989 0.17894
vt 0.33442 0.24853
vt 0.16843 0.89137
vt 0.61427 0.46256
vt 0.61707 0.46577
vt 0.61707 0.45486
vt 0.7696 0.20567
vt 0.08456 0.26089
vt 0.08875 0.26652
vt 0.06758 0.25758
vt 0.08636 0.28401
vt 0.76253 0.16391
vt 0.78473 0.16225
vt 0.76165 0.13765
vt 0.28962 0.16518
vt 0.29849 0.15625
vt 0.28685 0.15916
vt 0.92864 0.01141
vt 0.03629 0.49849
vt 0.03591 0.50758
vt 0.04145 0.49547
vt 0.81387 0.72124
vt 0.50886 0.63161
vt 0.49332 0.62807
vt 0.81864 0.72202
vt 0.4848 0.62633
vt 0.83025 0.71995
vt 0.463 0.63052
vt 0.44807 0.63871
vt 0.43447 0.63859
vt 0.87457 0.73533
vt 0.41011 0.62286
vt 0.07576 0.10298
vt 0.0783 0.10678
vt 0.07361 0.10304
vt 0.89914 0.72146
vt 0.08096 0.17002
vt 0.08137 0.20987
vt 0.07924 0.2087
vt 0.58353 0.96912
vt 0.57079 0.97455
vt 0.55856 0.9773
vt 0.12399 0.00163
vt 0.09095 0.10117
vt 0.09109 0.09636
vt 0.76902 0.08865
vt 0.51166 0.66816
vt 0.50886 0.68133
vt 0.50899 0.66833
vt 0.33124 0.1503
vt 0.32043 0.15427
vt 0.34002 0.15427
vt 0.92882 0.00503
vt 0.05426 0.45389
vt 0.83734 0.15098
vt 0.76813 0.41531
vt 0.76451 0.42702
vt 0.76709 0.43133
vt 0.84629 0.72861
vt 0.43647 0.63034
vt 0.88304 0.72209
vt 0.42074 0.62741
vt 0.88862 0.72925
vt 0.89013 0.7207
vt 0.04268 0.13137
vt 0.7995 0.2461
vt 0.76332 0.24338
vt 0.76384 0.27109
vt 0.67397 0.5996
vt 0.68776 0.59799
vt 0.68255 0.60069
vt 0.12267 0.01761
vt 0.04148 0.33931
vt 0.08596 0.29502
vt 0.087 0.31593
vt 0.29846 0.29842
vt 0.29857 0.30804
vt 0.29711 0.30326
vt 0.29951 0.29316
vt 0.51153 0.68042
vt 0.76902 0.08779
vt 0.04897 0.49999
vt 0.04553 0.49454
vt 0.4656 0.6224
vt 0.84693 0.7179
vt 0.45106 0.63244
vt 0.85822 0.73061
vt 0.436 0.62063
vt 0.42322 0.6209
vt 0.4194 0.62134
vt 0.88587 0.72055
vt 0.07289 0.09373
vt 0.76455 0.34318
vt 0.76654 0.34565
vt 0.76189 0.23276
vt 0.57102 0.96539
vt 0.68549 0.59318
vt 0.70215 0.60069
vt 0.69863 0.59696
vt 0.70756 0.59827
vt 0.04897 0.5048
vt 0.04143 0.51042
vt 0.21352 0.45609
vt 0.83751 0.0717
vt 0.76078 0.44496
vt 0.83533 0.44481
vt 0.7625 0.44306
vt 0.07313 0.01718
vt 0.07236 0.02624
vt 0.0586 0.0025
vt 0.79589 0.40156
vt 0.77075 0.3984
vt 0.46208 0.62171
vt 0.44767 0.6207
vt 0.07088 0.07671
vt 0.06978 0.08784
vt 0.06978 0.06456
vt 0.85985 0.71776
vt 0.88423 0.71888
vt 0.07303 0.08983
vt 0.70008 0.59232
vt 0.54724 0.96995
vt 0.57509 0.1999
vt 0.57509 0.18899
vt 0.56763 0.19449
vt 0.51166 0.68601
vt 0.07006 0.04706
vt 0.45161 0.62054
vt 0.68427 0.59112
vt 0.04629 0.50895
vt 0.80522 0.05318
vt 0.77133 0.38528
vt 0.76982 0.36023
vt 0.561 0.96393
vt 0.20602 0.45394
vt 0.75427 0.74536
vt 0.06826 0.05022
vt 0.06779 0.06133
vt 0.69395 0.58978
vt 0.55456 0.96181
vt 0.83535 0.44312
vt 0.07703 0.0005
vt 0.83118 0.34689
vt 0.73022 0.71407
vt 0.76122 0.83465
vt 0.78619 0.71598
vt 0.00743 0.04465
vt 0.00965 0.16733
vt 0.21031 0.4531
vt 0.01371 0.44559
vt 0.00057 0.00484
vt 0.00096 0.01557
vt 0.05288 0.45298
vt 0.83898 0.07168
vt 0.99293 0.07093
vt 0.83533 0.01253
vt 0.01304 0.44692
vt 0.955 0.61075
vt 0.95569 0.6126
vt 0.00047 0.00235
vt 0.83535 0.25419
vt 0.78619 0.87953
vt 0.83534 0.18078
vt 0.21257 0.45393
vt 0.01362 0.35085
vt 0.83535 0.08595
vt 0.78621 0.75215
vt 0.9226 0.07167
vt 0.83534 0.38916
vt 0.00879 0.24666
vt 0.29416 0.45391
vt 0.7862 0.80158
vt 0.00457 0.11717
vt 0.01165 0.34945
vt 0.30219 0.45288
vt 0.21338 0.4529
vt 0.70864 0.56658
vt 0.71234 0.56596
vt 0.71297 0.56698
vt 0.20663 0.45289
vt 0.61714 0.57174
vt 0.5527 0.57589
vt 0.55399 0.57439
vt 0.62692 0.56966
vt 0.67317 0.56667
vt 0.70557 0.56602
vt 0.70701 0.56443
vt 0.70908 0.56367
vt 0.71111 0.56387
vt 0.71244 0.56453
vt 0.86614 0.57589
vt 0.7962 0.56993
vt 0.86493 0.57435
vt 0.70791 0.56229
vt 0.71048 0.56233
vt 0.70801 0.55201
vt 0.71119 0.50845
vt 0.70929 0.45402
vt 0.71155 0.36945
vt 0.71292 0.37369
vt 0.71085 0.32813
vt 0.71386 0.30033
vt 0.71216 0.22742
vt 0.71505 0.20552
vt 0.71456 0.13145
vt 0.7133 0.13214
vt 0.716 0.13215
usemtl mat0
f 1/1 2/2 3/3
f 1/1 3/3 4/4
f 3/3 5/5 4/4
f 4/4 5/5 6/6
f 5/5 7/7 6/6
f 7/7 8/8 6/6
f 6/6 8/8 9/9
f 8/8 10/10 9/9
f 11/11 12/12 13/13
f 14/14 12/12 11/11
f 15/15 14/14 11/11
f 16/16 14/14 15/15
f 17/17 16/16 15/15
f 18/18 17/17 15/15
f 19/19 17/17 18/18
f 20/20 21/21 18/18
f 22/22 20/20 18/18
f 23/23 22/22 18/18
f 24/24 22/22 23/23
f 25/25 19/19 18/18
f 26/26 25/25 18/18
f 26/26 18/18 21/21
f 27/27 26/26 21/21
f 28/28 25/25 26/26
f 29/29 26/26 27/27
f 30/30 26/26 29/29
f 31/31 28/28 26/26
f 32/32 31/31 26/26
f 32/32 26/26 30/30
f 33/33 32/32 30/30
f 34/34 31/31 32/32
f 35/35 34/34 32/32
f 35/35 32/32 33/33
f 36/36 35/35 33/33
f 37/37 34/34 35/35
f 3/3 2/2 38/38
f 3/3 38/38 39/39
f 3/3 39/39 5/5
f 40/40 41/41 42/42
f 43/43 44/44 45/45
f 46/46 47/47 48/48
f 46/46 49/49 47/47
f 50/50 51/51 52/52
f 53/53 54/54 55/55
f 56/56 57/57 58/58
f 57/57 40/40 58/58
f 58/58 40/40 42/42
f 42/42 41/41 59/59
f 44/44 43/43 60/60
f 41/41 61/61 62/62
f 62/62 61/61 63/63
f 5/5 39/39 64/64
f 8/8 7/7 64/64
f 65/65 8/8 64/64
f 66/66 67/67 68/68
f 66/66 68/68 60/60
f 68/68 69/69 60/60
f 69/69 44/44 60/60
f 49/49 70/70 47/47
f 71/71 72/72 51/51
f 73/73 74/74 63/63
f 75/75 76/76 77/77
f 78/78 55/55 79/79
f 39/39 38/38 80/80
f 10/10 8/8 65/65
f 51/51 72/72 52/52
f 59/59 41/41 62/62
f 63/63 74/74 81/81
f 82/82 75/75 77/77
f 39/39 80/80 64/64
f 54/54 67/67 66/66
f 5/5 64/64 7/7
f 71/71 83/83 72/72
f 83/83 71/71 84/84
f 48/48 47/47 85/85
f 50/50 86/86 87/87
f 50/50 52/52 86/86
f 88/88 89/89 57/57
f 57/57 56/56 88/88
f 90/90 42/42 59/59
f 49/49 91/91 70/70
f 91/91 49/49 92/92
f 93/93 9/9 10/10
f 94/94 83/83 84/84
f 53/53 95/95 54/54
f 55/55 78/78 96/96
f 55/55 96/96 53/53
f 56/56 58/58 97/97
f 64/64 80/80 98/98
f 54/54 95/95 67/67
f 62/62 63/63 81/81
f 99/99 93/93 10/10
f 47/47 70/70 100/100
f 88/88 56/56 101/101
f 80/80 102/102 98/98
f 44/44 103/103 45/45
f 10/10 65/65 99/99
f 47/47 104/104 85/85
f 104/104 47/47 100/100
f 56/56 97/97 101/101
f 97/97 58/58 42/42
f 44/44 105/105 106/106
f 88/88 101/101 107/107
f 65/65 64/64 108/108
f 67/67 109/109 68/68
f 64/64 98/98 110/110
f 111/111 88/88 107/107
f 112/112 75/75 82/82
f 2/2 113/113 38/38
f 114/114 85/85 115/115
f 78/78 116/116 96/96
f 117/117 118/118 119/119
f 120/120 121/121 122/122
f 52/52 72/72 86/86
f 123/123 124/124 125/125
f 126/126 119/119 118/118
f 123/123 127/127 128/128
f 120/120 129/129 121/121
f 38/38 113/113 130/130
f 124/124 123/123 128/128
f 131/131 117/117 132/132
f 133/133 67/67 95/95
f 134/134 42/42 135/135
f 68/68 136/136 69/69
f 69/69 105/105 44/44
f 38/38 130/130 80/80
f 65/65 108/108 137/137
f 124/124 138/138 125/125
f 124/124 128/128 138/138
f 132/132 117/117 119/119
f 121/121 129/129 139/139
f 140/140 139/139 129/129
f 109/109 136/136 68/68
f 141/141 125/125 138/138
f 142/142 119/119 126/126
f 143/143 144/144 145/145
f 146/146 131/131 132/132
f 147/147 121/121 148/148
f 121/121 139/139 148/148
f 67/67 149/149 150/150
f 109/109 151/151 152/152
f 69/69 153/153 105/105
f 70/70 91/91 154/154
f 92/92 155/155 91/91
f 156/156 157/157 141/141
f 157/157 125/125 141/141
f 142/142 158/158 119/119
f 159/159 143/143 160/160
f 159/159 144/144 143/143
f 131/131 146/146 161/161
f 42/42 90/90 162/162
f 59/59 62/62 163/163
f 85/85 164/164 115/115
f 85/85 104/104 164/164
f 159/159 160/160 165/165
f 144/144 166/166 145/145
f 108/108 64/64 110/110
f 156/156 141/141 167/167
f 168/168 169/169 142/142
f 169/169 158/158 142/142
f 170/170 138/138 128/128
f 144/144 159/159 171/171
f 101/101 97/97 172/172
f 146/146 173/173 161/161
f 97/97 42/42 134/134
f 67/67 151/151 109/109
f 109/109 174/174 136/136
f 136/136 175/175 69/69
f 176/176 59/59 163/163
f 141/141 138/138 177/177
f 178/178 171/171 159/159
f 171/171 179/179 144/144
f 172/172 97/97 180/180
f 166/166 144/144 179/179
f 181/181 182/182 147/147
f 183/183 184/184 95/95
f 148/148 181/181 147/147
f 145/145 166/166 185/185
f 186/186 97/97 187/187
f 188/188 42/42 162/162
f 150/150 151/151 67/67
f 59/59 176/176 189/189
f 190/190 191/191 192/192
f 193/193 91/91 155/155
f 53/53 194/194 95/95
f 165/165 195/195 196/196
f 165/165 196/196 159/159
f 159/159 196/196 178/178
f 95/95 197/197 183/183
f 170/170 128/128 198/198
f 148/148 199/199 181/181
f 184/184 133/133 95/95
f 200/200 201/201 185/185
f 180/180 97/97 186/186
f 202/202 161/161 173/173
f 140/140 203/203 139/139
f 42/42 188/188 135/135
f 204/204 205/205 206/206
f 207/207 90/90 208/208
f 59/59 209/209 90/90
f 210/210 211/211 69/69
f 212/212 213/213 214/214
f 69/69 211/211 153/153
f 215/215 190/190 192/192
f 216/216 217/217 218/218
f 219/219 220/220 192/192
f 191/191 219/219 192/192
f 221/221 222/222 217/217
f 72/72 83/83 223/223
f 194/194 224/224 95/95
f 225/225 141/141 177/177
f 224/224 197/197 95/95
f 138/138 170/170 177/177
f 226/226 227/227 228/228
f 101/101 172/172 229/229
f 227/227 230/230 228/228
f 231/231 172/172 232/232
f 233/233 234/234 235/235
f 172/172 180/180 232/232
f 236/236 237/237 238/238
f 236/236 239/239 237/237
f 240/240 239/239 236/236
f 232/232 180/180 241/241
f 200/200 166/166 242/242
f 200/200 185/185 166/166
f 173/173 243/243 202/202
f 244/244 203/203 140/140
f 133/133 245/245 67/67
f 187/187 97/97 246/246
f 162/162 90/90 247/247
f 248/248 249/249 250/250
f 206/206 251/251 204/204
f 213/213 212/212 252/252
f 253/253 59/59 189/189
f 153/153 254/254 105/105
f 221/221 217/217 216/216
f 255/255 256/256 257/257
f 221/221 258/258 222/222
f 103/103 106/106 259/259
f 91/91 193/193 154/154
f 260/260 88/88 111/111
f 261/261 194/194 53/53
f 169/169 168/168 262/262
f 167/167 141/141 225/225
f 263/263 196/196 264/264
f 264/264 196/196 195/195
f 107/107 101/101 265/265
f 265/265 101/101 229/229
f 226/226 228/228 266/266
f 267/267 268/268 269/269
f 269/269 270/270 267/267
f 270/270 238/238 267/267
f 271/271 272/272 273/273
f 274/274 228/228 230/230
f 275/275 234/234 276/276
f 236/236 238/238 277/277
f 270/270 277/277 238/238
f 277/277 240/240 236/236
f 234/234 233/233 276/276
f 230/230 278/278 279/279
f 271/271 273/273 280/280
f 166/166 179/179 242/242
f 273/273 281/281 280/280
f 240/240 282/282 239/239
f 235/235 283/283 233/233
f 283/283 284/284 233/233
f 237/237 239/239 285/285
f 148/148 139/139 286/286
f 287/287 288/288 289/289
f 290/290 291/291 243/243
f 180/180 186/186 241/241
f 239/239 282/282 285/285
f 243/243 291/291 202/202
f 283/283 292/292 293/293
f 285/285 282/282 294/294
f 203/203 286/286 139/139
f 245/245 295/295 67/67
f 246/246 97/97 134/134
f 296/296 297/297 151/151
f 151/151 297/297 152/152
f 298/298 299/299 300/300
f 249/249 300/300 250/250
f 301/301 205/205 302/302
f 205/205 204/204 302/302
f 251/251 303/303 204/204
f 304/304 90/90 207/207
f 305/305 306/306 69/69
f 307/307 308/308 309/309
f 310/310 216/216 218/218
f 310/310 311/311 216/216
f 216/216 311/311 221/221
f 257/257 312/312 313/313
f 257/257 256/256 312/312
f 105/105 314/314 106/106
f 86/86 315/315 87/87
f 72/72 223/223 86/86
f 167/167 316/316 156/156
f 317/317 262/262 168/168
f 318/318 107/107 265/265
f 169/169 262/262 319/319
f 320/320 321/321 322/322
f 321/321 226/226 266/266
f 320/320 226/226 321/321
f 323/323 269/269 268/268
f 324/324 272/272 271/271
f 325/325 228/228 274/274
f 171/171 178/178 326/326
f 274/274 230/230 327/327
f 328/328 277/277 270/270
f 179/179 171/171 326/326
f 230/230 279/279 327/327
f 277/277 329/329 240/240
f 242/242 179/179 330/330
f 281/281 331/331 280/280
f 278/278 332/332 279/279
f 329/329 282/282 240/240
f 282/282 329/329 333/333
f 148/148 286/286 199/199
f 288/288 334/334 289/289
f 283/283 293/293 284/284
f 244/244 335/335 203/203
f 244/244 293/293 335/335
f 293/293 292/292 336/336
f 294/294 337/337 285/285
f 293/293 336/336 335/335
f 285/285 337/337 338/338
f 295/295 339/339 67/67
f 67/67 339/339 149/149
f 135/135 188/188 340/340
f 150/150 341/341 151/151
f 300/300 249/249 298/298
f 342/342 343/343 344/344
f 90/90 345/345 346/346
f 204/204 303/303 302/302
f 347/347 303/303 251/251
f 345/345 90/90 348/348
f 90/90 209/209 208/208
f 175/175 305/305 69/69
f 209/209 59/59 253/253
f 349/349 350/350 351/351
f 192/192 352/352 215/215
f 220/220 353/353 352/352
f 352/352 192/192 220/220
f 220/220 219/219 353/353
f 311/311 354/354 221/221
f 354/354 258/258 221/221
f 44/44 106/106 103/103
f 355/355 356/356 357/357
f 316/316 358/358 156/156
f 359/359 323/323 360/360
f 323/323 268/268 360/360
f 361/361 362/362 266/266
f 363/363 266/266 325/325
f 228/228 325/325 266/266
f 178/178 196/196 364/364
f 270/270 269/269 328/328
f 178/178 364/364 326/326
f 365/365 271/271 366/366
f 366/366 271/271 280/280
f 366/366 280/280 331/331
f 367/367 331/331 281/281
f 279/279 332/332 368/368
f 200/200 242/242 369/369
f 333/333 294/294 282/282
f 370/370 337/337 294/294
f 371/371 338/338 337/337
f 372/372 295/295 245/245
f 341/341 296/296 151/151
f 247/247 90/90 346/346
f 298/298 373/373 299/299
f 374/374 375/375 376/376
f 69/69 306/306 210/210
f 377/377 308/308 307/307
f 378/378 379/379 218/218
f 380/380 381/381 382/382
f 254/254 314/314 105/105
f 383/383 255/255 384/384
f 99/99 65/65 137/137
f 385/385 386/386 387/387
f 388/388 356/356 355/355
f 389/389 357/357 356/356
f 359/359 356/356 390/390
f 386/386 391/391 387/387
f 111/111 107/107 318/318
f 359/359 389/389 356/356
f 359/359 360/360 389/389
f 322/322 321/321 392/392
f 361/361 363/363 393/393
f 361/361 266/266 363/363
f 269/269 323/323 394/394
f 395/395 269/269 394/394
f 328/328 269/269 395/395
f 324/324 271/271 396/396
f 271/271 365/365 396/396
f 328/328 397/397 277/277
f 398/398 397/397 328/328
f 399/399 333/333 329/329
f 331/331 367/367 400/400
f 401/401 333/333 399/399
f 367/367 402/402 400/400
f 242/242 403/403 369/369
f 294/294 333/333 404/404
f 401/401 404/404 333/333
f 294/294 404/404 370/370
f 371/371 337/337 405/405
f 405/405 337/337 406/406
f 370/370 406/406 337/337
f 407/407 408/408 409/409
f 408/408 410/410 409/409
f 411/411 412/412 413/413
f 412/412 414/414 413/413
f 150/150 415/415 341/341
f 416/416 188/188 417/417
f 418/418 419/419 420/420
f 188/188 162/162 417/417
f 421/421 422/422 423/423
f 424/424 425/425 344/344
f 425/425 342/342 344/344
f 426/426 427/427 428/428
f 376/376 429/429 374/374
f 430/430 431/431 432/432
f 433/433 434/434 432/432
f 433/433 432/432 435/435
f 432/432 431/431 435/435
f 436/436 437/437 438/438
f 380/380 382/382 439/439
f 440/440 379/379 378/378
f 218/218 379/379 310/310
f 313/313 312/312 441/441
f 442/442 443/443 444/444
f 255/255 383/383 256/256
f 70/70 154/154 100/100
f 87/87 315/315 445/445
f 446/446 355/355 357/357
f 385/385 387/387 447/447
f 387/387 448/448 447/447
f 390/390 356/356 449/449
f 448/448 387/387 450/450
f 450/450 387/387 358/358
f 387/387 391/391 358/358
f 358/358 316/316 450/450
f 323/323 359/359 394/394
f 451/451 167/167 225/225
f 452/452 324/324 396/396
f 263/263 364/364 196/196
f 328/328 395/395 398/398
f 397/397 329/329 277/277
f 399/399 329/329 397/397
f 330/330 453/453 242/242
f 279/279 368/368 454/454
f 455/455 456/456 336/336
f 457/457 371/371 405/405
f 409/409 410/410 458/458
f 459/459 460/460 461/461
f 462/462 463/463 464/464
f 340/340 188/188 465/465
f 465/465 188/188 416/416
f 466/466 467/467 468/468
f 469/469 419/419 418/418
f 466/466 470/470 467/467
f 470/470 471/471 467/467
f 472/472 473/473 419/419
f 470/470 474/474 471/471
f 417/417 162/162 475/475
f 475/475 162/162 247/247
f 420/420 419/419 476/476
f 473/473 476/476 419/419
f 477/477 478/478 479/479
f 480/480 476/476 473/473
f 480/480 481/481 476/476
f 248/248 298/298 249/249
f 482/482 483/483 174/174
f 375/375 484/484 376/376
f 375/375 485/485 484/484
f 486/486 485/485 375/375
f 174/174 487/487 136/136
f 488/488 489/489 490/490
f 491/491 488/488 490/490
f 430/430 492/492 493/493
f 493/493 494/494 430/430
f 430/430 432/432 492/492
f 491/491 495/495 488/488
f 432/432 434/434 492/492
f 495/495 496/496 488/488
f 434/434 433/433 497/497
f 496/496 495/495 498/498
f 499/499 496/496 500/500
f 435/435 501/501 433/433
f 435/435 431/431 501/501
f 501/501 431/431 502/502
f 503/503 308/308 377/377
f 309/309 308/308 504/504
f 310/310 505/505 311/311
f 379/379 505/505 310/310
f 383/383 506/506 256/256
f 356/356 388/388 449/449
f 359/359 390/390 507/507
f 359/359 507/507 394/394
f 508/508 364/364 263/263
f 394/394 509/509 395/395
f 395/395 509/509 510/510
f 395/395 510/510 398/398
f 325/325 274/274 511/511
f 274/274 327/327 511/511
f 327/327 279/279 512/512
f 512/512 279/279 454/454
f 242/242 453/453 403/403
f 203/203 335/335 456/456
f 336/336 456/456 335/335
f 405/405 406/406 513/513
f 457/457 405/405 514/514
f 514/514 405/405 513/513
f 455/455 515/515 456/456
f 516/516 517/517 518/518
f 461/461 460/460 519/519
f 464/464 463/463 520/520
f 150/150 521/521 415/415
f 469/469 418/418 522/522
f 523/523 468/468 524/524
f 523/523 466/466 468/468
f 467/467 525/525 468/468
f 419/419 469/469 472/472
f 472/472 469/469 526/526
f 527/527 472/472 526/526
f 471/471 528/528 467/467
f 529/529 528/528 471/471
f 471/471 474/474 529/529
f 422/422 530/530 423/423
f 531/531 532/532 533/533
f 474/474 534/534 529/529
f 535/535 480/480 473/473
f 422/422 421/421 536/536
f 537/537 538/538 539/539
f 540/540 541/541 542/542
f 543/543 538/538 544/544
f 376/376 484/484 429/429
f 545/545 427/427 426/426
f 174/174 483/483 487/487
f 348/348 90/90 304/304
f 546/546 490/490 489/489
f 547/547 491/491 490/490
f 492/492 434/434 548/548
f 497/497 433/433 549/549
f 496/496 498/498 500/500
f 550/550 499/499 500/500
f 550/550 551/551 499/499
f 552/552 551/551 550/550
f 553/553 554/554 555/555
f 556/556 557/557 558/558
f 256/256 506/506 312/312
f 110/110 98/98 559/559
f 86/86 560/560 315/315
f 450/450 316/316 561/561
f 561/561 167/167 451/451
f 316/316 167/167 561/561
f 394/394 507/507 562/562
f 563/563 452/452 396/396
f 508/508 564/564 364/364
f 397/397 565/565 399/399
f 512/512 454/454 566/566
f 565/565 401/401 399/399
f 453/453 567/567 403/403
f 402/402 568/568 400/400
f 406/406 569/569 513/513
f 456/456 515/515 570/570
f 571/571 514/514 513/513
f 572/572 571/571 513/513
f 572/572 513/513 569/569
f 573/573 514/514 571/571
f 574/574 515/515 455/455
f 339/339 575/575 149/149
f 246/246 134/134 576/576
f 518/518 517/517 577/577
f 578/578 579/579 580/580
f 580/580 581/581 578/578
f 578/578 581/581 582/582
f 409/409 458/458 583/583
f 584/584 585/585 522/522
f 585/585 584/584 586/586
f 587/587 588/588 458/458
f 588/588 523/523 524/524
f 340/340 465/465 589/589
f 467/467 590/590 525/525
f 590/590 467/467 591/591
f 472/472 592/592 473/473
f 528/528 591/591 467/467
f 546/546 489/489 593/593
f 594/594 490/490 546/546
f 595/595 494/494 493/493
f 547/547 490/490 594/594
f 596/596 491/491 547/547
f 548/548 597/597 492/492
f 434/434 497/497 548/548
f 500/500 498/498 598/598
f 549/549 433/433 599/599
f 433/433 501/501 599/599
f 599/599 501/501 600/600
f 502/502 600/600 501/501
f 502/502 601/601 600/600
f 553/553 555/555 602/602
f 189/189 176/176 603/603
f 212/212 604/604 252/252
f 211/211 605/605 153/153
f 381/381 606/606 382/382
f 382/382 606/606 607/607
f 608/608 609/609 610/610
f 312/312 611/611 612/612
f 383/383 613/613 614/614
f 614/614 613/613 615/615
f 312/312 506/506 611/611
f 506/506 383/383 614/614
f 154/154 616/616 100/100
f 363/363 617/617 393/393
f 509/509 394/394 562/562
f 363/363 325/325 617/617
f 568/568 402/402 618/618
f 203/203 619/619 286/286
f 620/620 370/370 404/404
f 621/621 406/406 370/370
f 620/620 621/621 370/370
f 203/203 456/456 622/622
f 517/517 516/516 623/623
f 469/469 522/522 585/585
f 524/524 468/468 525/525
f 472/472 527/527 624/624
f 472/472 624/624 592/592
f 528/528 625/625 591/591
f 626/626 535/535 473/473
f 627/627 628/628 629/629
f 630/630 535/535 626/626
f 540/540 631/631 541/541
f 427/427 545/545 632/632
f 633/633 634/634 635/635
f 634/634 636/636 635/635
f 595/595 636/636 634/634
f 637/637 546/546 593/593
f 594/594 546/546 637/637
f 595/595 493/493 636/636
f 638/638 493/493 492/492
f 639/639 491/491 596/596
f 639/639 495/495 491/491
f 600/600 640/640 641/641
f 601/601 640/640 600/600
f 642/642 643/643 644/644
f 438/438 437/437 645/645
f 646/646 439/439 382/382
f 379/379 440/440 647/647
f 605/605 648/648 153/153
f 153/153 648/648 314/314
f 607/607 649/649 382/382
f 379/379 650/650 505/505
f 615/615 651/651 614/614
f 652/652 452/452 563/563
f 653/653 325/325 511/511
f 327/327 512/512 654/654
f 655/655 401/401 565/565
f 404/404 655/655 656/656
f 404/404 401/401 655/655
f 620/620 404/404 656/656
f 406/406 621/621 569/569
f 622/622 456/456 570/570
f 657/657 574/574 455/455
f 658/658 659/659 660/660
f 661/661 658/658 660/660
f 583/583 458/458 662/662
f 663/663 664/664 586/586
f 586/586 664/664 585/585
f 585/585 664/664 665/665
f 588/588 524/524 666/666
f 524/524 525/525 666/666
f 526/526 469/469 585/585
f 667/667 525/525 590/590
f 625/625 668/668 669/669
f 528/528 668/668 625/625
f 592/592 626/626 473/473
f 670/670 630/630 626/626
f 671/671 630/630 670/670
f 539/539 538/538 672/672
f 672/672 538/538 543/543
f 673/673 674/674 675/675
f 675/675 674/674 671/671
f 543/543 676/676 672/672
f 677/677 675/675 671/671
f 675/675 677/677 678/678
f 593/593 675/675 678/678
f 637/637 593/593 678/678
f 633/633 635/635 679/679
f 635/635 636/636 680/680
f 680/680 636/636 493/493
f 680/680 493/493 638/638
f 492/492 597/597 638/638
f 498/498 495/495 639/639
f 598/598 550/550 500/500
f 681/681 552/552 550/550
f 503/503 682/682 308/308
f 682/682 504/504 308/308
f 683/683 684/684 685/685
f 686/686 252/252 604/604
f 687/687 558/558 557/557
f 603/603 176/176 688/688
f 382/382 689/689 646/646
f 690/690 691/691 440/440
f 692/692 648/648 605/605
f 689/689 382/382 649/649
f 647/647 650/650 379/379
f 693/693 649/649 607/607
f 612/612 611/611 694/694
f 615/615 695/695 651/651
f 696/696 176/176 163/163
f 506/506 651/651 611/611
f 506/506 614/614 651/651
f 697/697 447/447 448/448
f 448/448 698/698 697/697
f 450/450 699/699 448/448
f 390/390 562/562 507/507
f 699/699 450/450 561/561
f 652/652 563/563 700/700
f 700/700 701/701 652/652
f 702/702 617/617 703/703
f 617/617 704/704 703/703
f 617/617 325/325 704/704
f 653/653 704/704 325/325
f 705/705 566/566 706/706
f 570/570 515/515 707/707
f 708/708 571/571 572/572
f 573/573 571/571 709/709
f 708/708 709/709 571/571
f 710/710 707/707 515/515
f 515/515 574/574 710/710
f 574/574 711/711 710/710
f 659/659 712/712 660/660
f 623/623 713/713 517/517
f 714/714 715/715 716/716
f 662/662 458/458 717/717
f 458/458 666/666 717/717
f 458/458 588/588 666/666
f 718/718 526/526 585/585
f 525/525 667/667 719/719
f 720/720 629/629 628/628
f 539/539 672/672 628/628
f 596/596 547/547 721/721
f 722/722 723/723 724/724
f 724/724 725/725 722/722
f 598/598 498/498 726/726
f 727/727 550/550 598/598
f 727/727 681/681 550/550
f 599/599 600/600 728/728
f 728/728 600/600 641/641
f 642/642 729/729 643/643
f 682/682 730/730 504/504
f 731/731 687/687 557/557
f 647/647 440/440 691/691
f 648/648 732/732 314/314
f 688/688 176/176 696/696
f 694/694 611/611 733/733
f 695/695 734/734 651/651
f 611/611 651/651 734/734
f 390/390 449/449 735/735
f 448/448 699/699 698/698
f 390/390 735/735 562/562
f 327/327 654/654 511/511
f 654/654 512/512 736/736
f 737/737 705/705 706/706
f 621/621 738/738 569/569
f 739/739 572/572 569/569
f 572/572 739/739 708/708
f 740/740 741/741 742/742
f 623/623 743/743 713/713
f 715/715 714/714 744/744
f 745/745 665/665 664/664
f 718/718 746/746 526/526
f 527/527 526/526 746/746
f 624/624 747/747 592/592
f 592/592 747/747 626/626
f 677/677 671/671 670/670
f 635/635 748/748 679/679
f 547/547 594/594 721/721
f 723/723 749/749 750/750
f 722/722 725/725 751/751
f 752/752 753/753 754/754
f 755/755 756/756 757/757
f 758/758 759/759 760/760
f 759/759 603/603 760/760
f 644/644 761/761 762/762
f 643/643 761/761 644/644
f 557/557 763/763 731/731
f 734/734 733/733 611/611
f 62/62 81/81 163/163
f 80/80 130/130 102/102
f 110/110 559/559 764/764
f 449/449 765/765 735/735
f 766/766 699/699 767/767
f 699/699 561/561 767/767
f 768/768 509/509 562/562
f 769/769 397/397 398/398
f 397/397 769/769 565/565
f 566/566 736/736 512/512
f 622/622 619/619 203/203
f 770/770 716/716 715/715
f 770/770 715/715 771/771
f 717/717 772/772 662/662
f 717/717 666/666 773/773
f 585/585 665/665 718/718
f 666/666 525/525 719/719
f 628/628 672/672 774/774
f 748/748 775/775 679/679
f 776/776 637/637 678/678
f 777/777 778/778 779/779
f 594/594 637/637 776/776
f 594/594 776/776 780/780
f 721/721 594/594 780/780
f 596/596 721/721 781/781
f 781/781 639/639 596/596
f 639/639 726/726 498/498
f 725/725 754/754 751/751
f 726/726 782/782 598/598
f 753/753 751/751 754/754
f 752/752 783/783 753/753
f 755/755 757/757 784/784
f 681/681 727/727 785/785
f 643/643 786/786 761/761
f 787/787 762/762 761/761
f 788/788 647/647 691/691
f 650/650 647/647 788/788
f 314/314 789/789 106/106
f 398/398 510/510 790/790
f 791/791 736/736 566/566
f 705/705 791/791 566/566
f 792/792 793/793 794/794
f 795/795 796/796 797/797
f 798/798 665/665 745/745
f 718/718 665/665 798/798
f 719/719 773/773 666/666
f 625/625 669/669 799/799
f 800/800 626/626 747/747
f 670/670 626/626 800/800
f 801/801 677/677 670/670
f 677/677 801/801 678/678
f 776/776 678/678 802/802
f 778/778 777/777 803/803
f 777/777 750/750 803/803
f 804/804 726/726 639/639
f 727/727 598/598 782/782
f 603/603 805/805 760/760
f 786/786 806/806 761/761
f 681/681 785/785 807/807
f 783/783 808/808 809/809
f 810/810 811/811 807/807
f 603/603 688/688 805/805
f 811/811 810/810 812/812
f 695/695 733/733 734/734
f 732/732 789/789 314/314
f 699/699 813/813 698/698
f 814/814 766/766 815/815
f 790/790 816/816 398/398
f 769/769 817/817 565/565
f 656/656 818/818 620/620
f 792/792 794/794 819/819
f 569/569 738/738 739/739
f 742/742 820/820 740/740
f 742/742 821/821 820/820
f 743/743 822/822 713/713
f 715/715 744/744 823/823
f 719/719 824/824 773/773
f 825/825 824/824 719/719
f 527/527 826/826 624/624
f 591/591 625/625 799/799
f 720/720 628/628 827/827
f 774/774 827/827 628/628
f 801/801 802/802 678/678
f 781/781 804/804 639/639
f 723/723 722/722 749/749
f 783/783 828/828 753/753
f 785/785 810/810 807/807
f 829/829 830/830 831/831
f 832/832 733/733 695/695
f 696/696 163/163 833/833
f 559/559 98/98 834/834
f 110/110 764/764 108/108
f 562/562 735/735 835/835
f 562/562 835/835 768/768
f 768/768 790/790 509/509
f 790/790 510/510 509/509
f 398/398 816/816 769/769
f 655/655 565/565 817/817
f 836/836 791/791 705/705
f 818/818 621/621 620/620
f 706/706 819/819 737/737
f 794/794 793/793 837/837
f 713/713 822/822 838/838
f 839/839 796/796 840/840
f 838/838 841/841 713/713
f 771/771 715/715 842/842
f 843/843 746/746 718/718
f 825/825 719/719 667/667
f 667/667 590/590 844/844
f 826/826 527/527 746/746
f 590/590 591/591 844/844
f 624/624 845/845 747/747
f 781/781 721/721 846/846
f 727/727 847/847 785/785
f 848/848 783/783 809/809
f 849/849 761/761 806/806
f 849/849 787/787 761/761
f 850/850 810/810 785/785
f 850/850 851/851 810/810
f 852/852 810/810 851/851
f 688/688 853/853 805/805
f 98/98 102/102 834/834
f 560/560 86/86 854/854
f 699/699 766/766 814/814
f 653/653 511/511 855/855
f 737/737 836/836 705/705
f 856/856 857/857 858/858
f 819/819 859/859 737/737
f 739/739 860/860 708/708
f 796/796 839/839 797/797
f 745/745 861/861 798/798
f 717/717 773/773 862/862
f 798/798 863/863 718/718
f 844/844 591/591 799/799
f 800/800 864/864 670/670
f 778/778 865/865 866/866
f 803/803 865/865 778/778
f 802/802 867/867 776/776
f 867/867 780/780 776/776
f 804/804 781/781 868/868
f 869/869 722/722 751/751
f 782/782 870/870 727/727
f 727/727 870/870 847/847
f 786/786 871/871 806/806
f 872/872 871/871 786/786
f 785/785 847/847 873/873
f 760/760 874/874 875/875
f 760/760 805/805 874/874
f 850/850 785/785 873/873
f 876/876 830/830 829/829
f 696/696 853/853 688/688
f 877/877 878/878 879/879
f 830/830 876/876 877/877
f 616/616 880/880 100/100
f 881/881 882/882 697/697
f 698/698 881/881 697/697
f 814/814 815/815 883/883
f 884/884 511/511 654/654
f 654/654 736/736 885/885
f 736/736 791/791 886/886
f 887/887 888/888 889/889
f 890/890 794/794 837/837
f 771/771 842/842 891/891
f 862/862 772/772 717/717
f 718/718 863/863 843/843
f 892/892 667/667 844/844
f 826/826 845/845 624/624
f 844/844 799/799 893/893
f 864/864 801/801 670/670
f 750/750 749/749 894/894
f 846/846 868/868 781/781
f 749/749 722/722 895/895
f 873/873 896/896 850/850
f 828/828 783/783 848/848
f 876/876 897/897 877/877
f 833/833 163/163 898/898
f 698/698 813/813 881/881
f 813/813 699/699 814/814
f 855/855 511/511 884/884
f 654/654 885/885 884/884
f 886/886 885/885 736/736
f 889/889 899/899 900/900
f 889/889 888/888 899/899
f 899/899 858/858 900/900
f 901/901 857/857 856/856
f 819/819 794/794 859/859
f 859/859 794/794 902/902
f 890/890 902/902 794/794
f 822/822 903/903 838/838
f 842/842 715/715 823/823
f 892/892 825/825 667/667
f 780/780 846/846 721/721
f 750/750 894/894 803/803
f 751/751 904/904 869/869
f 904/904 751/751 753/753
f 753/753 905/905 904/904
f 753/753 828/828 905/905
f 870/870 906/906 847/847
f 870/870 907/907 906/906
f 847/847 906/906 873/873
f 853/853 908/908 874/874
f 853/853 874/874 805/805
f 897/897 878/878 877/877
f 909/909 910/910 911/911
f 912/912 886/886 791/791
f 913/913 914/914 915/915
f 825/825 892/892 916/916
f 917/917 845/845 826/826
f 747/747 918/918 800/800
f 800/800 919/919 864/864
f 920/920 921/921 866/866
f 865/865 920/920 866/866
f 867/867 922/922 780/780
f 780/780 922/922 846/846
f 895/895 894/894 749/749
f 923/923 908/908 853/853
f 853/853 833/833 923/923
f 696/696 833/833 853/853
f 854/854 86/86 924/924
f 912/912 791/791 836/836
f 901/901 925/925 913/913
f 797/797 839/839 926/926
f 822/822 927/927 903/903
f 841/841 838/838 903/903
f 772/772 862/862 928/928
f 824/824 825/825 916/916
f 843/843 929/929 746/746
f 746/746 929/929 826/826
f 917/917 930/930 845/845
f 893/893 799/799 931/931
f 845/845 918/918 747/747
f 799/799 669/669 931/931
f 931/931 669/669 932/932
f 918/918 919/919 800/800
f 669/669 921/921 932/932
f 864/864 933/933 801/801
f 802/802 934/934 867/867
f 846/846 922/922 935/935
f 936/936 937/937 894/894
f 937/937 803/803 894/894
f 726/726 938/938 782/782
f 904/904 905/905 939/939
f 940/940 876/876 829/829
f 876/876 941/941 897/897
f 854/854 924/924 942/942
f 881/881 943/943 882/882
f 944/944 945/945 946/946
f 946/946 947/947 948/948
f 887/887 949/949 888/888
f 737/737 950/950 836/836
f 856/856 925/925 901/901
f 925/925 914/914 913/913
f 797/797 926/926 951/951
f 952/952 820/820 821/821
f 821/821 953/953 952/952
f 823/823 954/954 842/842
f 798/798 955/955 863/863
f 929/929 917/917 826/826
f 802/802 801/801 933/933
f 933/933 934/934 802/802
f 937/937 865/865 803/803
f 894/894 895/895 936/936
f 956/956 896/896 873/873
f 828/828 848/848 957/957
f 849/849 806/806 958/958
f 850/850 896/896 851/851
f 959/959 106/106 789/789
f 86/86 223/223 924/924
f 945/945 947/947 946/946
f 943/943 881/881 813/813
f 948/948 910/910 909/909
f 910/910 960/960 911/911
f 884/884 885/885 961/961
f 899/899 962/962 858/858
f 962/962 856/856 858/858
f 963/963 902/902 890/890
f 841/841 903/903 964/964
f 798/798 861/861 955/955
f 965/965 892/892 844/844
f 965/965 844/844 893/893
f 966/966 922/922 867/867
f 846/846 935/935 868/868
f 895/895 722/722 869/869
f 726/726 804/804 967/967
f 782/782 938/938 870/870
f 905/905 828/828 968/968
f 873/873 906/906 956/956
f 828/828 957/957 968/968
f 958/958 806/806 969/969
f 970/970 875/875 874/874
f 896/896 971/971 851/851
f 851/851 971/971 852/852
f 941/941 876/876 940/940
f 878/878 897/897 972/972
f 947/947 973/973 948/948
f 814/814 974/974 813/813
f 948/948 973/973 910/910
f 883/883 974/974 814/814
f 855/855 884/884 975/975
f 976/976 960/960 977/977
f 961/961 885/885 886/886
f 976/976 949/949 887/887
f 962/962 978/978 856/856
f 737/737 859/859 950/950
f 856/856 978/978 925/925
f 979/979 859/859 902/902
f 925/925 980/980 914/914
f 981/981 862/862 773/773
f 773/773 824/824 981/981
f 845/845 930/930 918/918
f 932/932 921/921 982/982
f 983/983 864/864 919/919
f 933/933 864/864 983/983
f 920/920 865/865 937/937
f 966/966 867/867 934/934
f 936/936 895/895 984/984
f 868/868 985/985 804/804
f 895/895 869/869 984/984
f 804/804 985/985 967/967
f 967/967 938/938 726/726
f 906/906 986/986 956/956
f 896/896 956/956 986/986
f 986/986 971/971 896/896
f 987/987 852/852 971/971
f 942/942 924/924 988/988
f 910/910 977/977 960/960
f 976/976 989/989 949/949
f 836/836 950/950 990/990
f 915/915 914/914 991/991
f 903/903 927/927 992/992
f 993/993 955/955 861/861
f 824/824 916/916 981/981
f 994/994 930/930 917/917
f 982/982 921/921 920/920
f 995/995 937/937 996/996
f 936/936 996/996 937/937
f 938/938 907/907 870/870
f 905/905 968/968 939/939
f 907/907 986/986 906/906
f 968/968 957/957 997/997
f 998/998 874/874 908/908
f 999/999 833/833 898/898
f 74/74 1000/1000 81/81
f 1001/1001 75/75 112/112
f 100/100 880/880 1002/1002
f 1003/1003 882/882 943/943
f 1004/1004 813/813 974/974
f 975/975 884/884 1005/1005
f 961/961 1005/1005 884/884
f 912/912 836/836 990/990
f 888/888 1006/1006 899/899
f 950/950 859/859 1007/1007
f 859/859 979/979 1007/1007
f 963/963 979/979 902/902
f 903/903 992/992 964/964
f 862/862 1008/1008 928/928
f 1009/1009 863/863 955/955
f 863/863 1009/1009 843/843
f 843/843 1009/1009 929/929
f 965/965 893/893 1010/1010
f 893/893 931/931 1010/1010
f 936/936 984/984 996/996
f 967/967 1011/1011 938/938
f 806/806 871/871 1012/1012
f 986/986 907/907 1013/1013
f 806/806 1012/1012 969/969
f 875/875 970/970 1014/1014
f 923/923 1015/1015 908/908
f 897/897 941/941 1016/1016
f 959/959 1017/1017 106/106
f 1018/1018 947/947 945/945
f 943/943 813/813 1004/1004
f 1019/1019 974/974 883/883
f 977/977 989/989 976/976
f 888/888 949/949 1006/1006
f 1006/1006 1020/1020 899/899
f 899/899 1020/1020 962/962
f 1021/1021 951/951 926/926
f 953/953 1022/1022 952/952
f 981/981 1008/1008 862/862
f 892/892 1023/1023 916/916
f 929/929 994/994 917/917
f 937/937 995/995 920/920
f 935/935 1024/1024 868/868
f 868/868 1024/1024 985/985
f 1013/1013 1025/1025 986/986
f 986/986 1025/1025 971/971
f 874/874 998/998 970/970
f 1026/1026 987/987 971/971
f 1027/1027 941/941 940/940
f 897/897 1016/1016 972/972
f 100/100 1002/1002 104/104
f 924/924 223/223 1028/1028
f 990/990 950/950 1029/1029
f 1007/1007 1029/1029 950/950
f 978/978 980/980 925/925
f 951/951 1021/1021 1030/1030
f 891/891 954/954 1031/1031
f 981/981 916/916 1023/1023
f 930/930 1032/1032 918/918
f 918/918 1032/1032 919/919
f 983/983 919/919 1032/1032
f 922/922 966/966 935/935
f 984/984 869/869 1033/1033
f 1034/1034 869/869 904/904
f 938/938 1011/1011 907/907
f 968/968 997/997 1035/1035
f 833/833 999/999 923/923
f 924/924 1028/1028 988/988
f 1036/1036 947/947 1018/1018
f 1036/1036 973/973 947/947
f 980/980 1037/1037 914/914
f 1021/1021 1038/1038 1030/1030
f 992/992 927/927 1039/1039
f 1008/1008 981/981 1040/1040
f 1040/1040 981/981 1041/1041
f 1009/1009 1042/1042 929/929
f 892/892 965/965 1023/1023
f 1010/1010 931/931 1043/1043
f 931/931 932/932 1043/1043
f 920/920 1044/1044 982/982
f 934/934 1045/1045 966/966
f 1046/1046 935/935 966/966
f 1033/1033 869/869 1034/1034
f 1034/1034 904/904 1047/1047
f 1047/1047 904/904 939/939
f 1035/1035 939/939 968/968
f 1048/1048 958/958 969/969
f 971/971 1025/1025 1026/1026
f 908/908 1015/1015 998/998
f 923/923 999/999 1015/1015
f 1049/1049 1050/1050 1051/1051
f 1049/1049 1052/1052 1050/1050
f 974/974 1053/1053 1004/1004
f 910/910 1054/1054 977/977
f 961/961 886/886 1055/1055
f 989/989 1056/1056 949/949
f 886/886 912/912 1057/1057
f 912/912 990/990 1057/1057
f 979/979 963/963 1058/1058
f 1021/1021 1059/1059 1038/1038
f 891/891 842/842 954/954
f 992/992 1039/1039 1060/1060
f 981/981 1023/1023 1041/1041
f 929/929 1042/1042 994/994
f 1023/1023 965/965 1061/1061
f 1043/1043 932/932 982/982
f 1024/1024 935/935 1046/1046
f 907/907 1062/1062 1013/1013
f 1012/1012 871/871 1063/1063
f 1064/1064 1012/1012 1063/1063
f 1053/1053 974/974 1019/1019
f 1056/1056 1006/1006 949/949
f 886/886 1057/1057 1055/1055
f 979/979 1058/1058 1007/1007
f 991/991 914/914 1037/1037
f 1038/1038 1065/1065 1030/1030
f 952/952 1022/1022 1066/1066
f 1067/1067 1068/1068 1069/1069
f 1070/1070 1071/1071 1072/1072
f 995/995 1044/1044 920/920
f 985/985 1011/1011 967/967
f 1011/1011 1062/1062 907/907
f 1027/1027 1016/1016 941/941
f 972/972 1016/1016 1073/1073
f 1074/1074 1017/1017 959/959
f 1075/1075 1036/1036 1018/1018
f 1076/1076 1054/1054 910/910
f 980/980 1077/1077 1037/1037
f 1008/1008 1040/1040 928/928
f 939/939 1035/1035 1047/1047
f 1078/1078 1079/1079 1080/1080
f 1080/1080 1081/1081 1078/1078
f 998/998 1015/1015 1082/1082
f 1082/1082 1015/1015 999/999
f 764/764 559/559 1083/1083
f 988/988 1028/1028 1084/1084
f 1051/1051 1050/1050 1085/1085
f 1086/1086 1087/1087 1088/1088
f 1089/1089 1090/1090 1091/1091
f 989/989 1092/1092 1056/1056
f 978/978 962/962 1093/1093
f 1093/1093 1077/1077 978/978
f 1094/1094 1095/1095 1096/1096
f 1022/1022 1097/1097 1066/1066
f 928/928 1040/1040 1098/1098
f 1099/1099 1100/1100 1101/1101
f 1101/1101 1100/1100 1069/1069
f 1068/1068 1101/1101 1069/1069
f 1041/1041 1023/1023 1102/1102
f 965/965 1010/1010 1103/1103
f 1072/1072 1104/1104 1105/1105
f 1106/1106 982/982 1044/1044
f 1107/1107 933/933 983/983
f 1107/1107 1108/1108 933/933
f 1108/1108 934/934 933/933
f 934/934 1108/1108 1045/1045
f 996/996 984/984 1109/1109
f 984/984 1033/1033 1109/1109
f 1033/1033 1034/1034 1110/1110
f 1011/1011 1111/1111 1062/1062
f 1112/1112 1113/1113 1114/1114
f 1079/1079 1115/1115 1116/1116
f 1117/1117 969/969 1012/1012
f 1048/1048 969/969 1117/1117
f 1078/1078 1115/1115 1079/1079
f 1118/1118 1119/1119 1120/1120
f 1120/1120 1119/1119 1121/1121
f 1121/1121 1122/1122 1123/1123
f 898/898 1124/1124 999/999
f 108/108 764/764 1125/1125
f 1036/1036 1126/1126 973/973
f 1126/1126 910/910 973/973
f 1126/1126 1076/1076 910/910
f 1088/1088 1089/1089 1127/1127
f 1092/1092 989/989 977/977
f 1127/1127 1089/1089 1091/1091
f 1077/1077 980/980 978/978
f 954/954 1128/1128 1129/1129
f 1031/1031 954/954 1129/1129
f 1067/1067 1130/1130 1131/1131
f 1132/1132 1104/1104 1072/1072
f 1043/1043 982/982 1106/1106
f 1046/1046 966/966 1133/1133
f 995/995 996/996 1134/1134
f 1134/1134 996/996 1109/1109
f 1024/1024 1135/1135 985/985
f 1110/1110 1034/1034 1047/1047
f 1118/1118 1136/1136 1137/1137
f 1119/1119 1118/1118 1138/1138
f 1122/1122 1121/1121 1119/1119
f 1139/1139 999/999 1124/1124
f 1140/1140 1141/1141 1142/1142
f 81/81 1000/1000 1143/1143
f 1050/1050 1052/1052 1144/1144
f 1052/1052 1145/1145 1144/1144
f 1145/1145 1087/1087 1146/1146
f 1087/1087 1086/1086 1146/1146
f 1147/1147 977/977 1054/1054
f 1147/1147 1092/1092 977/977
f 991/991 1037/1037 1148/1148
f 1039/1039 1149/1149 1060/1060
f 1131/1131 1130/1130 1070/1070
f 1061/1061 965/965 1103/1103
f 1070/1070 1130/1130 1071/1071
f 1010/1010 1043/1043 1103/1103
f 1133/1133 966/966 1045/1045
f 1046/1046 1133/1133 1024/1024
f 1109/1109 1033/1033 1150/1150
f 1135/1135 1151/1151 985/985
f 1150/1150 1033/1033 1152/1152
f 1151/1151 1011/1011 985/985
f 1047/1047 1035/1035 1153/1153
f 1113/1113 1112/1112 1154/1154
f 999/999 1139/1139 1082/1082
f 1155/1155 1156/1156 1157/1157
f 1140/1140 1142/1142 1158/1158
f 1074/1074 1159/1159 1017/1017
f 1142/1142 1160/1160 1158/1158
f 1161/1161 1162/1162 1156/1156
f 1160/1160 1142/1142 1163/1163
f 102/102 1164/1164 834/834
f 1084/1084 1028/1028 1165/1165
f 1126/1126 1036/1036 1166/1166
f 1086/1086 1088/1088 1167/1167
f 1088/1088 1127/1127 1167/1167
f 1168/1168 1169/1169 1170/1170
f 1020/1020 1006/1006 1171/1171
f 962/962 1020/1020 1093/1093
f 1172/1172 1095/1095 1173/1173
f 1038/1038 1174/1174 1065/1065
f 1175/1175 1176/1176 1177/1177
f 1129/1129 1128/1128 1178/1178
f 1071/1071 1132/1132 1072/1072
f 1179/1179 1106/1106 1044/1044
f 1179/1179 1044/1044 1134/1134
f 1180/1180 1181/1181 1182/1182
f 1134/1134 1044/1044 995/995
f 1133/1133 1135/1135 1024/1024
f 1033/1033 1110/1110 1152/1152
f 1035/1035 1183/1183 1153/1153
f 1035/1035 997/997 1183/1183
f 1064/1064 1184/1184 1012/1012
f 1185/1185 1186/1186 1187/1187
f 1188/1188 1119/1119 1138/1138
f 1119/1119 1189/1189 1122/1122
f 1119/1119 1188/1188 1189/1189
f 1157/1157 1156/1156 1162/1162
f 1158/1158 1160/1160 1190/1190
f 1191/1191 1036/1036 1075/1075
f 1192/1192 1076/1076 1126/1126
f 1090/1090 1193/1193 1194/1194
f 1194/1194 1193/1193 1168/1168
f 1169/1169 1173/1173 1170/1170
f 1172/1172 1173/1173 1169/1169
f 1195/1195 1066/1066 1097/1097
f 1061/1061 1102/1102 1023/1023
f 1130/1130 1067/1067 1196/1196
f 1106/1106 1179/1179 1197/1197
f 1111/1111 1011/1011 1151/1151
f 1198/1198 1199/1199 1200/1200
f 1064/1064 1201/1201 1184/1184
f 1115/1115 1078/1078 1202/1202
f 1078/1078 1081/1081 1203/1203
f 1204/1204 1203/1203 1081/1081
f 1155/1155 1205/1205 1156/1156
f 1156/1156 1206/1206 1161/1161
f 1207/1207 1208/1208 1209/1209
f 1210/1210 1190/1190 1160/1160
f 1163/1163 1210/1210 1160/1160
f 1017/1017 1211/1211 106/106
f 1002/1002 1212/1212 1213/1213
f 1191/1191 1166/1166 1036/1036
f 1144/1144 1214/1214 1050/1050
f 1056/1056 1215/1215 1006/1006
f 1077/1077 1093/1093 1216/1216
f 1217/1217 1095/1095 1094/1094
f 1099/1099 1218/1218 1100/1100
f 1219/1219 1220/1220 1069/1069
f 1100/1100 1219/1219 1069/1069
f 1069/1069 1196/1196 1067/1067
f 1043/1043 1106/1106 1197/1197
f 1104/1104 1221/1221 1182/1182
f 1222/1222 1223/1223 1224/1224
f 1223/1223 1225/1225 1226/1226
f 1012/1012 1184/1184 1117/1117
f 1138/1138 1118/1118 1137/1137
f 1138/1138 1227/1227 1188/1188
f 1205/1205 1228/1228 1156/1156
f 1206/1206 1229/1229 1161/1161
f 1230/1230 1231/1231 1232/1232
f 1210/1210 1163/1163 1233/1233
f 104/104 1234/1234 164/164
f 1085/1085 1050/1050 1214/1214
f 1145/1145 1146/1146 1144/1144
f 1092/1092 1235/1235 1056/1056
f 1006/1006 1215/1215 1171/1171
f 1194/1194 1168/1168 1170/1170
f 1020/1020 1171/1171 1236/1236
f 1020/1020 1236/1236 1093/1093
f 1173/1173 1095/1095 1237/1237
f 1097/1097 1238/1238 1195/1195
f 1175/1175 1177/1177 1239/1239
f 1218/1218 1219/1219 1100/1100
f 1240/1240 1241/1241 1242/1242
f 1243/1243 1244/1244 1245/1245
f 1244/1244 1246/1246 1245/1245
f 1247/1247 1248/1248 1249/1249
f 1250/1250 1251/1251 1252/1252
f 1253/1253 1254/1254 1225/1225
f 1198/1198 1255/1255 1253/1253
f 1256/1256 1114/1114 1257/1257
f 1201/1201 1258/1258 1184/1184
f 1259/1259 1260/1260 1136/1136
f 1261/1261 1202/1202 1203/1203
f 1203/1203 1202/1202 1078/1078
f 1136/1136 1260/1260 1137/1137
f 1227/1227 1138/1138 1262/1262
f 1137/1137 1262/1262 1138/1138
f 1263/1263 1264/1264 1265/1265
f 1139/1139 1124/1124 1266/1266
f 1208/1208 1207/1207 1267/1267
f 1231/1231 1230/1230 1268/1268
f 1146/1146 1086/1086 1269/1269
f 1147/1147 1235/1235 1092/1092
f 1235/1235 1215/1215 1056/1056
f 1091/1091 1090/1090 1270/1270
f 1270/1270 1090/1090 1194/1194
f 1148/1148 1037/1037 1271/1271
f 1174/1174 1272/1272 1065/1065
f 1273/1273 1060/1060 1274/1274
f 1178/1178 1275/1275 1129/1129
f 1242/1242 1276/1276 1240/1240
f 1196/1196 1069/1069 1220/1220
f 1277/1277 1278/1278 1196/1196
f 1276/1276 1244/1244 1243/1243
f 1196/1196 1278/1278 1130/1130
f 1130/1130 1278/1278 1071/1071
f 1278/1278 1279/1279 1071/1071
f 1071/1071 1279/1279 1132/1132
f 1246/1246 1248/1248 1247/1247
f 1280/1280 1132/1132 1279/1279
f 1281/1281 1182/1182 1221/1221
f 1281/1281 1180/1180 1182/1182
f 1252/1252 1181/1181 1180/1180
f 1224/1224 1223/1223 1226/1226
f 1250/1250 1282/1282 1251/1251
f 1226/1226 1225/1225 1254/1254
f 1251/1251 1282/1282 1283/1283
f 1114/1114 1256/1256 1284/1284
f 1114/1114 1284/1284 1112/1112
f 1285/1285 1200/1200 1185/1185
f 1112/1112 1284/1284 1286/1286
f 1287/1287 1288/1288 1289/1289
f 1290/1290 1258/1258 1201/1201
f 1291/1291 1185/1185 1187/1187
f 1292/1292 1293/1293 1294/1294
f 1295/1295 1264/1264 1263/1263
f 1228/1228 1206/1206 1156/1156
f 1296/1296 1297/1297 1298/1298
f 1299/1299 1300/1300 1301/1301
f 163/163 81/81 1143/1143
f 834/834 1083/1083 559/559
f 1002/1002 1234/1234 104/104
f 1085/1085 1214/1214 1302/1302
f 1214/1214 1144/1144 1303/1303
f 1304/1304 1126/1126 1166/1166
f 1192/1192 1126/1126 1304/1304
f 1144/1144 1146/1146 1269/1269
f 1167/1167 1127/1127 1305/1305
f 1127/1127 1091/1091 1305/1305
f 1215/1215 1306/1306 1171/1171
f 1095/1095 1217/1217 1237/1237
f 1037/1037 1077/1077 1271/1271
f 1307/1307 1308/1308 1309/1309
f 1174/1174 1310/1310 1311/1311
f 1195/1195 1312/1312 1313/1313
f 1314/1314 1241/1241 1315/1315
f 1246/1246 1247/1247 1245/1245
f 1104/1104 1132/1132 1221/1221
f 1316/1316 1222/1222 1317/1317
f 1224/1224 1318/1318 1222/1222
f 1290/1290 1319/1319 1258/1258
f 1319/1319 1290/1290 1320/1320
f 1262/1262 1321/1321 1322/1322
f 1260/1260 1321/1321 1262/1262
f 1285/1285 1185/1185 1291/1291
f 1323/1323 1324/1324 1325/1325
f 1326/1326 1117/1117 1184/1184
f 1260/1260 1262/1262 1137/1137
f 1267/1267 1327/1327 1208/1208
f 1268/1268 1328/1328 1231/1231
f 1269/1269 1086/1086 1329/1329
f 1329/1329 1086/1086 1167/1167
f 1147/1147 1330/1330 1235/1235
f 1216/1216 1093/1093 1236/1236
f 1216/1216 1271/1271 1077/1077
f 1174/1174 1311/1311 1272/1272
f 1195/1195 1238/1238 1312/1312
f 1274/1274 1060/1060 1149/1149
f 1314/1314 1315/1315 1331/1331
f 1218/1218 1332/1332 1219/1219
f 1241/1241 1240/1240 1315/1315
f 1240/1240 1276/1276 1333/1333
f 1334/1334 1196/1196 1220/1220
f 1276/1276 1243/1243 1335/1335
f 1280/1280 1221/1221 1132/1132
f 1252/1252 1180/1180 1250/1250
f 1283/1283 1336/1336 1257/1257
f 1336/1336 1256/1256 1257/1257
f 1255/1255 1200/1200 1337/1337
f 1198/1198 1200/1200 1255/1255
f 1337/1337 1200/1200 1285/1285
f 1285/1285 1338/1338 1337/1337
f 1287/1287 1289/1289 1339/1339
f 1340/1340 1326/1326 1184/1184
f 1324/1324 1323/1323 1266/1266
f 1323/1323 1139/1139 1266/1266
f 1267/1267 1207/1207 1341/1341
f 1342/1342 1343/1343 1344/1344
f 1345/1345 1211/1211 1017/1017
f 898/898 163/163 1346/1346
f 1212/1212 1347/1347 1213/1213
f 1166/1166 1191/1191 1348/1348
f 1076/1076 1192/1192 1349/1349
f 1350/1350 1076/1076 1351/1351
f 1350/1350 1054/1054 1076/1076
f 1330/1330 1054/1054 1350/1350
f 1147/1147 1054/1054 1330/1330
f 1352/1352 1170/1170 1173/1173
f 1307/1307 1353/1353 1354/1354
f 1129/1129 1275/1275 1355/1355
f 1356/1356 1219/1219 1332/1332
f 1356/1356 1220/1220 1219/1219
f 1196/1196 1334/1334 1277/1277
f 1335/1335 1333/1333 1276/1276
f 1317/1317 1222/1222 1318/1318
f 1250/1250 1180/1180 1357/1357
f 1253/1253 1358/1358 1254/1254
f 1255/1255 1358/1358 1253/1253
f 1359/1359 1256/1256 1336/1336
f 1258/1258 1340/1340 1184/1184
f 1360/1360 1361/1361 1362/1362
f 1363/1363 1360/1360 1362/1362
f 1293/1293 1364/1364 1294/1294
f 1364/1364 1365/1365 1294/1294
f 1263/1263 1366/1366 1295/1295
f 1367/1367 1368/1368 1295/1295
f 1267/1267 1341/1341 1327/1327
f 1298/1298 1369/1369 1296/1296
f 1370/1370 1371/1371 1372/1372
f 1344/1344 1373/1373 1342/1342
f 1374/1374 1375/1375 1376/1376
f 1300/1300 1377/1377 1301/1301
f 1378/1378 1376/1376 1375/1375
f 1371/1371 1370/1370 1379/1379
f 1231/1231 1380/1380 1232/1232
f 163/163 1143/1143 1346/1346
f 1165/1165 1381/1381 1382/1382
f 1349/1349 1192/1192 1304/1304
f 1349/1349 1351/1351 1076/1076
f 1305/1305 1091/1091 1270/1270
f 1306/1306 1215/1215 1383/1383
f 1173/1173 1237/1237 1352/1352
f 1217/1217 1094/1094 1384/1384
f 1384/1384 1094/1094 1385/1385
f 1331/1331 1315/1315 1386/1386
f 1387/1387 1220/1220 1356/1356
f 1387/1387 1334/1334 1220/1220
f 1316/1316 1317/1317 1249/1249
f 1281/1281 1357/1357 1180/1180
f 1283/1283 1282/1282 1336/1336
f 1256/1256 1388/1388 1284/1284
f 1286/1286 1284/1284 1388/1388
f 1339/1339 1389/1389 1390/1390
f 1339/1339 1289/1289 1389/1389
f 1391/1391 1392/1392 1393/1393
f 1362/1362 1394/1394 1363/1363
f 1395/1395 1396/1396 1397/1397
f 1365/1365 1396/1396 1294/1294
f 1295/1295 1366/1366 1367/1367
f 1345/1345 1398/1398 1211/1211
f 1231/1231 1328/1328 1380/1380
f 1380/1380 1399/1399 1232/1232
f 1302/1302 1214/1214 1400/1400
f 1401/1401 1166/1166 1348/1348
f 1235/1235 1383/1383 1215/1215
f 1236/1236 1171/1171 1306/1306
f 1402/1402 1170/1170 1352/1352
f 1403/1403 1404/1404 1405/1405
f 1275/1275 1406/1406 1355/1355
f 1407/1407 1278/1278 1277/1277
f 1407/1407 1279/1279 1278/1278
f 1249/1249 1408/1408 1247/1247
f 1221/1221 1280/1280 1409/1409
f 1249/1249 1317/1317 1408/1408
f 1221/1221 1410/1410 1281/1281
f 1318/1318 1411/1411 1317/1317
f 1412/1412 1411/1411 1318/1318
f 1281/1281 1410/1410 1357/1357
f 1413/1413 1224/1224 1226/1226
f 1359/1359 1414/1414 1256/1256
f 1256/1256 1414/1414 1388/1388
f 1338/1338 1415/1415 1337/1337
f 1388/1388 1416/1416 1286/1286
f 1417/1417 1324/1324 1418/1418
f 1419/1419 1420/1420 1421/1421
f 1393/1393 1392/1392 1422/1422
f 1423/1423 1366/1366 1424/1424
f 1425/1425 1366/1366 1423/1423
f 1426/1426 1298/1298 1297/1297
f 1427/1427 1428/1428 1429/1429
f 1376/1376 1430/1430 1374/1374
f 1431/1431 1232/1232 1399/1399
f 1380/1380 1328/1328 1432/1432
f 834/834 1164/1164 1433/1433
f 1381/1381 1434/1434 1382/1382
f 1166/1166 1401/1401 1304/1304
f 1194/1194 1170/1170 1402/1402
f 1385/1385 1435/1435 1384/1384
f 1436/1436 1308/1308 1307/1307
f 1312/1312 1238/1238 1437/1437
f 1438/1438 1439/1439 1440/1440
f 1240/1240 1441/1441 1315/1315
f 1441/1441 1240/1240 1333/1333
f 1442/1442 1279/1279 1443/1443
f 1279/1279 1442/1442 1280/1280
f 1357/1357 1410/1410 1444/1444
f 1224/1224 1445/1445 1318/1318
f 1446/1446 1250/1250 1357/1357
f 1226/1226 1254/1254 1413/1413
f 1447/1447 1336/1336 1282/1282
f 1254/1254 1358/1358 1413/1413
f 1358/1358 1255/1255 1448/1448
f 1285/1285 1415/1415 1338/1338
f 1291/1291 1415/1415 1285/1285
f 1390/1390 1389/1389 1449/1449
f 1340/1340 1258/1258 1450/1450
f 1319/1319 1450/1450 1258/1258
f 1451/1451 1452/1452 1453/1453
f 1324/1324 1266/1266 1418/1418
f 1391/1391 1454/1454 1392/1392
f 1453/1453 1455/1455 1456/1456
f 1366/1366 1425/1425 1367/1367
f 1457/1457 1458/1458 1459/1459
f 1426/1426 1458/1458 1298/1298
f 1460/1460 1461/1461 1462/1462
f 1457/1457 1459/1459 1463/1463
f 1458/1458 1457/1457 1369/1369
f 1458/1458 1369/1369 1298/1298
f 1370/1370 1464/1464 1379/1379
f 1465/1465 1399/1399 1380/1380
f 1083/1083 834/834 1433/1433
f 764/764 1083/1083 1125/1125
f 1165/1165 1028/1028 1381/1381
f 1303/1303 1400/1400 1214/1214
f 1144/1144 1269/1269 1466/1466
f 1467/1467 1167/1167 1305/1305
f 1270/1270 1194/1194 1468/1468
f 1469/1469 1216/1216 1236/1236
f 1470/1470 1354/1354 1353/1353
f 1217/1217 1471/1471 1237/1237
f 1384/1384 1471/1471 1217/1217
f 1436/1436 1307/1307 1472/1472
f 1473/1473 1403/1403 1405/1405
f 1315/1315 1441/1441 1474/1474
f 1277/1277 1334/1334 1407/1407
f 1335/1335 1243/1243 1245/1245
f 1443/1443 1279/1279 1407/1407
f 1280/1280 1442/1442 1409/1409
f 1409/1409 1475/1475 1221/1221
f 1221/1221 1475/1475 1410/1410
f 1444/1444 1410/1410 1476/1476
f 1444/1444 1477/1477 1357/1357
f 1446/1446 1447/1447 1250/1250
f 1413/1413 1445/1445 1224/1224
f 1250/1250 1447/1447 1282/1282
f 1447/1447 1478/1478 1336/1336
f 1388/1388 1479/1479 1416/1416
f 1480/1480 1481/1481 1482/1482
f 1450/1450 1326/1326 1340/1340
f 1453/1453 1452/1452 1455/1455
f 1365/1365 1364/1364 1483/1483
f 1396/1396 1365/1365 1397/1397
f 1456/1456 1455/1455 1398/1398
f 1484/1484 1374/1374 1430/1430
f 1372/1372 1485/1485 1370/1370
f 1465/1465 1380/1380 1486/1486
f 1486/1486 1380/1380 1432/1432
f 137/137 108/108 1125/1125
f 1487/1487 1488/1488 1489/1489
f 1144/1144 1466/1466 1303/1303
f 1304/1304 1351/1351 1349/1349
f 1329/1329 1167/1167 1467/1467
f 1235/1235 1330/1330 1490/1490
f 1306/1306 1383/1383 1491/1491
f 1194/1194 1402/1402 1468/1468
f 1306/1306 1491/1491 1492/1492
f 1306/1306 1492/1492 1236/1236
f 1469/1469 1236/1236 1492/1492
f 1307/1307 1354/1354 1472/1472
f 1385/1385 1493/1493 1494/1494
f 1436/1436 1495/1495 1308/1308
f 1493/1493 1496/1496 1494/1494
f 1473/1473 1497/1497 1498/1498
f 1474/1474 1386/1386 1315/1315
f 1334/1334 1499/1499 1407/1407
f 1247/1247 1500/1500 1245/1245
f 1317/1317 1411/1411 1408/1408
f 1476/1476 1410/1410 1475/1475
f 1357/1357 1477/1477 1446/1446
f 1318/1318 1445/1445 1412/1412
f 1501/1501 1413/1413 1358/1358
f 1359/1359 1336/1336 1478/1478
f 1255/1255 1337/1337 1502/1502
f 1503/1503 1502/1502 1337/1337
f 1503/1503 1337/1337 1415/1415
f 1291/1291 1504/1504 1415/1415
f 1505/1505 1506/1506 1507/1507
f 1482/1482 1481/1481 1422/1422
f 1506/1506 1508/1508 1507/1507
f 1509/1509 1326/1326 1450/1450
f 1450/1450 1319/1319 1510/1510
f 1422/1422 1392/1392 1482/1482
f 1511/1511 1394/1394 1362/1362
f 1365/1365 1512/1512 1397/1397
f 1513/1513 1514/1514 1515/1515
f 1515/1515 1514/1514 1516/1516
f 1376/1376 1378/1378 1517/1517
f 102/102 1518/1518 1164/1164
f 1400/1400 1519/1519 1302/1302
f 1520/1520 1466/1466 1269/1269
f 1305/1305 1270/1270 1521/1521
f 1270/1270 1468/1468 1521/1521
f 1237/1237 1471/1471 1352/1352
f 1522/1522 1472/1472 1354/1354
f 1384/1384 1435/1435 1471/1471
f 1494/1494 1523/1523 1435/1435
f 1385/1385 1494/1494 1435/1435
f 1524/1524 1495/1495 1436/1436
f 1524/1524 1525/1525 1495/1495
f 1526/1526 1440/1440 1439/1439
f 1498/1498 1403/1403 1473/1473
f 1527/1527 1332/1332 1528/1528
f 1527/1527 1356/1356 1332/1332
f 1529/1529 1387/1387 1356/1356
f 1530/1530 1441/1441 1333/1333
f 1387/1387 1531/1531 1334/1334
f 1333/1333 1335/1335 1532/1532
f 1408/1408 1500/1500 1247/1247
f 1476/1476 1533/1533 1534/1534
f 1476/1476 1534/1534 1444/1444
f 1412/1412 1535/1535 1411/1411
f 1536/1536 1535/1535 1412/1412
f 1444/1444 1534/1534 1477/1477
f 1537/1537 1536/1536 1538/1538
f 1477/1477 1534/1534 1539/1539
f 1477/1477 1539/1539 1540/1540
f 1541/1541 1538/1538 1536/1536
f 1413/1413 1501/1501 1445/1445
f 1542/1542 1478/1478 1447/1447
f 1501/1501 1358/1358 1543/1543
f 1448/1448 1543/1543 1358/1358
f 1502/1502 1448/1448 1255/1255
f 1359/1359 1544/1544 1414/1414
f 1415/1415 1504/1504 1503/1503
f 1545/1545 1388/1388 1414/1414
f 1546/1546 1547/1547 1479/1479
f 1388/1388 1546/1546 1479/1479
f 1548/1548 1504/1504 1291/1291
f 1504/1504 1548/1548 1549/1549
f 1550/1550 1551/1551 1552/1552
f 1553/1553 1554/1554 1418/1418
f 1555/1555 1556/1556 1557/1557
f 1558/1558 1482/1482 1392/1392
f 1556/1556 1559/1559 1557/1557
f 1560/1560 1514/1514 1513/1513
f 1430/1430 1376/1376 1561/1561
f 1376/1376 1517/1517 1561/1561
f 106/106 1562/1562 259/259
f 1303/1303 1563/1563 1400/1400
f 1564/1564 1565/1565 1489/1489
f 1466/1466 1563/1563 1303/1303
f 1566/1566 1565/1565 1564/1564
f 1269/1269 1329/1329 1520/1520
f 1490/1490 1383/1383 1235/1235
f 1402/1402 1567/1567 1468/1468
f 1352/1352 1567/1567 1402/1402
f 1568/1568 1352/1352 1471/1471
f 1354/1354 1470/1470 1522/1522
f 1471/1471 1435/1435 1569/1569
f 1435/1435 1523/1523 1569/1569
f 1356/1356 1527/1527 1529/1529
f 1529/1529 1531/1531 1387/1387
f 1531/1531 1499/1499 1334/1334
f 1335/1335 1570/1570 1532/1532
f 1335/1335 1245/1245 1570/1570
f 1571/1571 1443/1443 1572/1572
f 1572/1572 1443/1443 1407/1407
f 1245/1245 1500/1500 1570/1570
f 1573/1573 1442/1442 1443/1443
f 1535/1535 1408/1408 1411/1411
f 1476/1476 1475/1475 1533/1533
f 1534/1534 1533/1533 1574/1574
f 1537/1537 1535/1535 1536/1536
f 1534/1534 1574/1574 1539/1539
f 1575/1575 1576/1576 1577/1577
f 1541/1541 1578/1578 1538/1538
f 1579/1579 1577/1577 1576/1576
f 1536/1536 1412/1412 1580/1580
f 1541/1541 1536/1536 1580/1580
f 1580/1580 1412/1412 1445/1445
f 1501/1501 1580/1580 1445/1445
f 1447/1447 1446/1446 1542/1542
f 1502/1502 1581/1581 1448/1448
f 1582/1582 1502/1502 1503/1503
f 1545/1545 1414/1414 1544/1544
f 1546/1546 1388/1388 1545/1545
f 1555/1555 1583/1583 1556/1556
f 1454/1454 1558/1558 1392/1392
f 1454/1454 1584/1584 1558/1558
f 1398/1398 1455/1455 1211/1211
f 1370/1370 1585/1585 1464/1464
f 1561/1561 1517/1517 1586/1586
f 1517/1517 1587/1587 1586/1586
f 1211/1211 1562/1562 106/106
f 1028/1028 223/223 1381/1381
f 83/83 1588/1588 223/223
f 1588/1588 83/83 94/94
f 1564/1564 1589/1589 1566/1566
f 1305/1305 1590/1590 1467/1467
f 1521/1521 1590/1590 1305/1305
f 1352/1352 1568/1568 1567/1567
f 1471/1471 1569/1569 1568/1568
f 1472/1472 1522/1522 1591/1591
f 1436/1436 1591/1591 1524/1524
f 1472/1472 1591/1591 1436/1436
f 1592/1592 1523/1523 1593/1593
f 1593/1593 1523/1523 1494/1494
f 1496/1496 1593/1593 1494/1494
f 1594/1594 1595/1595 1596/1596
f 1597/1597 1598/1598 1599/1599
f 1497/1497 1600/1600 1498/1498
f 1439/1439 1601/1601 1526/1526
f 1526/1526 1601/1601 1602/1602
f 1603/1603 1529/1529 1527/1527
f 1604/1604 1441/1441 1605/1605
f 1530/1530 1605/1605 1441/1441
f 1529/1529 1603/1603 1606/1606
f 1499/1499 1531/1531 1607/1607
f 1333/1333 1532/1532 1530/1530
f 1572/1572 1499/1499 1607/1607
f 1572/1572 1407/1407 1499/1499
f 1571/1571 1573/1573 1443/1443
f 1608/1608 1500/1500 1408/1408
f 1442/1442 1573/1573 1409/1409
f 1573/1573 1609/1609 1409/1409
f 1408/1408 1535/1535 1610/1610
f 1409/1409 1609/1609 1475/1475
f 1610/1610 1535/1535 1537/1537
f 1475/1475 1611/1611 1533/1533
f 1612/1612 1613/1613 1614/1614
f 1477/1477 1540/1540 1446/1446
f 1615/1615 1541/1541 1580/1580
f 1542/1542 1616/1616 1478/1478
f 1448/1448 1581/1581 1543/1543
f 1544/1544 1359/1359 1478/1478
f 1502/1502 1582/1582 1581/1581
f 1544/1544 1617/1617 1545/1545
f 1618/1618 1582/1582 1504/1504
f 1504/1504 1582/1582 1503/1503
f 1618/1618 1504/1504 1549/1549
f 1619/1619 1620/1620 1621/1621
f 1560/1560 1622/1622 1514/1514
f 1585/1585 1370/1370 1485/1485
f 1623/1623 1624/1624 1625/1625
f 1626/1626 1213/1213 1347/1347
f 1627/1627 1628/1628 1629/1629
f 1434/1434 1381/1381 1628/1628
f 1630/1630 1631/1631 1488/1488
f 1488/1488 1631/1631 1489/1489
f 1632/1632 1519/1519 1400/1400
f 1489/1489 1631/1631 1564/1564
f 1631/1631 1633/1633 1564/1564
f 1634/1634 1635/1635 1563/1563
f 1634/1634 1563/1563 1466/1466
f 1520/1520 1329/1329 1636/1636
f 1637/1637 1566/1566 1589/1589
f 1637/1637 1638/1638 1639/1639
f 1639/1639 1638/1638 1640/1640
f 1521/1521 1468/1468 1641/1641
f 1642/1642 1643/1643 1644/1644
f 1645/1645 1643/1643 1642/1642
f 1567/1567 1641/1641 1468/1468
f 1645/1645 1646/1646 1470/1470
f 1470/1470 1646/1646 1522/1522
f 1523/1523 1647/1647 1569/1569
f 1647/1647 1592/1592 1648/1648
f 1649/1649 1591/1591 1522/1522
f 1592/1592 1647/1647 1523/1523
f 1498/1498 1600/1600 1650/1650
f 1498/1498 1650/1650 1651/1651
f 1498/1498 1651/1651 1403/1403
f 1652/1652 1653/1653 1654/1654
f 1603/1603 1655/1655 1656/1656
f 1657/1657 1474/1474 1441/1441
f 1655/1655 1603/1603 1527/1527
f 1657/1657 1441/1441 1604/1604
f 1603/1603 1658/1658 1606/1606
f 1529/1529 1606/1606 1531/1531
f 1532/1532 1659/1659 1530/1530
f 1660/1660 1571/1571 1572/1572
f 1608/1608 1408/1408 1610/1610
f 1661/1661 1611/1611 1609/1609
f 1475/1475 1609/1609 1611/1611
f 1662/1662 1663/1663 1664/1664
f 1577/1577 1579/1579 1665/1665
f 1541/1541 1615/1615 1578/1578
f 1615/1615 1580/1580 1666/1666
f 1666/1666 1580/1580 1501/1501
f 1446/1446 1540/1540 1542/1542
f 1666/1666 1501/1501 1667/1667
f 1542/1542 1668/1668 1616/1616
f 1667/1667 1501/1501 1543/1543
f 1543/1543 1669/1669 1667/1667
f 1616/1616 1668/1668 1670/1670
f 1669/1669 1543/1543 1581/1581
f 1670/1670 1544/1544 1478/1478
f 1581/1581 1582/1582 1671/1671
f 1544/1544 1670/1670 1617/1617
f 1671/1671 1582/1582 1618/1618
f 1620/1620 1619/1619 1672/1672
f 1673/1673 1553/1553 1418/1418
f 1621/1621 1620/1620 1452/1452
f 1365/1365 1483/1483 1512/1512
f 1514/1514 1622/1622 1674/1674
f 1675/1675 1676/1676 1626/1626
f 1381/1381 1629/1629 1628/1628
f 1630/1630 1677/1677 1678/1678
f 1632/1632 1679/1679 1519/1519
f 1563/1563 1632/1632 1400/1400
f 1635/1635 1632/1632 1563/1563
f 1633/1633 1680/1680 1564/1564
f 1589/1589 1564/1564 1680/1680
f 1329/1329 1467/1467 1636/1636
f 1589/1589 1638/1638 1637/1637
f 1681/1681 1644/1644 1643/1643
f 1646/1646 1645/1645 1642/1642
f 1682/1682 1522/1522 1646/1646
f 1649/1649 1524/1524 1591/1591
f 1683/1683 1684/1684 1685/1685
f 1685/1685 1686/1686 1687/1687
f 1595/1595 1688/1688 1596/1596
f 1598/1598 1689/1689 1599/1599
f 1690/1690 1691/1691 1692/1692
f 1693/1693 1694/1694 1695/1695
f 1603/1603 1656/1656 1658/1658
f 1696/1696 1697/1697 1698/1698
f 1605/1605 1699/1699 1604/1604
f 1699/1699 1605/1605 1700/1700
f 1606/1606 1658/1658 1701/1701
f 1530/1530 1702/1702 1605/1605
f 1700/1700 1605/1605 1702/1702
f 1703/1703 1700/1700 1702/1702
f 1531/1531 1606/1606 1607/1607
f 1702/1702 1530/1530 1659/1659
f 1572/1572 1607/1607 1660/1660
f 1659/1659 1532/1532 1570/1570
f 1704/1704 1570/1570 1500/1500
f 1704/1704 1500/1500 1608/1608
f 1705/1705 1571/1571 1660/1660
f 1704/1704 1608/1608 1706/1706
f 1571/1571 1705/1705 1573/1573
f 1573/1573 1705/1705 1661/1661
f 1706/1706 1608/1608 1610/1610
f 1609/1609 1573/1573 1661/1661
f 1614/1614 1663/1663 1662/1662
f 1666/1666 1707/1707 1615/1615
f 1540/1540 1668/1668 1542/1542
f 1667/1667 1707/1707 1666/1666
f 1669/1669 1707/1707 1667/1667
f 1670/1670 1668/1668 1708/1708
f 1670/1670 1478/1478 1616/1616
f 1669/1669 1581/1581 1671/1671
f 1670/1670 1708/1708 1617/1617
f 1672/1672 1709/1709 1620/1620
f 1710/1710 1559/1559 1556/1556
f 1711/1711 1674/1674 1622/1622
f 1625/1625 1712/1712 1713/1713
f 1675/1675 1714/1714 1676/1676
f 1715/1715 1716/1716 1717/1717
f 1718/1718 1719/1719 1720/1720
f 1632/1632 1721/1721 1679/1679
f 1630/1630 1678/1678 1631/1631
f 1721/1721 1632/1632 1635/1635
f 1631/1631 1678/1678 1633/1633
f 1633/1633 1678/1678 1722/1722
f 1633/1633 1722/1722 1723/1723
f 1634/1634 1724/1724 1635/1635
f 1520/1520 1634/1634 1466/1466
f 1636/1636 1634/1634 1520/1520
f 1725/1725 1638/1638 1589/1589
f 1726/1726 1567/1567 1568/1568
f 1642/1642 1682/1682 1646/1646
f 1569/1569 1647/1647 1726/1726
f 1693/1693 1695/1695 1727/1727
f 1698/1698 1697/1697 1728/1728
f 1607/1607 1606/1606 1729/1729
f 1660/1660 1607/1607 1729/1729
f 1703/1703 1702/1702 1659/1659
f 1659/1659 1730/1730 1703/1703
f 1731/1731 1659/1659 1570/1570
f 1731/1731 1570/1570 1704/1704
f 1705/1705 1729/1729 1732/1732
f 1660/1660 1729/1729 1705/1705
f 1706/1706 1731/1731 1704/1704
f 1733/1733 1705/1705 1732/1732
f 1705/1705 1733/1733 1661/1661
f 1661/1661 1733/1733 1611/1611
f 1734/1734 1735/1735 1575/1575
f 1575/1575 1577/1577 1734/1734
f 1734/1734 1577/1577 1736/1736
f 1577/1577 1665/1665 1736/1736
f 1737/1737 1673/1673 1738/1738
f 1673/1673 1418/1418 1738/1738
f 1583/1583 1710/1710 1556/1556
f 1674/1674 1516/1516 1514/1514
f 1739/1739 1625/1625 1624/1624
f 1627/1627 1629/1629 1740/1740
f 1741/1741 1742/1742 1716/1716
f 1633/1633 1723/1723 1680/1680
f 1680/1680 1743/1743 1589/1589
f 1744/1744 1634/1634 1636/1636
f 1745/1745 1636/1636 1467/1467
f 1590/1590 1745/1745 1467/1467
f 1746/1746 1747/1747 1748/1748
f 1638/1638 1725/1725 1640/1640
f 1749/1749 1746/1746 1748/1748
f 1750/1750 1590/1590 1521/1521
f 1746/1746 1749/1749 1681/1681
f 1681/1681 1749/1749 1644/1644
f 1641/1641 1750/1750 1521/1521
f 1751/1751 1567/1567 1726/1726
f 1752/1752 1751/1751 1726/1726
f 1568/1568 1569/1569 1726/1726
f 1752/1752 1726/1726 1647/1647
f 1648/1648 1752/1752 1647/1647
f 1649/1649 1753/1753 1524/1524
f 1682/1682 1753/1753 1649/1649
f 1522/1522 1682/1682 1649/1649
f 1683/1683 1685/1685 1754/1754
f 1600/1600 1755/1755 1650/1650
f 1756/1756 1757/1757 1758/1758
f 1759/1759 1760/1760 1761/1761
f 1762/1762 1760/1760 1759/1759
f 1653/1653 1763/1763 1654/1654
f 1691/1691 1690/1690 1764/1764
f 1765/1765 1727/1727 1695/1695
f 1766/1766 1767/1767 1768/1768
f 1767/1767 1766/1766 1769/1769
f 1728/1728 1770/1770 1771/1771
f 1729/1729 1606/1606 1701/1701
f 1732/1732 1729/1729 1701/1701
f 1659/1659 1731/1731 1730/1730
f 1730/1730 1731/1731 1706/1706
f 1772/1772 1614/1614 1613/1613
f 1773/1773 1737/1737 1738/1738
f 1620/1620 1455/1455 1452/1452
f 1774/1774 898/898 1346/1346
f 1674/1674 1775/1775 1516/1516
f 1585/1585 1485/1485 1776/1776
f 1712/1712 1625/1625 1777/1777
f 1777/1777 1625/1625 1739/1739
f 223/223 1778/1778 1381/1381
f 223/223 1588/1588 1779/1779
f 1720/1720 1780/1780 1781/1781
f 1680/1680 1723/1723 1782/1782
f 1744/1744 1724/1724 1634/1634
f 1743/1743 1680/1680 1782/1782
f 1743/1743 1725/1725 1589/1589
f 1590/1590 1750/1750 1783/1783
f 1784/1784 1783/1783 1750/1750
f 1784/1784 1750/1750 1641/1641
f 1749/1749 1785/1785 1786/1786
f 1749/1749 1786/1786 1644/1644
f 1751/1751 1641/1641 1567/1567
f 1784/1784 1641/1641 1751/1751
f 1787/1787 1788/1788 1789/1789
f 1642/1642 1644/1644 1786/1786
f 1642/1642 1753/1753 1682/1682
f 1754/1754 1685/1685 1687/1687
f 1757/1757 1756/1756 1790/1790
f 1759/1759 1761/1761 1791/1791
f 1663/1663 1792/1792 1664/1664
f 1584/1584 1793/1793 1558/1558
f 1512/1512 1483/1483 1794/1794
f 1795/1795 1796/1796 1719/1719
f 1718/1718 1795/1795 1719/1719
f 1719/1719 1780/1780 1720/1720
f 1781/1781 1780/1780 1797/1797
f 1744/1744 1636/1636 1745/1745
f 1744/1744 1745/1745 1798/1798
f 1725/1725 1743/1743 1799/1799
f 1798/1798 1745/1745 1800/1800
f 1800/1800 1745/1745 1590/1590
f 1747/1747 1801/1801 1802/1802
f 1747/1747 1802/1802 1748/1748
f 1748/1748 1802/1802 1749/1749
f 1800/1800 1590/1590 1783/1783
f 1802/1802 1801/1801 1803/1803
f 1802/1802 1803/1803 1785/1785
f 1749/1749 1802/1802 1785/1785
f 1800/1800 1783/1783 1804/1804
f 1784/1784 1804/1804 1783/1783
f 1788/1788 1787/1787 1805/1805
f 1803/1803 1786/1786 1785/1785
f 1751/1751 1806/1806 1784/1784
f 1753/1753 1642/1642 1786/1786
f 1806/1806 1751/1751 1752/1752
f 1595/1595 1807/1807 1688/1688
f 1808/1808 1809/1809 1810/1810
f 1809/1809 1735/1735 1734/1734
f 1736/1736 1773/1773 1738/1738
f 1418/1418 1266/1266 1774/1774
f 1780/1780 1811/1811 1797/1797
f 1782/1782 1799/1799 1743/1743
f 1812/1812 1813/1813 1814/1814
f 1813/1813 1815/1815 1805/1805
f 1813/1813 1805/1805 1814/1814
f 1814/1814 1805/1805 1787/1787
f 1787/1787 1789/1789 1816/1816
f 1816/1816 1789/1789 1754/1754
f 1810/1810 1687/1687 1698/1698
f 1698/1698 1728/1728 1810/1810
f 1728/1728 1771/1771 1810/1810
f 1771/1771 1808/1808 1810/1810
f 1817/1817 1818/1818 1772/1772
f 1663/1663 1819/1819 1792/1792
f 1792/1792 1819/1819 1709/1709
f 1738/1738 1418/1418 1774/1774
f 130/130 1820/1820 102/102
f 1125/1125 1083/1083 1433/1433
f 1629/1629 1381/1381 1740/1740
f 1821/1821 1716/1716 1742/1742
f 1769/1769 1766/1766 1817/1817
f 1772/1772 1663/1663 1614/1614
f 1002/1002 1213/1213 1234/1234
f 1717/1717 1716/1716 1821/1821
f 1822/1822 1823/1823 1824/1824
f 1823/1823 1825/1825 1824/1824
f 1814/1814 1787/1787 1816/1816
f 130/130 113/113 1820/1820
f 1826/1826 1717/1717 1821/1821
f 1734/1734 1736/1736 1738/1738
f 164/164 1827/1827 115/115
f 1676/1676 1714/1714 1828/1828
f 1811/1811 1823/1823 1822/1822
f 1620/1620 1211/1211 1455/1455
f 1766/1766 1818/1818 1817/1817
f 223/223 1779/1779 1778/1778
f 1719/1719 1796/1796 1780/1780
f 1821/1821 1814/1814 1816/1816
f 1816/1816 1754/1754 1687/1687
f 1734/1734 1738/1738 1829/1829
f 113/113 1830/1830 1820/1820
f 1433/1433 1164/1164 1518/1518
f 115/115 1827/1827 1831/1831
f 1742/1742 1812/1812 1821/1821
f 1812/1812 1814/1814 1821/1821
f 1823/1823 1688/1688 1807/1807
f 1818/1818 1663/1663 1772/1772
f 1125/1125 1433/1433 1832/1832
f 164/164 1234/1234 1827/1827
f 1780/1780 1823/1823 1811/1811
f 1825/1825 1823/1823 1807/1807
f 1810/1810 1809/1809 1734/1734
f 1823/1823 1766/1766 1688/1688
f 1833/1833 1834/1834 1835/1835
f 1816/1816 1687/1687 1810/1810
f 1709/1709 1819/1819 1620/1620
f 1676/1676 1836/1836 1626/1626
f 1676/1676 1837/1837 1836/1836
f 1823/1823 1780/1780 1838/1838
f 1823/1823 1818/1818 1766/1766
f 1810/1810 1839/1839 1816/1816
f 1381/1381 1778/1778 1740/1740
f 1125/1125 1832/1832 137/137
f 1234/1234 1213/1213 1840/1840
f 1211/1211 1620/1620 1841/1841
f 1838/1838 1818/1818 1823/1823
f 1810/1810 1734/1734 1839/1839
f 1842/1842 1738/1738 1774/1774
f 1839/1839 1734/1734 1829/1829
f 1518/1518 102/102 1843/1843
f 1626/1626 1836/1836 1213/1213
f 1819/1819 1841/1841 1620/1620
f 1346/1346 1143/1143 1844/1844
f 137/137 1845/1845 99/99
f 1562/1562 1846/1846 259/259
f 1847/1847 1001/1001 112/112
f 1845/1845 93/93 99/99
f 1796/1796 1848/1848 1780/1780
f 1842/1842 1774/1774 1346/1346
f 1234/1234 1849/1849 1827/1827
f 1234/1234 1840/1840 1849/1849
f 1143/1143 1000/1000 1844/1844
f 1211/1211 1850/1850 1562/1562
f 1562/1562 1850/1850 1846/1846
f 1848/1848 1838/1838 1780/1780
f 102/102 1820/1820 1843/1843
f 1851/1851 1816/1816 1839/1839
f 1740/1740 1778/1778 1852/1852
f 1841/1841 1850/1850 1211/1211
f 1827/1827 1849/1849 1853/1853
f 1000/1000 1854/1854 1844/1844
f 1855/1855 1001/1001 1847/1847
f 1827/1827 1853/1853 1831/1831
f 1832/1832 1433/1433 1518/1518
f 1836/1836 1840/1840 1213/1213
f 1839/1839 1829/1829 1856/1856
f 1836/1836 1837/1837 1828/1828
f 1857/1857 93/93 1845/1845
f 1858/1858 1588/1588 94/94
f 1779/1779 1859/1859 1778/1778
f 1821/1821 1816/1816 1851/1851
f 1818/1818 1860/1860 1663/1663
f 1861/1861 1841/1841 1819/1819
f 1862/1862 1821/1821 1851/1851
f 1863/1863 1860/1860 1818/1818
f 1796/1796 1864/1864 1848/1848
f 1826/1826 1821/1821 1865/1865
f 1865/1865 1821/1821 1862/1862
f 1838/1838 1866/1866 1818/1818
f 1346/1346 1844/1844 1867/1867
f 1818/1818 1868/1868 1863/1863
f 1851/1851 1869/1869 1862/1862
f 1870/1870 1871/1871 1872/1872
f 1871/1871 1873/1873 1872/1872
f 1874/1874 1875/1875 1876/1876
f 1877/1877 1829/1829 1738/1738
f 1819/1819 1878/1878 1879/1879
f 1880/1880 1881/1881 1882/1882
f 1841/1841 1883/1883 1850/1850
f 1884/1884 1588/1588 1858/1858
f 1865/1865 1862/1862 1885/1885
f 1886/1886 1871/1871 1870/1870
f 1887/1887 1875/1875 1874/1874
f 1888/1888 1889/1889 1890/1890
f 1871/1871 1891/1891 1873/1873
f 1874/1874 1876/1876 1892/1892
f 1819/1819 1663/1663 1878/1878
f 1877/1877 1738/1738 1893/1893
f 1848/1848 1894/1894 1838/1838
f 1880/1880 1882/1882 1895/1895
f 1894/1894 1896/1896 1838/1838
f 1875/1875 1887/1887 1897/1897
f 1898/1898 1899/1899 1900/1900
f 1890/1890 1901/1901 1888/1888
f 1866/1866 1902/1902 1818/1818
f 1903/1903 1868/1868 1818/1818
f 1868/1868 1904/1904 1863/1863
f 1738/1738 1905/1905 1906/1906
f 1907/1907 1908/1908 1909/1909
f 1909/1909 1908/1908 1910/1910
f 1911/1911 1912/1912 1913/1913
f 1914/1914 1909/1909 1910/1910
f 1588/1588 1884/1884 1779/1779
f 1915/1915 1886/1886 1870/1870
f 1916/1916 1862/1862 1917/1917
f 1917/1917 1862/1862 1918/1918
f 1862/1862 1869/1869 1918/1918
f 1888/1888 1919/1919 1889/1889
f 1892/1892 1876/1876 1920/1920
f 1818/1818 1921/1921 1903/1903
f 1829/1829 1877/1877 1922/1922
f 1907/1907 1923/1923 1908/1908
f 1912/1912 1924/1924 1925/1925
f 1909/1909 1914/1914 1926/1926
f 1738/1738 1842/1842 1927/1927
f 1778/1778 1928/1928 1852/1852
f 1885/1885 1862/1862 1916/1916
f 1896/1896 1929/1929 1838/1838
f 1887/1887 1874/1874 1892/1892
f 1838/1838 1929/1929 1866/1866
f 1919/1919 1930/1930 1889/1889
f 1931/1931 1873/1873 1891/1891
f 1873/1873 1931/1931 1932/1932
f 1929/1929 1933/1933 1866/1866
f 1866/1866 1933/1933 1902/1902
f 1851/1851 1839/1839 1934/1934
f 1935/1935 1839/1839 1936/1936
f 1663/1663 1860/1860 1937/1937
f 1922/1922 1877/1877 1938/1938
f 1939/1939 1878/1878 1663/1663
f 1893/1893 1738/1738 1906/1906
f 1940/1940 1911/1911 1941/1941
f 1905/1905 1738/1738 1942/1942
f 1911/1911 1913/1913 1941/1941
f 1912/1912 1925/1925 1913/1913
f 1926/1926 1914/1914 1943/1943
f 1944/1944 1945/1945 1946/1946
f 1861/1861 1947/1947 1841/1841
f 1948/1948 1738/1738 1927/1927
f 1796/1796 1949/1949 1864/1864
f 1950/1950 1951/1951 1952/1952
f 1953/1953 1954/1954 1955/1955
f 1956/1956 1929/1929 1896/1896
f 1957/1957 1887/1887 1892/1892
f 1888/1888 1958/1958 1919/1919
f 1839/1839 1935/1935 1959/1959
f 1960/1960 1961/1961 1962/1962
f 1961/1961 1960/1960 1963/1963
f 1964/1964 1965/1965 1966/1966
f 1967/1967 1965/1965 1964/1964
f 1908/1908 1923/1923 1968/1968
f 1819/1819 1879/1879 1861/1861
f 1968/1968 1969/1969 1908/1908
f 1969/1969 1910/1910 1908/1908
f 1942/1942 1738/1738 1948/1948
f 1970/1970 1971/1971 1972/1972
f 1914/1914 1973/1973 1943/1943
f 1974/1974 1945/1945 1944/1944
f 1975/1975 1836/1836 1828/1828
f 1976/1976 1826/1826 1977/1977
f 1978/1978 1796/1796 1795/1795
f 1796/1796 1978/1978 1949/1949
f 1826/1826 1865/1865 1977/1977
f 1915/1915 1979/1979 1886/1886
f 1895/1895 1882/1882 1980/1980
f 1981/1981 1982/1982 1983/1983
f 1983/1983 1982/1982 1984/1984
f 1899/1899 1985/1985 1900/1900
f 1984/1984 1986/1986 1983/1983
f 1953/1953 1955/1955 1987/1987
f 1987/1987 1955/1955 1988/1988
f 1952/1952 1951/1951 1989/1989
f 1990/1990 1954/1954 1953/1953
f 1888/1888 1901/1901 1991/1991
f 1951/1951 1992/1992 1989/1989
f 1990/1990 1993/1993 1954/1954
f 1994/1994 1993/1993 1990/1990
f 1954/1954 1993/1993 1995/1995
f 1869/1869 1851/1851 1996/1996
f 1997/1997 1929/1929 1998/1998
f 1933/1933 1929/1929 1997/1997
f 1934/1934 1839/1839 1999/1999
f 1839/1839 1856/1856 2000/2000
f 2001/2001 1960/1960 2002/2002
f 2001/2001 1963/1963 1960/1960
f 2003/2003 1856/1856 2004/2004
f 2005/2005 1966/1966 1965/1965
f 2006/2006 2005/2005 1965/1965
f 2004/2004 1856/1856 1829/1829
f 2006/2006 1965/1965 2007/2007
f 1965/1965 1967/1967 2007/2007
f 1937/1937 1939/1939 1663/1663
f 2008/2008 2009/2009 2010/2010
f 2010/2010 2011/2011 2008/2008
f 2012/2012 1968/1968 1923/1923
f 1946/1946 2013/2013 1944/1944
f 1947/1947 2014/2014 1841/1841
f 1841/1841 2015/2015 1883/1883
f 1842/1842 1346/1346 1867/1867
f 1740/1740 1852/1852 2016/2016
f 1865/1865 1885/1885 2017/2017
f 1987/1987 1988/1988 2018/2018
f 2019/2019 1899/1899 2020/2020
f 1899/1899 2019/2019 1985/1985
f 1988/1988 2021/2021 2018/2018
f 2022/2022 2023/2023 2024/2024
f 1985/1985 2025/2025 1900/1900
f 2023/2023 1952/1952 2024/2024
f 1952/1952 2026/2026 2024/2024
f 1987/1987 2027/2027 1953/1953
f 1989/1989 2026/2026 1952/1952
f 1953/1953 2027/2027 1990/1990
f 1990/1990 2027/2027 2028/2028
f 2028/2028 1994/1994 1990/1990
f 1887/1887 1957/1957 2029/2029
f 1989/1989 1992/1992 2030/2030
f 1992/1992 2031/2031 2030/2030
f 2031/2031 1992/1992 2032/2032
f 1994/1994 2033/2033 1993/1993
f 2034/2034 2033/2033 1994/1994
f 1931/1931 2035/2035 1932/1932
f 2034/2034 2036/2036 2033/2033
f 2036/2036 2034/2034 2037/2037
f 2038/2038 2031/2031 2039/2039
f 2040/2040 2039/2039 2031/2031
f 2032/2032 2040/2040 2031/2031
f 1996/1996 1851/1851 1934/1934
f 2041/2041 2042/2042 2036/2036
f 2036/2036 2042/2042 2043/2043
f 2041/2041 2036/2036 2037/2037
f 1818/1818 1902/1902 1921/1921
f 1935/1935 2044/2044 1959/1959
f 2045/2045 2046/2046 2047/2047
f 2048/2048 1868/1868 1903/1903
f 2045/2045 2049/2049 2046/2046
f 2050/2050 1868/1868 2048/2048
f 2049/2049 2051/2051 2046/2046
f 2052/2052 1904/1904 1868/1868
f 1936/1936 1839/1839 2000/2000
f 2000/2000 1856/1856 2053/2053
f 1856/1856 2003/2003 2053/2053
f 2054/2054 2055/2055 2056/2056
f 2057/2057 2055/2055 2054/2054
f 1963/1963 2058/2058 1961/1961
f 2059/2059 2004/2004 1829/1829
f 2060/2060 2055/2055 2057/2057
f 1961/1961 2058/2058 2061/2061
f 2062/2062 2063/2063 2064/2064
f 1967/1967 2065/2065 2007/2007
f 1939/1939 2066/2066 1878/1878
f 2067/2067 2068/2068 1878/1878
f 2069/2069 2070/2070 2010/2010
f 2070/2070 2011/2011 2010/2010
f 2010/2010 2009/2009 2069/2069
f 2071/2071 2072/2072 2073/2073
f 1878/1878 2074/2074 1879/1879
f 1941/1941 2075/2075 1940/1940
f 2076/2076 1971/1971 2077/2077
f 2078/2078 2079/2079 2080/2080
f 2081/2081 2082/2082 2083/2083
f 2082/2082 2081/2081 2084/2084
f 2085/2085 2086/2086 2087/2087
f 2076/2076 1972/1972 1971/1971
f 2088/2088 2089/2089 2090/2090
f 2091/2091 2090/2090 2089/2089
f 2092/2092 1943/1943 1973/1973
f 2092/2092 2093/2093 1943/1943
f 1859/1859 1928/1928 1778/1778
f 2094/2094 2095/2095 2096/2096
f 2096/2096 2097/2097 2094/2094
f 2097/2097 2096/2096 2098/2098
f 2095/2095 2098/2098 2096/2096
f 2099/2099 1848/1848 1864/1864
f 2098/2098 2018/2018 2021/2021
f 2100/2100 1982/1982 2101/2101
f 2102/2102 1987/1987 2018/2018
f 1980/1980 2103/2103 1895/1895
f 1915/1915 2104/2104 1979/1979
f 2105/2105 1979/1979 2104/2104
f 1982/1982 1981/1981 2106/2106
f 2101/2101 1982/1982 2106/2106
f 2022/2022 2107/2107 2108/2108
f 1980/1980 1882/1882 2109/2109
f 2022/2022 2024/2024 2107/2107
f 2110/2110 2027/2027 1987/1987
f 1882/1882 2111/2111 2109/2109
f 2112/2112 2026/2026 1989/1989
f 1897/1897 1887/1887 2029/2029
f 2025/2025 2113/2113 1900/1900
f 2030/2030 2112/2112 1989/1989
f 1991/1991 1958/1958 1888/1888
f 2031/2031 2114/2114 2030/2030
f 1930/1930 1919/1919 2115/2115
f 1892/1892 2116/2116 1957/1957
f 1930/1930 2115/2115 2117/2117
f 1920/1920 2116/2116 1892/1892
f 2118/2118 1932/1932 2035/2035
f 2031/2031 2038/2038 2114/2114
f 1839/1839 1959/1959 1999/1999
f 2119/2119 2120/2120 2121/2121
f 2122/2122 2120/2120 2119/2119
f 2046/2046 2051/2051 2123/2123
f 2051/2051 2124/2124 2123/2123
f 2125/2125 2126/2126 2127/2127
f 2128/2128 1936/1936 2000/2000
f 2129/2129 2130/2130 2131/2131
f 2132/2132 2133/2133 2131/2131
f 2130/2130 2132/2132 2131/2131
f 2134/2134 2135/2135 2136/2136
f 2135/2135 2056/2056 2136/2136
f 2132/2132 2137/2137 2133/2133
f 2054/2054 2056/2056 2135/2135
f 2138/2138 2139/2139 2140/2140
f 2137/2137 2141/2141 2133/2133
f 2002/2002 2142/2142 2001/2001
f 2137/2137 2132/2132 2143/2143
f 2135/2135 2144/2144 2054/2054
f 2145/2145 2140/2140 2139/2139
f 2144/2144 2057/2057 2054/2054
f 2137/2137 2146/2146 2141/2141
f 2147/2147 2057/2057 2144/2144
f 2143/2143 2146/2146 2137/2137
f 2143/2143 2063/2063 2146/2146
f 2148/2148 2057/2057 2147/2147
f 2058/2058 2149/2149 2061/2061
f 2146/2146 2062/2062 2150/2150
f 2063/2063 2062/2062 2146/2146
f 2148/2148 2060/2060 2057/2057
f 2061/2061 2149/2149 2151/2151
f 2151/2151 2149/2149 2152/2152
f 2062/2062 2153/2153 2150/2150
f 2064/2064 2153/2153 2062/2062
f 2154/2154 2155/2155 2060/2060
f 2148/2148 2154/2154 2060/2060
f 2064/2064 2156/2156 2153/2153
f 1877/1877 2157/2157 1938/1938
f 2068/2068 2158/2158 1878/1878
f 1878/1878 2158/2158 2074/2074
f 1893/1893 1906/1906 2159/2159
f 2160/2160 2161/2161 2162/2162
f 2163/2163 2164/2164 2081/2081
f 2165/2165 2166/2166 2160/2160
f 2161/2161 2160/2160 2085/2085
f 2081/2081 2083/2083 2163/2163
f 2166/2166 2085/2085 2160/2160
f 2166/2166 2167/2167 2085/2085
f 2082/2082 2168/2168 2083/2083
f 2086/2086 2085/2085 2169/2169
f 2169/2169 2085/2085 2167/2167
f 2170/2170 1972/1972 2076/2076
f 2169/2169 2171/2171 2086/2086
f 2084/2084 2168/2168 2082/2082
f 2086/2086 2172/2172 2087/2087
f 2171/2171 2172/2172 2086/2086
f 1970/1970 1972/1972 2173/2173
f 1948/1948 2174/2174 1942/1942
f 2084/2084 2175/2175 2168/2168
f 2172/2172 2176/2176 2087/2087
f 1948/1948 1927/1927 2177/2177
f 2178/2178 2015/2015 1841/1841
f 1840/1840 1836/1836 2179/2179
f 2095/2095 2094/2094 2180/2180
f 2181/2181 2182/2182 2183/2183
f 2184/2184 2185/2185 2095/2095
f 2182/2182 2186/2186 2183/2183
f 2182/2182 2187/2187 2186/2186
f 2187/2187 2182/2182 2188/2188
f 2098/2098 2095/2095 2102/2102
f 2100/2100 2101/2101 2189/2189
f 2102/2102 2018/2018 2098/2098
f 1985/1985 2190/2190 2025/2025
f 2030/2030 2114/2114 2191/2191
f 1919/1919 2192/2192 2115/2115
f 2193/2193 2194/2194 2195/2195
f 2040/2040 2196/2196 2039/2039
f 2197/2197 2196/2196 2040/2040
f 1999/1999 1959/1959 2198/2198
f 2199/2199 2200/2200 2122/2122
f 2201/2201 2120/2120 2200/2200
f 2200/2200 2120/2120 2122/2122
f 2200/2200 2202/2202 2201/2201
f 2126/2126 2203/2203 2127/2127
f 1868/1868 2050/2050 2052/2052
f 2204/2204 2130/2130 2129/2129
f 2205/2205 2135/2135 2134/2134
f 2206/2206 2133/2133 2141/2141
f 2207/2207 2135/2135 2205/2205
f 2145/2145 2208/2208 2140/2140
f 2135/2135 2207/2207 2144/2144
f 2209/2209 2210/2210 2211/2211
f 2150/2150 2153/2153 2212/2212
f 2154/2154 2148/2148 2213/2213
f 2153/2153 2214/2214 2212/2212
f 2153/2153 2156/2156 2214/2214
f 2154/2154 2215/2215 2155/2155
f 2216/2216 2154/2154 2213/2213
f 2215/2215 2217/2217 2155/2155
f 2157/2157 1877/1877 2218/2218
f 2219/2219 2220/2220 2221/2221
f 2222/2222 2223/2223 2224/2224
f 2073/2073 2072/2072 2225/2225
f 2158/2158 2226/2226 2074/2074
f 2226/2226 2227/2227 2074/2074
f 2228/2228 2165/2165 2160/2160
f 2075/2075 1941/1941 2229/2229
f 1968/1968 2230/2230 2231/2231
f 2081/2081 2164/2164 2232/2232
f 1968/1968 2231/2231 1969/1969
f 2233/2233 2077/2077 2234/2234
f 2076/2076 2077/2077 2233/2233
f 2168/2168 2175/2175 2235/2235
f 2171/2171 2236/2236 2172/2172
f 2090/2090 2091/2091 2237/2237
f 2175/2175 2238/2238 2235/2235
f 2176/2176 2172/2172 2236/2236
f 2176/2176 2236/2236 2239/2239
f 2240/2240 2238/2238 2175/2175
f 2092/2092 2241/2241 2093/2093
f 1840/1840 2179/2179 2242/2242
f 1836/1836 1975/1975 2179/2179
f 1852/1852 2243/2243 2016/2016
f 1928/1928 2243/2243 1852/1852
f 2244/2244 2245/2245 2183/2183
f 2245/2245 2181/2181 2183/2183
f 2180/2180 2094/2094 2246/2246
f 2184/2184 2095/2095 2180/2180
f 2183/2183 2186/2186 2247/2247
f 2248/2248 1987/1987 2102/2102
f 2103/2103 2106/2106 1895/1895
f 1985/1985 2019/2019 2249/2249
f 2250/2250 2107/2107 2024/2024
f 2026/2026 2251/2251 2024/2024
f 1994/1994 2028/2028 2252/2252
f 2034/2034 1994/1994 2252/2252
f 2116/2116 2253/2253 1957/1957
f 2254/2254 2037/2037 2034/2034
f 2254/2254 2255/2255 2037/2037
f 2037/2037 2255/2255 2041/2041
f 1920/1920 2256/2256 2116/2116
f 2042/2042 2041/2041 2257/2257
f 2255/2255 2257/2257 2041/2041
f 2258/2258 2042/2042 2257/2257
f 2196/2196 2259/2259 2260/2260
f 2043/2043 2042/2042 2258/2258
f 2196/2196 2197/2197 2259/2259
f 2261/2261 1959/1959 2044/2044
f 2122/2122 2119/2119 2199/2199
f 2123/2123 2124/2124 2262/2262
f 2263/2263 2125/2125 2264/2264
f 2202/2202 2265/2265 2201/2201
f 2266/2266 2265/2265 2202/2202
f 2267/2267 2204/2204 2268/2268
f 2204/2204 2129/2129 2268/2268
f 2134/2134 2136/2136 2265/2265
f 2129/2129 2131/2131 2269/2269
f 2131/2131 2206/2206 2269/2269
f 2270/2270 2138/2138 2271/2271
f 2131/2131 2133/2133 2206/2206
f 2272/2272 2273/2273 2209/2209
f 2146/2146 2274/2274 2141/2141
f 2210/2210 2209/2209 2273/2273
f 2144/2144 2207/2207 2147/2147
f 2275/2275 2147/2147 2207/2207
f 2275/2275 2148/2148 2147/2147
f 2213/2213 2148/2148 2275/2275
f 2150/2150 2212/2212 2276/2276
f 2215/2215 2154/2154 2216/2216
f 2217/2217 2215/2215 2277/2277
f 2156/2156 2278/2278 2214/2214
f 2278/2278 2156/2156 2279/2279
f 2066/2066 2067/2067 1878/1878
f 2280/2280 2221/2221 2220/2220
f 2281/2281 2282/2282 2283/2283
f 2284/2284 2285/2285 2224/2224
f 2284/2284 2232/2232 2285/2285
f 2281/2281 2228/2228 2282/2282
f 2286/2286 2282/2282 2228/2228
f 2232/2232 2164/2164 2285/2285
f 2228/2228 2160/2160 2286/2286
f 2287/2287 2230/2230 2012/2012
f 2012/2012 2230/2230 1968/1968
f 2288/2288 2165/2165 2228/2228
f 2163/2163 2289/2289 2164/2164
f 2163/2163 2290/2290 2291/2291
f 2163/2163 2083/2083 2290/2290
f 1913/1913 2292/2292 1941/1941
f 2083/2083 2168/2168 2293/2293
f 2235/2235 2293/2293 2168/2168
f 1925/1925 2294/2294 1913/1913
f 2295/2295 2296/2296 2235/2235
f 2235/2235 2297/2297 2295/2295
f 2235/2235 2238/2238 2297/2297
f 2298/2298 2299/2299 2300/2300
f 2301/2301 2014/2014 1947/1947
f 2302/2302 2303/2303 2304/2304
f 2243/2243 1928/1928 2305/2305
f 2244/2244 2183/2183 2247/2247
f 2248/2248 2102/2102 2095/2095
f 2248/2248 2095/2095 2185/2185
f 2186/2186 2187/2187 2306/2306
f 2307/2307 2101/2101 2103/2103
f 2101/2101 2106/2106 2103/2103
f 2248/2248 2110/2110 1987/1987
f 1985/1985 2249/2249 2190/2190
f 2250/2250 2024/2024 2251/2251
f 2113/2113 2025/2025 2308/2308
f 2112/2112 2030/2030 2309/2309
f 2310/2310 2311/2311 2312/2312
f 2311/2311 2313/2313 2312/2312
f 1958/1958 2314/2314 2192/2192
f 1958/1958 2192/2192 1919/1919
f 2196/2196 2315/2315 2039/2039
f 2316/2316 2260/2260 2259/2259
f 2258/2258 2317/2317 2043/2043
f 2318/2318 2317/2317 2258/2258
f 1921/1921 2319/2319 1903/1903
f 2046/2046 2123/2123 2320/2320
f 2123/2123 2262/2262 2320/2320
f 2200/2200 2321/2321 2202/2202
f 2125/2125 2127/2127 2264/2264
f 2321/2321 2266/2266 2202/2202
f 2134/2134 2265/2265 2266/2266
f 2129/2129 2269/2269 2268/2268
f 2322/2322 2134/2134 2266/2266
f 2323/2323 2324/2324 2325/2325
f 2205/2205 2134/2134 2322/2322
f 2324/2324 2142/2142 2002/2002
f 2324/2324 2323/2323 2142/2142
f 2271/2271 2138/2138 2140/2140
f 2326/2326 2327/2327 2328/2328
f 2142/2142 2323/2323 2329/2329
f 2206/2206 2141/2141 2330/2330
f 2274/2274 2330/2330 2141/2141
f 2331/2331 2273/2273 2272/2272
f 2140/2140 2208/2208 2332/2332
f 2006/2006 2333/2333 2005/2005
f 2334/2334 2333/2333 2006/2006
f 2274/2274 2146/2146 2335/2335
f 2006/2006 2007/2007 2336/2336
f 2150/2150 2276/2276 2146/2146
f 2146/2146 2276/2276 2335/2335
f 2337/2337 2211/2211 2210/2210
f 2337/2337 2338/2338 2211/2211
f 2276/2276 2339/2339 2340/2340
f 2276/2276 2212/2212 2339/2339
f 2007/2007 2065/2065 2336/2336
f 2212/2212 2341/2341 2339/2339
f 2214/2214 2341/2341 2212/2212
f 2341/2341 2214/2214 2342/2342
f 2277/2277 2215/2215 2216/2216
f 2278/2278 2342/2342 2214/2214
f 2279/2279 2343/2343 2278/2278
f 2277/2277 2344/2344 2217/2217
f 2067/2067 2345/2345 2068/2068
f 2224/2224 2346/2346 2222/2222
f 2283/2283 2347/2347 2281/2281
f 2164/2164 2289/2289 2285/2285
f 2229/2229 2348/2348 2075/2075
f 2165/2165 2288/2288 2166/2166
f 2349/2349 2166/2166 2288/2288
f 2167/2167 2166/2166 2349/2349
f 2169/2169 2167/2167 2350/2350
f 2293/2293 2290/2290 2083/2083
f 2350/2350 2171/2171 2169/2169
f 2350/2350 2351/2351 2171/2171
f 2173/2173 1972/1972 2170/2170
f 2293/2293 2235/2235 2296/2296
f 2236/2236 2171/2171 2351/2351
f 2237/2237 2091/2091 2352/2352
f 2353/2353 2354/2354 2013/2013
f 2299/2299 2298/2298 2353/2353
f 2355/2355 2356/2356 2357/2357
f 2358/2358 1944/1944 2013/2013
f 2014/2014 2178/2178 1841/1841
f 2359/2359 1927/1927 2360/2360
f 1927/1927 1842/1842 2360/2360
f 1859/1859 2361/2361 1928/1928
f 2244/2244 2247/2247 2362/2362
f 2363/2363 2247/2247 2186/2186
f 2186/2186 2306/2306 2363/2363
f 2190/2190 2249/2249 2364/2364
f 2311/2311 2365/2365 2366/2366
f 2027/2027 2110/2110 2367/2367
f 2027/2027 2367/2367 2028/2028
f 2365/2365 2311/2311 2310/2310
f 2309/2309 2030/2030 2191/2191
f 2310/2310 2312/2312 2368/2368
f 2312/2312 2313/2313 2369/2369
f 2253/2253 2116/2116 2370/2370
f 2371/2371 2193/2193 2195/2195
f 2039/2039 2315/2315 2038/2038
f 2257/2257 2372/2372 2258/2258
f 2196/2196 2260/2260 2315/2315
f 2373/2373 2259/2259 2197/2197
f 2259/2259 2373/2373 2374/2374
f 2373/2373 2375/2375 2374/2374
f 2198/2198 1959/1959 2376/2376
f 1959/1959 2261/2261 2376/2376
f 2377/2377 2378/2378 2379/2379
f 2046/2046 2320/2320 2380/2380
f 2381/2381 2200/2200 2199/2199
f 2200/2200 2381/2381 2321/2321
f 2206/2206 2382/2382 2269/2269
f 2205/2205 2322/2322 2383/2383
f 2326/2326 2328/2328 2384/2384
f 2385/2385 2386/2386 2331/2331
f 2331/2331 2272/2272 2385/2385
f 2205/2205 2383/2383 2207/2207
f 2065/2065 2387/2387 2336/2336
f 2388/2388 2216/2216 2213/2213
f 2065/2065 2389/2389 2390/2390
f 2278/2278 2343/2343 2391/2391
f 2278/2278 2391/2391 2342/2342
f 2344/2344 2277/2277 2392/2392
f 2393/2393 2394/2394 2395/2395
f 2347/2347 2396/2396 2281/2281
f 2397/2397 2228/2228 2281/2281
f 2285/2285 2289/2289 2398/2398
f 2228/2228 2397/2397 2288/2288
f 1941/1941 2292/2292 2399/2399
f 2400/2400 2173/2173 2170/2170
f 1913/1913 2294/2294 2292/2292
f 2351/2351 2401/2401 2236/2236
f 2239/2239 2236/2236 2401/2401
f 2296/2296 2295/2295 2402/2402
f 2403/2403 2357/2357 2356/2356
f 2013/2013 2354/2354 2358/2358
f 2298/2298 2404/2404 2353/2353
f 2405/2405 2404/2404 2298/2298
f 2403/2403 2406/2406 2357/2357
f 2407/2407 2408/2408 2409/2409
f 2362/2362 2247/2247 2363/2363
f 2103/2103 1980/1980 2410/2410
f 2411/2411 2412/2412 2110/2110
f 2190/2190 2308/2308 2025/2025
f 2367/2367 2110/2110 2412/2412
f 2367/2367 2413/2413 2028/2028
f 2309/2309 2414/2414 2112/2112
f 2312/2312 2415/2415 2368/2368
f 2312/2312 2369/2369 2415/2415
f 2416/2416 2034/2034 2252/2252
f 2371/2371 2195/2195 2417/2417
f 2254/2254 2034/2034 2416/2416
f 2418/2418 2116/2116 2256/2256
f 2419/2419 2038/2038 2315/2315
f 2420/2420 2257/2257 2255/2255
f 2372/2372 2257/2257 2420/2420
f 2315/2315 2260/2260 2421/2421
f 2372/2372 2318/2318 2258/2258
f 2259/2259 2374/2374 2316/2316
f 2422/2422 2375/2375 2373/2373
f 2423/2423 2261/2261 2044/2044
f 2424/2424 2425/2425 2426/2426
f 2425/2425 2427/2427 2426/2426
f 2424/2424 2426/2426 2428/2428
f 2429/2429 2379/2379 2430/2430
f 2320/2320 2431/2431 2432/2432
f 2320/2320 2262/2262 2431/2431
f 2127/2127 2433/2433 2264/2264
f 2268/2268 2269/2269 2434/2434
f 2269/2269 2382/2382 2434/2434
f 2271/2271 2435/2435 2270/2270
f 2330/2330 2274/2274 2436/2436
f 2335/2335 2436/2436 2274/2274
f 2006/2006 2336/2336 2334/2334
f 2334/2334 2336/2336 2437/2437
f 2065/2065 2390/2390 2387/2387
f 2390/2390 2389/2389 2438/2438
f 2277/2277 2216/2216 2392/2392
f 2392/2392 2216/2216 2388/2388
f 2342/2342 2391/2391 2439/2439
f 2391/2391 2440/2440 2439/2439
f 2391/2391 2441/2441 2440/2440
f 2343/2343 2441/2441 2391/2391
f 2220/2220 2442/2442 2280/2280
f 2443/2443 2442/2442 2220/2220
f 2394/2394 2444/2444 2445/2445
f 2346/2346 2224/2224 2446/2446
f 2224/2224 2285/2285 2447/2447
f 2351/2351 2350/2350 2448/2448
f 2091/2091 2089/2089 2449/2449
f 2296/2296 2402/2402 2450/2450
f 2091/2091 2451/2451 2352/2352
f 2404/2404 2354/2354 2353/2353
f 2452/2452 2404/2404 2405/2405
f 2409/2409 2408/2408 2453/2453
f 2305/2305 1928/1928 2361/2361
f 2185/2185 2184/2184 2454/2454
f 2185/2185 2454/2454 2455/2455
f 1980/1980 2109/2109 2410/2410
f 2110/2110 2248/2248 2456/2456
f 2250/2250 2251/2251 2457/2457
f 2112/2112 2414/2414 2026/2026
f 2413/2413 2252/2252 2028/2028
f 2309/2309 2191/2191 2458/2458
f 2459/2459 2458/2458 2191/2191
f 2369/2369 2460/2460 2415/2415
f 2421/2421 2260/2260 2461/2461
f 2316/2316 2461/2461 2260/2260
f 2374/2374 2462/2462 2316/2316
f 2318/2318 2463/2463 2317/2317
f 2464/2464 2432/2432 2431/2431
f 2433/2433 2465/2465 2264/2264
f 2434/2434 2382/2382 2466/2466
f 2140/2140 2467/2467 2271/2271
f 2140/2140 2332/2332 2467/2467
f 2275/2275 2207/2207 2468/2468
f 2276/2276 2469/2469 2335/2335
f 2470/2470 2213/2213 2275/2275
f 2387/2387 2471/2471 2336/2336
f 2342/2342 2439/2439 2472/2472
f 2392/2392 2388/2388 2473/2473
f 2392/2392 2474/2474 2475/2475
f 2441/2441 2343/2343 2476/2476
f 2476/2476 2343/2343 2477/2477
f 2344/2344 2392/2392 2478/2478
f 2475/2475 2478/2478 2392/2392
f 2281/2281 2396/2396 2479/2479
f 2224/2224 2447/2447 2446/2446
f 2447/2447 2285/2285 2480/2480
f 2481/2481 2233/2233 2482/2482
f 2481/2481 2076/2076 2233/2233
f 2167/2167 2349/2349 2483/2483
f 2484/2484 2291/2291 2290/2290
f 2076/2076 2481/2481 2170/2170
f 2167/2167 2483/2483 2350/2350
f 2485/2485 2486/2486 2487/2487
f 2448/2448 2350/2350 2483/2483
f 2293/2293 2488/2488 2290/2290
f 2487/2487 2486/2486 2489/2489
f 2490/2490 2400/2400 2170/2170
f 2491/2491 2173/2173 2400/2400
f 2492/2492 2296/2296 2450/2450
f 1974/1974 2493/2493 2494/2494
f 1944/1944 2493/2493 1974/1974
f 2495/2495 2496/2496 2356/2356
f 1944/1944 2358/2358 2497/2497
f 2356/2356 2496/2496 2403/2403
f 2404/2404 2498/2498 2354/2354
f 2403/2403 2499/2499 2406/2406
f 2452/2452 2500/2500 2404/2404
f 2014/2014 2501/2501 2502/2502
f 2014/2014 2502/2502 2178/2178
f 2503/2503 2504/2504 2302/2302
f 2504/2504 2505/2505 2302/2302
f 2505/2505 2303/2303 2302/2302
f 2506/2506 1850/1850 1883/1883
f 1850/1850 2507/2507 1846/1846
f 2363/2363 2508/2508 2362/2362
f 2455/2455 2456/2456 2185/2185
f 2185/2185 2456/2456 2248/2248
f 2411/2411 2110/2110 2456/2456
f 2509/2509 2510/2510 2366/2366
f 2365/2365 2509/2509 2366/2366
f 2026/2026 2511/2511 2251/2251
f 2459/2459 2512/2512 2458/2458
f 2416/2416 2513/2513 2254/2254
f 2418/2418 2370/2370 2116/2116
f 2514/2514 2419/2419 2315/2315
f 2315/2315 2421/2421 2514/2514
f 2316/2316 2462/2462 2461/2461
f 2374/2374 2515/2515 2462/2462
f 2374/2374 2375/2375 2515/2515
f 2463/2463 2318/2318 2516/2516
f 2517/2517 2518/2518 2519/2519
f 2520/2520 2321/2321 2381/2381
f 2266/2266 2321/2321 2520/2520
f 2520/2520 2322/2322 2266/2266
f 2435/2435 2271/2271 2521/2521
f 2384/2384 2522/2522 2326/2326
f 2331/2331 2386/2386 2523/2523
f 2331/2331 2524/2524 2273/2273
f 2383/2383 2468/2468 2207/2207
f 2525/2525 2526/2526 2527/2527
f 2528/2528 2210/2210 2273/2273
f 2337/2337 2210/2210 2529/2529
f 2340/2340 2469/2469 2276/2276
f 2530/2530 2469/2469 2340/2340
f 2336/2336 2471/2471 2437/2437
f 2470/2470 2388/2388 2213/2213
f 2474/2474 2392/2392 2473/2473
f 2280/2280 2442/2442 2531/2531
f 2394/2394 2393/2393 2532/2532
f 2394/2394 2532/2532 2444/2444
f 2533/2533 2534/2534 2535/2535
f 2536/2536 2281/2281 2479/2479
f 2536/2536 2397/2397 2281/2281
f 2398/2398 2480/2480 2285/2285
f 2537/2537 2229/2229 2399/2399
f 2399/2399 2229/2229 1941/1941
f 2483/2483 2349/2349 2538/2538
f 2488/2488 2484/2484 2290/2290
f 2539/2539 2540/2540 2487/2487
f 2539/2539 2487/2487 2489/2489
f 2539/2539 2489/2489 2541/2541
f 2542/2542 2293/2293 2296/2296
f 2089/2089 2543/2543 2449/2449
f 2451/2451 2091/2091 2449/2449
f 2404/2404 2500/2500 2498/2498
f 1842/1842 1867/1867 2544/2544
f 2242/2242 2545/2545 1840/1840
f 2511/2511 2026/2026 2414/2414
f 2413/2413 2416/2416 2252/2252
f 2192/2192 2314/2314 2546/2546
f 2371/2371 2417/2417 2547/2547
f 2513/2513 2255/2255 2254/2254
f 2548/2548 2370/2370 2418/2418
f 2549/2549 2372/2372 2550/2550
f 2372/2372 2549/2549 2318/2318
f 2376/2376 2261/2261 2551/2551
f 2552/2552 2428/2428 2553/2553
f 2464/2464 2554/2554 2432/2432
f 2520/2520 2381/2381 2555/2555
f 2271/2271 2556/2556 2521/2521
f 2523/2523 2524/2524 2331/2331
f 2525/2525 2557/2557 2526/2526
f 2436/2436 2335/2335 2558/2558
f 2525/2525 2527/2527 2559/2559
f 2439/2439 2560/2560 2472/2472
f 2439/2439 2440/2440 2560/2560
f 2561/2561 2441/2441 2562/2562
f 2446/2446 2447/2447 2563/2563
f 2229/2229 2564/2564 2348/2348
f 2397/2397 2565/2565 2288/2288
f 2288/2288 2565/2565 2349/2349
f 2565/2565 2538/2538 2349/2349
f 2481/2481 2482/2482 2566/2566
f 2481/2481 2490/2490 2170/2170
f 2492/2492 2542/2542 2296/2296
f 2567/2567 2541/2541 2489/2489
f 2495/2495 2568/2568 2496/2496
f 1944/1944 2569/2569 2493/2493
f 1944/1944 2497/2497 2569/2569
f 2403/2403 2496/2496 2570/2570
f 2358/2358 2354/2354 2498/2498
f 2403/2403 2570/2570 2499/2499
f 2571/2571 2504/2504 2503/2503
f 1842/1842 2544/2544 2360/2360
f 2504/2504 2572/2572 2505/2505
f 2407/2407 2573/2573 2408/2408
f 1840/1840 2545/2545 2574/2574
f 2575/2575 2103/2103 2410/2410
f 2456/2456 2576/2576 2411/2411
f 2577/2577 2509/2509 2578/2578
f 2510/2510 2509/2509 2577/2577
f 2416/2416 2413/2413 2579/2579
f 2415/2415 2460/2460 2580/2580
f 2420/2420 2550/2550 2372/2372
f 2550/2550 2581/2581 2549/2549
f 2582/2582 2551/2551 2261/2261
f 2582/2582 2261/2261 2423/2423
f 2552/2552 2553/2553 2583/2583
f 2381/2381 2584/2584 2555/2555
f 2433/2433 2585/2585 2586/2586
f 2465/2465 2433/2433 2586/2586
f 2322/2322 2587/2587 2383/2383
f 2467/2467 2556/2556 2271/2271
f 2588/2588 2436/2436 2558/2558
f 2524/2524 2589/2589 2273/2273
f 2273/2273 2589/2589 2528/2528
f 2559/2559 2590/2590 2525/2525
f 2468/2468 2591/2591 2275/2275
f 2275/2275 2591/2591 2470/2470
f 2387/2387 2592/2592 2471/2471
f 2388/2388 2593/2593 2473/2473
f 2440/2440 2441/2441 2561/2561
f 2594/2594 2595/2595 2596/2596
f 2447/2447 2597/2597 2563/2563
f 2598/2598 2447/2447 2480/2480
f 2598/2598 2597/2597 2447/2447
f 2398/2398 2599/2599 2480/2480
f 2485/2485 2487/2487 2600/2600
f 2484/2484 2488/2488 2601/2601
f 2566/2566 2490/2490 2481/2481
f 2293/2293 2542/2542 2488/2488
f 2351/2351 2448/2448 2602/2602
f 2351/2351 2602/2602 2401/2401
f 2449/2449 2543/2543 2603/2603
f 2449/2449 2603/2603 2451/2451
f 2604/2604 2605/2605 2606/2606
f 2498/2498 2500/2500 2607/2607
f 2503/2503 2608/2608 2571/2571
f 2609/2609 2303/2303 2505/2505
f 2609/2609 2610/2610 2303/2303
f 2408/2408 2611/2611 2453/2453
f 1832/1832 1518/1518 2612/2612
f 2508/2508 2613/2613 2362/2362
f 2454/2454 2614/2614 2455/2455
f 2455/2455 2614/2614 2576/2576
f 2455/2455 2576/2576 2456/2456
f 2615/2615 2367/2367 2412/2412
f 2367/2367 2615/2615 2413/2413
f 2414/2414 2309/2309 2458/2458
f 2460/2460 2616/2616 2580/2580
f 2516/2516 2318/2318 2549/2549
f 2617/2617 2618/2618 2619/2619
f 2517/2517 2620/2620 2518/2518
f 2617/2617 2619/2619 2621/2621
f 2377/2377 2379/2379 2622/2622
f 2427/2427 2623/2623 2426/2426
f 2379/2379 2429/2429 2624/2624
f 2379/2379 2624/2624 2625/2625
f 2626/2626 2554/2554 2464/2464
f 2627/2627 2434/2434 2466/2466
f 2520/2520 2587/2587 2322/2322
f 2523/2523 2628/2628 2524/2524
f 2629/2629 2630/2630 2557/2557
f 2557/2557 2525/2525 2629/2629
f 2558/2558 2335/2335 2631/2631
f 2469/2469 2631/2631 2335/2335
f 2591/2591 2468/2468 2632/2632
f 2590/2590 2559/2559 2633/2633
f 2528/2528 2634/2634 2210/2210
f 2634/2634 2529/2529 2210/2210
f 2530/2530 2635/2635 2469/2469
f 2636/2636 2388/2388 2470/2470
f 2388/2388 2636/2636 2593/2593
f 2390/2390 2592/2592 2387/2387
f 2637/2637 2560/2560 2440/2440
f 2638/2638 2639/2639 2640/2640
f 2533/2533 2641/2641 2534/2534
f 2480/2480 2599/2599 2598/2598
f 2229/2229 2537/2537 2564/2564
f 2642/2642 2538/2538 2565/2565
f 2490/2490 2566/2566 2643/2643
f 2567/2567 2644/2644 2541/2541
f 2602/2602 2645/2645 2401/2401
f 2646/2646 2647/2647 2648/2648
f 2649/2649 2650/2650 2651/2651
f 2648/2648 2647/2647 2606/2606
f 2605/2605 2648/2648 2606/2606
f 2358/2358 2652/2652 2497/2497
f 2498/2498 2652/2652 2358/2358
f 2504/2504 2571/2571 2572/2572
f 2609/2609 2505/2505 2572/2572
f 2408/2408 2573/2573 2611/2611
f 2361/2361 1859/1859 2653/2653
f 2654/2654 2614/2614 2454/2454
f 2363/2363 2306/2306 2508/2508
f 2575/2575 2307/2307 2103/2103
f 2510/2510 2577/2577 2655/2655
f 2577/2577 2578/2578 2655/2655
f 2251/2251 2656/2656 2457/2457
f 2251/2251 2657/2657 2656/2656
f 2411/2411 2658/2658 2412/2412
f 2251/2251 2511/2511 2657/2657
f 2458/2458 2659/2659 2414/2414
f 2659/2659 2458/2458 2660/2660
f 2661/2661 2513/2513 2416/2416
f 2513/2513 2420/2420 2255/2255
f 2620/2620 2662/2662 2518/2518
f 2379/2379 2663/2663 2622/2622
f 2520/2520 2664/2664 2587/2587
f 2665/2665 2627/2627 2466/2466
f 2666/2666 2630/2630 2629/2629
f 2590/2590 2633/2633 2667/2667
f 2668/2668 2633/2633 2559/2559
f 2633/2633 2668/2668 2669/2669
f 2592/2592 2390/2390 2670/2670
f 2473/2473 2671/2671 2474/2474
f 2671/2671 2473/2473 2593/2593
f 2440/2440 2561/2561 2672/2672
f 2440/2440 2672/2672 2637/2637
f 2445/2445 2673/2673 2674/2674
f 2445/2445 2444/2444 2673/2673
f 2537/2537 2675/2675 2564/2564
f 2676/2676 2601/2601 2488/2488
f 2600/2600 2487/2487 2677/2677
f 2677/2677 2487/2487 2540/2540
f 2644/2644 2567/2567 2678/2678
f 2651/2651 2679/2679 2649/2649
f 2497/2497 2680/2680 2569/2569
f 2681/2681 2682/2682 2683/2683
f 2652/2652 2498/2498 2607/2607
f 2684/2684 2682/2682 2681/2681
f 2685/2685 2686/2686 2687/2687
f 2502/2502 2688/2688 2178/2178
f 2571/2571 2608/2608 2689/2689
f 2544/2544 1867/1867 2690/2690
f 1849/1849 2691/2691 1853/1853
f 2692/2692 2411/2411 2576/2576
f 2615/2615 2693/2693 2413/2413
f 2413/2413 2693/2693 2579/2579
f 2660/2660 2458/2458 2512/2512
f 2514/2514 2694/2694 2419/2419
f 2462/2462 2695/2695 2461/2461
f 2379/2379 2625/2625 2663/2663
f 2428/2428 2426/2426 2553/2553
f 2696/2696 2697/2697 2698/2698
f 2555/2555 2664/2664 2520/2520
f 2556/2556 2699/2699 2521/2521
f 2588/2588 2558/2558 2700/2700
f 2669/2669 2667/2667 2633/2633
f 2591/2591 2636/2636 2470/2470
f 2668/2668 2701/2701 2669/2669
f 2640/2640 2702/2702 2638/2638
f 2673/2673 2703/2703 2674/2674
f 2704/2704 2563/2563 2597/2597
f 2564/2564 2675/2675 2705/2705
f 2706/2706 2643/2643 2566/2566
f 2538/2538 2707/2707 2483/2483
f 2483/2483 2708/2708 2448/2448
f 2448/2448 2708/2708 2602/2602
f 2492/2492 2450/2450 2709/2709
f 2710/2710 2711/2711 2712/2712
f 2682/2682 2713/2713 2714/2714
f 2715/2715 2716/2716 2717/2717
f 2718/2718 2687/2687 2719/2719
f 2685/2685 2687/2687 2718/2718
f 2359/2359 2360/2360 2720/2720
f 2721/2721 2687/2687 2686/2686
f 2571/2571 2689/2689 2609/2609
f 2609/2609 2572/2572 2571/2571
f 2544/2544 2722/2722 2360/2360
f 2609/2609 2723/2723 2610/2610
f 2453/2453 2611/2611 2724/2724
f 1832/1832 2725/2725 137/137
f 2726/2726 2574/2574 2545/2545
f 2614/2614 2727/2727 2576/2576
f 2656/2656 2728/2728 2457/2457
f 2411/2411 2692/2692 2658/2658
f 2412/2412 2729/2729 2615/2615
f 2659/2659 2730/2730 2414/2414
f 2512/2512 2694/2694 2731/2731
f 2421/2421 2732/2732 2514/2514
f 2421/2421 2461/2461 2732/2732
f 2695/2695 2732/2732 2461/2461
f 2733/2733 2695/2695 2462/2462
f 2462/2462 2515/2515 2733/2733
f 2617/2617 2734/2734 2618/2618
f 2662/2662 2620/2620 2735/2735
f 2517/2517 2736/2736 2620/2620
f 2622/2622 2663/2663 2737/2737
f 2624/2624 2738/2738 2625/2625
f 2697/2697 2739/2739 2698/2698
f 2666/2666 2740/2740 2630/2630
f 2741/2741 2587/2587 2742/2742
f 2587/2587 2741/2741 2383/2383
f 2743/2743 2744/2744 2745/2745
f 2472/2472 2560/2560 2746/2746
f 2637/2637 2746/2746 2560/2560
f 2600/2600 2747/2747 2748/2748
f 2747/2747 2600/2600 2677/2677
f 2483/2483 2707/2707 2708/2708
f 2542/2542 2749/2749 2488/2488
f 2750/2750 2751/2751 2752/2752
f 2750/2750 2753/2753 2751/2751
f 2754/2754 2755/2755 2756/2756
f 2757/2757 2710/2710 2712/2712
f 2758/2758 2650/2650 2649/2649
f 2714/2714 2683/2683 2682/2682
f 2759/2759 2760/2760 2501/2501
f 2760/2760 2502/2502 2501/2501
f 2650/2650 2761/2761 2712/2712
f 2758/2758 2761/2761 2650/2650
f 2497/2497 2762/2762 2680/2680
f 2719/2719 2687/2687 2763/2763
f 2687/2687 2764/2764 2763/2763
f 2765/2765 2764/2764 2766/2766
f 2767/2767 2768/2768 2769/2769
f 2721/2721 2764/2764 2687/2687
f 2764/2764 2608/2608 2766/2766
f 2721/2721 2689/2689 2764/2764
f 2689/2689 2608/2608 2764/2764
f 2689/2689 2723/2723 2609/2609
f 2721/2721 2723/2723 2689/2689
f 2770/2770 2723/2723 2721/2721
f 2771/2771 2772/2772 2573/2573
f 2724/2724 2611/2611 2772/2772
f 2772/2772 2611/2611 2573/2573
f 1779/1779 2773/2773 1859/1859
f 2613/2613 2508/2508 2774/2774
f 2306/2306 2775/2775 2508/2508
f 2776/2776 2307/2307 2575/2575
f 2728/2728 2656/2656 2775/2775
f 2511/2511 2777/2777 2657/2657
f 2414/2414 2730/2730 2511/2511
f 2694/2694 2514/2514 2731/2731
f 2513/2513 2778/2778 2420/2420
f 2420/2420 2778/2778 2550/2550
f 2737/2737 2663/2663 2779/2779
f 2697/2697 2780/2780 2739/2739
f 2741/2741 2781/2781 2383/2383
f 2636/2636 2782/2782 2593/2593
f 2594/2594 2783/2783 2595/2595
f 2784/2784 2785/2785 2786/2786
f 2598/2598 2787/2787 2597/2597
f 2536/2536 2788/2788 2397/2397
f 2397/2397 2788/2788 2565/2565
f 2788/2788 2789/2789 2565/2565
f 2787/2787 2598/2598 2599/2599
f 2789/2789 2642/2642 2565/2565
f 2749/2749 2676/2676 2488/2488
f 2790/2790 2791/2791 2752/2752
f 2751/2751 2790/2790 2752/2752
f 2649/2649 2679/2679 2792/2792
f 2714/2714 2793/2793 2683/2683
f 2793/2793 2794/2794 2683/2683
f 2712/2712 2761/2761 2757/2757
f 2683/2683 2794/2794 2795/2795
f 2497/2497 2652/2652 2762/2762
f 2796/2796 2797/2797 2798/2798
f 2763/2763 2764/2764 2765/2765
f 2799/2799 2800/2800 2768/2768
f 2800/2800 2769/2769 2768/2768
f 2796/2796 2720/2720 2797/2797
f 2767/2767 2769/2769 2801/2801
f 2720/2720 2360/2360 2797/2797
f 2360/2360 2802/2802 2797/2797
f 2686/2686 2803/2803 2721/2721
f 2360/2360 2722/2722 2802/2802
f 2723/2723 2770/2770 2804/2804
f 2722/2722 2544/2544 2690/2690
f 2805/2805 2506/2506 2806/2806
f 1859/1859 2807/2807 2653/2653
f 2808/2808 2774/2774 2508/2508
f 2508/2508 2775/2775 2808/2808
f 2727/2727 2692/2692 2576/2576
f 2809/2809 2416/2416 2579/2579
f 2731/2731 2660/2660 2512/2512
f 2513/2513 2661/2661 2778/2778
f 2810/2810 2731/2731 2514/2514
f 2549/2549 2581/2581 2811/2811
f 2811/2811 2516/2516 2549/2549
f 2618/2618 2812/2812 2619/2619
f 2779/2779 2663/2663 2625/2625
f 2426/2426 2623/2623 2813/2813
f 2738/2738 2814/2814 2625/2625
f 2587/2587 2664/2664 2742/2742
f 2815/2815 2816/2816 2817/2817
f 2383/2383 2781/2781 2468/2468
f 2468/2468 2781/2781 2632/2632
f 2744/2744 2743/2743 2818/2818
f 2669/2669 2701/2701 2819/2819
f 2782/2782 2820/2820 2593/2593
f 2821/2821 2822/2822 2823/2823
f 2641/2641 2824/2824 2534/2534
f 2748/2748 2825/2825 2826/2826
f 2747/2747 2825/2825 2748/2748
f 2602/2602 2827/2827 2645/2645
f 2644/2644 2678/2678 2828/2828
f 2829/2829 2830/2830 2831/2831
f 2831/2831 2830/2830 2766/2766
f 2832/2832 2758/2758 2649/2649
f 2765/2765 2766/2766 2830/2830
f 2718/2718 2719/2719 2833/2833
f 2833/2833 2834/2834 2718/2718
f 2721/2721 2803/2803 2770/2770
f 2835/2835 2770/2770 2803/2803
f 2770/2770 2835/2835 2804/2804
f 2722/2722 2836/2836 2802/2802
f 2772/2772 2771/2771 2837/2837
f 2506/2506 2507/2507 1850/1850
f 2838/2838 2727/2727 2614/2614
f 2656/2656 2839/2839 2775/2775
f 2729/2729 2412/2412 2658/2658
f 2511/2511 2730/2730 2777/2777
f 2809/2809 2661/2661 2416/2416
f 2550/2550 2778/2778 2840/2840
f 2514/2514 2732/2732 2810/2810
f 2550/2550 2840/2840 2581/2581
f 2779/2779 2625/2625 2841/2841
f 2584/2584 2842/2842 2555/2555
f 2843/2843 2555/2555 2842/2842
f 2555/2555 2843/2843 2664/2664
f 2696/2696 2844/2844 2697/2697
f 2696/2696 2817/2817 2845/2845
f 2846/2846 2591/2591 2632/2632
f 2591/2591 2846/2846 2636/2636
f 2820/2820 2671/2671 2593/2593
f 2479/2479 2847/2847 2536/2536
f 2847/2847 2848/2848 2536/2536
f 2597/2597 2849/2849 2704/2704
f 2602/2602 2708/2708 2850/2850
f 2851/2851 2852/2852 2853/2853
f 2645/2645 2827/2827 2854/2854
f 2855/2855 2794/2794 2793/2793
f 2832/2832 2649/2649 2792/2792
f 2855/2855 2856/2856 2794/2794
f 2857/2857 2769/2769 2800/2800
f 2858/2858 2769/2769 2857/2857
f 2802/2802 2859/2859 2797/2797
f 2506/2506 2805/2805 2860/2860
f 2612/2612 1518/1518 1843/1843
f 2861/2861 2695/2695 2733/2733
f 2620/2620 2862/2862 2735/2735
f 2426/2426 2863/2863 2553/2553
f 2697/2697 2864/2864 2780/2780
f 2845/2845 2844/2844 2696/2696
f 2744/2744 2818/2818 2865/2865
f 2785/2785 2784/2784 2866/2866
f 2536/2536 2848/2848 2788/2788
f 2867/2867 2676/2676 2868/2868
f 2749/2749 2542/2542 2869/2869
f 2492/2492 2870/2870 2542/2542
f 2492/2492 2709/2709 2870/2870
f 2602/2602 2850/2850 2827/2827
f 2871/2871 2872/2872 2873/2873
f 2834/2834 2833/2833 2874/2874
f 2762/2762 2875/2875 2680/2680
f 2800/2800 2854/2854 2857/2857
f 2797/2797 2876/2876 2798/2798
f 2801/2801 2769/2769 2858/2858
f 2797/2797 2859/2859 2876/2876
f 2837/2837 2877/2877 2878/2878
f 2802/2802 2836/2836 2859/2859
f 2724/2724 2879/2879 2880/2880
f 2772/2772 2879/2879 2724/2724
f 1844/1844 1854/1854 2881/2881
f 1849/1849 1840/1840 2691/2691
f 2726/2726 2882/2882 2574/2574
f 2654/2654 2883/2883 2614/2614
f 2883/2883 2838/2838 2614/2614
f 2808/2808 2884/2884 2774/2774
f 2656/2656 2657/2657 2885/2885
f 2657/2657 2777/2777 2886/2886
f 2887/2887 2615/2615 2729/2729
f 2579/2579 2888/2888 2809/2809
f 2889/2889 2661/2661 2809/2809
f 2890/2890 2660/2660 2891/2891
f 2660/2660 2731/2731 2891/2891
f 2891/2891 2731/2731 2810/2810
f 2661/2661 2892/2892 2778/2778
f 2810/2810 2732/2732 2893/2893
f 2732/2732 2695/2695 2893/2893
f 2735/2735 2894/2894 2895/2895
f 2735/2735 2862/2862 2894/2894
f 2618/2618 2734/2734 2812/2812
f 2813/2813 2896/2896 2863/2863
f 2813/2813 2863/2863 2426/2426
f 2553/2553 2897/2897 2583/2583
f 2841/2841 2625/2625 2814/2814
f 2697/2697 2898/2898 2864/2864
f 2844/2844 2898/2898 2697/2697
f 2816/2816 2845/2845 2817/2817
f 2899/2899 2816/2816 2815/2815
f 2815/2815 2900/2900 2899/2899
f 2901/2901 2743/2743 2902/2902
f 2671/2671 2820/2820 2903/2903
f 2821/2821 2904/2904 2822/2822
f 2534/2534 2824/2824 2905/2905
f 2906/2906 2704/2704 2849/2849
f 2597/2597 2787/2787 2849/2849
f 2642/2642 2907/2907 2538/2538
f 2676/2676 2749/2749 2868/2868
f 2538/2538 2907/2907 2707/2707
f 2707/2707 2908/2908 2708/2708
f 2909/2909 2851/2851 2853/2853
f 2872/2872 2871/2871 2910/2910
f 2911/2911 2871/2871 2873/2873
f 2852/2852 2912/2912 2853/2853
f 2791/2791 2790/2790 2913/2913
f 2914/2914 2794/2794 2856/2856
f 2915/2915 2801/2801 2858/2858
f 2915/2915 2916/2916 2801/2801
f 2722/2722 2690/2690 2836/2836
f 2837/2837 2917/2917 2772/2772
f 2917/2917 2879/2879 2772/2772
f 2574/2574 2882/2882 2918/2918
f 2653/2653 2807/2807 2919/2919
f 2884/2884 2808/2808 2920/2920
f 2920/2920 2808/2808 2839/2839
f 2839/2839 2808/2808 2775/2775
f 2839/2839 2656/2656 2885/2885
f 2886/2886 2777/2777 2921/2921
f 2661/2661 2889/2889 2892/2892
f 2892/2892 2922/2922 2778/2778
f 2840/2840 2778/2778 2922/2922
f 2581/2581 2923/2923 2811/2811
f 2734/2734 2924/2924 2812/2812
f 2843/2843 2925/2925 2664/2664
f 2925/2925 2742/2742 2664/2664
f 2926/2926 2781/2781 2741/2741
f 2900/2900 2865/2865 2899/2899
f 2927/2927 2902/2902 2823/2823
f 2823/2823 2822/2822 2927/2927
f 2703/2703 2673/2673 2928/2928
f 2703/2703 2928/2928 2929/2929
f 2824/2824 2930/2930 2931/2931
f 2642/2642 2932/2932 2907/2907
f 2856/2856 2855/2855 2933/2933
f 2934/2934 2910/2910 2871/2871
f 2871/2871 2911/2911 2934/2934
f 2854/2854 2827/2827 2935/2935
f 2936/2936 2858/2858 2857/2857
f 2936/2936 2915/2915 2858/2858
f 137/137 2725/2725 1845/1845
f 2657/2657 2886/2886 2885/2885
f 2840/2840 2922/2922 2581/2581
f 2922/2922 2923/2923 2581/2581
f 2937/2937 2894/2894 2862/2862
f 2816/2816 2938/2938 2845/2845
f 2742/2742 2926/2926 2741/2741
f 2781/2781 2939/2939 2632/2632
f 2632/2632 2940/2940 2846/2846
f 2818/2818 2743/2743 2901/2901
f 2941/2941 2942/2942 2943/2943
f 2943/2943 2944/2944 2945/2945
f 2904/2904 2946/2946 2822/2822
f 2783/2783 2947/2947 2595/2595
f 2824/2824 2931/2931 2905/2905
f 2948/2948 2849/2849 2787/2787
f 2848/2848 2949/2949 2950/2950
f 2788/2788 2848/2848 2950/2950
f 2950/2950 2789/2789 2788/2788
f 2789/2789 2932/2932 2642/2642
f 2867/2867 2868/2868 2951/2951
f 2952/2952 2908/2908 2707/2707
f 2953/2953 2869/2869 2542/2542
f 2542/2542 2870/2870 2953/2953
f 2954/2954 2955/2955 2956/2956
f 2798/2798 2876/2876 2957/2957
f 2958/2958 2956/2956 2955/2955
f 2837/2837 2878/2878 2917/2917
f 1853/1853 2959/2959 1831/1831
f 1779/1779 2960/2960 2773/2773
f 2727/2727 2961/2961 2692/2692
f 2887/2887 2693/2693 2615/2615
f 2730/2730 2921/2921 2777/2777
f 2962/2962 2730/2730 2659/2659
f 2693/2693 2888/2888 2579/2579
f 2963/2963 2659/2659 2890/2890
f 2890/2890 2659/2659 2660/2660
f 2841/2841 2814/2814 2964/2964
f 2864/2864 2898/2898 2965/2965
f 2899/2899 2865/2865 2966/2966
f 2939/2939 2940/2940 2632/2632
f 2865/2865 2818/2818 2966/2966
f 2846/2846 2967/2967 2636/2636
f 2636/2636 2967/2967 2782/2782
f 2901/2901 2902/2902 2927/2927
f 2595/2595 2947/2947 2968/2968
f 2673/2673 2969/2969 2928/2928
f 2949/2949 2848/2848 2847/2847
f 2949/2949 2847/2847 2970/2970
f 2867/2867 2948/2948 2787/2787
f 2867/2867 2951/2951 2948/2948
f 2907/2907 2952/2952 2707/2707
f 2869/2869 2868/2868 2749/2749
f 2908/2908 2971/2971 2708/2708
f 2708/2708 2971/2971 2850/2850
f 2972/2972 2973/2973 2974/2974
f 2975/2975 2976/2976 2977/2977
f 2958/2958 2978/2978 2956/2956
f 2979/2979 2859/2859 2836/2836
f 2980/2980 2836/2836 2690/2690
f 2980/2980 2690/2690 1867/1867
f 1820/1820 1830/1830 2981/2981
f 2961/2961 2658/2658 2692/2692
f 2729/2729 2658/2658 2982/2982
f 2729/2729 2982/2982 2887/2887
f 2921/2921 2730/2730 2962/2962
f 2962/2962 2659/2659 2963/2963
f 2888/2888 2983/2983 2809/2809
f 2983/2983 2889/2889 2809/2809
f 2810/2810 2893/2893 2984/2984
f 2861/2861 2985/2985 2695/2695
f 2734/2734 2986/2986 2924/2924
f 2863/2863 2896/2896 2987/2987
f 2988/2988 2989/2989 2990/2990
f 2844/2844 2845/2845 2938/2938
f 2816/2816 2899/2899 2938/2938
f 2926/2926 2939/2939 2781/2781
f 2991/2991 2992/2992 2993/2993
f 2966/2966 2818/2818 2994/2994
f 2818/2818 2901/2901 2994/2994
f 2992/2992 2995/2995 2993/2993
f 2941/2941 2995/2995 2942/2942
f 2996/2996 2997/2997 2998/2998
f 2996/2996 2999/2999 2997/2997
f 2912/2912 3000/3000 2853/2853
f 3001/3001 3000/3000 2912/2912
f 2934/2934 2911/2911 3002/3002
f 2935/2935 2857/2857 2854/2854
f 2957/2957 2876/2876 3003/3003
f 2876/2876 2859/2859 3003/3003
f 2836/2836 2980/2980 2979/2979
f 1843/1843 1820/1820 3004/3004
f 2574/2574 2918/2918 1840/1840
f 1859/1859 2773/2773 2807/2807
f 2838/2838 3005/3005 2727/2727
f 2693/2693 3006/3006 2888/2888
f 2888/2888 3007/3007 2983/2983
f 2695/2695 2985/2985 2893/2893
f 3008/3008 3009/3009 3010/3010
f 3011/3011 3012/3012 2899/2899
f 2942/2942 2944/2944 2943/2943
f 2944/2944 3013/3013 2945/2945
f 2946/2946 2904/2904 3014/3014
f 2950/2950 2932/2932 2789/2789
f 2952/2952 3015/3015 2908/2908
f 3015/3015 2971/2971 2908/2908
f 2911/2911 3016/3016 3002/3002
f 2977/2977 2976/2976 3017/3017
f 3018/3018 3019/3019 3020/3020
f 3019/3019 3021/3021 3020/3020
f 2915/2915 3022/3022 2916/2916
f 3023/3023 2859/2859 2979/2979
f 1867/1867 1844/1844 2881/2881
f 2727/2727 3005/3005 2961/2961
f 3006/3006 3007/3007 2888/2888
f 2863/2863 2987/2987 3024/3024
f 2553/2553 2863/2863 3024/3024
f 2897/2897 2553/2553 3024/3024
f 2814/2814 3025/3025 3026/3026
f 2966/2966 3011/3011 2899/2899
f 2992/2992 3027/3027 2995/2995
f 2927/2927 2822/2822 3028/3028
f 2947/2947 3029/3029 2968/2968
f 2957/2957 3003/3003 3030/3030
f 3031/3031 3021/3021 3019/3019
f 3003/3003 2859/2859 3023/3023
f 2936/2936 3032/3032 2915/2915
f 2915/2915 3032/3032 3022/3022
f 2878/2878 3033/3033 2917/2917
f 2879/2879 3034/3034 2880/2880
f 2880/2880 3034/3034 3035/3035
f 1820/1820 2981/2981 3004/3004
f 3036/3036 2884/2884 2920/2920
f 2982/2982 2658/2658 2961/2961
f 2887/2887 3006/3006 2693/2693
f 2963/2963 2890/2890 3037/3037
f 2889/2889 3038/3038 2892/2892
f 2891/2891 2810/2810 3039/3039
f 3040/3040 3041/3041 3042/3042
f 2923/2923 2922/2922 3043/3043
f 2924/2924 2986/2986 3044/3044
f 2986/2986 3045/3045 3044/3044
f 2896/2896 3046/3046 2987/2987
f 2897/2897 3024/3024 3047/3047
f 2901/2901 2927/2927 3048/3048
f 3028/3028 2822/2822 2946/2946
f 2931/2931 2930/2930 3049/3049
f 2950/2950 3050/3050 2932/2932
f 3050/3050 2907/2907 2932/2932
f 2907/2907 3051/3051 2952/2952
f 2850/2850 3052/3052 2827/2827
f 2935/2935 2827/2827 3052/3052
f 2853/2853 3000/3000 3053/3053
f 3054/3054 3017/3017 3055/3055
f 3056/3056 3057/3057 3058/3058
f 3017/3017 3054/3054 2977/2977
f 3016/3016 3059/3059 3002/3002
f 2977/2977 3054/3054 3060/3060
f 3060/3060 3061/3061 2977/2977
f 3062/3062 3022/3022 3032/3032
f 3034/3034 2879/2879 2917/2917
f 3063/3063 3064/3064 3065/3065
f 2892/2892 3038/3038 3066/3066
f 2892/2892 3066/3066 2922/2922
f 2895/2895 2894/2894 3067/3067
f 2814/2814 3026/3026 2964/2964
f 2965/2965 2898/2898 3068/3068
f 2898/2898 2844/2844 3068/3068
f 3069/3069 3070/3070 3071/3071
f 3072/3072 3073/3073 2991/2991
f 2994/2994 2901/2901 3074/3074
f 3074/3074 2901/2901 3048/3048
f 3028/3028 3048/3048 2927/2927
f 2942/2942 2995/2995 3027/3027
f 3075/3075 3076/3076 2866/2866
f 2866/2866 2784/2784 3075/3075
f 3077/3077 2997/2997 2999/2999
f 3078/3078 2950/2950 2949/2949
f 3051/3051 2907/2907 3050/3050
f 3051/3051 3015/3015 2952/2952
f 3079/3079 3080/3080 3081/3081
f 3082/3082 3081/3081 3080/3080
f 2909/2909 3053/3053 3082/3082
f 2909/2909 2853/2853 3053/3053
f 3030/3030 3003/3003 3023/3023
f 3083/3083 3084/3084 3085/3085
f 2860/2860 3086/3086 2506/2506
f 2506/2506 3086/3086 3087/3087
f 1853/1853 2691/2691 2959/2959
f 3088/3088 2918/2918 2882/2882
f 2920/2920 2839/2839 3089/3089
f 3090/3090 3091/3091 3092/3092
f 3093/3093 3065/3065 3064/3064
f 3092/3092 3091/3091 3094/3094
f 3095/3095 3096/3096 3097/3097
f 3040/3040 3042/3042 3097/3097
f 3066/3066 3098/3098 2922/2922
f 2922/2922 3098/3098 3043/3043
f 2986/2986 3099/3099 3045/3045
f 2895/2895 3067/3067 3100/3100
f 3101/3101 3102/3102 3103/3103
f 3104/3104 3010/3010 3009/3009
f 3071/3071 3070/3070 3072/3072
f 3070/3070 3105/3105 3072/3072
f 3105/3105 3073/3073 3072/3072
f 2942/2942 3106/3106 2944/2944
f 3107/3107 3075/3075 2784/2784
f 2905/2905 2931/2931 3108/3108
f 2998/2998 2997/2997 3109/3109
f 3077/3077 2999/2999 3110/3110
f 3082/3082 3053/3053 3111/3111
f 3055/3055 3112/3112 3054/3054
f 3113/3113 3114/3114 3115/3115
f 3116/3116 3115/3115 3114/3114
f 3117/3117 3000/3000 3001/3001
f 3060/3060 3054/3054 3118/3118
f 3117/3117 3001/3001 3119/3119
f 3030/3030 3023/3023 3120/3120
f 3031/3031 3121/3121 3122/3122
f 3123/3123 3124/3124 3122/3122
f 3084/3084 3125/3125 3085/3085
f 3126/3126 3127/3127 3128/3128
f 3129/3129 3127/3127 3126/3126
f 3130/3130 3036/3036 2920/2920
f 3127/3127 3129/3129 3090/3090
f 2920/2920 3089/3089 3130/3130
f 3131/3131 3096/3096 3095/3095
f 3132/3132 3133/3133 3134/3134
f 3135/3135 3026/3026 3025/3025
f 3136/3136 2965/2965 3068/3068
f 3137/3137 2990/2990 2989/2989
f 3138/3138 2844/2844 3139/3139
f 2844/2844 2938/2938 3139/3139
f 2991/2991 3073/3073 2992/2992
f 2942/2942 3027/3027 3106/3106
f 3077/3077 3110/3110 3081/3081
f 3079/3079 3081/3081 3110/3110
f 3081/3081 3082/3082 3111/3111
f 3015/3015 3140/3140 2971/2971
f 3141/3141 2850/2850 2971/2971
f 2850/2850 3141/3141 3052/3052
f 3142/3142 3143/3143 3144/3144
f 3145/3145 3142/3142 3059/3059
f 3146/3146 3053/3053 3000/3000
f 3147/3147 3148/3148 3149/3149
f 3054/3054 3112/3112 3118/3118
f 3019/3019 3150/3150 3151/3151
f 3019/3019 3018/3018 3150/3150
f 3060/3060 3118/3118 3152/3152
f 3152/3152 3061/3061 3060/3060
f 3120/3120 3023/3023 3153/3153
f 3019/3019 3121/3121 3031/3031
f 3123/3123 3154/3154 3124/3124
f 2979/2979 2980/2980 3155/3155
f 3154/3154 3156/3156 3157/3157
f 3158/3158 3087/3087 3086/3086
f 2506/2506 3087/3087 2507/2507
f 2919/2919 2807/2807 3159/3159
f 1884/1884 2960/2960 1779/1779
f 3160/3160 3161/3161 3162/3162
f 3161/3161 3160/3160 3163/3163
f 3164/3164 3165/3165 3163/3163
f 3166/3166 3131/3131 3167/3167
f 3131/3131 3095/3095 3167/3167
f 3041/3041 3168/3168 3169/3169
f 3170/3170 3169/3169 3168/3168
f 2894/2894 3171/3171 3067/3067
f 3047/3047 3024/3024 3172/3172
f 2990/2990 3137/3137 3101/3101
f 3137/3137 3173/3173 3101/3101
f 3068/3068 2844/2844 3138/3138
f 3173/3173 3102/3102 3101/3101
f 2938/2938 2899/2899 3139/3139
f 3139/3139 2899/2899 3012/3012
f 3011/3011 2966/2966 3174/3174
f 2966/2966 2994/2994 3174/3174
f 3174/3174 2994/2994 3175/3175
f 3175/3175 2994/2994 3074/3074
f 3176/3176 3028/3028 2946/2946
f 3176/3176 2946/2946 3014/3014
f 3075/3075 3177/3177 3076/3076
f 3029/3029 3178/3178 2968/2968
f 2997/2997 3077/3077 3179/3179
f 3078/3078 3050/3050 2950/2950
f 3114/3114 3180/3180 3116/3116
f 3181/3181 3182/3182 3183/3183
f 3113/3113 3184/3184 3183/3183
f 3023/3023 2979/2979 3185/3185
f 2979/2979 3155/3155 3185/3185
f 3123/3123 3186/3186 3154/3154
f 3156/3156 3154/3154 3186/3186
f 3187/3187 3085/3085 3125/3125
f 2980/2980 1867/1867 3188/3188
f 1867/1867 2881/2881 3189/3189
f 1840/1840 3190/3190 2691/2691
f 3088/3088 3191/3191 2918/2918
f 3064/3064 3162/3162 3093/3093
f 3192/3192 3193/3193 3194/3194
f 3164/3164 3166/3166 3165/3165
f 3195/3195 3196/3196 3197/3197
f 3042/3042 3041/3041 3169/3169
f 3198/3198 3199/3199 3200/3200
f 3201/3201 2944/2944 3106/3106
f 2944/2944 3201/3201 3013/3013
f 2968/2968 3178/3178 3202/3202
f 2998/2998 3109/3109 3203/3203
f 2970/2970 3078/3078 2949/2949
f 3051/3051 3140/3140 3015/3015
f 3204/3204 2971/2971 3140/3140
f 2971/2971 3204/3204 3141/3141
f 3205/3205 3144/3144 3143/3143
f 3206/3206 3181/3181 3207/3207
f 3206/3206 3182/3182 3181/3181
f 3183/3183 3208/3208 3181/3181
f 3113/3113 3115/3115 3184/3184
f 3146/3146 3000/3000 3209/3209
f 3059/3059 3210/3210 3145/3145
f 3016/3016 3210/3210 3059/3059
f 3016/3016 3211/3211 3210/3210
f 3212/3212 3213/3213 3214/3214
f 3215/3215 3212/3212 3214/3214
f 3216/3216 3213/3213 3217/3217
f 3215/3215 3151/3151 3150/3150
f 3209/3209 3000/3000 3117/3117
f 3118/3118 3218/3218 3152/3152
f 3023/3023 3185/3185 3153/3153
f 3123/3123 3122/3122 3121/3121
f 3186/3186 3219/3219 3156/3156
f 3158/3158 3220/3220 3087/3087
f 3091/3091 3090/3090 3129/3129
f 3091/3091 3221/3221 3094/3094
f 3094/3094 3221/3221 3193/3193
f 3222/3222 3161/3161 3163/3163
f 3163/3163 3165/3165 3222/3222
f 3165/3165 3166/3166 3167/3167
f 3223/3223 3196/3196 3224/3224
f 3196/3196 3223/3223 3197/3197
f 3042/3042 3169/3169 3225/3225
f 3226/3226 3227/3227 3228/3228
f 2989/2989 3229/3229 3137/3137
f 3068/3068 3138/3138 3230/3230
f 3012/3012 3011/3011 3231/3231
f 3232/3232 3027/3027 2992/2992
f 3075/3075 3233/3233 3177/3177
f 3234/3234 3235/3235 3236/3236
f 3109/3109 2997/2997 3179/3179
f 3237/3237 3238/3238 3239/3239
f 3240/3240 3239/3239 3238/3238
f 3241/3241 3242/3242 3243/3243
f 3244/3244 3112/3112 3245/3245
f 3116/3116 3180/3180 3246/3246
f 3247/3247 3248/3248 3249/3249
f 3112/3112 3244/3244 3118/3118
f 3206/3206 3207/3207 3211/3211
f 3184/3184 3208/3208 3183/3183
f 3244/3244 3218/3218 3118/3118
f 3214/3214 3151/3151 3215/3215
f 3216/3216 3250/3250 3213/3213
f 3151/3151 3121/3121 3019/3019
f 3251/3251 3186/3186 3123/3123
f 3156/3156 3219/3219 3252/3252
f 3252/3252 3157/3157 3156/3156
f 3155/3155 2980/2980 3188/3188
f 3187/3187 3125/3125 3253/3253
f 3253/3253 3254/3254 3187/3187
f 3255/3255 1855/1855 1847/1847
f 1832/1832 2612/2612 3256/3256
f 1832/1832 3256/3256 3257/3257
f 3258/3258 3191/3191 3088/3088
f 2807/2807 3259/3259 3159/3159
f 2773/2773 3259/3259 2807/2807
f 3065/3065 3093/3093 3260/3260
f 3093/3093 3162/3162 3261/3261
f 3162/3162 3161/3161 3261/3261
f 3194/3194 3193/3193 3221/3221
f 3224/3224 3262/3262 3263/3263
f 3264/3264 3132/3132 3195/3195
f 3133/3133 3132/3132 3264/3264
f 3169/3169 3170/3170 3265/3265
f 3045/3045 3099/3099 3266/3266
f 3171/3171 3267/3267 3067/3067
f 3046/3046 3268/3268 2987/2987
f 2964/2964 3026/3026 3269/3269
f 3270/3270 3136/3136 3068/3068
f 3138/3138 3139/3139 3271/3271
f 3069/3069 3272/3272 3070/3070
f 3232/3232 2992/2992 3073/3073
f 3027/3027 3273/3273 3106/3106
f 3176/3176 3048/3048 3028/3028
f 3013/3013 3201/3201 3274/3274
f 2931/2931 3049/3049 3275/3275
f 3276/3276 3179/3179 3077/3077
f 3077/3077 3081/3081 3276/3276
f 3143/3143 3142/3142 3145/3145
f 3277/3277 3116/3116 3246/3246
f 3278/3278 3277/3277 3246/3246
f 3279/3279 3248/3248 3247/3247
f 3207/3207 3210/3210 3211/3211
f 3115/3115 3280/3280 3184/3184
f 3281/3281 3282/3282 3283/3283
f 3213/3213 3250/3250 3214/3214
f 3284/3284 3285/3285 3153/3153
f 3185/3185 3284/3284 3153/3153
f 3286/3286 3123/3123 3121/3121
f 3287/3287 3123/3123 3286/3286
f 3155/3155 3284/3284 3185/3185
f 3288/3288 3251/3251 3289/3289
f 3251/3251 3288/3288 3290/3290
f 3251/3251 3290/3290 3186/3186
f 3186/3186 3290/3290 3291/3291
f 3292/3292 3293/3293 3294/3294
f 1830/1830 3295/3295 2981/2981
f 2612/2612 1843/1843 3296/3296
f 1831/1831 2959/2959 3297/3297
f 1840/1840 2918/2918 3190/3190
f 3298/3298 3065/3065 3299/3299
f 3300/3300 3091/3091 3129/3129
f 3065/3065 3260/3260 3299/3299
f 3301/3301 3091/3091 3300/3300
f 3223/3223 3224/3224 3263/3263
f 3264/3264 3195/3195 3197/3197
f 3302/3302 3042/3042 3225/3225
f 3265/3265 3303/3303 3169/3169
f 3102/3102 3173/3173 3304/3304
f 3070/3070 3305/3305 3105/3105
f 3232/3232 3273/3273 3027/3027
f 3176/3176 3014/3014 3306/3306
f 2929/2929 2928/2928 3307/3307
f 2931/2931 3275/3275 3108/3108
f 3308/3308 3309/3309 3237/3237
f 3310/3310 3237/3237 3309/3309
f 3238/3238 3237/3237 3310/3310
f 3081/3081 3111/3111 3311/3311
f 3312/3312 3241/3241 3243/3243
f 3313/3313 3205/3205 3314/3314
f 3244/3244 3315/3315 3218/3218
f 3316/3316 3181/3181 3208/3208
f 3283/3283 3317/3317 3281/3281
f 3318/3318 3214/3214 3250/3250
f 3151/3151 3214/3214 3318/3318
f 3286/3286 3121/3121 3151/3151
f 3251/3251 3319/3319 3289/3289
f 3251/3251 3123/3123 3287/3287
f 3320/3320 3290/3290 3288/3288
f 3320/3320 3291/3291 3290/3290
f 3321/3321 3155/3155 3188/3188
f 3252/3252 3219/3219 3322/3322
f 3187/3187 3254/3254 3323/3323
f 3087/3087 3324/3324 2507/2507
f 2918/2918 3191/3191 3190/3190
f 3325/3325 3159/3159 3259/3259
f 3326/3326 3298/3298 3327/3327
f 3126/3126 3328/3328 3129/3129
f 3300/3300 3129/3129 3328/3328
f 3221/3221 3091/3091 3301/3301
f 3260/3260 3093/3093 3329/3329
f 3262/3262 3192/3192 3330/3330
f 3262/3262 3331/3331 3263/3263
f 3097/3097 3042/3042 3302/3302
f 3044/3044 3045/3045 3332/3332
f 3228/3228 3227/3227 3333/3333
f 3024/3024 3334/3334 3172/3172
f 3270/3270 3068/3068 3335/3335
f 3230/3230 3335/3335 3068/3068
f 3138/3138 3271/3271 3230/3230
f 3304/3304 3069/3069 3102/3102
f 3304/3304 3272/3272 3069/3069
f 3012/3012 3336/3336 3139/3139
f 3231/3231 3336/3336 3012/3012
f 3272/3272 3305/3305 3070/3070
f 3174/3174 3337/3337 3011/3011
f 3105/3105 3338/3338 3073/3073
f 3073/3073 3338/3338 3232/3232
f 3175/3175 3074/3074 3339/3339
f 3339/3339 3074/3074 3048/3048
f 3106/3106 3273/3273 3340/3340
f 3048/3048 3176/3176 3341/3341
f 3106/3106 3340/3340 3201/3201
f 3309/3309 3308/3308 3342/3342
f 3276/3276 3081/3081 3343/3343
f 3343/3343 3081/3081 3311/3311
f 3311/3311 3111/3111 3344/3344
f 3345/3345 3346/3346 3347/3347
f 3111/3111 3053/3053 3348/3348
f 3053/3053 3146/3146 3348/3348
f 3313/3313 3314/3314 3349/3349
f 3350/3350 3351/3351 3352/3352
f 3314/3314 3205/3205 3353/3353
f 3207/3207 3181/3181 3316/3316
f 3281/3281 3354/3354 3282/3282
f 3318/3318 3286/3286 3151/3151
f 3318/3318 3355/3355 3286/3286
f 3286/3286 3355/3355 3289/3289
f 3289/3289 3355/3355 3288/3288
f 3319/3319 3286/3286 3289/3289
f 3319/3319 3287/3287 3286/3286
f 3251/3251 3287/3287 3319/3319
f 3292/3292 3294/3294 3356/3356
f 3220/3220 3324/3324 3087/3087
f 2507/2507 3357/3357 1846/1846
f 3329/3329 3093/3093 3261/3261
f 3358/3358 3261/3261 3161/3161
f 3161/3161 3222/3222 3358/3358
f 3192/3192 3194/3194 3330/3330
f 3330/3330 3331/3331 3262/3262
f 3167/3167 3095/3095 3359/3359
f 3095/3095 3097/3097 3359/3359
f 3264/3264 3360/3360 3133/3133
f 3171/3171 3361/3361 3267/3267
f 3046/3046 3362/3362 3268/3268
f 2987/2987 3268/3268 3024/3024
f 3231/3231 3011/3011 3337/3337
f 3305/3305 3338/3338 3105/3105
f 3174/3174 3175/3175 3363/3363
f 3364/3364 3048/3048 3341/3341
f 3365/3365 3202/3202 3366/3366
f 3178/3178 3366/3366 3202/3202
f 3367/3367 3108/3108 3368/3368
f 2928/2928 3369/3369 3307/3307
f 3203/3203 3109/3109 3370/3370
f 3346/3346 3371/3371 3347/3347
f 3111/3111 3348/3348 3344/3344
f 3348/3348 3146/3146 3372/3372
f 3205/3205 3143/3143 3353/3353
f 3143/3143 3145/3145 3353/3353
f 3353/3353 3373/3373 3314/3314
f 3353/3353 3145/3145 3374/3374
f 3375/3375 3376/3376 3317/3317
f 3207/3207 3377/3377 3210/3210
f 3207/3207 3316/3316 3378/3378
f 3379/3379 3282/3282 3354/3354
f 3376/3376 3380/3380 3317/3317
f 3380/3380 3281/3281 3317/3317
f 3381/3381 3285/3285 3382/3382
f 3383/3383 3384/3384 3385/3385
f 3386/3386 3281/3281 3380/3380
f 3285/3285 3284/3284 3382/3382
f 3281/3281 3387/3387 3354/3354
f 3320/3320 3322/3322 3291/3291
f 3322/3322 3388/3388 3252/3252
f 3389/3389 3323/3323 3254/3254
f 3220/3220 3390/3390 3324/3324
f 3391/3391 3191/3191 3258/3258
f 1884/1884 3392/3392 2960/2960
f 3393/3393 3328/3328 3126/3126
f 3330/3330 3194/3194 3394/3394
f 3359/3359 3097/3097 3302/3302
f 3360/3360 3264/3264 3395/3395
f 3169/3169 3303/3303 3225/3225
f 3396/3396 3266/3266 3099/3099
f 3024/3024 3268/3268 3334/3334
f 3026/3026 3397/3397 3269/3269
f 3173/3173 3137/3137 3398/3398
f 3304/3304 3173/3173 3398/3398
f 3139/3139 3336/3336 3271/3271
f 3175/3175 3339/3339 3363/3363
f 3339/3339 3048/3048 3364/3364
f 3233/3233 3399/3399 3177/3177
f 3275/3275 3400/3400 3108/3108
f 3203/3203 3370/3370 3401/3401
f 3240/3240 3238/3238 3346/3346
f 3238/3238 3371/3371 3346/3346
f 3278/3278 3246/3246 3402/3402
f 3353/3353 3403/3403 3373/3373
f 3404/3404 3405/3405 3406/3406
f 3145/3145 3210/3210 3374/3374
f 3407/3407 3379/3379 3354/3354
f 3281/3281 3386/3386 3387/3387
f 3250/3250 3355/3355 3318/3318
f 3155/3155 3321/3321 3284/3284
f 3322/3322 3320/3320 3408/3408
f 3322/3322 3408/3408 3388/3388
f 1854/1854 3409/3409 2881/2881
f 3410/3410 1855/1855 3255/3255
f 3191/3191 3411/3411 3190/3190
f 3394/3394 3194/3194 3221/3221
f 3165/3165 3412/3412 3222/3222
f 3264/3264 3197/3197 3395/3395
f 3133/3133 3360/3360 3134/3134
f 3134/3134 3360/3360 3413/3413
f 3134/3134 3413/3413 3414/3414
f 3045/3045 3266/3266 3332/3332
f 3415/3415 3416/3416 3417/3417
f 3418/3418 3338/3338 3305/3305
f 3419/3419 3340/3340 3273/3273
f 3176/3176 3306/3306 3341/3341
f 3274/3274 3201/3201 3420/3420
f 3367/3367 3368/3368 3421/3421
f 3109/3109 3179/3179 3370/3370
f 3422/3422 3370/3370 3179/3179
f 3423/3423 3276/3276 3343/3343
f 3424/3424 3311/3311 3344/3344
f 3345/3345 3347/3347 3425/3425
f 3345/3345 3425/3425 3242/3242
f 3425/3425 3243/3243 3242/3242
f 3312/3312 3243/3243 3426/3426
f 3427/3427 3428/3428 3429/3429
f 3428/3428 3430/3430 3429/3429
f 3431/3431 3432/3432 3433/3433
f 3314/3314 3373/3373 3434/3434
f 3374/3374 3403/3403 3353/3353
f 3382/3382 3284/3284 3435/3435
f 3407/3407 3354/3354 3436/3436
f 3354/3354 3387/3387 3436/3436
f 3284/3284 3321/3321 3435/3435
f 3437/3437 3438/3438 3439/3439
f 3438/3438 3324/3324 3390/3390
f 3325/3325 3259/3259 3440/3440
f 3392/3392 1884/1884 1858/1858
f 3298/3298 3441/3441 3327/3327
f 3442/3442 3298/3298 3299/3299
f 3443/3443 3331/3331 3330/3330
f 3331/3331 3444/3444 3263/3263
f 3303/3303 3265/3265 3445/3445
f 3417/3417 3446/3446 3415/3415
f 3268/3268 3362/3362 3447/3447
f 3271/3271 3448/3448 3230/3230
f 3272/3272 3304/3304 3449/3449
f 3337/3337 3174/3174 3450/3450
f 3451/3451 3452/3452 3453/3453
f 3369/3369 3454/3454 3455/3455
f 3369/3369 3455/3455 3456/3456
f 3307/3307 3369/3369 3456/3456
f 3108/3108 3400/3400 3368/3368
f 3422/3422 3179/3179 3276/3276
f 3343/3343 3457/3457 3423/3423
f 3457/3457 3343/3343 3311/3311
f 3457/3457 3311/3311 3458/3458
f 3371/3371 3459/3459 3347/3347
f 3348/3348 3372/3372 3460/3460
f 3373/3373 3403/3403 3434/3434
f 3374/3374 3210/3210 3461/3461
f 3378/3378 3316/3316 3462/3462
f 3463/3463 3464/3464 3465/3465
f 3466/3466 3461/3461 3210/3210
f 3385/3385 3384/3384 3437/3437
f 3438/3438 3467/3467 3324/3324
f 3188/3188 3189/3189 3321/3321
f 3394/3394 3221/3221 3468/3468
f 3412/3412 3165/3165 3469/3469
f 3165/3165 3167/3167 3469/3469
f 3167/3167 3359/3359 3470/3470
f 3471/3471 3395/3395 3197/3197
f 3302/3302 3225/3225 3472/3472
f 3225/3225 3473/3473 3472/3472
f 3473/3473 3225/3225 3303/3303
f 3474/3474 3303/3303 3445/3445
f 3267/3267 3361/3361 3475/3475
f 3475/3475 3361/3361 3476/3476
f 3477/3477 3478/3478 3479/3479
f 3417/3417 3269/3269 3480/3480
f 3268/3268 3447/3447 3481/3481
f 3229/3229 3482/3482 3137/3137
f 3482/3482 3398/3398 3137/3137
f 3338/3338 3483/3483 3232/3232
f 3174/3174 3363/3363 3450/3450
f 3273/3273 3232/3232 3484/3484
f 3485/3485 3363/3363 3339/3339
f 3339/3339 3364/3364 3485/3485
f 3340/3340 3486/3486 3201/3201
f 3201/3201 3486/3486 3420/3420
f 3177/3177 3399/3399 3487/3487
f 3488/3488 3421/3421 3368/3368
f 3489/3489 3310/3310 3309/3309
f 3490/3490 3491/3491 3492/3492
f 3493/3493 3494/3494 3495/3495
f 3496/3496 3497/3497 3498/3498
f 3459/3459 3425/3425 3347/3347
f 3243/3243 3425/3425 3499/3499
f 3426/3426 3243/3243 3499/3499
f 3500/3500 3501/3501 3502/3502
f 3501/3501 3503/3503 3502/3502
f 3504/3504 3431/3431 3505/3505
f 3433/3433 3505/3505 3431/3431
f 3463/3463 3506/3506 3464/3464
f 3405/3405 3404/3404 3507/3507
f 3407/3407 3436/3436 3508/3508
f 3387/3387 3509/3509 3436/3436
f 3437/3437 3467/3467 3438/3438
f 3188/3188 1867/1867 3189/3189
f 3324/3324 3510/3510 2507/2507
f 1832/1832 3257/3257 2725/2725
f 3325/3325 3440/3440 3511/3511
f 3441/3441 3298/3298 3442/3442
f 3301/3301 3512/3512 3468/3468
f 3221/3221 3301/3301 3468/3468
f 3358/3358 3222/3222 3412/3412
f 3443/3443 3513/3513 3331/3331
f 3444/3444 3331/3331 3513/3513
f 3263/3263 3444/3444 3223/3223
f 3197/3197 3223/3223 3471/3471
f 3359/3359 3302/3302 3472/3472
f 3514/3514 3332/3332 3515/3515
f 3266/3266 3515/3515 3332/3332
f 3516/3516 3517/3517 3518/3518
f 3269/3269 3397/3397 3480/3480
f 3268/3268 3481/3481 3334/3334
f 3519/3519 3482/3482 3229/3229
f 3520/3520 3482/3482 3519/3519
f 3521/3521 3270/3270 3335/3335
f 3482/3482 3522/3522 3398/3398
f 3335/3335 3230/3230 3521/3521
f 3398/3398 3522/3522 3449/3449
f 3398/3398 3449/3449 3304/3304
f 3271/3271 3336/3336 3448/3448
f 3232/3232 3483/3483 3484/3484
f 3419/3419 3273/3273 3484/3484
f 3340/3340 3419/3419 3523/3523
f 3340/3340 3523/3523 3486/3486
f 3399/3399 3524/3524 3487/3487
f 3366/3366 3525/3525 3365/3365
f 3342/3342 3526/3526 3309/3309
f 3527/3527 3528/3528 3529/3529
f 3489/3489 3309/3309 3526/3526
f 3527/3527 3529/3529 3530/3530
f 3310/3310 3489/3489 3531/3531
f 3532/3532 3422/3422 3276/3276
f 3310/3310 3533/3533 3238/3238
f 3534/3534 3495/3495 3494/3494
f 3458/3458 3311/3311 3424/3424
f 3459/3459 3535/3535 3425/3425
f 3505/3505 3536/3536 3504/3504
f 3537/3537 3538/3538 3539/3539
f 3540/3540 3541/3541 3542/3542
f 3543/3543 3544/3544 3545/3545
f 3546/3546 3547/3547 3548/3548
f 3464/3464 3549/3549 3465/3465
f 3547/3547 3550/3550 3548/3548
f 2612/2612 3296/3296 3256/3256
f 3391/3391 3411/3411 3191/3191
f 3411/3411 3391/3391 3551/3551
f 3330/3330 3394/3394 3443/3443
f 3469/3469 3167/3167 3470/3470
f 3223/3223 3444/3444 3552/3552
f 3552/3552 3471/3471 3223/3223
f 3303/3303 3474/3474 3473/3473
f 3553/3553 3266/3266 3396/3396
f 3417/3417 3480/3480 3554/3554
f 3334/3334 3481/3481 3555/3555
f 3556/3556 3557/3557 3558/3558
f 3559/3559 3557/3557 3556/3556
f 3448/3448 3336/3336 3560/3560
f 3336/3336 3231/3231 3560/3560
f 3231/3231 3337/3337 3560/3560
f 3338/3338 3418/3418 3483/3483
f 3561/3561 3451/3451 3562/3562
f 3562/3562 3451/3451 3453/3453
f 3563/3563 3453/3453 3564/3564
f 3420/3420 3565/3565 3566/3566
f 3455/3455 3567/3567 3568/3568
f 3368/3368 3400/3400 3488/3488
f 3530/3530 3569/3569 3527/3527
f 3531/3531 3533/3533 3310/3310
f 3569/3569 3570/3570 3571/3571
f 3238/3238 3533/3533 3572/3572
f 3371/3371 3238/3238 3572/3572
f 3499/3499 3425/3425 3573/3573
f 3537/3537 3539/3539 3574/3574
f 3575/3575 3540/3540 3542/3542
f 3427/3427 3576/3576 3428/3428
f 3543/3543 3577/3577 3544/3544
f 3461/3461 3403/3403 3374/3374
f 3578/3578 3579/3579 3466/3466
f 3579/3579 3461/3461 3466/3466
f 3580/3580 3581/3581 3582/3582
f 3583/3583 3584/3584 3585/3585
f 3586/3586 3585/3585 3584/3584
f 3587/3587 3549/3549 3464/3464
f 3588/3588 3589/3589 3590/3590
f 3590/3590 3589/3589 3591/3591
f 3508/3508 3436/3436 3592/3592
f 3436/3436 3509/3509 3592/3592
f 3328/3328 3393/3393 3593/3593
f 3594/3594 3299/3299 3260/3260
f 3300/3300 3512/3512 3301/3301
f 3329/3329 3261/3261 3595/3595
f 3470/3470 3359/3359 3596/3596
f 3597/3597 3395/3395 3471/3471
f 3360/3360 3598/3598 3413/3413
f 3445/3445 3599/3599 3474/3474
f 3600/3600 3267/3267 3475/3475
f 3266/3266 3553/3553 3515/3515
f 3475/3475 3476/3476 3601/3601
f 3417/3417 3554/3554 3446/3446
f 3602/3602 3555/3555 3481/3481
f 3270/3270 3521/3521 3603/3603
f 3520/3520 3604/3604 3482/3482
f 3605/3605 3557/3557 3559/3559
f 3363/3363 3606/3606 3450/3450
f 3363/3363 3485/3485 3606/3606
f 3561/3561 3607/3607 3608/3608
f 3607/3607 3561/3561 3562/3562
f 3486/3486 3565/3565 3420/3420
f 3609/3609 3453/3453 3563/3563
f 3610/3610 3611/3611 3612/3612
f 3566/3566 3611/3611 3610/3610
f 3565/3565 3611/3611 3566/3566
f 3613/3613 3614/3614 3615/3615
f 3455/3455 3568/3568 3456/3456
f 3616/3616 3488/3488 3400/3400
f 3489/3489 3617/3617 3531/3531
f 3527/3527 3569/3569 3571/3571
f 3492/3492 3491/3491 3618/3618
f 3619/3619 3497/3497 3620/3620
f 3371/3371 3572/3572 3459/3459
f 3494/3494 3493/3493 3621/3621
f 3493/3493 3622/3622 3621/3621
f 3622/3622 3623/3623 3621/3621
f 3537/3537 3624/3624 3625/3625
f 3623/3623 3622/3622 3536/3536
f 3626/3626 3627/3627 3501/3501
f 3624/3624 3537/3537 3574/3574
f 3573/3573 3425/3425 3535/3535
f 3628/3628 3629/3629 3630/3630
f 3576/3576 3631/3631 3428/3428
f 3632/3632 3464/3464 3506/3506
f 3633/3633 3434/3434 3634/3634
f 3434/3434 3403/3403 3634/3634
f 3403/3403 3635/3635 3634/3634
f 3403/3403 3461/3461 3635/3635
f 3577/3577 3543/3543 3583/3583
f 3577/3577 3583/3583 3585/3585
f 3636/3636 3435/3435 3321/3321
f 3581/3581 3637/3637 3582/3582
f 3550/3550 3638/3638 3548/3548
f 3384/3384 3467/3467 3437/3437
f 3442/3442 3639/3639 3441/3441
f 3442/3442 3299/3299 3640/3640
f 3594/3594 3640/3640 3299/3299
f 3260/3260 3329/3329 3594/3594
f 3358/3358 3595/3595 3261/3261
f 3359/3359 3472/3472 3596/3596
f 3360/3360 3641/3641 3598/3598
f 3642/3642 3514/3514 3515/3515
f 3553/3553 3642/3642 3515/3515
f 3643/3643 3644/3644 3558/3558
f 3520/3520 3645/3645 3604/3604
f 3522/3522 3482/3482 3604/3604
f 3522/3522 3646/3646 3449/3449
f 3647/3647 3272/3272 3449/3449
f 3272/3272 3647/3647 3305/3305
f 3418/3418 3305/3305 3647/3647
f 3648/3648 3418/3418 3647/3647
f 3483/3483 3418/3418 3648/3648
f 3649/3649 3650/3650 3651/3651
f 3484/3484 3652/3652 3419/3419
f 3419/3419 3652/3652 3523/3523
f 3562/3562 3453/3453 3609/3609
f 3609/3609 3563/3563 3653/3653
f 3654/3654 3655/3655 3656/3656
f 3655/3655 3657/3657 3658/3658
f 3655/3655 3658/3658 3656/3656
f 3568/3568 3567/3567 3659/3659
f 3617/3617 3489/3489 3526/3526
f 3531/3531 3617/3617 3660/3660
f 3661/3661 3533/3533 3531/3531
f 3662/3662 3492/3492 3618/3618
f 3663/3663 3618/3618 3491/3491
f 3619/3619 3620/3620 3664/3664
f 3497/3497 3619/3619 3498/3498
f 3665/3665 3666/3666 3498/3498
f 3536/3536 3505/3505 3623/3623
f 3501/3501 3627/3627 3503/3503
f 3633/3633 3634/3634 3667/3667
f 3668/3668 3578/3578 3669/3669
f 3668/3668 3635/3635 3579/3579
f 3578/3578 3668/3668 3579/3579
f 3579/3579 3635/3635 3461/3461
f 3464/3464 3670/3670 3587/3587
f 3638/3638 3550/3550 3671/3671
f 3259/3259 2773/2773 3440/3440
f 3640/3640 3672/3672 3442/3442
f 3512/3512 3300/3300 3673/3673
f 3513/3513 3443/3443 3674/3674
f 3471/3471 3552/3552 3597/3597
f 3395/3395 3597/3597 3360/3360
f 3597/3597 3641/3641 3360/3360
f 3598/3598 3641/3641 3675/3675
f 3676/3676 3522/3522 3604/3604
f 3557/3557 3677/3677 3678/3678
f 3557/3557 3678/3678 3558/3558
f 3557/3557 3605/3605 3677/3677
f 3646/3646 3522/3522 3676/3676
f 3679/3679 3605/3605 3559/3559
f 3449/3449 3646/3646 3647/3647
f 3652/3652 3680/3680 3523/3523
f 3523/3523 3681/3681 3565/3565
f 3523/3523 3565/3565 3486/3486
f 3682/3682 3609/3609 3653/3653
f 3682/3682 3653/3653 3683/3683
f 3653/3653 3684/3684 3683/3683
f 3613/3613 3615/3615 3685/3685
f 3686/3686 3528/3528 3687/3687
f 3526/3526 3688/3688 3617/3617
f 3528/3528 3527/3527 3687/3687
f 3617/3617 3689/3689 3660/3660
f 3571/3571 3690/3690 3691/3691
f 3570/3570 3690/3690 3571/3571
f 3661/3661 3531/3531 3660/3660
f 3498/3498 3692/3692 3665/3665
f 3459/3459 3693/3693 3694/3694
f 3693/3693 3459/3459 3572/3572
f 3666/3666 3695/3695 3696/3696
f 3697/3697 3633/3633 3667/3667
f 3630/3630 3698/3698 3628/3628
f 3631/3631 3576/3576 3699/3699
f 3700/3700 3502/3502 3503/3503
f 3668/3668 3701/3701 3635/3635
f 3577/3577 3585/3585 3702/3702
f 3582/3582 3637/3637 3703/3703
f 3704/3704 3638/3638 3671/3671
f 3509/3509 3705/3705 3592/3592
f 3508/3508 3592/3592 3706/3706
f 3551/3551 3707/3707 3411/3411
f 3440/3440 3708/3708 3511/3511
f 3593/3593 3709/3709 3710/3710
f 3711/3711 3593/3593 3710/3710
f 3593/3593 3711/3711 3328/3328
f 3711/3711 3673/3673 3300/3300
f 3328/3328 3711/3711 3300/3300
f 3329/3329 3595/3595 3712/3712
f 3394/3394 3468/3468 3713/3713
f 3595/3595 3358/3358 3714/3714
f 3714/3714 3358/3358 3412/3412
f 3394/3394 3713/3713 3443/3443
f 3715/3715 3412/3412 3716/3716
f 3412/3412 3469/3469 3716/3716
f 3469/3469 3470/3470 3716/3716
f 3597/3597 3717/3717 3641/3641
f 3474/3474 3599/3599 3473/3473
f 3475/3475 3601/3601 3600/3600
f 3718/3718 3719/3719 3720/3720
f 3446/3446 3554/3554 3721/3721
f 3722/3722 3478/3478 3477/3477
f 3481/3481 3447/3447 3723/3723
f 3447/3447 3724/3724 3723/3723
f 3643/3643 3725/3725 3644/3644
f 3643/3643 3558/3558 3678/3678
f 3604/3604 3726/3726 3676/3676
f 3727/3727 3679/3679 3650/3650
f 3727/3727 3650/3650 3649/3649
f 3648/3648 3728/3728 3483/3483
f 3651/3651 3729/3729 3649/3649
f 3483/3483 3728/3728 3484/3484
f 3728/3728 3652/3652 3484/3484
f 3609/3609 3607/3607 3562/3562
f 3680/3680 3681/3681 3523/3523
f 3681/3681 3730/3730 3565/3565
f 3682/3682 3731/3731 3609/3609
f 3565/3565 3730/3730 3611/3611
f 3732/3732 3733/3733 3734/3734
f 3735/3735 3736/3736 3737/3737
f 3656/3656 3738/3738 3654/3654
f 3685/3685 3615/3615 3739/3739
f 3740/3740 3741/3741 3688/3688
f 3688/3688 3741/3741 3617/3617
f 3742/3742 3739/3739 3615/3615
f 3689/3689 3617/3617 3741/3741
f 3527/3527 3571/3571 3687/3687
f 3571/3571 3691/3691 3687/3687
f 3743/3743 3660/3660 3744/3744
f 3691/3691 3745/3745 3746/3746
f 3745/3745 3691/3691 3690/3690
f 3747/3747 3492/3492 3662/3662
f 3533/3533 3661/3661 3572/3572
f 3692/3692 3619/3619 3664/3664
f 3619/3619 3692/3692 3498/3498
f 3748/3748 3625/3625 3624/3624
f 3666/3666 3665/3665 3749/3749
f 3459/3459 3694/3694 3535/3535
f 3695/3695 3666/3666 3749/3749
f 3535/3535 3694/3694 3750/3750
f 3535/3535 3750/3750 3573/3573
f 3751/3751 3628/3628 3698/3698
f 3752/3752 3573/3573 3750/3750
f 3753/3753 3754/3754 3755/3755
f 3631/3631 3699/3699 3756/3756
f 3754/3754 3753/3753 3757/3757
f 3758/3758 3759/3759 3760/3760
f 3544/3544 3577/3577 3761/3761
f 3762/3762 3761/3761 3577/3577
f 3763/3763 3764/3764 3765/3765
f 3464/3464 3632/3632 3670/3670
f 3766/3766 3591/3591 3589/3589
f 3591/3591 3766/3766 3767/3767
f 3706/3706 3592/3592 3768/3768
f 3467/3467 3769/3769 3324/3324
f 3769/3769 3510/3510 3324/3324
f 3672/3672 3770/3770 3639/3639
f 3639/3639 3442/3442 3672/3672
f 3329/3329 3712/3712 3594/3594
f 3468/3468 3512/3512 3771/3771
f 3713/3713 3674/3674 3443/3443
f 3412/3412 3715/3715 3714/3714
f 3772/3772 3444/3444 3513/3513
f 3444/3444 3773/3773 3552/3552
f 3774/3774 3472/3472 3473/3473
f 3473/3473 3599/3599 3774/3774
f 3718/3718 3598/3598 3675/3675
f 3478/3478 3722/3722 3775/3775
f 3446/3446 3721/3721 3776/3776
f 3724/3724 3447/3447 3777/3777
f 3723/3723 3602/3602 3481/3481
f 3778/3778 3602/3602 3723/3723
f 3779/3779 3780/3780 3781/3781
f 3782/3782 3781/3781 3780/3780
f 3645/3645 3783/3783 3604/3604
f 3784/3784 3785/3785 3786/3786
f 3787/3787 3788/3788 3789/3789
f 3790/3790 3643/3643 3678/3678
f 3791/3791 3790/3790 3678/3678
f 3791/3791 3678/3678 3677/3677
f 3791/3791 3792/3792 3790/3790
f 3791/3791 3677/3677 3792/3792
f 3792/3792 3677/3677 3793/3793
f 3676/3676 3726/3726 3794/3794
f 3677/3677 3605/3605 3793/3793
f 3646/3646 3676/3676 3794/3794
f 3605/3605 3679/3679 3727/3727
f 3647/3647 3795/3795 3648/3648
f 3796/3796 3649/3649 3729/3729
f 3797/3797 3796/3796 3729/3729
f 3798/3798 3799/3799 3800/3800
f 3608/3608 3797/3797 3729/3729
f 3607/3607 3797/3797 3608/3608
f 3797/3797 3607/3607 3801/3801
f 3801/3801 3607/3607 3609/3609
f 3731/3731 3801/3801 3609/3609
f 3802/3802 3803/3803 3804/3804
f 3567/3567 3805/3805 3806/3806
f 3567/3567 3806/3806 3659/3659
f 3744/3744 3689/3689 3807/3807
f 3808/3808 3687/3687 3691/3691
f 3691/3691 3746/3746 3808/3808
f 3689/3689 3744/3744 3660/3660
f 3660/3660 3743/3743 3809/3809
f 3810/3810 3746/3746 3745/3745
f 3660/3660 3809/3809 3661/3661
f 3690/3690 3811/3811 3745/3745
f 3661/3661 3812/3812 3572/3572
f 3625/3625 3748/3748 3813/3813
f 3572/3572 3812/3812 3693/3693
f 3663/3663 3814/3814 3815/3815
f 3698/3698 3816/3816 3751/3751
f 3817/3817 3818/3818 3819/3819
f 3820/3820 3818/3818 3817/3817
f 3821/3821 3822/3822 3823/3823
f 3698/3698 3630/3630 3819/3819
f 3760/3760 3819/3819 3758/3758
f 3760/3760 3817/3817 3819/3819
f 3752/3752 3750/3750 3824/3824
f 3761/3761 3825/3825 3544/3544
f 3701/3701 3634/3634 3635/3635
f 3826/3826 3827/3827 3384/3384
f 3702/3702 3762/3762 3577/3577
f 3632/3632 3828/3828 3670/3670
f 3829/3829 3637/3637 3581/3581
f 3830/3830 3703/3703 3637/3637
f 3592/3592 3705/3705 3831/3831
f 3768/3768 3592/3592 3831/3831
f 3511/3511 3708/3708 3832/3832
f 2773/2773 3708/3708 3440/3440
f 3833/3833 3709/3709 3834/3834
f 3833/3833 3710/3710 3709/3709
f 3835/3835 3710/3710 3833/3833
f 3673/3673 3771/3771 3512/3512
f 3771/3771 3836/3836 3468/3468
f 3837/3837 3595/3595 3714/3714
f 3713/3713 3468/3468 3836/3836
f 3674/3674 3713/3713 3838/3838
f 3674/3674 3772/3772 3513/3513
f 3772/3772 3773/3773 3444/3444
f 3839/3839 3717/3717 3597/3597
f 3774/3774 3840/3840 3472/3472
f 3717/3717 3675/3675 3641/3641
f 3774/3774 3841/3841 3842/3842
f 3841/3841 3774/3774 3599/3599
f 3719/3719 3718/3718 3843/3843
f 3675/3675 3843/3843 3718/3718
f 3517/3517 3844/3844 3518/3518
f 3723/3723 3724/3724 3778/3778
f 3845/3845 3846/3846 3847/3847
f 3847/3847 3846/3846 3848/3848
f 3849/3849 3850/3850 3851/3851
f 3794/3794 3726/3726 3852/3852
f 3605/3605 3853/3853 3793/3793
f 3727/3727 3853/3853 3605/3605
f 3794/3794 3854/3854 3646/3646
f 3647/3647 3646/3646 3854/3854
f 3854/3854 3795/3795 3647/3647
f 3796/3796 3727/3727 3649/3649
f 3680/3680 3855/3855 3681/3681
f 3856/3856 3801/3801 3731/3731
f 3681/3681 3855/3855 3730/3730
f 3803/3803 3857/3857 3858/3858
f 3656/3656 3658/3658 3859/3859
f 3741/3741 3807/3807 3689/3689
f 3687/3687 3808/3808 3860/3860
f 3861/3861 3862/3862 3863/3863
f 3743/3743 3864/3864 3809/3809
f 3865/3865 3866/3866 3867/3867
f 3812/3812 3809/3809 3864/3864
f 3661/3661 3809/3809 3812/3812
f 3618/3618 3663/3663 3815/3815
f 3745/3745 3811/3811 3816/3816
f 3816/3816 3811/3811 3868/3868
f 3816/3816 3868/3868 3751/3751
f 3694/3694 3693/3693 3869/3869
f 3870/3870 3816/3816 3818/3818
f 3694/3694 3869/3869 3871/3871
f 3816/3816 3698/3698 3818/3818
f 3818/3818 3698/3698 3819/3819
f 3750/3750 3871/3871 3872/3872
f 3871/3871 3750/3750 3694/3694
f 3814/3814 3822/3822 3821/3821
f 3750/3750 3872/3872 3824/3824
f 3872/3872 3873/3873 3824/3824
f 3817/3817 3760/3760 3820/3820
f 3874/3874 3824/3824 3873/3873
f 3875/3875 3828/3828 3632/3632
f 3706/3706 3876/3876 3508/3508
f 3877/3877 3704/3704 3671/3671
f 3878/3878 3879/3879 3707/3707
f 3880/3880 3833/3833 3834/3834
f 3835/3835 3711/3711 3710/3710
f 3640/3640 3881/3881 3672/3672
f 3673/3673 3711/3711 3882/3882
f 3640/3640 3594/3594 3883/3883
f 3883/3883 3594/3594 3712/3712
f 3712/3712 3595/3595 3884/3884
f 3595/3595 3837/3837 3884/3884
f 3715/3715 3837/3837 3714/3714
f 3885/3885 3886/3886 3596/3596
f 3596/3596 3886/3886 3470/3470
f 3597/3597 3887/3887 3839/3839
f 3887/3887 3597/3597 3552/3552
f 3719/3719 3843/3843 3888/3888
f 3844/3844 3889/3889 3518/3518
f 3890/3890 3891/3891 3892/3892
f 3893/3893 3894/3894 3895/3895
f 3893/3893 3785/3785 3894/3894
f 3890/3890 3896/3896 3891/3891
f 3897/3897 3891/3891 3896/3896
f 3786/3786 3785/3785 3898/3898
f 3788/3788 3899/3899 3789/3789
f 3900/3900 3792/3792 3793/3793
f 3900/3900 3793/3793 3853/3853
f 3901/3901 3727/3727 3796/3796
f 3648/3648 3795/3795 3728/3728
f 3795/3795 3902/3902 3728/3728
f 3798/3798 3903/3903 3799/3799
f 3796/3796 3797/3797 3904/3904
f 3680/3680 3902/3902 3855/3855
f 3801/3801 3904/3904 3797/3797
f 3856/3856 3904/3904 3801/3801
f 3905/3905 3906/3906 3907/3907
f 3733/3733 3908/3908 3907/3907
f 3733/3733 3732/3732 3908/3908
f 3909/3909 3910/3910 3860/3860
f 3740/3740 3911/3911 3741/3741
f 3911/3911 3807/3807 3741/3741
f 3912/3912 3744/3744 3807/3807
f 3862/3862 3913/3913 3863/3863
f 3865/3865 3914/3914 3866/3866
f 3914/3914 3915/3915 3866/3866
f 3916/3916 3917/3917 3918/3918
f 3816/3816 3810/3810 3745/3745
f 3664/3664 3918/3918 3692/3692
f 3864/3864 3919/3919 3869/3869
f 3869/3869 3812/3812 3864/3864
f 3810/3810 3816/3816 3870/3870
f 3812/3812 3869/3869 3693/3693
f 3869/3869 3919/3919 3871/3871
f 3919/3919 3873/3873 3871/3871
f 3870/3870 3818/3818 3820/3820
f 3871/3871 3873/3873 3872/3872
f 3700/3700 3920/3920 3921/3921
f 3704/3704 3877/3877 3922/3922
f 2773/2773 3923/3923 3708/3708
f 3835/3835 3833/3833 3880/3880
f 3881/3881 3770/3770 3672/3672
f 3924/3924 3881/3881 3640/3640
f 3640/3640 3883/3883 3924/3924
f 3836/3836 3838/3838 3713/3713
f 3470/3470 3886/3886 3716/3716
f 3773/3773 3887/3887 3552/3552
f 3885/3885 3596/3596 3472/3472
f 3840/3840 3885/3885 3472/3472
f 3888/3888 3717/3717 3839/3839
f 3842/3842 3840/3840 3774/3774
f 3717/3717 3888/3888 3843/3843
f 3675/3675 3717/3717 3843/3843
f 3891/3891 3897/3897 3892/3892
f 3925/3925 3893/3893 3895/3895
f 3898/3898 3893/3893 3925/3925
f 3785/3785 3893/3893 3898/3898
f 3899/3899 3926/3926 3789/3789
f 3927/3927 3928/3928 3929/3929
f 3852/3852 3930/3930 3794/3794
f 3794/3794 3930/3930 3854/3854
f 3900/3900 3853/3853 3931/3931
f 3931/3931 3853/3853 3727/3727
f 3901/3901 3931/3931 3727/3727
f 3932/3932 3931/3931 3901/3901
f 3933/3933 3934/3934 3935/3935
f 3932/3932 3901/3901 3936/3936
f 3854/3854 3930/3930 3937/3937
f 3795/3795 3854/3854 3937/3937
f 3936/3936 3901/3901 3796/3796
f 3795/3795 3937/3937 3902/3902
f 3936/3936 3796/3796 3904/3904
f 3938/3938 3939/3939 3940/3940
f 3905/3905 3907/3907 3908/3908
f 3803/3803 3941/3941 3857/3857
f 3909/3909 3860/3860 3808/3808
f 3807/3807 3911/3911 3912/3912
f 3942/3942 3943/3943 3944/3944
f 3943/3943 3945/3945 3944/3944
f 3916/3916 3918/3918 3664/3664
f 3665/3665 3692/3692 3918/3918
f 3946/3946 3947/3947 3948/3948
f 3815/3815 3814/3814 3821/3821
f 3503/3503 3627/3627 3920/3920
f 3700/3700 3503/3503 3920/3920
f 3949/3949 3950/3950 3951/3951
f 3949/3949 3763/3763 3950/3950
f 3948/3948 3827/3827 3826/3826
f 3384/3384 3827/3827 3467/3467
f 3766/3766 3952/3952 3767/3767
f 3953/3953 3954/3954 3955/3955
f 3411/3411 3707/3707 3190/3190
f 3880/3880 3956/3956 3835/3835
f 3957/3957 3770/3770 3881/3881
f 3958/3958 3881/3881 3924/3924
f 3959/3959 3882/3882 3835/3835
f 3711/3711 3835/3835 3882/3882
f 3960/3960 3958/3958 3924/3924
f 3960/3960 3924/3924 3883/3883
f 3882/3882 3959/3959 3961/3961
f 3673/3673 3882/3882 3961/3961
f 3771/3771 3673/3673 3961/3961
f 3883/3883 3712/3712 3962/3962
f 3837/3837 3715/3715 3963/3963
f 3715/3715 3964/3964 3963/3963
f 3964/3964 3715/3715 3716/3716
f 3965/3965 3773/3773 3772/3772
f 3842/3842 3966/3966 3840/3840
f 3967/3967 3968/3968 3969/3969
f 3839/3839 3970/3970 3888/3888
f 3968/3968 3775/3775 3969/3969
f 3971/3971 3935/3935 3934/3934
f 3933/3933 3972/3972 3934/3934
f 3934/3934 3972/3972 3973/3973
f 3973/3973 3972/3972 3905/3905
f 3662/3662 3618/3618 3974/3974
f 3618/3618 3815/3815 3975/3975
f 3749/3749 3665/3665 3918/3918
f 3821/3821 3976/3976 3815/3815
f 3977/3977 3695/3695 3749/3749
f 3821/3821 3823/3823 3976/3976
f 3667/3667 3634/3634 3978/3978
f 3979/3979 3634/3634 3701/3701
f 3827/3827 3980/3980 3467/3467
f 3981/3981 3982/3982 3983/3983
f 3984/3984 3985/3985 3986/3986
f 3952/3952 3987/3987 3767/3767
f 1845/1845 2725/2725 3988/3988
f 3988/3988 1857/1857 1845/1845
f 3832/3832 3708/3708 3989/3989
f 3957/3957 3881/3881 3958/3958
f 3835/3835 3956/3956 3959/3959
f 3990/3990 3991/3991 3992/3992
f 3961/3961 3993/3993 3771/3771
f 3962/3962 3712/3712 3884/3884
f 3965/3965 3674/3674 3838/3838
f 3674/3674 3965/3965 3772/3772
f 3716/3716 3886/3886 3964/3964
f 3886/3886 3994/3994 3964/3964
f 3773/3773 3965/3965 3995/3995
f 3994/3994 3886/3886 3996/3996
f 3996/3996 3886/3886 3885/3885
f 3773/3773 3995/3995 3997/3997
f 3887/3887 3773/3773 3997/3997
f 3887/3887 3997/3997 3839/3839
f 3840/3840 3966/3966 3885/3885
f 3997/3997 3970/3970 3839/3839
f 3997/3997 3998/3998 3970/3970
f 3849/3849 3851/3851 3999/3999
f 3851/3851 3971/3971 3999/3999
f 3971/3971 3934/3934 3999/3999
f 4000/4000 4001/4001 4002/4002
f 3999/3999 3934/3934 3973/3973
f 3973/3973 3905/3905 3908/3908
f 3908/3908 3942/3942 3944/3944
f 3913/3913 3862/3862 3946/3946
f 4003/4003 4004/4004 4005/4005
f 3749/3749 3918/3918 4006/4006
f 4007/4007 4008/4008 4009/4009
f 3764/3764 3763/3763 3949/3949
f 3830/3830 3637/3637 4010/4010
f 3829/3829 4011/4011 4012/4012
f 4010/4010 4013/4013 3830/3830
f 3982/3982 3981/3981 4014/4014
f 3769/3769 4015/4015 3510/3510
f 4016/4016 4017/4017 3955/3955
f 3960/3960 3883/3883 4018/4018
f 4018/4018 3883/3883 3962/3962
f 3993/3993 3961/3961 4019/4019
f 3771/3771 3993/3993 3836/3836
f 3962/3962 3884/3884 4020/4020
f 3884/3884 3837/3837 4020/4020
f 3837/3837 3963/3963 4020/4020
f 3994/3994 3963/3963 3964/3964
f 3965/3965 3838/3838 4021/4021
f 3965/3965 4021/4021 3995/3995
f 4022/4022 3994/3994 3996/3996
f 4023/4023 4022/4022 3996/3996
f 4023/4023 3996/3996 4024/4024
f 3997/3997 4025/4025 3998/3998
f 4025/4025 3997/3997 3995/3995
f 4024/4024 3996/3996 3966/3966
f 3996/3996 3885/3885 3966/3966
f 4026/4026 3967/3967 3969/3969
f 4027/4027 4028/4028 3844/3844
f 4029/4029 4000/4000 3802/3802
f 3803/3803 3802/3802 3941/3941
f 3857/3857 3941/3941 3862/3862
f 3975/3975 4030/4030 3618/3618
f 4003/4003 4031/4031 4004/4004
f 3945/3945 4008/4008 4007/4007
f 3815/3815 3976/3976 3975/3975
f 4006/4006 3977/3977 3749/3749
f 4032/4032 4004/4004 4033/4033
f 4033/4033 4034/4034 4032/4032
f 3979/3979 3978/3978 3634/3634
f 3829/3829 4012/4012 3637/3637
f 4012/4012 4010/4010 3637/3637
f 3955/3955 4035/4035 4016/4016
f 3955/3955 3954/3954 4035/4035
f 4035/4035 3954/3954 4036/4036
f 1843/1843 4037/4037 3296/3296
f 3989/3989 3708/3708 4038/4038
f 4039/4039 4040/4040 4041/4041
f 4042/4042 4043/4043 4044/4044
f 3992/3992 4045/4045 3990/3990
f 4045/4045 4046/4046 3990/3990
f 4047/4047 4018/4018 3962/3962
f 3836/3836 4021/4021 3838/3838
f 3993/3993 4021/4021 3836/3836
f 3963/3963 4048/4048 4020/4020
f 4048/4048 3963/3963 3994/3994
f 4048/4048 3994/3994 4022/4022
f 4049/4049 4050/4050 4051/4051
f 4021/4021 4052/4052 3995/3995
f 4053/4053 3995/3995 4052/4052
f 4053/4053 4025/4025 3995/3995
f 4049/4049 4054/4054 4050/4050
f 4054/4054 4026/4026 4050/4050
f 3998/3998 4025/4025 4053/4053
f 4026/4026 3969/3969 4050/4050
f 3998/3998 4053/4053 3970/3970
f 3969/3969 3775/3775 3722/3722
f 4002/4002 3929/3929 4000/4000
f 4000/4000 4029/4029 4001/4001
f 3974/3974 3618/3618 4030/4030
f 4033/4033 4055/4055 4034/4034
f 3823/3823 4056/4056 3976/3976
f 4057/4057 4058/4058 4059/4059
f 3982/3982 4014/4014 4060/4060
f 3321/3321 3189/3189 4007/4007
f 4044/4044 4043/4043 4061/4061
f 4047/4047 3962/3962 4062/4062
f 4062/4062 3962/3962 4020/4020
f 3993/3993 4019/4019 4021/4021
f 4019/4019 4052/4052 4021/4021
f 4062/4062 4020/4020 4048/4048
f 4000/4000 3941/3941 3802/3802
f 4003/4003 4063/4063 4031/4031
f 4004/4004 4031/4031 4033/4033
f 4036/4036 4064/4064 4035/4035
f 4065/4065 2507/2507 3510/3510
f 4066/4066 4045/4045 4067/4067
f 3844/3844 4028/4028 3889/3889
f 3944/3944 3945/3945 4007/4007
f 4030/4030 3975/3975 4068/4068
f 4068/4068 3975/3975 3976/3976
f 4031/4031 4055/4055 4033/4033
f 4056/4056 4068/4068 3976/3976
f 3257/3257 3256/3256 4069/4069
f 3190/3190 4070/4070 2691/2691
f 4044/4044 4061/4061 4071/4071
f 4051/4051 4050/4050 4072/4072
f 4031/4031 4063/4063 4073/4073
f 4031/4031 4073/4073 4055/4055
f 4074/4074 4068/4068 4056/4056
f 3947/3947 3827/3827 3948/3948
f 4009/4009 3636/3636 4007/4007
f 3190/3190 3707/3707 4070/4070
f 4041/4041 4075/4075 3992/3992
f 3321/3321 4007/4007 3636/3636
f 1843/1843 3004/3004 4037/4037
f 4076/4076 4042/4042 4044/4044
f 4046/4046 4045/4045 4066/4066
f 4065/4065 3357/3357 2507/2507
f 3929/3929 3928/3928 4000/4000
f 3923/3923 2773/2773 2960/2960
f 4067/4067 4077/4077 4028/4028
f 3862/3862 3947/3947 3946/3946
f 3879/3879 3878/3878 4078/4078
f 4071/4071 4072/4072 4044/4044
f 4028/4028 4077/4077 3889/3889
f 3973/3973 3908/3908 3944/3944
f 3296/3296 4037/4037 3256/3256
f 2691/2691 4079/4079 2959/2959
f 4072/4072 4050/4050 3999/3999
f 3879/3879 4078/4078 4080/4080
f 4041/4041 4040/4040 4075/4075
f 4077/4077 3928/3928 3889/3889
f 4081/4081 4044/4044 4072/4072
f 3999/3999 3969/3969 3722/3722
f 3722/3722 3849/3849 3999/3999
f 3941/3941 3947/3947 3862/3862
f 2691/2691 4070/4070 4079/4079
f 4075/4075 4045/4045 3992/3992
f 4050/4050 3969/3969 3999/3999
f 3999/3999 3973/3973 4082/4082
f 4045/4045 4077/4077 4067/4067
f 3707/3707 3879/3879 4070/4070
f 3256/3256 4037/4037 4083/4083
f 4082/4082 3973/3973 3944/3944
f 3980/3980 3827/3827 3510/3510
f 3256/3256 4083/4083 4069/4069
f 4072/4072 3999/3999 4081/4081
f 3189/3189 2881/2881 4084/4084
f 4085/4085 4044/4044 4086/4086
f 4044/4044 4081/4081 4086/4086
f 4087/4087 1857/1857 3988/3988
f 3923/3923 4088/4088 3708/3708
f 4089/4089 3392/3392 1858/1858
f 4000/4000 3947/3947 3941/3941
f 3827/3827 4065/4065 3510/3510
f 3708/3708 4088/4088 4038/4038
f 4065/4065 4090/4090 3357/3357
f 3409/3409 4091/4091 2881/2881
f 4092/4092 3410/3410 3255/3255
f 4093/4093 3410/3410 4092/4092
f 4085/4085 4094/4094 4044/4044
f 4000/4000 4095/4095 3947/3947
f 2959/2959 4096/4096 3297/3297
f 4095/4095 4097/4097 3947/3947
f 4083/4083 4037/4037 4098/4098
f 4099/4099 4007/4007 3189/3189
f 4070/4070 3879/3879 4080/4080
f 3827/3827 4100/4100 4065/4065
f 3257/3257 4069/4069 2725/2725
f 3947/3947 4097/4097 3827/3827
f 2959/2959 4079/4079 4096/4096
f 4070/4070 4101/4101 4079/4079
f 2960/2960 4102/4102 3923/3923
f 4075/4075 4103/4103 4045/4045
f 4045/4045 4103/4103 4077/4077
f 4077/4077 4095/4095 3928/3928
f 4082/4082 3944/3944 4104/4104
f 4097/4097 4100/4100 3827/3827
f 3944/3944 4007/4007 4099/4099
f 2881/2881 4091/4091 4084/4084
f 4100/4100 4090/4090 4065/4065
f 3004/3004 2981/2981 4105/4105
f 4037/4037 3004/3004 4105/4105
f 2725/2725 4069/4069 3988/3988
f 4070/4070 4080/4080 4101/4101
f 4104/4104 3944/3944 4099/4099
f 4106/4106 4096/4096 4079/4079
f 4079/4079 4101/4101 4106/4106
f 3923/3923 4102/4102 4088/4088
f 4081/4081 3999/3999 4107/4107
f 4107/4107 3999/3999 4082/4082
f 3928/3928 4095/4095 4000/4000
f 4099/4099 3189/3189 4084/4084
f 4037/4037 4105/4105 4098/4098
f 3392/3392 4102/4102 2960/2960
f 4086/4086 4081/4081 4107/4107
f 4077/4077 4103/4103 4095/4095
f 4082/4082 4104/4104 4107/4107
f 4104/4104 4099/4099 4108/4108
f 4099/4099 4084/4084 4108/4108
f 3295/3295 4109/4109 2981/2981
f 2981/2981 4109/4109 4105/4105
f 4109/4109 4110/4110 4105/4105
f 4105/4105 4110/4110 4098/4098
f 4110/4110 4083/4083 4098/4098
f 4111/4111 4112/4112 4113/4113
f 4114/4114 4087/4087 4069/4069
f 4069/4069 4087/4087 3988/3988
f 4115/4115 4116/4116 4117/4117
f 4118/4118 4115/4115 4117/4117
f 4119/4119 4115/4115 4118/4118
f 4120/4120 4115/4115 4119/4119
f 4121/4121 4120/4120 4119/4119
f 4111/4111 4120/4120 4121/4121
f 4121/4121 4122/4122 4111/4111
f 4123/4123 4111/4111 4122/4122
f 4124/4124 4112/4112 4123/4123
f 4112/4112 4111/4111 4123/4123
f 4125/4125 4112/4112 4124/4124
f 4126/4126 4125/4125 4124/4124
f 4127/4127 4125/4125 4126/4126
f 4121/4121 4128/4128 4122/4122
f 4123/4123 4122/4122 4129/4129
f 4128/4128 4130/4130 4122/4122
f 4129/4129 4122/4122 4131/4131
f 4130/4130 4132/4132 4122/4122
f 4122/4122 4132/4132 4133/4133
f 4122/4122 4133/4133 4131/4131
f 4131/4131 4133/4133 4134/4134
f 4132/4132 4135/4135 4133/4133
f 4134/4134 4133/4133 4136/4136
f 4135/4135 4137/4137 4133/4133
f 4136/4136 4133/4133 4138/4138
f 4133/4133 4137/4137 4139/4139
f 4133/4133 4139/4139 4138/4138
f 4137/4137 4140/4140 4139/4139
f 4138/4138 4139/4139 4141/4141
# Vertices: 4141, normals: 0, texture coordinates: 4141, faces: 5000

