# https://github.com/mikedh/trimesh
v -0.99575585 -0.99428016 -0.64058363
v -0.98800925 -0.99386121 -0.65203687
v -0.99680888 -0.98365002 0.61092493
v -0.99625478 -0.99039519 -0.27315036
v -0.99428016 -0.99384624 0.43622568
v -0.99728984 -0.98642021 0.43622568
v -0.99734733 -0.98640488 0.50132883
v -0.99428014 -0.99402952 0.49911687
v -0.99339922 -0.99275314 0.60833309
v -0.99722830 -0.97766922 -0.39772064
v -0.99427536 -0.98567494 -0.41139521
v -0.99428016 -0.98631501 -0.22400779
v -0.99696308 -0.97868015 -0.19782693
v -0.99668626 -0.98725903 0.33548577
v -0.99764896 -0.97859809 0.44465074
v -0.99545872 -0.99410451 -0.63670241
v -0.99766874 -0.97070038 -0.19256809
v -0.99752730 -0.93677366 -0.30528119
v -0.98668520 -0.87122165 -0.65498321
v -0.99841166 -0.93003678 -0.51693067
v -0.99427991 -0.95111284 0.62506140
v -0.99781769 -0.98709943 -0.63744144
v -0.99782704 -0.96241701 -0.20219814
v -0.99741699 -0.97871829 -0.09598996
v -0.99580302 -0.93780974 0.62337165
v -0.99668575 -0.99326922 0.06754663
v -0.99790528 -0.89020301 -0.07808289
v -0.99648392 -0.92354083 0.62486380
v -0.99780787 -0.91569598 0.61717967
v -0.99636406 -0.91568094 0.62486380
v -0.99730900 -0.91882627 0.50115025
v -0.99745148 -0.89117838 0.54712918
v -0.99745043 -0.87663501 0.55498485
v -0.99604527 -0.80146923 0.36559336
v -0.99729054 -0.86113714 0.51924537
v -0.99746891 -0.85280152 0.60901965
v -0.99538749 -0.85283236 0.61960802
v -0.99560614 -0.76755718 -0.45027271
v -0.99450923 -0.61908896 0.20041993
v -0.99622244 -0.79567990 0.62062949
v -0.99731971 -0.72727976 0.61521060
v -0.99428016 -0.72704279 0.62203473
v -0.99721524 -0.74550376 0.49934640
v -0.99722072 -0.69585330 0.61505478
v -0.99428016 -0.69560313 0.62250692
v -0.99693389 -0.75358220 -0.64395728
v -0.99514372 -0.59596192 -0.56087648
v -0.99783927 -0.71564846 -0.08686422
v -0.99610611 -0.53785804 0.62017358
v -0.99474665 -0.32098259 0.19856004
v -0.99615588 -0.72319557 -0.31354072
v -0.99680985 -0.57789954 -0.64410546
v -0.99599127 -0.28606204 -0.34588976
v -0.99747615 -0.31033535 0.45481980
v -0.99720715 -0.37518385 -0.64895882
v -0.99596922 -0.27522289 0.61505692
v -0.99477972 -0.28766300 -0.50042160
v -0.99741965 -0.11804542 -0.56143614
v -0.99628727 -0.16953287 0.15662635
v -0.99984235 -0.17836588 0.43896644
v -0.99607649 -0.06565839 0.62303878
v -0.99491788 -0.15200785 0.46318599
v -0.99582227 -0.09823820 0.26606627
v -0.99503434 -0.12665479 -0.27726381
v -0.99540329 -0.07867366 -0.36372860
v -0.99609512 0.15562188 0.45961520
v -0.99461732 0.14197659 -0.52494339
v -0.99735266 -0.04986098 -0.64610777
v -0.99429044 0.15823219 0.62477265
v -0.99691342 0.17449023 0.26569286
v -0.99781130 -0.07272928 -0.11807564
v -0.99367380 0.37118949 -0.64612244
v -0.99664311 0.24858224 -0.28634422
v -0.99473811 0.35311171 0.46034325
v -0.99805362 0.35113184 0.61874717
v -0.99728971 0.50627299 0.55133171
v -0.99338331 0.36436415 -0.56447369
v -0.99608098 0.48857284 0.22778889
v -0.99750245 0.56198442 0.60914397
v -0.99694961 0.56198442 0.61700392
v -0.99428045 0.56168014 0.62050161
v -0.99745351 0.56984437 0.56198442
v -0.99745560 0.57770425 0.56198442
v -0.99740458 0.62329417 -0.03907977
v -0.99742461 0.59124589 0.55776214
v -0.99735767 0.51619715 0.47084340
v -0.99740002 0.60806804 0.57692024
v -0.99748015 0.62486380 0.60128403
v -0.99768943 0.62486380 0.60914397
v -0.99727726 0.62486380 0.61700392
v -0.99428016 0.62486380 0.62048316
v -0.99686461 0.57350344 -0.63943562
v -0.99750388 0.65476063 -0.29411240
v -0.99686510 0.76686712 0.30538039
v -0.99764380 0.67176486 0.61025937
v -0.98870810 0.70618417 0.61454797
v -0.99403989 0.78809761 0.61981436
v -0.99506993 0.79772806 -0.47987227
v -0.99613803 0.83765946 0.51450440
v -0.99788693 0.94913503 0.61639896
v -0.99598240 0.95522998 0.03042541
v -0.99765997 0.94683371 0.23403082
v -0.99340652 0.95800763 0.19308501
v -0.99427420 -0.98808876 -0.10797112
v -0.98939550 -0.98750434 0.13522363
v -0.98905048 -0.98047006 0.34009878
v -0.98906845 -0.98642021 0.43622568
v -0.98915642 -0.98642021 0.49910507
v -0.98952396 -0.98124044 -0.25847456
v -0.98804174 -0.97683149 0.56412564
v -0.98878430 -0.98000830 -0.43544302
v -0.98742994 -0.98083070 -0.31325419
v -0.98913970 -0.97852586 -0.10267103
v -0.98677818 -0.98530070 0.60448126
v -0.98977274 -0.92178705 -0.21160643
v -0.99301022 -0.94712061 0.62486380
v -0.99149472 -0.93926072 0.62486380
v -0.98911421 -0.91558765 0.61892899
v -0.99062682 -0.92703993 0.62253620
v -0.99024156 -0.93354581 -0.14171749
v -0.99002598 -0.91631248 -0.12731424
v -0.98606307 -0.90123632 0.42410140
v -0.98847626 -0.91568979 0.56986835
v -0.99102992 -0.91568094 0.62486380
v -0.98837644 -0.90782100 0.56198442
v -0.98792325 -0.94742991 -0.42420092
v -0.98886753 -0.98404582 -0.05768872
v -0.98949652 -0.88416477 0.45671695
v -0.98951489 -0.85280156 0.56984437
v -0.98987229 -0.85286186 0.58719043
v -0.98963670 -0.85280100 0.60909262
v -0.99124163 -0.85280156 0.61700392
v -0.98869417 -0.94814192 -0.56551124
v -0.98777675 -0.94204060 0.17771779
v -0.98901963 -0.80080995 0.47589095
v -0.98265240 -0.67185284 0.17143551
v -0.98587597 -0.79979873 0.61640080
v -0.98893830 -0.73228568 0.58531104
v -0.98902178 -0.72704279 0.61700392
v -0.98833690 -0.57087667 0.52917186
v -0.98925379 -0.69574332 0.61607784
v -0.98920078 -0.71979370 -0.08867554
v -0.98548969 -0.47550534 -0.24400501
v -0.98501610 -0.52031033 0.61340640
v -0.98999497 -0.48081629 -0.09816260
v -0.98628366 -0.47828421 -0.33465012
v -0.99362509 -0.49873695 0.35233179
v -0.98674805 -0.38248012 -0.58341250
v -0.98820263 -0.18050237 -0.63953872
v -0.98864816 -0.37411844 0.35681023
v -0.98389093 -0.29642523 -0.53725335
v -0.98610342 -0.23953873 -0.58767596
v -0.98501330 -0.26720939 0.60053046
v -0.99088477 -0.14273216 -0.60296800
v -0.99500864 -0.11872726 0.16889766
v -0.99072323 -0.13304432 0.37167544
v -0.99584808 -0.11134344 0.43087830
v -0.98643984 -0.09016580 0.50560420
v -0.98348143 -0.11412780 -0.51407499
v -0.98417387 -0.08423516 -0.51402223
v -0.97932739 0.04956789 -0.29789741
v -0.98651266 0.05013004 0.10500781
v -0.99042166 0.07228444 -0.27739094
v -0.98679026 0.15856139 0.40577200
v -0.98645246 0.20227012 -0.09371157
v -0.98828409 0.22130167 -0.51541944
v -0.99011685 0.27969333 0.01429766
v -0.98891674 0.32918569 -0.07829673
v -0.99066248 0.31375210 0.61587799
v -0.98809886 0.36383958 0.19736805
v -0.98815798 0.54525960 0.03516575
v -0.99320529 0.48420811 0.62497698
v -0.97935363 0.39826298 -0.65331240
v -0.98406346 0.65695555 -0.15668114
v -0.98905532 0.55025822 0.54684887
v -0.98858505 0.56198442 0.56984437
v -0.98863050 0.55891229 0.57768870
v -0.98938337 0.55815807 0.60635110
v -0.99047667 0.56198442 0.61700392
v -0.98948804 0.58030901 0.55920396
v -0.98994271 0.60096317 0.55950756
v -0.98579406 0.57231424 0.17118648
v -0.99007642 0.61700392 0.56198442
v -0.99001723 0.65618022 -0.65835791
v -0.99014693 0.62486380 0.56984437
v -0.99018747 0.62486380 0.57770425
v -0.99061363 0.60906873 0.59727503
v -0.99151415 0.62486380 0.61700392
v -0.99754088 0.93977919 -0.64370711
v -0.98827776 0.69494227 0.49890635
v -0.98957243 0.78902464 -0.18028500
v -0.98944664 0.92725202 0.39031470
v -0.99139055 0.93253354 0.61399871
v -0.99004588 0.93731026 0.17574006
v -0.98960402 0.95855009 -0.65113987
v -0.99497995 0.95626602 -0.44509580
v -0.99684854 0.95703851 0.41382733
v -0.98656109 -0.83989909 -0.28380794
v -0.98437048 -0.75109753 0.21512202
v -0.98381152 -0.80378900 -0.44961725
v -0.98827281 -0.81652174 -0.64266650
v -0.99208562 -0.75658189 -0.34374633
v -0.98939709 -0.71699517 -0.62544345
v -0.98559138 -0.76350127 0.27380190
v -0.97344908 -0.73871651 -0.63827701
v -0.98427499 -0.72307283 0.38645566
v -0.98456786 -0.66158727 -0.32317401
v -0.98004395 -0.52024985 -0.35415929
v -0.97835765 -0.59961810 -0.53357051
v -0.97881226 -0.55010972 0.38573193
v -0.98002464 -0.50935375 0.21560161
v -0.98172005 -0.36606658 0.23965843
v -0.97774528 -0.39169610 -0.34761653
v -0.98467880 -0.38036169 0.61612058
v -0.98590449 -0.24282094 -0.30817648
v -0.98706572 -0.31498237 0.43079776
v -0.97974680 -0.28045286 -0.33621723
v -0.97487764 -0.33067980 -0.64877160
v -0.98907751 -0.21653427 0.45596874
v -0.98532892 -0.15069927 0.17868653
v -0.99494698 -0.13919581 0.36142341
v -0.99571211 -0.13345139 -0.42448313
v -0.98692142 -0.20575655 0.11927140
v -0.98491613 -0.11883878 -0.28640602
v -0.98586381 -0.10739390 0.19337745
v -0.98436704 -0.07956180 -0.56412427
v -0.98632426 -0.08584725 0.61722179
v -0.98960016 -0.12982739 -0.11162897
v -0.98500793 -0.08598088 -0.35061164
v -0.98582386 -0.08647498 0.27526352
v -0.99205976 -0.17842061 -0.65785143
v -0.98465840 -0.02472823 -0.28670673
v -0.98549714 0.09104504 0.61009553
v -0.98331955 0.07030531 0.30784807
v -0.98411929 0.11847236 -0.56162494
v -0.98264008 0.12191445 0.23294652
v -0.98764473 0.05751299 -0.63704194
v -0.98316951 0.19852503 0.20038972
v -0.97930089 0.16487917 -0.64666607
v -0.98638066 0.21477506 -0.28483910
v -0.98561642 0.36864115 -0.30194708
v -0.97324195 0.24759788 -0.32049995
v -0.98095326 0.21868898 0.37108703
v -0.98267547 0.29521281 0.48083815
v -0.98370837 0.37460552 0.38892486
v -0.98010737 0.35806260 0.21986255
v -0.98464778 0.38136851 -0.62924275
v -0.98165989 0.47956490 0.21614858
v -0.98593351 0.47252896 0.58646382
v -0.98131682 0.47337838 -0.33316169
v -0.98529952 0.55775323 0.37713843
v -0.98041979 0.54453038 -0.54567938
v -0.98834427 0.64147047 -0.27077975
v -0.98668931 0.58701960 -0.63976721
v -0.98664314 0.71516252 0.21693861
v -0.98147424 0.66640162 -0.53081105
v -0.98350687 0.79715158 -0.51330754
v -0.98728104 0.76350309 0.37444401
v -0.98508803 0.77141960 0.62147560
v -0.98547701 0.77367412 0.28115800
v -0.98459431 0.86922268 0.46692998
v -0.98619117 0.85129225 0.61692162
v -0.98596756 0.76020189 -0.64044080
v -0.98736555 0.87205191 0.00031384
v -0.98617011 0.94698118 -0.25489215
v -0.98766303 0.94287952 -0.10998631
v -0.98592749 0.94688697 -0.62813419
v -0.98305461 0.94567031 -0.47350320
v -0.98413316 0.94413380 0.39428810
v -0.99758633 0.95784712 -0.18647901
v -0.97071998 0.95589115 -0.07772705
v -0.99313865 0.95882079 0.60312599
v -0.98885900 -0.99272236 -0.64087204
v -0.96774780 -0.75461338 0.21887679
v -0.98375781 -0.78697809 -0.52271550
v -0.97330315 -0.70730580 -0.33872749
v -0.95654146 -0.70267409 0.39821865
v -0.96882130 -0.67218945 0.20782968
v -0.98297785 -0.47644711 -0.52695462
v -0.97773770 -0.36090239 -0.51614056
v -0.97528501 -0.37677516 -0.48258825
v -0.97896023 -0.36588897 -0.56281905
v -0.96265882 -0.26237402 -0.60048691
v -0.98579606 -0.15254878 0.19869194
v -0.99328666 -0.14266129 0.44327983
v -0.98261236 0.10707677 -0.65797582
v -0.96028419 0.13447834 0.42744896
v -0.96344355 0.18317759 0.40631630
v -0.96704476 0.36789872 -0.30293704
v -0.95762608 0.59514597 -0.59008459
v -0.95108002 0.53894873 -0.27726827
v -0.98761938 0.54332525 -0.29012314
v -0.97978378 0.53994946 -0.64581690
v -0.97807031 0.56180689 0.19246425
v -0.98380193 0.75944132 -0.28214555
v -0.98739327 -0.71476685 -0.65197349
v -0.98398823 -0.78963489 -0.37259216
v -0.97403747 -0.80536060 0.30433663
v -0.98503492 -0.52632551 -0.64220585
v -0.98608851 -0.49720157 0.41673458
v -0.97623378 -0.48062945 -0.33826587
v -0.97851155 -0.23470277 0.23768690
v -0.95563334 -0.08013163 -0.30273963
v -0.97666939 -0.06478033 -0.34971870
v -0.97566519 -0.05630100 -0.54841186
v -0.96609953 0.15835889 -0.56279308
v -0.96250786 0.12809138 -0.03359659
v -0.96591717 0.22123548 -0.08395188
v -0.97425834 0.22009286 0.05799820
v -0.96481654 0.24932188 0.38107581
v -0.97250648 0.27596454 -0.03973084
v -0.97780092 0.32050622 -0.56218860
v -0.97882251 0.42766158 -0.53839365
v -0.98242675 0.72870243 0.38417358
v -0.98267170 0.83403058 -0.37806709
v -0.98121560 0.94815360 0.02356226
v -0.84321333 0.95820251 -0.64138975
v -0.95030077 0.95636574 -0.44845259
v -0.96097842 0.95984142 0.61694645
v -0.93644813 -0.50457762 0.18071049
v -0.95314218 -0.41129701 -0.60683764
v -0.95076061 -0.17405427 -0.22969267
v -0.95860725 -0.17705691 -0.03776539
v -0.97746655 -0.14408428 -0.29923618
v -0.97002729 -0.11645661 -0.56931614
v -0.95659935 0.02864119 0.29385834
v -0.95602268 0.19392285 -0.16050680
v -0.94886065 0.24444855 0.12647242
v -0.97426715 0.23783410 -0.54361236
v -0.96505212 0.32091277 -0.08342145
v -0.96596210 0.51617433 -0.60226009
v -0.95134373 0.41121612 0.40535530
v -0.95336112 0.66279850 0.40683422
v -0.95676514 0.82154343 -0.28904316
v -0.93497755 0.94395794 -0.50176378
v -0.97888694 0.94719077 0.17546918
v -0.98273915 0.94808637 0.61857927
v -0.88174872 -0.88269754 -0.65282610
v -0.94463392 -0.83731099 0.00433988
v -0.95242069 -0.83400545 0.06777818
v -0.95299227 -0.82171658 0.00831090
v -0.94997459 -0.69241630 -0.60702963
v -0.98183041 -0.67316939 -0.64386373
v -0.94695171 -0.52191660 0.10432834
v -0.98049322 -0.57638522 0.23315537
v -0.95481186 -0.53433172 -0.59423191
v -0.94892784 -0.61096255 -0.14748834
v -0.92402444 -0.56654121 -0.30990220
v -0.94845460 -0.47482627 0.00884509
v -0.94779366 -0.27294214 0.17881594
v -0.98144889 -0.33578735 -0.66030906
v -0.94932077 -0.15488458 0.16844711
v -0.96537061 -0.11327987 -0.35097788
v -0.94090159 -0.05095020 -0.58338297
v -0.94300091 -0.12400320 0.20628685
v -0.95353703 0.15092956 -0.21002755
v -0.94209479 0.14733007 0.10500436
v -0.95032695 0.31869821 0.41671181
v -0.95934945 0.36453445 0.04991859
v -0.95734761 0.41228521 -0.18295379
v -0.94876298 0.61290865 -0.01454429
v -0.95096536 0.51420979 0.09738034
v -0.94585165 0.54615940 -0.21019941
v -0.97303394 0.67162238 -0.28146052
v -0.95268259 0.72789031 0.04584052
v -0.94452463 0.75776315 -0.25172025
v -0.95104228 0.73681274 -0.17012683
v -0.94994953 0.81595685 -0.00291526
v -0.94296615 0.82299481 -0.49348417
v -0.95238626 -0.83565922 -0.12440378
v -0.95376123 -0.85122699 -0.04695062
v -0.94171089 -0.81934128 -0.48234866
v -0.94289312 -0.65996621 0.14277977
v -0.93725896 -0.72828110 0.42950253
v -0.94560985 -0.64611547 -0.27450436
v -0.92281927 -0.51323021 0.44324109
v -0.95507720 -0.38912773 -0.19410568
v -0.91566854 -0.31746319 -0.64521506
v -0.93425175 -0.25159052 0.46061724
v -0.93880819 -0.13862939 0.07320120
v -0.92660166 -0.12307004 -0.22656060
v -0.94641109 -0.15090729 0.02187770
v -0.94877656 -0.12420735 0.31677275
v -0.93963411 -0.11992453 0.40240203
v -0.94540216 -0.05261605 0.06323837
v -0.94467317 -0.04071809 -0.17366900
v -0.94737863 0.02677452 0.14982459
v -0.93813235 0.06266372 0.20477853
v -0.94406437 0.07590100 -0.10298669
v -0.94148165 0.12660378 0.14916904
v -0.93568428 0.22623141 -0.59681771
v -0.94701210 0.20900496 -0.26612205
v -0.94070225 0.33334631 -0.26530231
v -0.92843710 0.45545992 -0.64193147
v -0.93487285 0.58528975 -0.24854952
v -0.87199055 0.62011446 -0.64498629
v -0.93505905 0.53327735 0.16655075
v -0.94263846 0.75077625 0.18911070
v -0.97456893 0.77339288 -0.64706095
v -0.93915145 0.81972773 -0.17995016
v -0.94100471 0.82582940 0.40258105
v -0.97708727 0.94549880 -0.64336989
v -0.94808193 0.94639783 0.01900358
v -0.95616024 -0.83413940 -0.20833373
v -0.93772716 -0.78652346 -0.25525563
v -0.92359343 -0.75706606 -0.30921053
v -0.93261859 -0.66645314 -0.30703520
v -0.93652772 -0.59802193 0.17515290
v -0.98689717 -0.57309809 -0.64361979
v -0.93389902 -0.51028000 -0.24808049
v -0.93217182 -0.40309048 -0.29976452
v -0.96373472 -0.26081612 -0.23312845
v -0.93323516 -0.25263335 -0.28896923
v -0.94783594 0.07229046 0.41775813
v -0.93296552 0.05913346 0.00376651
v -0.93909629 0.18386122 0.15939591
v -0.94833682 0.17174227 0.43245501
v -0.92548969 0.30204821 0.17811148
v -0.93757877 0.43978180 -0.27572002
v -0.92715202 0.66650775 -0.25217263
v -0.93924128 0.65180941 0.12257911
v -0.93076110 0.76469101 0.16961259
v -0.92015670 0.80657961 -0.25184849
v -0.89270624 0.82864165 0.06592836
v -0.94438026 -0.89823246 -0.64378551
v -0.91669450 -0.80278140 0.15926144
v -0.91774003 -0.71005090 0.16990361
v -0.91098881 -0.13021847 -0.27217702
v -0.92652466 -0.21278620 -0.62302556
v -0.92949853 -0.05811247 -0.26024851
v -0.92348450 0.08099384 -0.27068492
v -0.95269016 0.33450777 -0.60270654
v -0.92122717 0.44916281 -0.63257838
v -0.91139083 0.62315864 0.41268265
v -0.87045495 0.80667803 -0.26885238
v -0.94438593 0.81935914 0.22083081
v -0.92841730 -0.99785982 -0.63770526
v -0.91488651 -0.80575460 -0.35012486
v -0.90892762 -0.10354475 0.17155677
v -0.97903461 -0.08916422 -0.64810378
v -0.91273498 0.09129421 0.45738024
v -0.88632252 0.24012705 -0.61150072
v -0.90243687 0.22752009 0.43418180
v -0.95501213 0.71027920 -0.60550641
v -0.78967614 0.95659404 0.19101537
v -0.92446659 -0.85509696 0.13017262
v -0.92871044 -0.80581079 0.43065489
v -0.92666562 0.35263586 -0.62953133
v -0.80222301 0.73616251 -0.64150100
v -0.95616375 -0.80538832 0.21461195
v -0.90564922 -0.55807748 0.43972168
v -0.93830017 0.35286899 -0.64156224
v -0.90118211 0.81975893 -0.11822393
v -0.94040332 0.82620437 0.12118448
v -0.91434630 0.81238080 0.17683232
v -0.86303901 0.84235015 -0.63897330
v -0.81647575 -0.84999742 -0.21467089
v -0.90854366 -0.86125094 -0.09784057
v -0.84844780 -0.85731582 -0.24792221
v -0.89395267 -0.80733490 -0.30415157
v -0.81182795 -0.83021818 0.40563747
v -0.88966592 -0.70287270 -0.62652155
v -0.90334716 -0.71923000 -0.61673496
v -0.87285894 -0.59734942 -0.63740343
v -0.97812468 -0.65561885 -0.65438830
v -0.90688160 -0.37200077 -0.62036628
v -0.81532682 -0.15107546 0.47422427
v -0.92734778 -0.20501827 -0.65630133
v -0.86558567 0.37188544 0.41503165
v -0.89324495 0.50631652 -0.63619866
v -0.87762396 0.57416140 0.41584350
v -0.88325140 0.66660650 0.41301640
v -0.86514010 -0.41914111 -0.63859999
v -0.87197813 0.23551474 0.46045973
v -0.89088224 0.28598893 -0.62291259
v -0.89193260 0.31004459 0.46058203
v -0.89145663 0.65943624 0.48574218
v -0.74610092 0.82418956 0.22452233
v -0.82318223 0.96032074 -0.02088447
v -0.81053087 -0.80159065 -0.60718009
v -0.88026288 -0.76591145 -0.63931579
v -0.85695403 -0.63397666 -0.64064975
v -0.86305050 -0.63685286 -0.62278907
v -0.86753671 0.06368353 -0.61543819
v -0.85585649 0.18150219 -0.65596368
v -0.88879593 0.58396620 0.46896384
v -0.89489329 0.62976613 -0.61580780
v -0.87298777 0.94391538 0.17045940
v -0.93349678 -0.82937665 0.31389820
v -0.94424842 -0.82498776 -0.60233718
v -0.86736850 -0.78608330 0.42743150
v -0.84895458 -0.53385909 0.42807379
v -0.87924115 0.63390226 0.61694542
v -0.79795711 0.94325368 0.40395813
v -0.80535141 0.94999694 -0.05381847
v -0.86871907 -0.51266243 -0.63993405
v -0.86047276 -0.46655194 -0.62337172
v -0.88547154 -0.15510551 -0.62203997
v -0.87047996 0.62690543 0.53799929
v -0.89042308 -0.99717454 -0.64892019
v -0.85690408 -0.85730702 0.04377887
v -0.84234914 -0.82920904 -0.53878850
v -0.85354337 -0.82464245 0.17039725
v -0.89037689 -0.74800772 -0.64640796
v -0.78834909 -0.39707368 -0.65443888
v -0.87212612 -0.04358313 -0.61324319
v -0.85444971 0.54976366 0.53297756
v -0.83103375 0.59169235 0.54974227
v -0.70954802 0.94628183 -0.25204243
v -0.97839454 0.95809899 0.55995397
v -0.74260334 -0.84491632 -0.16126923
v -0.86795688 -0.76628667 -0.62363680
v -0.90547114 -0.17289738 -0.64452926
v -0.91075975 -0.12319364 0.41228786
v -0.81615366 0.32583950 0.44116273
v -0.84303057 0.54754606 0.59537553
v -0.82841451 0.81490647 0.01227786
v -0.81684862 0.83009817 -0.40050243
v -0.92310020 0.86316757 -0.65537166
v -0.88928848 -0.85493808 0.14772177
v -0.78865606 -0.80333234 0.13967739
v -0.77614444 0.10938059 -0.63513447
v -0.84013832 0.22953222 -0.64185442
v -0.81779314 0.42372874 0.41203369
v -0.85094935 0.55237688 0.49213610
v -0.85579608 0.82771931 0.37290303
v -0.83783575 0.15003786 -0.61002989
v -0.77812079 0.26305394 0.45107341
v -0.84419872 0.39500800 0.46323929
v -0.81607929 0.49803225 0.55303315
v -0.86890853 -0.82837425 -0.63404794
v -0.86914045 -0.54690801 -0.65526763
v -0.91150116 0.15599862 0.46565552
v -0.80453958 0.20562496 -0.63514611
v -0.89368075 0.55120025 -0.65369814
v -0.83444159 0.62054972 0.64802077
v -0.83247451 0.68133335 0.47837815
v -0.78825733 0.38355544 0.46521849
v -0.82102528 0.57582209 0.56880224
v -0.80494425 0.65543769 0.58163579
v -0.94623380 0.83052843 -0.59549963
v -0.83139961 0.93725046 -0.64369663
v -0.79862380 -0.71396823 0.43109169
v -0.79631631 -0.48530271 0.43305338
v -0.83316398 0.00087804 0.46977404
v -0.79830347 0.12299316 -0.63965546
v -0.79755810 0.57306036 0.42026536
v -0.80518208 0.69196032 0.41771824
v -0.76516322 0.80404621 0.15723695
v -0.73660034 0.82820677 0.11845774
v -0.74745100 -0.77103922 -0.29548741
v -0.82112298 0.02144771 -0.64535689
v -0.81221433 0.06423958 0.44750896
v -0.81014385 0.41419392 0.46412191
v -0.78927005 0.59556609 0.51136803
v -0.80112793 0.63032134 0.53081073
v -0.81645157 0.71277258 -0.65831946
v -0.78477544 0.80985179 -0.09134419
v -0.67910233 -0.13379428 -0.65482400
v -0.78272599 0.60852086 0.42289892
v -0.83456689 0.82125781 -0.19203427
v -0.69317334 -0.80865558 -0.65955133
v -0.80204361 -0.82524334 -0.41317438
v -0.72450884 0.32389200 0.42976866
v -0.76169520 -0.45806307 0.41467248
v -0.82839686 -0.01955475 0.42131762
v -0.76023619 0.81231040 0.40282589
v -0.74788242 0.81522772 -0.13281689
v -0.69074033 -0.98278647 -0.63599926
v -0.72370171 -0.78970860 -0.64820407
v -0.76067425 -0.22929439 0.45787634
v -0.72931905 0.81314035 -0.22263952
v -0.76245352 0.83019583 -0.49927936
v -0.75853612 -0.86755747 0.03455493
v -0.70394986 -0.86919195 -0.01319414
v -0.76983829 -0.82791883 0.22004317
v -0.78644151 -0.86167428 -0.63943628
v -0.77206941 -0.13773099 -0.64195358
v -0.74773697 -0.02299825 -0.63061634
v -0.73617583 0.70167030 0.41591817
v -0.75633960 0.70088058 -0.07219787
v -0.75280129 0.72231642 0.15251867
v -0.76686627 -0.82539070 0.12103489
v -0.74137979 -0.78929055 0.18432432
v -0.75148704 0.07624666 0.46031972
v -0.75457766 0.22717728 0.42968237
v -0.73843004 0.31408431 0.45914736
v -0.75963533 0.80294191 -0.07465663
v -0.75978186 0.94899381 0.61909701
v -0.74134006 -0.69902132 0.42037086
v -0.68769506 0.13760225 0.42151615
v -0.73258664 0.70881079 0.13579480
v -0.73993278 0.77583365 -0.24644872
v -0.65857021 0.82501543 -0.50611609
v -0.75895354 0.81638017 -0.25981890
v -0.70598506 -0.81435960 0.41965177
v -0.71867159 -0.76161284 0.43032950
v -0.73327789 0.18377935 0.45999531
v -0.72745955 0.56533256 0.41883499
v -0.72885080 0.73806697 -0.12229302
v -0.74034452 0.73022262 0.03965797
v -0.73911480 0.82701787 0.36766891
v -0.71734638 0.94754254 -0.63065024
v -0.70772345 -0.74491876 -0.63694463
v -0.73279266 0.08775044 0.43385036
v -0.72753315 0.49361761 0.15869526
v -0.71061192 0.55634026 0.37884446
v -0.72278373 0.61337992 0.14639469
v -0.73523260 0.66340671 -0.24371359
v -0.71867928 0.64876347 -0.06267824
v -0.72504239 0.69013411 0.28217822
v -0.69540713 0.95843425 0.61762604
v -0.69333503 -0.81970968 0.29335181
v -0.72576433 -0.56184276 -0.65486415
v -0.68400989 -0.36858892 0.43686402
v -0.76878897 -0.11917818 -0.60911127
v -0.70975363 0.39053396 0.42018901
v -0.70978430 0.59197070 0.18869377
v -0.71025788 0.50748030 0.25403798
v -0.71260463 0.64741393 0.19666112
v -0.72146411 0.63540838 0.27330533
v -0.71548772 0.65927225 0.33288407
v -0.59590049 0.89764815 -0.65347685
v -0.70778246 -0.11909199 0.42291947
v -0.70728901 0.26551403 0.16440568
v -0.69499831 0.36227561 0.28339141
v -0.70159714 0.32753818 0.41498645
v -0.72456546 0.44790592 0.17900398
v -0.72123572 0.65767733 -0.17030968
v -0.62177684 0.69655385 -0.62056914
v -0.70471023 -0.79325620 -0.24947294
v -0.69980160 -0.51812824 0.41679524
v -0.65952141 -0.12770581 -0.59616860
v -0.71585753 0.11456887 0.17071332
v -0.69112348 0.12725554 -0.64366743
v -0.70027449 0.40730796 -0.24740915
v -0.70322920 0.56464773 -0.23882933
v -0.70327689 0.57119638 -0.22589405
v -0.69036300 0.58209989 0.06770367
v -0.70865971 0.70644421 0.09695684
v -0.70580112 0.81729560 -0.59954890
v -0.65547780 0.95674541 0.47318624
v -0.69725610 -0.89908562 -0.65473645
v -0.71009269 -0.82333931 -0.44296240
v -0.67742137 -0.75615560 -0.23812661
v -0.68815531 -0.70621694 0.39644026
v -0.67580224 -0.55149714 -0.63076051
v -0.70626213 -0.50665249 -0.64004096
v -0.72283426 -0.50830583 -0.65597879
v -0.69087207 -0.11654344 0.42168630
v -0.64984919 -0.02550696 -0.61633466
v -0.69093839 0.19358926 -0.63432560
v -0.69594385 0.12003097 0.25902680
v -0.68380646 0.16969573 0.19629813
v -0.69262456 0.21501531 0.41737239
v -0.68910323 0.62944710 0.11780094
v -0.72620701 0.67384792 -0.26284436
v -0.74215411 0.74443882 -0.64268922
v -0.71597229 -0.99069151 -0.64800433
v -0.67480775 -0.84551586 0.08487241
v -0.74112656 -0.79210410 -0.39820830
v -0.68447909 -0.76890389 -0.28059789
v -0.68187794 -0.14388074 0.47184563
v -0.70764147 -0.10490051 0.18993327
v -0.68485686 -0.11604573 0.32853446
v -0.68937342 0.03960813 0.40143810
v -0.69045878 0.04121132 0.18767987
v -0.68392500 0.07943172 0.27156664
v -0.67357709 0.35626860 -0.65631084
v -0.67970653 0.44828879 -0.20128699
v -0.61283015 0.78518697 -0.64139103
v -0.63275064 0.94186848 -0.64355949
v -0.61577970 -0.79016602 -0.34615259
v -0.67563032 -0.83446075 -0.10626120
v -0.67776175 -0.78383647 0.15190255
v -0.66899851 -0.78638632 0.21782360
v -0.68427838 -0.64622939 0.19130945
v -0.68448152 -0.52157148 0.17310433
v -0.66348244 -0.51817252 -0.65226863
v -0.68010866 -0.36756343 0.18790172
v -0.68598770 -0.27042968 0.18078449
v -0.65463380 -0.14531621 0.35461878
v -0.66743378 -0.14083669 0.19448035
v -0.61013912 -0.10396538 0.16387157
v -0.68346697 0.26741673 0.25444531
v -0.52560065 0.95481600 0.61810486
v -0.66386054 -0.85545950 0.13860516
v -0.66864648 -0.56154888 0.26733925
v -0.68623669 -0.47594027 0.38728215
v -0.65466850 -0.25583241 0.29235828
v -0.65281905 -0.15611029 0.44533119
v -0.65585800 0.16902662 0.27913299
v -0.65301183 0.18818141 -0.24939808
v -0.66981863 0.52600011 -0.06229131
v -0.67488961 0.47239033 0.12333031
v -0.66020984 0.65324431 -0.62929592
v -0.64739809 0.83016045 -0.41310538
v -0.70254612 0.95555464 -0.65355414
v -0.67193250 -0.81475559 -0.57539498
v -0.66937721 -0.61284319 -0.65466988
v -0.67449713 -0.57577057 -0.64183205
v -0.66010738 -0.37220053 0.25092874
v -0.73718818 -0.26031841 -0.65718189
v -0.68883532 -0.06670104 0.18855517
v -0.66510053 0.05612216 -0.26653680
v -0.69607042 0.12101089 -0.62706047
v -0.66904207 0.16653871 0.42244338
v -0.68089284 0.27469475 -0.24228300
v -0.64986547 0.32615137 -0.62968915
v -0.66288952 0.34703667 -0.19842867
v -0.65825519 0.38129928 0.11588591
v -0.65229674 0.49908979 -0.26751730
v -0.64984810 0.63657753 -0.27031463
v -0.49926021 0.96176182 0.29126638
v -0.63004590 -0.64894751 -0.64232461
v -0.65561710 -0.34421899 0.16223124
v -0.65455572 -0.00579614 -0.24788814
v -0.62886643 -0.01038494 0.15875269
v -0.65160592 0.10164106 -0.25379975
v -0.65824607 0.24823158 -0.61225776
v -0.64684505 0.23695176 0.12155300
v -0.65681050 0.80951579 -0.28157214
v -0.64909467 0.74151920 -0.33356182
v -0.64739035 0.80107181 -0.53931842
v -0.53469439 0.94122193 0.09300933
v -0.65047906 0.95876590 -0.24331048
v -0.62392619 -0.80130012 -0.29326553
v -0.64855525 -0.57639083 -0.26937395
v -0.64512089 -0.61355524 0.15437561
v -0.63975773 -0.47433871 -0.26504938
v -0.64475044 -0.38425781 -0.25979187
v -0.64227537 0.17097473 0.16164017
v -0.64686322 0.21237841 -0.10510440
v -0.62249355 0.34523340 -0.61000988
v -0.68137186 0.60555908 -0.64465645
v -0.65192277 0.63739878 -0.35394372
v -0.65645238 0.68216353 -0.63952381
v -0.63755964 0.58854424 -0.51719371
v -0.64209380 0.72558200 -0.41502165
v -0.65217913 -0.81160011 -0.58931821
v -0.65692135 -0.76196785 -0.26848397
v -0.64293698 -0.70675143 -0.65584336
v -0.63653634 -0.77586607 0.13770980
v -0.61863311 -0.46297161 -0.64134915
v -0.66800997 -0.49995110 -0.63362663
v -0.62620431 -0.42159607 0.12517953
v -0.62241752 -0.08120874 -0.64411942
v -0.63952219 0.06079185 -0.00858004
v -0.64659544 0.12270792 0.14189406
v -0.63184499 0.12433553 -0.15095860
v -0.63053519 0.13348489 0.03785111
v -0.63568326 0.24218398 -0.00790753
v -0.67916514 0.32281943 -0.25253546
v -0.63864648 0.35660148 -0.03587419
v -0.62139134 0.42926046 -0.62980886
v -0.63681696 0.55775711 -0.29092938
v -0.63503231 -0.86785076 0.08340162
v -0.63214239 -0.85433775 -0.20187438
v -0.63569665 -0.81436317 -0.17029395
v -0.63081620 -0.71049214 -0.26552549
v -0.62290855 -0.70071437 0.12159482
v -0.62980680 -0.58011556 -0.00082800
v -0.61381079 -0.27610452 -0.64130607
v -0.61382376 -0.23999095 0.14750006
v -0.62766801 -0.21216358 -0.24594872
v -0.62678807 -0.07864419 -0.25522665
v -0.64815444 -0.01702024 -0.22899675
v -0.63621411 -0.06886856 -0.61188711
v -0.62305894 0.02945069 -0.15690860
v -0.63011413 0.43369886 -0.50418991
v -0.63277247 0.64125504 -0.42014245
v -0.61447488 -0.88202116 -0.08057066
v -0.61677443 -0.86151619 -0.16475820
v -0.62787505 -0.83719611 -0.05323343
v -0.60675338 -0.83386945 -0.54637834
v -0.62757410 -0.74166936 -0.49155358
v -0.60165305 -0.67864696 -0.63222567
v -0.62470692 -0.72977386 -0.63869371
v -0.61223916 -0.65946862 -0.29367438
v -0.61844315 -0.67249420 -0.65535600
v -0.61897768 -0.48365079 -0.22993209
v -0.62453968 -0.48162285 0.05671100
v -0.60612446 -0.41376628 0.08800027
v -0.61911512 -0.32319006 -0.60942512
v -0.61000505 -0.24808780 -0.63267515
v -0.62757302 -0.11058342 -0.25015834
v -0.61655710 0.29885696 -0.28416889
v -0.64527698 0.46590186 -0.64527196
v -0.64605700 0.47214276 -0.62100089
v -0.62532814 0.82389568 -0.64296636
v -0.72896927 0.95576221 -0.59238582
v -0.61907324 -0.84703837 0.08661676
v -0.61303889 -0.84197467 -0.21639806
v -0.60229572 -0.82206721 -0.47241571
v -0.62564625 -0.78539744 -0.44141912
v -0.61513118 -0.79587280 -0.61402670
v -0.60562687 -0.66486571 -0.33906140
v -0.60091210 -0.77276652 -0.19571636
v -0.60900853 -0.64987611 -0.20536568
v -0.61689032 -0.61921579 -0.05355942
v -0.61028516 -0.69035180 -0.43178957
v -0.62374985 -0.68633712 -0.10923562
v -0.61342173 -0.43842816 -0.51467713
v -0.61583502 -0.54845983 -0.15049908
v -0.60123066 -0.43288956 -0.01182294
v -0.62116769 -0.45325654 -0.61326760
v -0.61315490 -0.21222595 -0.51560068
v -0.62115422 -0.10858872 -0.34302402
v -0.62776540 0.06161376 -0.60006801
v -0.61330388 0.14060218 -0.26401617
v -0.62889805 0.12574975 -0.60620071
v -0.60173891 0.10163426 -0.50294027
v -0.62899535 0.21486972 -0.59750747
v -0.60369900 0.19720942 -0.40156800
v -0.61033251 0.21636137 -0.29456922
v -0.61061363 0.34593682 -0.40650167
v -0.63237611 0.44076811 -0.35216228
v -0.60643618 0.50822889 -0.63200114
v -0.62272158 0.62033947 -0.61901374
v -0.61630835 0.79934171 -0.57236852
v -0.60803317 -0.80025267 -0.06067271
v -0.61179723 -0.83738033 -0.49492107
v -0.61924279 -0.81923863 -0.44209485
v -0.60368585 -0.87388306 0.00405501
v -0.60058694 -0.60925574 -0.41011300
v -0.59656818 -0.48724125 -0.29937454
v -0.60818331 -0.31062007 -0.15019752
v -0.59769220 -0.33094129 -0.50190812
v -0.60962212 -0.30002152 -0.07036237
v -0.63067666 -0.15681952 -0.64111138
v -0.59983651 -0.11487341 0.13285058
v -0.61400731 0.02196910 0.05472857
v -0.60547361 0.02869803 -0.48818595
v -0.60532747 0.11848747 -0.64276354
v -0.52189198 0.16004543 -0.51313931
v -0.61003452 0.21133462 -0.64024757
v -0.63080124 0.27892099 -0.50993197
v -0.60725226 0.35615590 -0.64003549
v -0.59061764 0.58114784 -0.64143764
v -0.58716855 0.61346561 -0.52910769
v -0.58254527 0.63889362 -0.63797119
v -0.61881886 0.69859867 -0.53927951
v -0.59770628 -0.87299099 -0.10951400
v -0.59285527 -0.86654508 -0.34564922
v -0.59444230 -0.78599809 -0.54440052
v -0.59635545 -0.71299082 -0.51426719
v -0.60955862 -0.57456615 -0.48188140
v -0.59884950 -0.45830788 -0.42545115
v -0.58477162 -0.43880560 -0.58575296
v -0.59617971 -0.39444029 -0.09829626
v -0.60048004 -0.37516648 -0.30295414
v -0.59308038 -0.38441089 0.00302106
v -0.59852420 -0.37274330 -0.46204992
v -0.59771656 -0.26297806 0.06013844
v -0.57304040 -0.09876864 -0.61064373
v -0.60025445 -0.10580743 -0.22924117
v -0.59384670 -0.06974576 -0.41428915
v -0.60059579 -0.07619675 0.05738761
v -0.60207419 0.02333756 -0.27522341
v -0.60138302 0.01481040 -0.01979508
v -0.60481742 -0.00811373 -0.36075862
v -0.59310700 0.11065608 -0.40272134
v -0.59218319 0.15950090 -0.30669088
v -0.66772977 -0.92634965 -0.64182541
v -0.59859342 -0.85726913 -0.46036441
v -0.59794453 -0.83391574 -0.65763842
v -0.60388739 -0.82119006 -0.35337302
v -0.60136704 -0.60177053 -0.60085752
v -0.59457254 -0.29664993 -0.31483087
v -0.59381936 -0.28537610 -0.44701807
v -0.58303542 -0.13826847 -0.41614687
v -0.58956538 -0.16332558 -0.26754260
v -0.58357969 -0.06885690 -0.13667084
v -0.59233887 -0.09523625 -0.27690100
v -0.58903257 -0.07366274 -0.27341651
v -0.59033499 0.50822056 -0.65482043
v -0.60484766 0.73562763 -0.53246150
v -0.52460383 -0.23661248 -0.50321587
v -0.59259576 -0.17028611 -0.62467253
v -0.57379052 -0.18590144 -0.34629541
v -0.62701275 0.94685342 -0.63156924
v -0.58416441 -0.61217186 -0.64521358
v -0.57676961 -0.52675832 -0.56292184
v -0.57731684 -0.33643537 -0.60783935
v -0.55642967 -0.31665809 -0.64269497
v -0.59717346 -0.21663944 -0.59696103
v -0.54458047 -0.23774865 -0.63051869
v -0.59957850 -0.08480337 -0.48790263
v -0.54529584 -0.04752006 -0.48479717
v -0.54520853 0.05590423 -0.47827699
v -0.63697325 0.72479883 -0.65241165
v -0.53403375 0.96111226 -0.23570015
v -0.48754932 -0.93917912 -0.65368355
v -0.50011020 -0.55195143 -0.65245728
v -0.60715055 -0.99467766 -0.64091837
v -0.55077882 0.27580082 -0.65158456
v -0.55554894 0.31994009 -0.52844913
v -0.57906371 0.47585169 -0.51095162
v -0.77532565 0.94677720 -0.63053811
v -0.50025302 -0.64793851 -0.65928776
v -0.60808360 -0.71442872 -0.45992197
v -0.66583656 0.11353639 -0.65534648
v -0.62578224 0.20959200 -0.50708171
v -0.61387234 -0.99684807 -0.65177807
v -0.42523241 0.74113324 -0.65479630
v -0.57071708 -0.44306007 -0.57791905
v -0.49210947 -0.36912357 -0.61719634
v -0.52973136 -0.15192590 -0.49281497
v -0.54565158 0.66502892 -0.52138472
v -0.56187351 0.78638571 -0.64172211
v -0.29008992 0.94640372 -0.50557496
v -0.57912375 0.94459554 -0.17043779
v -0.58818372 -0.87671951 -0.64448985
v -0.48397074 -0.71369125 -0.51031350
v -0.58098797 -0.62160808 -0.54920151
v -0.43140826 0.48126975 -0.51881537
v -0.44224587 0.94726482 -0.62907962
v -0.52037742 -0.50384221 -0.55882576
v -0.52982440 -0.40738414 -0.55438207
v -0.48692323 -0.42670854 -0.64077119
v -0.52634261 0.59669774 -0.51052164
v -0.53403382 0.01390299 -0.51800027
v -0.48347895 -0.80550946 -0.64111739
v -0.57192899 -0.67562654 -0.54525981
v -0.51102473 -0.56747865 -0.62107079
v -0.42364819 0.35445375 -0.52722984
v -0.50573613 -0.49348496 -0.60077765
v -0.56833245 -0.39258107 -0.65567350
v -0.50479847 0.95581310 -0.00275005
v -0.47638718 -0.67951040 -0.42914197
v -0.43185108 -0.49818147 -0.54065124
v -0.23297972 0.94010351 -0.06562216
v -0.41407648 0.71729177 -0.53349339
v -0.44444988 -0.26100662 -0.48871230
v -0.36037206 0.59037275 -0.52917373
v -0.46473855 -0.67855148 -0.54614164
v -0.50691635 -0.56215391 -0.48869959
v -0.44706105 -0.56685108 -0.64578496
v -0.45305781 -0.50259568 -0.64279953
v -0.42089815 -0.01110658 -0.52457085
v -0.42599142 0.64563618 -0.50728168
v -0.44909983 0.76560789 -0.52972879
v -0.50862196 0.81715065 -0.60417304
v -0.46288301 -0.61292342 -0.43269496
v -0.45913252 -0.60369482 -0.53290226
v -0.46434295 -0.53559136 -0.60203111
v -0.43014961 -0.14985936 -0.51130364
v -0.46033787 -0.06984223 -0.49188827
v -0.53897238 0.94370516 0.58117079
v -0.57064509 0.95892405 -0.65628140
v -0.44732103 -0.68062037 -0.40055981
v -0.41175694 -0.32329784 -0.52390315
v -0.49359574 0.27144553 -0.50046622
v -0.42974134 0.82878811 -0.64118651
v -0.52881107 0.94296979 0.62210608
v -0.51195473 0.95006412 0.30966506
v -0.35897549 -0.59700947 -0.52701423
v -0.48956650 0.07355019 -0.50640161
v -0.47885150 0.82306747 -0.53399932
v -0.56104045 0.94751165 -0.32523781
v -0.44398639 -0.74177055 -0.46567514
v -0.41536207 -0.47837648 -0.63048714
v -0.44582172 -0.75929623 -0.64433545
v -0.42102566 -0.68408083 -0.59194507
v -0.41876855 -0.51830437 -0.46997692
v -0.41541905 0.94928066 -0.62641787
v -0.34772592 -0.69264746 -0.40638261
v -0.41774324 -0.57648856 -0.47412953
v -0.33061512 0.96086830 -0.19067015
v -0.41949977 -0.78168914 -0.62820014
v -0.43096319 0.94638794 -0.61924200
v -0.39978658 -0.74362376 -0.50716108
v -0.41060029 -0.66664100 -0.62643696
v -0.33646653 -0.08322849 -0.49082467
v -0.35182062 0.19944736 -0.49639359
v -0.40206827 0.53264045 -0.51922407
v -0.40631623 -0.20636019 -0.48405259
v -0.42631601 0.95904649 -0.65156943
v -0.31005226 0.95928434 -0.63275484
v -0.41812511 -0.98979529 -0.63934130
v -0.42036352 -0.58045104 -0.56844413
v -0.36234854 0.83511385 -0.60143851
v -0.45857923 0.95718376 -0.52482041
v -0.39954387 -0.72901348 -0.50581602
v -0.40365834 -0.66582735 -0.59065496
v -0.39803721 -0.60581209 -0.39410714
v -0.36928323 -0.53697209 -0.46397525
v -0.38488564 0.45640452 -0.43682516
v -0.32968522 0.94724057 -0.19999034
v -0.32686994 0.95476702 -0.34603345
v -0.37309376 -0.75480489 -0.50827082
v -0.35057764 0.36160604 -0.42678494
v -0.34884104 0.47762932 -0.41766993
v -0.36655920 0.79771080 -0.50970646
v -0.44846695 -0.98667221 -0.65093608
v -0.34662333 -0.67172253 -0.62510072
v -0.36002445 -0.59374908 -0.59239935
v -0.37060154 -0.67387400 -0.59491107
v -0.35303661 -0.38168864 -0.52400409
v -0.39422155 -0.94642622 -0.64208468
v -0.33953716 -0.72844068 -0.45448865
v -0.36689112 -0.47687782 -0.48185156
v -0.37403648 0.40258724 -0.39740191
v -0.32571399 -0.78671511 -0.63968467
v -0.33853527 0.35694691 -0.51408899
v -0.32832599 0.42807981 -0.39129961
v -0.33610246 0.53341046 -0.49132075
v -0.41179515 0.94565389 0.12142601
v -0.30175555 0.94922119 0.61676014
v -0.29548596 0.95991809 0.61958429
v -0.21385976 -0.86347571 -0.64933369
v -0.31535977 -0.62936916 -0.57941409
v -0.30288563 -0.62817575 -0.42148027
v -0.33095191 0.12452617 -0.49537622
v -0.33426808 0.52895064 -0.44651998
v -0.35517338 0.58095604 -0.38602313
v -0.28098234 -0.86432092 -0.65981542
v -0.33882367 -0.63444989 -0.63860630
v -0.39514847 -0.66305169 -0.65685537
v -0.33563620 -0.58020022 -0.44862655
v -0.32928483 -0.48610405 -0.53518281
v -0.31066745 -0.24328686 -0.49114785
v -0.32058930 0.62492635 -0.50128562
v -0.31832686 -0.99428016 -0.65287513
v -0.31832686 -0.99845588 -0.64844358
v -0.33752193 -0.99428009 -0.64099935
v -0.31832686 -0.98642021 -0.64119619
v -0.35418395 -0.72991257 -0.59834720
v -0.32081651 -0.59101903 -0.46627529
v -0.31562385 -0.29555103 -0.66366333
v -0.31997127 0.39168620 -0.42893514
v -0.32798461 0.60834802 -0.44046507
v -0.41326200 0.93883416 -0.64203538
v -0.29417379 -0.97861428 -0.65357357
v -0.32032331 -0.74773353 -0.63086956
v -0.31920431 -0.57659877 -0.54830699
v -0.30869894 -0.00755954 -0.51282156
v -0.31033414 -0.97856026 -0.64210201
v -0.32772570 -0.79962303 -0.65588533
v -0.31628792 -0.71748349 -0.52642024
v -0.28923742 -0.54372247 -0.53557461
v -0.32506460 -0.51822383 -0.44565336
v -0.30901701 0.29959408 -0.50243649
v -0.31361216 0.34940011 -0.48154658
v -0.32889729 0.42935770 -0.49347071
v -0.29199601 0.47408708 -0.36551990
v -0.29810920 0.56405068 -0.46449161
v -0.29267453 0.84062768 -0.52121840
v -0.32174892 0.79920955 -0.64205427
v -0.39140016 0.95173586 -0.09057330
v -0.40952324 0.95801743 0.17147721
v -0.29029917 -0.66397927 -0.57136987
v -0.28234116 0.41733497 -0.48945045
v -0.32531967 0.42970478 -0.45911121
v -0.30654366 0.62125152 -0.39392918
v -0.29746581 0.82455950 -0.65529495
v -0.26553337 -0.65008191 -0.50273186
v -0.27848626 -0.67692540 -0.46436048
v -0.30307985 -0.28417145 -0.47448505
v -0.30478663 0.20128097 -0.50688991
v -0.26716178 0.34443622 -0.45774222
v -0.30089841 0.51997704 -0.39106657
v -0.24869986 0.55001203 -0.50630838
v -0.31625024 0.66782345 -0.42923744
v -0.30864643 -0.19222146 -0.48200095
v -0.30214222 0.66696690 -0.50800982
v -0.27106426 0.82185697 -0.56021330
v -0.24164121 0.81815516 -0.64437518
v -0.26298229 -0.97855773 -0.65346990
v -0.26109397 -0.76448459 -0.62015531
v -0.25731235 -0.60437016 -0.55655743
v -0.28168387 0.58316447 -0.51880028
v -0.24274836 0.60434730 -0.39989757
v -0.23540963 0.66971534 -0.45080667
v -0.29302980 0.78551789 -0.65815845
v -0.26388914 0.79906085 -0.64150409
v -0.25779530 -0.46427426 -0.54048670
v -0.24555154 -0.32238980 -0.51475092
v -0.30559254 0.36493573 -0.38660461
v -0.24398145 0.56011078 -0.39183217
v -0.24571344 0.80576757 -0.65397417
v -0.23094464 0.94577823 0.34857647
v -0.29686651 0.94739313 0.57214125
v -0.25544748 -0.99428016 -0.65267301
v -0.26081115 -0.99829395 -0.64838662
v -0.25544748 -0.98642021 -0.65357596
v -0.29366488 -0.62434382 -0.55288541
v -0.23971461 0.32916786 -0.44135402
v -0.28497561 0.71570062 -0.53503482
v -0.24029387 0.00751919 -0.51310984
v -0.26349007 0.29906222 -0.49294449
v -0.23071345 0.42424889 -0.41978261
v -0.20148995 0.69087348 -0.53458679
v -0.15527121 -0.38933444 -0.50782715
v -0.20619635 -0.26086497 -0.49205194
v -0.25220403 -0.04156924 -0.49831086
v -0.26511938 0.33162788 -0.41216852
v -0.22940524 0.36148188 -0.44870926
v -0.21879864 0.51052102 -0.39204076
v -0.14477603 0.95612037 -0.18611830
v -0.21767438 0.34079319 -0.49447363
v -0.24530286 0.36610868 -0.41554259
v -0.24885984 0.57972311 -0.46210887
v -0.15143028 0.95615935 -0.43588132
v -0.22870347 0.95731196 0.29813050
v -0.18949211 -0.98539605 -0.64237861
v -0.24802943 -0.66140723 -0.57589176
v -0.27439143 -0.16344005 -0.50409268
v -0.15229818 -0.21539662 -0.48430199
v -0.23491786 0.35783869 -0.48845612
v -0.22326784 0.62440285 -0.51362123
v -0.02885763 0.95498695 0.04924233
v -0.22098722 0.42154623 -0.47120075
v -0.17855992 0.46581217 -0.49091385
v -0.21212884 0.56825281 -0.41874107
v -0.21089536 0.82152056 -0.55924295
v -0.04304144 -0.78113159 -0.65197253
v -0.25697586 -0.99428039 -0.64325261
v -0.19302691 0.41199575 -0.48292006
v -0.19406991 0.49915881 -0.45887951
v -0.09061426 -0.61323386 -0.66202714
v -0.23285520 0.06627589 -0.50407798
v -0.20665133 0.35292812 -0.41253762
v -0.14393275 0.86139002 -0.65716979
v -0.16176376 0.57166216 -0.50311567
v -0.02064717 0.94703777 -0.49293087
v -0.11217656 0.94845449 -0.64290328
v -0.14070425 -0.46174173 -0.51316417
v -0.11356362 -0.12836715 -0.50313890
v -0.19661649 -0.90429833 -0.65879425
v -0.26603842 -0.74045889 -0.57006408
v -0.16812108 0.44265746 -0.43471826
v -0.22333931 0.77406701 -0.51722044
v -0.29880399 0.95530518 0.51329028
v -0.22398774 0.56392915 -0.51358164
v 0.01233770 0.94870216 -0.63235195
v -0.12159687 0.19317269 -0.50479948
v -0.16818845 0.94324969 0.62056621
v -0.10813176 -0.72654259 -0.52706957
v -0.07976760 0.68442025 -0.52611152
v -0.09123787 0.94897005 -0.23700301
v -0.06633675 0.95948466 -0.45482908
v -0.03169167 -0.53927679 -0.52836242
v -0.27890457 -0.70520667 -0.56750040
v -0.19101111 -0.58718736 -0.53161815
v -0.07329356 -0.68198594 -0.52469425
v -0.06679096 -0.63009928 -0.52359833
v -0.11958438 -0.34507902 -0.48856793
v -0.12965449 0.31597248 -0.49611082
v -0.09047120 0.40717789 -0.48510556
v -0.23490816 0.94237151 -0.32838174
v -0.13274988 -0.27910521 -0.50382676
v -0.06783778 -0.99302098 -0.64950951
v -0.02786430 -0.06074788 -0.48130142
v -0.14990501 0.14898549 -0.65679114
v -0.01353659 -0.99306965 -0.64219124
v -0.12755855 -0.82377851 -0.64732743
v -0.06632292 -0.41194591 -0.51456836
v -0.07549203 0.51291400 -0.48502732
v -0.33507741 -0.03115736 -0.65988307
v -0.25010335 0.63299917 -0.65895191
v -0.10462747 0.94253892 0.15069703
v -0.02268822 -0.90855962 -0.65368146
v -0.29633415 -0.46263571 -0.65998375
v -0.11114778 0.81362764 -0.64562481
v -0.16583243 0.95577268 -0.65554281
v 0.05290052 0.95959446 0.61971086
v -0.02943201 -0.14787656 -0.48173213
v -0.11162294 0.01408277 -0.49805312
v 0.01839858 0.94553664 -0.10093774
v -0.11781478 -0.98651959 -0.65396906
v -0.09672836 -0.78096591 -0.63408611
v -0.05317611 0.08884918 -0.49094311
v -0.05059675 0.81225674 -0.55638061
v 0.10134512 0.93974978 -0.64452657
v 0.28270409 0.94316234 0.49078516
v -0.04324443 -0.77558747 -0.57239556
v -0.04240358 0.57351900 -0.50628038
v -0.03145361 0.77056338 -0.51668475
v -0.02084654 0.96249802 -0.21902504
v 0.03334090 -0.28929202 -0.49320908
v 0.02965841 0.82022670 -0.53643299
v -0.03614727 0.95974112 -0.64245460
v 0.03366538 0.95434653 0.48862542
v 0.00568102 -0.19688013 -0.50850460
v 0.02271544 -0.11593676 -0.49176265
v 0.07825753 0.13947180 -0.65659411
v 0.04754707 0.57234169 -0.51867513
v 0.04476618 -0.39702625 -0.51823730
v 0.01434877 0.14613890 -0.48581795
v 0.11325758 0.46296699 -0.49903308
v 0.01979770 0.51631502 -0.51618384
v 0.02874360 0.67800176 -0.53578346
v -0.11741064 0.82314779 -0.61270520
v 0.02689244 0.95744542 -0.04060103
v -0.01339767 -0.45517838 -0.50312352
v 0.02603413 0.06124242 -0.51319320
v 0.02054989 0.80278487 -0.51235514
v 0.02689966 0.00749477 -0.48775260
v 0.15945387 0.95083195 -0.65555893
v 0.06700349 0.94291732 0.49061273
v -0.02447687 0.94624518 0.61667168
v 0.03156916 0.96223098 0.32324240
v 0.00515157 -0.72579787 -0.52412082
v 0.09964304 0.05798013 -0.50406200
v -0.01963350 0.27856752 -0.48492946
v 0.07703779 0.42366370 -0.47730966
v 0.25229849 -0.44533840 -0.65841397
v 0.10645417 -0.02856732 -0.51034571
v 0.14530938 -0.45549742 -0.51065585
v 0.07323420 0.82983289 -0.65470878
v -0.03102252 -0.88163063 -0.63923873
v 0.10156283 -0.31934039 -0.49237056
v 0.05901135 -0.23137197 -0.51275021
v 0.09954960 0.81578547 -0.53001895
v 0.19999225 -0.75288252 -0.51540078
v 0.13668052 0.82855092 -0.64250316
v 0.07134048 -0.07890679 -0.66304655
v -0.05712166 0.53427254 -0.65880939
v 0.18140163 0.71331643 -0.65982563
v -0.02123833 -0.30696600 -0.65531177
v 0.18267713 0.82976357 -0.58648201
v 0.11113773 0.77418651 -0.50837388
v 0.01391723 0.95113764 0.31387881
v 0.21501119 -0.65057288 -0.53777772
v 0.14564910 -0.13476787 -0.42887622
v 0.12678150 0.30374762 -0.45095852
v 0.27358144 0.95817596 0.20518891
v 0.14445079 -0.02686095 -0.41581545
v 0.19358298 -0.00432182 -0.47218170
v 0.14810647 0.40679742 -0.41312098
v 0.19823838 0.42503422 -0.51831074
v 0.18735372 0.94739206 0.61878843
v 0.10258166 -0.89938242 -0.64772799
v 0.09751002 -0.81137086 -0.64538371
v 0.15896885 -0.11569102 -0.49624008
v 0.29655026 0.96196560 -0.27667300
v 0.17034245 -0.08615386 -0.34046752
v 0.14421059 0.29023258 -0.39107396
v 0.15541054 0.94593605 0.56560060
v 0.15130502 -0.99230499 -0.65358330
v 0.32907941 -0.80273849 -0.64126315
v 0.09011561 -0.79483051 -0.61966929
v 0.13887387 -0.57021993 -0.52338969
v 0.10552127 0.27426307 -0.50729638
v 0.20642932 0.40174537 -0.40771711
v 0.18551127 0.31658836 -0.43219104
v 0.25726013 0.95577073 -0.53617366
v 0.12086481 -0.83759988 -0.65802088
v 0.20152227 0.04506705 -0.45501101
v 0.21418825 0.12468090 -0.50208465
v 0.12525784 0.26127487 -0.42474693
v 0.22211476 -0.20997956 -0.46027402
v 0.26633290 0.00706875 -0.50855986
v 0.19065417 0.14518431 -0.43320530
v 0.18807590 0.11476608 -0.44755960
v 0.18891729 0.25180225 -0.48950431
v 0.17212351 0.30463521 -0.50554203
v 0.18890167 0.42176426 -0.46037169
v 0.19952392 -0.45886494 -0.52174949
v 0.20155450 -0.17382932 -0.34336522
v 0.22617115 0.17852975 -0.50331103
v 0.26640108 -0.78049300 -0.52867054
v 0.19250620 -0.93662799 -0.65976616
v 0.18151576 0.06995409 -0.51809499
v 0.22409184 0.25227095 -0.43060567
v 0.50241728 0.95058123 0.39327512
v 0.20574427 0.13828883 -0.37308304
v 0.24247054 0.20362793 -0.44302712
v 0.23741203 0.33810209 -0.45501907
v 0.28669337 0.52556561 -0.65959634
v 0.39897341 0.94547660 -0.56747807
v 0.26568310 -0.99397418 -0.64317482
v 0.21836426 0.10100353 -0.49585717
v 0.29059299 0.16256040 -0.45815961
v 0.27437250 0.16011190 -0.36136527
v 0.20350801 0.01358259 -0.34573766
v 0.41218514 -0.58943870 -0.52843845
v 0.22897780 -0.37575946 -0.52766420
v 0.22614040 -0.10966501 -0.30350198
v 0.21334507 0.05411127 -0.36534673
v 0.42022097 0.29585196 -0.65248357
v 0.24389343 0.16447100 -0.41480734
v 0.26112237 0.26683190 -0.39282587
v 0.28549807 0.13159278 -0.50047259
v 0.28510003 0.16555120 -0.39785811
v 0.17393492 -0.67689027 -0.65883354
v 0.22424097 -0.19483146 -0.51539173
v 0.31226990 -0.14148245 -0.30226140
v 0.30047879 0.30183684 -0.42518050
v 0.36147594 0.94914196 -0.63667799
v 0.26143238 0.35817245 -0.51011534
v 0.35353931 0.95899076 -0.65008708
v 0.31659215 -0.20098393 -0.36294483
v 0.26040755 -0.11631980 -0.65675373
v 0.30785584 -0.01770133 -0.30247375
v 0.21148050 0.00509582 -0.32235838
v 0.21685767 0.74990978 -0.51337944
v 0.21567094 0.95704916 0.61536145
v 0.35401191 -0.77495933 -0.53200306
v 0.28904351 -0.20928147 -0.52385394
v 0.29772376 0.03537879 -0.49363555
v 0.33791219 0.43326259 -0.52689337
v 0.30902607 0.74452398 -0.52148765
v 0.25701259 0.81420314 -0.64359887
v 0.36302299 -0.79641833 -0.55646809
v 0.29759389 0.05219327 -0.34716590
v 0.29308814 0.18585429 -0.48861279
v 0.29696484 0.81719350 -0.50709102
v 0.31390175 0.21014239 -0.42013249
v 0.38472028 0.95615050 0.49687974
v 0.33387486 -0.67830501 -0.52118305
v 0.34307101 0.13995460 -0.38996854
v 0.31428733 0.34266729 -0.45887374
v 0.22943593 0.94539416 0.09110607
v 0.34058870 -0.95946491 -0.64464303
v 0.32950477 0.01203185 -0.34322999
v 0.32156158 0.09428620 -0.49321583
v 0.23859947 0.54965266 -0.51340568
v 0.28992921 0.94959476 -0.28837123
v 0.33936397 -0.71587090 -0.65946937
v 0.34097486 0.13749046 -0.45528051
v 0.32514736 0.17950159 -0.50579828
v 0.33378589 0.27512022 -0.44132258
v 0.32793718 0.03689399 -0.45587778
v 0.33552156 0.31090476 -0.39618689
v 0.37689081 0.93171608 -0.64417212
v 0.44850457 0.95591754 -0.08572355
v 0.36802396 0.00144002 -0.41692376
v 0.34196981 0.04850460 -0.38767031
v 0.29136155 0.95872169 0.06490539
v 0.34322693 -0.19324867 -0.47605525
v 0.36778343 0.38005335 -0.36949643
v 0.38344896 -0.15300977 -0.37959795
v 0.37521740 -0.00784971 -0.35442924
v 0.32705461 0.41816113 -0.43732743
v 0.37904346 0.59117355 -0.53444327
v 0.38178499 0.96009620 0.61614370
v 0.26758163 -0.80449590 -0.59443257
v 0.35772534 -0.00356770 -0.46321476
v 0.37938713 0.23752899 -0.46088418
v 0.39217774 0.39328140 -0.42575957
v 0.41734115 0.82235971 -0.64315183
v 0.43021143 0.94287021 -0.03385295
v 0.37112859 -0.30242767 -0.51804972
v 0.40189983 -0.11735707 -0.44042048
v 0.34543820 -0.16196014 -0.52064099
v 0.37377135 -0.08820293 -0.33502789
v 0.33162351 -0.01036105 -0.50236334
v 0.38870868 0.26494482 -0.38071184
v 0.38299127 -0.40009990 -0.51074376
v 0.39823280 0.11195313 -0.50450220
v 0.33553671 -0.99708022 -0.65114937
v 0.45698543 0.17646568 -0.50289945
v 0.41131914 0.31527851 -0.40154227
v 0.36517434 0.51937873 -0.52199803
v 0.31572346 0.69874518 -0.51757581
v 0.38479312 -0.52275963 -0.52109292
v 0.44537743 -0.22972620 -0.53794110
v 0.47866369 -0.09817666 -0.65923897
v 0.45535802 0.70059996 -0.50526440
v 0.54954002 0.94524506 -0.15281364
v 0.49082500 -0.98975332 -0.65325672
v 0.42835543 -0.79947427 -0.63872364
v 0.37510195 -0.05042337 -0.49941959
v 0.45829218 0.45909552 -0.52315853
v 0.46725722 -0.98709470 -0.64175536
v 0.43421271 -0.71853750 -0.52877900
v 0.47678694 -0.63915546 -0.50706600
v 0.25858234 0.05358209 -0.65996097
v 0.36620771 0.95044180 0.61826490
v 0.54497206 -0.78820895 -0.64118635
v 0.36900524 0.30479690 -0.49643795
v 0.74705069 0.94489566 -0.50250371
v 0.52551082 -0.12506779 -0.51251758
v 0.39434133 -0.93233689 -0.65424644
v 0.35774192 -0.84479882 -0.65381094
v 0.43817820 -0.78144429 -0.53444735
v 0.48934322 -0.39964192 -0.51070267
v 0.50099449 -0.78366114 -0.51072884
v 0.48170372 0.92703614 -0.65458538
v 0.52725161 0.95921332 0.13864177
v 0.58338499 0.24551295 -0.50509046
v 0.48477755 0.52021185 -0.50829971
v 0.50659348 0.01416079 -0.50506366
v 0.49187134 0.81747761 -0.52514145
v 0.47534707 -0.77436571 -0.65216400
v 0.53929409 -0.03922675 -0.51864179
v 0.56333640 0.36101602 -0.50853960
v 0.48893595 -0.31892606 -0.51148542
v 0.60004222 0.94766026 0.15278289
v 0.48645481 -0.51165017 -0.52079009
v 0.55248953 0.66661539 -0.51247880
v 0.56065530 0.79988499 -0.53265594
v 0.59529928 0.77527302 -0.64640714
v 0.56846023 -0.75908691 -0.50822663
v 0.52996702 -0.90747681 -0.64255157
v 0.60727487 0.78113634 -0.49852208
v 0.68179197 0.94808346 -0.63537928
v 0.54653056 -0.21546473 -0.30920895
v 0.55328367 -0.12795876 -0.49646222
v 0.56337609 -0.09239160 -0.41150365
v 0.55579297 0.07386547 -0.31044772
v 0.55468383 -0.03811317 -0.50386737
v 0.53404334 0.10266810 -0.52528574
v 0.54423634 0.82524007 -0.60140900
v 0.55734534 -0.83909890 -0.45046600
v 0.57498942 -0.84171775 -0.39385628
v 0.56770138 -0.81016073 -0.51670387
v 0.56932260 -0.80352617 -0.36544114
v 0.55610659 -0.84977255 -0.33701264
v 0.55275262 -0.79031254 -0.51993592
v 0.55555035 -0.67614438 -0.46696653
v 0.55455215 -0.59018044 -0.37711185
v 0.55778057 -0.45210855 -0.29366798
v 0.54876296 -0.44314674 -0.42802840
v 0.55198342 -0.26548803 -0.43480837
v 0.55372927 -0.11710927 -0.32850847
v 0.55914807 -0.04123661 -0.39431479
v 0.55457368 -0.01956076 -0.29573431
v 0.55198454 0.05584025 -0.62994648
v 0.54481947 0.06064561 -0.53214520
v 0.65323733 0.95815958 0.07067435
v 0.56270345 -0.86997243 -0.43005145
v 0.58123967 -0.88838459 -0.08543515
v 0.56074684 -0.80994859 -0.45663726
v 0.57132487 -0.82622283 -0.37502831
v 0.56088696 -0.84755449 -0.03939145
v 0.56310060 -0.81770283 -0.14314420
v 0.55743502 -0.80101141 -0.61418313
v 0.57647178 -0.66955748 -0.05732196
v 0.56854191 -0.65456551 -0.41465815
v 0.56720093 -0.68148408 -0.19100495
v 0.56318228 -0.55322355 -0.32477879
v 0.55795068 -0.67531201 -0.51106314
v 0.55775151 -0.51894104 -0.45455696
v 0.57046698 -0.39632800 -0.51396725
v 0.56809284 -0.53656139 -0.12199576
v 0.57546720 -0.41467193 0.02736992
v 0.56961690 -0.33777702 -0.29197004
v 0.55975018 -0.35865748 -0.03353673
v 0.56396926 -0.25584168 0.01544978
v 0.56136487 -0.17672902 -0.51956777
v 0.62520101 0.43889293 -0.64942230
v 0.57886063 -0.85471654 -0.36731745
v 0.59143781 -0.81016429 -0.23623289
v 0.57235207 -0.61252822 -0.63582305
v 0.57584973 -0.43093053 -0.19152164
v 0.57742602 -0.32896910 -0.50741815
v 0.57552291 -0.17322627 -0.11997926
v 0.58762698 -0.07562110 -0.60446131
v 0.58672900 -0.00942614 -0.05518026
v 0.58007822 0.02496195 -0.10124820
v 0.57779139 0.08269161 -0.52520720
v 0.55292738 0.12938796 -0.42648749
v 0.57046772 0.94481460 0.50365287
v 0.60042999 -0.85816899 -0.21490629
v 0.59161977 -0.87102017 -0.00865927
v 0.58287067 -0.82496266 -0.27132027
v 0.57880404 -0.82131220 0.06988910
v 0.57616220 -0.78464834 -0.01397272
v 0.57325600 -0.73858495 -0.63053809
v 0.57816227 -0.59763020 -0.01410124
v 0.57389673 -0.53066201 0.12018180
v 0.59115864 -0.32836514 -0.19794916
v 0.63397510 -0.13554826 -0.65332732
v 0.58333715 -0.11273568 -0.12232587
v 0.57491210 -0.04931871 0.00094961
v 0.57433170 0.12258728 -0.61985161
v 0.57811400 0.19201235 -0.30309319
v 0.60186348 0.56667876 -0.51572195
v 0.59799747 -0.87516601 0.04875336
v 0.58370940 -0.85954525 -0.31639936
v 0.57845499 -0.85730878 -0.45007519
v 0.58453059 -0.82493043 -0.44998805
v 0.58741997 -0.80800227 -0.02023351
v 0.59544208 -0.79753656 -0.42767097
v 0.60432127 -0.73547122 -0.61161426
v 0.57601146 -0.72203278 -0.29622456
v 0.66848434 -0.79106819 -0.65406519
v 0.58760135 -0.75152146 -0.64181441
v 0.59279816 -0.66905443 -0.00168159
v 0.56709805 -0.64340629 -0.29835920
v 0.58470106 -0.66572713 0.11595587
v 0.63334280 -0.41270453 -0.64783698
v 0.57133500 -0.17177280 0.12715152
v 0.59080502 -0.25455275 0.38493152
v 0.61714946 -0.15108251 0.18506524
v 0.59362078 -0.13205672 0.00096565
v 0.57800100 0.03677387 0.01215337
v 0.58443876 0.11806972 -0.13723598
v 0.59482285 0.37706068 -0.47678341
v 0.60106762 0.42964174 -0.50777861
v 0.66896068 -0.92406645 -0.64732300
v 0.60400532 -0.77483375 -0.12733026
v 0.60342888 -0.78513508 -0.26024199
v 0.60469983 -0.79043118 -0.33006970
v 0.59919042 -0.63870631 0.15045724
v 0.58385303 -0.59456645 -0.28998378
v 0.50414446 -0.55478161 -0.64764064
v 0.61882332 -0.32624476 -0.26461138
v 0.60011980 -0.39681440 0.35952571
v 0.61782920 -0.34245153 0.24889581
v 0.59931666 -0.17997611 -0.24145905
v 0.59890423 -0.14065019 0.41926603
v 0.59693782 -0.09159380 0.14324624
v 0.57041921 -0.04046267 -0.17384364
v 0.58613742 0.01214373 -0.63921179
v 0.60066311 0.20437268 0.05084291
v 0.59438560 0.23600202 -0.11334226
v 0.57164087 0.27079957 -0.39743380
v 0.59086253 0.46214000 -0.45266688
v 0.60956788 0.71196178 -0.50452618
v 0.60381281 0.78092370 -0.65721803
v 0.66620652 0.96164178 -0.08026472
v 0.62640769 -0.99752691 -0.64221950
v 0.59585287 -0.79597036 -0.49172583
v 0.60702048 -0.69901923 -0.25860114
v 0.58060504 -0.61496436 -0.61884195
v 0.60297852 -0.54194160 0.25070850
v 0.61434927 -0.49834032 -0.26245280
v 0.60400060 -0.35122097 0.42155717
v 0.61186741 -0.43838670 0.24420981
v 0.60352943 -0.14892265 0.44203775
v 0.56962770 -0.08109088 -0.63966473
v 0.59988646 0.02822488 -0.21439403
v 0.61612473 -0.00273813 -0.25464676
v 0.62555530 0.09651616 -0.27089760
v 0.60995205 0.17045339 -0.24816644
v 0.59673211 0.32726244 -0.28469375
v 0.61607937 0.42492379 -0.31026599
v 0.61957399 0.80074958 -0.58971272
v 0.61301214 -0.80809329 -0.00823004
v 0.61444016 -0.76810799 -0.06698664
v 0.60305744 -0.49241378 0.35872790
v 0.61468773 -0.52203420 -0.61448819
v 0.62242712 -0.35890566 0.56819283
v 0.59961924 -0.14012137 0.23446858
v 0.62130786 -0.10303295 -0.25946181
v 0.60432458 0.01332758 -0.60967719
v 0.59409177 0.00115847 0.15544424
v 0.59635089 0.10343200 0.02534256
v 0.61574465 0.38920708 0.11241066
v 0.60183726 0.32817146 -0.12406806
v 0.61431277 0.30730102 0.01638699
v 0.61376980 0.47168591 -0.31191985
v 0.61007620 0.60614762 -0.45155306
v 0.61703021 0.67273518 -0.61086820
v 0.61188017 -0.85079385 0.13149461
v 0.63246257 -0.77697903 0.19904914
v 0.62954435 -0.67581919 0.42157832
v 0.61313475 -0.44459441 0.55994570
v 0.58625738 -0.33470172 0.14228273
v 0.61757851 -0.42030457 0.43257023
v 0.62942191 0.28547819 0.15223233
v 0.61567011 0.42822761 -0.63796000
v 0.62606030 0.57886312 -0.27393507
v 0.62655113 0.76584967 -0.60968435
v 0.65331297 -0.77176441 0.15481433
v 0.64003252 -0.78315081 -0.38756336
v 0.64728478 -0.78781425 -0.28076899
v 0.61836558 -0.76781648 0.27396028
v 0.62412350 -0.46123880 -0.63086827
v 0.62175962 -0.27537003 -0.61730126
v 0.62269617 -0.12203818 -0.64150108
v 0.65810052 -0.11151369 0.18577784
v 0.61085559 0.12649406 -0.63880345
v 0.62854914 0.19470360 -0.63514716
v 0.60730812 0.16513963 0.14068669
v 0.63288858 0.21933266 -0.26946251
v 0.62803043 0.27043557 -0.64299699
v 0.62776449 0.46063933 -0.61177847
v 0.62695670 0.32789994 -0.21326657
v 0.61898278 0.41125155 -0.03958072
v 0.65353070 0.63720116 -0.59902926
v 0.52505902 0.95587299 0.61860644
v 0.63770280 -0.79005477 -0.21779203
v 0.63543845 -0.57282712 -0.64198300
v 0.66588402 -0.32646362 0.58349035
v 0.63493047 -0.11766572 0.39962736
v 0.62605189 -0.11643186 0.32513771
v 0.63525197 0.08626189 0.32118390
v 0.64408279 0.10836167 0.16196222
v 0.63668371 0.19242198 -0.62139408
v 0.65240269 0.33376774 -0.25153430
v 0.65404859 0.36995999 -0.61862413
v 0.62869296 0.44100472 -0.28373816
v 0.64506517 0.50211632 0.14753720
v 0.64463068 0.59448430 -0.63809176
v 0.68451316 0.95565452 -0.49141826
v 0.69323911 0.95658157 0.43787731
v 0.64242925 -0.80078987 -0.60394235
v 0.65658896 -0.78483034 -0.03721965
v 0.64869216 -0.66352297 0.17682221
v 0.64637759 -0.52600203 0.53872189
v 0.57960128 -0.64325119 -0.64802663
v 0.64662065 -0.50411937 0.16870834
v 0.65137266 -0.28492548 0.18933524
v 0.66126439 -0.28382680 -0.63986172
v 0.67817697 -0.22161675 -0.64430694
v 0.63363709 -0.15490041 -0.61260090
v 0.65505841 -0.01079460 0.18952312
v 0.64150754 0.01224763 0.40049983
v 0.65611131 0.14714844 0.21917273
v 0.68867477 0.48622297 0.17703182
v 0.68158743 0.95577083 0.57282143
v 0.64823698 -0.76521991 -0.25253054
v 0.65442348 -0.47943308 -0.60756957
v 0.68523493 0.13001709 -0.61705743
v 0.65110664 0.16910434 0.40792435
v 0.65041003 0.18171987 0.28853773
v 0.67306582 0.16436237 0.17419454
v 0.67077538 0.50622239 -0.24801904
v 0.63266340 0.52578630 0.09855114
v 0.66609480 0.94916785 0.35164075
v 0.66297496 -0.42316965 0.56083672
v 0.64363823 -0.11820863 -0.60574229
v 0.66494250 0.28825739 0.19173205
v 0.65429857 0.38085701 0.27856166
v 0.64538358 0.53606824 -0.18822689
v 0.61794169 0.67858113 -0.64423379
v 0.66111775 0.80984242 -0.26900401
v 0.65715349 0.95438139 -0.24905355
v 0.63709947 -0.76503458 0.40405513
v 0.63356098 -0.77585431 -0.32208208
v 0.65433803 -0.31013506 0.44009687
v 0.66518259 -0.24872254 -0.62589786
v 0.71044033 -0.00098949 -0.60817872
v 0.69844921 0.10750117 0.41181941
v 0.63237793 0.28061093 -0.65635356
v 0.66685383 0.31019912 0.40111268
v 0.68316105 0.37995952 0.17853592
v 0.66663098 0.66281925 -0.01553760
v 0.66235420 0.65983365 0.14313532
v 0.67079738 0.95806958 -0.65494814
v 0.65660929 0.95694138 0.23330325
v 0.61573386 0.96128136 0.37906576
v 0.70285266 -0.78855858 -0.17899260
v 0.64461524 -0.50993890 0.43430729
v 0.69731603 -0.52336544 0.53505022
v 0.64879601 -0.30395064 0.49579247
v 0.67885471 0.37198958 0.41429729
v 0.67448382 0.41024194 0.39958125
v 0.68151638 0.73097218 0.09577815
v 0.62251556 0.83362682 -0.37932440
v 0.51691201 0.94447783 0.61826062
v 0.65730210 -0.92856726 -0.65568031
v 0.66918302 -0.19008164 -0.62336486
v 0.73172868 0.23010461 -0.64254873
v 0.68675318 0.70291649 -0.10979591
v 0.68285093 0.67761635 -0.23345515
v 0.65485485 -0.79562212 -0.49579561
v 0.64664097 -0.78914302 0.30854228
v 0.72409790 -0.80069374 -0.23951101
v 0.73512937 -0.57466075 0.52891533
v 0.85925710 -0.46351865 -0.64242692
v 0.71930372 -0.12543912 0.42945516
v 0.69282107 0.71200860 0.24257439
v 0.71014762 0.72531734 -0.02828847
v 0.68293969 0.73938591 -0.15457518
v 0.70749475 0.82402648 -0.04148887
v 0.68192734 0.81776862 -0.58886148
v 0.55777923 -0.81007812 -0.64239051
v 0.73357317 -0.76972979 -0.04993923
v 0.71905363 -0.25381630 0.48878106
v 0.69366539 0.53937335 0.16900721
v 0.69084234 0.58451818 0.31180531
v 0.69305445 0.81540151 0.09715775
v 0.79552831 0.81779634 -0.63954513
v 0.70076356 -0.42024026 0.57653504
v 0.66729720 -0.30600393 0.58434365
v 0.71572119 0.14559901 0.45721059
v 0.71454005 0.10658556 0.58496928
v 0.70245176 0.17896396 0.56342434
v 0.68990547 0.20067284 0.50358073
v 0.69601309 0.42768485 0.42101186
v 0.69823383 0.58727493 0.40810153
v 0.77173744 0.76580546 -0.61311103
v 0.70876440 -0.19229775 0.50731186
v 0.70970578 -0.16782909 0.54925379
v 0.71431553 -0.10990473 0.51426376
v 0.70627329 0.07112684 -0.64296901
v 0.73951787 0.15110266 0.61303035
v 0.73468048 0.17090819 0.41722197
v 0.74679349 0.12680231 0.53678140
v 0.72682567 0.24309936 0.41732952
v 0.74337737 0.28800429 0.52914840
v 0.72352001 0.26125068 0.46352874
v 0.69782310 0.29869879 0.42045310
v 0.72047267 0.68024734 0.15643016
v 0.72450474 0.82629536 0.22509620
v 0.71529806 0.75549675 0.36884120
v 0.73111133 0.80884667 0.16745646
v 0.72104234 0.82363628 -0.34109049
v 0.71199485 0.32862130 0.46399881
v 0.80895765 0.37278898 -0.64333518
v 0.70034738 0.79744478 -0.25133859
v 0.71124644 0.81129836 0.00782440
v 0.72741785 0.83704504 0.37470806
v 0.84161149 -0.77795798 0.37240842
v 0.72638172 -0.71926261 -0.60118969
v 0.74870642 -0.26647955 0.59393467
v 0.74617661 -0.18639011 0.44148070
v 0.81845089 -0.13107136 -0.64325254
v 0.77238499 0.01479498 0.40521507
v 0.73053802 0.64157468 0.42058727
v 0.74206741 0.76429016 0.41685299
v 0.70311460 0.81984730 -0.20532863
v 0.77074819 0.95691616 0.34093173
v 0.84912699 -0.81883251 -0.23915731
v 0.76901757 -0.74188760 -0.62981221
v 0.74322344 -0.17110367 0.46816105
v 0.70745091 -0.13622903 0.48987126
v 0.73202896 0.37199062 0.42005006
v 0.78522362 0.83427729 -0.47355000
v 0.79263469 -0.92020767 -0.63799405
v 0.72121873 -0.80567482 0.40014521
v 0.70102033 -0.78375146 0.43587597
v 0.74616026 -0.25206726 0.53665391
v 0.75636825 -0.22843294 0.47125528
v 0.74698677 -0.22797725 0.57348707
v 0.74582117 -0.18298112 0.54815559
v 0.72509570 -0.17712045 0.52686868
v 0.72758157 0.21758834 0.59107221
v 0.77942054 0.81259519 -0.40711200
v 0.75901786 -0.43145037 0.55888436
v 0.73798751 -0.51284644 -0.65671296
v 0.75928724 -0.20136086 0.60801181
v 0.77110362 -0.14714317 0.50544484
v 0.77039796 0.06808135 0.52737870
v 0.73261396 0.05819943 0.44835284
v 0.78539310 0.61700500 -0.59746158
v 0.74910777 0.82092028 0.40782661
v 0.79967383 0.80901073 0.15848508
v 0.75763668 0.86422454 -0.65215675
v 0.70242791 -0.76726716 0.16498174
v 0.70100467 -0.33673030 -0.61091216
v 0.75759614 -0.21141677 0.52968427
v 0.79325047 -0.14165793 0.54898184
v 0.76559745 -0.17069887 0.43954526
v 0.64957217 -0.80014206 0.09307347
v 0.77348388 -0.24654019 0.43490132
v 0.78213155 -0.23690625 0.48899724
v 0.78210236 -0.22705794 0.57183872
v 0.76437517 -0.19637269 0.53434071
v 0.79623834 0.22795353 0.59492456
v 0.90277889 0.39843068 -0.58453388
v 0.78706391 0.94943832 0.07227555
v 0.82167206 0.94487012 0.53742295
v 0.74360928 -0.57414805 0.43673722
v 0.80417897 -0.11346027 0.49559582
v 0.77936237 0.82890728 -0.58504843
v 0.83888141 0.82676499 -0.11881234
v 0.74186208 -0.99271717 -0.64929250
v 0.81248543 -0.80641839 -0.60091472
v 0.74991125 -0.72390107 0.42714082
v 0.77395624 -0.18768172 0.54045085
v 0.78273296 -0.14925538 0.47764886
v 0.81726165 0.10664932 0.60040147
v 0.84112472 0.21434998 -0.63993334
v 0.78238612 0.44358640 0.46269109
v 0.87067405 0.95140903 -0.64529920
v 0.80070122 -0.26133917 0.49819285
v 0.78818190 -0.16208871 0.48026638
v 0.79137902 -0.15548912 0.51437917
v 0.80863503 -0.42458823 0.57396708
v 0.83037702 0.26869105 0.45457139
v 0.79071805 0.38278211 0.44845985
v 0.80382684 0.82767106 0.19151400
v 0.64639817 0.93496190 -0.64754640
v 0.80196129 -0.77205152 0.42086439
v 0.93916869 0.94501505 -0.43267533
v 0.74647600 0.95014856 0.61742263
v 0.89938307 0.95989747 -0.65778348
v 0.87611998 -0.63819103 0.42478610
v 0.77463910 -0.17230115 -0.61388078
v 0.67948728 0.94924287 -0.07920730
v 0.81996094 -0.78679207 -0.00535030
v 0.83402022 0.16021327 -0.60556228
v 0.85166531 0.25175679 0.53375622
v 0.85339598 0.80994932 -0.24538551
v 0.78671363 0.95878795 0.62201792
v 0.81525701 -0.10984389 -0.58933286
v 0.81082975 0.03482206 0.44874469
v 0.81466249 0.12305083 0.54716663
v 0.84685019 0.16830163 0.59155465
v 0.79413973 0.53122789 -0.63883440
v 0.91498074 0.83737749 0.19505514
v 0.81559403 0.94280076 0.22166806
v 0.78820846 0.95874171 -0.31388582
v 0.84750772 -0.79683856 -0.27431468
v 0.79905159 -0.77734989 0.25608342
v 0.84657318 -0.54031324 0.43026621
v 0.81833065 -0.49881408 0.53670245
v 0.84326206 -0.44022810 -0.59458883
v 0.81365823 -0.35436162 -0.64865372
v 0.81646420 -0.32978861 0.57475366
v 0.84681574 -0.29473568 0.43792537
v 0.84224373 -0.29262652 0.56331991
v 0.57563038 0.07349178 -0.65205582
v 0.82621457 0.13805510 0.44559485
v 0.75860141 0.95600999 0.20684822
v 0.84168988 -0.80071552 0.11014537
v 0.77862329 -0.74136623 -0.64081980
v 0.83999650 0.06126880 0.40687001
v 0.85723250 0.18957274 0.46401423
v 0.83711020 0.22091087 0.41608012
v 0.89194451 0.25550877 -0.58496126
v 0.76083274 0.63812137 -0.65061042
v 0.81145059 -0.33650875 -0.63515308
v 0.87133323 0.12345018 0.41465385
v 0.90041592 0.82217264 0.41424995
v 0.84679196 0.82871981 -0.30464992
v 0.90261606 -0.83650677 0.09824473
v 0.90072111 -0.80874055 -0.03355130
v 0.87049926 -0.75531669 -0.26106104
v 0.84013167 -0.55240487 0.51406532
v 0.84162998 -0.53414764 0.53757787
v 0.79415123 -0.11261054 -0.65427240
v 0.89675015 -0.64912486 -0.58531455
v 0.89040007 -0.45228310 0.54875428
v 0.86271972 -0.33033878 0.57340246
v 0.89487226 -0.37320225 0.43649919
v 0.87976252 0.29922876 0.45511402
v 0.79526192 0.45642234 0.42154336
v 0.88818350 0.65835481 -0.58956557
v 0.89438802 0.80580758 0.11728230
v 0.87886785 -0.77433911 0.14514709
v 0.88264259 -0.65464294 -0.27611628
v 0.89394122 -0.36979704 0.55362180
v 0.91255952 -0.09666329 -0.54866447
v 0.87504250 0.10951854 -0.27387763
v 0.88889305 0.31723257 0.42021771
v 0.89085097 -0.99896840 -0.64928038
v 0.88033133 -0.70090576 0.14936909
v 0.89895746 -0.66394658 -0.21514048
v 0.88650810 -0.50053345 -0.25639901
v 0.89387747 -0.46667244 0.42738426
v 0.88448165 -0.49793003 0.51507081
v 0.88867060 -0.25198015 -0.28243247
v 0.80803343 -0.13740390 0.43828769
v 0.79451605 -0.11633889 0.39550943
v 0.92063281 -0.11181084 0.38083610
v 0.89337954 -0.05901486 -0.04734729
v 0.84830283 0.17521217 -0.65295087
v 0.89071481 0.26792066 -0.27157775
v 0.88737632 0.24854808 -0.24898546
v 0.91009553 0.82874410 -0.39801428
v 0.91910838 0.81501250 -0.27899444
v 0.89200571 0.82545251 -0.05075784
v 0.93400198 0.93527391 -0.65105150
v 0.95629491 0.95777861 0.55426633
v 0.89820335 -0.81156352 -0.51266016
v 0.94802998 -0.77927793 0.39349094
v 0.89305869 -0.61470554 -0.28522108
v 0.88580041 -0.57098633 0.16386456
v 0.90573922 -0.58334736 -0.13782968
v 0.88973046 -0.39975285 -0.27293531
v 0.89693025 -0.25121729 -0.24565020
v 0.90831431 -0.15315488 -0.58147057
v 0.90814657 -0.13934835 -0.24905411
v 0.89613039 -0.07890543 -0.17147758
v 0.88741595 -0.07609678 -0.27753467
v 0.89195991 -0.08026660 -0.02230608
v 0.88964918 0.18649342 -0.25612067
v 0.89085318 0.19498119 0.12707447
v 0.90378464 0.12910678 0.02765739
v 0.89894598 0.32664828 -0.26189743
v 0.89071465 0.41769448 -0.26323443
v 0.90140775 0.43651536 -0.20823597
v 0.89632061 0.51531915 -0.22699868
v 0.89424539 0.72492629 -0.23895419
v 0.92742235 0.66274565 0.41295925
v 0.89805741 0.80084258 -0.21886747
v 0.91954135 0.82999838 -0.58068368
v 0.90665265 0.80970485 0.00510939
v 0.93706944 0.94718379 0.50977633
v 0.87763520 -0.82314124 -0.63812540
v 0.90330571 -0.83714126 -0.01679560
v 0.90627348 -0.81022071 -0.58476205
v 0.92053969 -0.78960663 -0.08740782
v 0.89578909 -0.76873056 -0.20886610
v 0.91309328 -0.39840783 -0.16385246
v 0.90237551 -0.44916329 0.51086102
v 0.90343755 -0.35524497 0.16432570
v 0.89798631 -0.21020273 -0.57709351
v 0.90346131 0.05632027 -0.05495278
v 0.90150562 0.12940421 0.16389039
v 0.90144863 0.13141985 -0.14871547
v 0.89751924 0.35536231 -0.16884933
v 0.90662376 0.50848333 0.15608127
v 0.90814081 0.48582524 -0.29910969
v 0.90495194 0.67181410 -0.04906982
v 0.90160037 0.65071412 0.17180833
v 0.91062390 0.71433568 0.09211736
v 0.90622158 0.81305447 -0.19469714
v 0.91524729 0.83433359 0.34855626
v 0.77594289 0.96272642 -0.03747324
v 0.86668643 -0.79451282 -0.44096138
v 0.90063764 -0.78539649 -0.29605896
v 0.91219602 -0.67736080 -0.10613056
v 0.88510381 -0.70498530 -0.28862914
v 0.91507094 -0.39547640 0.09581521
v 0.91203386 -0.26854682 -0.57248536
v 0.89778433 -0.11634059 0.17032465
v 0.90953468 -0.04088080 -0.14102692
v 0.91099191 0.04050462 -0.21237985
v 0.91677254 -0.03577844 0.38937607
v 0.90366432 0.34516382 0.15396969
v 0.90701087 0.45088576 0.06566586
v 0.92007393 0.67033983 -0.56752153
v 0.91217880 0.55513198 -0.12839469
v 0.91907358 0.68363178 -0.16060742
v 0.91029341 0.81639379 -0.07672745
v 0.90282600 0.80926077 0.16315312
v 0.91587832 0.82844588 -0.12678954
v 0.92099712 0.83515169 -0.55847162
v 0.94046540 0.94503702 -0.27394960
v 0.95101926 -0.91462795 -0.65545509
v 0.92829434 -0.78446054 -0.52689794
v 0.91089522 -0.74107147 -0.58390025
v 0.91979441 -0.64058839 0.10931648
v 0.91004081 -0.56072883 0.01301740
v 0.91425054 -0.53241796 -0.00465257
v 0.91955989 -0.52957831 -0.56349906
v 0.92559815 -0.43175247 -0.51516595
v 0.91584481 -0.45434555 -0.29182798
v 0.94201328 -0.35177814 0.05736135
v 0.92114358 -0.42238711 -0.11029692
v 0.91482569 -0.31408721 -0.11834053
v 0.94204567 -0.19379519 -0.52093801
v 0.91747342 -0.20810175 -0.28389594
v 0.92264291 -0.12213890 -0.10451854
v 0.91265452 -0.11330339 0.05648387
v 0.92019858 -0.01217102 -0.16701704
v 0.92781420 -0.01050277 0.09562375
v 0.92868919 0.22145856 -0.52671903
v 0.92431964 0.27118347 -0.14030464
v 0.92529807 0.30358547 0.17799444
v 0.92352595 0.36070633 0.02391151
v 0.91993654 0.39066225 -0.06616366
v 0.93715762 0.49241771 -0.32855786
v 0.93824409 0.67753491 -0.64746066
v 0.91396796 0.68695966 -0.29530588
v 0.91876919 0.81215318 -0.17309349
v 0.93825511 0.94813837 -0.10696964
v 0.93786575 0.94931576 0.61969842
v 0.95014708 -0.93376691 -0.64468410
v 0.94360245 -0.81669565 -0.49915138
v 0.94335469 -0.78306822 -0.40013043
v 0.92838209 -0.76587059 0.40739139
v 0.94850266 -0.78753701 -0.65259368
v 0.91489066 -0.78676087 0.07838546
v 0.93925815 -0.69575330 -0.52400422
v 0.92834337 -0.53552641 -0.52540813
v 0.89655508 -0.49560023 0.14925029
v 0.93905915 -0.49710161 -0.65666694
v 0.93248133 -0.26468664 -0.54011696
v 0.93339537 -0.27344735 0.03982926
v 0.89934815 -0.27589367 0.15453071
v 0.91657579 -0.15100089 0.15934708
v 0.94544125 -0.12713665 -0.29031659
v 0.94196806 -0.06358493 -0.32416692
v 0.93430355 -0.04498703 -0.22798365
v 0.90279760 -0.02735250 -0.27665197
v 0.91607720 -0.08519712 0.19929586
v 0.93271743 -0.00086464 0.31687793
v 0.90842655 -0.00735737 0.16785906
v 0.91373051 0.05940001 -0.57210102
v 0.93917492 0.24381019 -0.03041106
v 0.87501674 0.45737587 -0.65379262
v 0.92882060 0.50593483 -0.53375299
v 0.93958343 0.41180369 -0.64542802
v 0.92861778 0.75239829 -0.51216672
v 0.93603236 0.76121842 -0.41031281
v 0.94055624 0.95398443 -0.62714459
v 0.93769946 0.94592155 0.11868192
v 0.95687092 0.95697905 0.25868946
v 0.93926072 -0.99428016 -0.65333825
v 0.93926072 -0.99811167 -0.64844358
v 0.93926072 -0.99428016 -0.64454228
v 0.93926072 -0.98642021 -0.65462697
v 0.93926072 -0.98642021 -0.64352924
v 0.94206005 -0.78654993 -0.02983073
v 0.93901107 -0.50183590 -0.64415404
v 0.93817977 -0.52671585 0.18816522
v 0.94111823 -0.40524173 0.16760748
v 0.94534881 -0.48837070 0.41983575
v 0.93971379 -0.47810520 0.00122419
v 0.94536296 -0.39700651 -0.30051754
v 0.94163828 -0.42232535 -0.52105762
v 0.93980604 -0.37235835 -0.30986440
v 0.93570019 -0.32504869 -0.64682606
v 0.94310512 -0.30401741 0.02269145
v 0.91294450 -0.23127514 -0.04416745
v 0.93905315 -0.32772855 0.42947182
v 0.93686674 0.08665331 0.19611277
v 0.93890488 0.14482353 0.20938415
v 0.94248751 0.21427360 -0.52893256
v 0.94251378 0.26511443 -0.31321961
v 0.93133921 0.32218812 -0.53249991
v 0.94056700 0.55525246 -0.65631438
v 0.94462851 0.57356525 -0.51752468
v 0.93744361 0.51778008 0.18842926
v 0.94862789 0.63942309 0.17895392
v 0.93747004 0.67994168 -0.52960276
v 0.94211135 0.78317982 0.21918676
v 0.94260792 0.71225131 -0.65893446
v 0.93820530 0.94622487 0.22896177
v 0.93922594 0.95917798 0.61851096
v 0.95833143 0.95745861 -0.08011963
v 0.95461598 -0.97855728 -0.65413112
v 0.94504100 -0.81224283 -0.53423803
v 0.93876727 -0.76089612 -0.64333685
v 0.94659409 -0.78543906 0.19570653
v 0.94618036 -0.77564577 0.27575749
v 0.94249099 -0.74309474 -0.52147137
v 0.94790521 -0.75991329 0.04955368
v 0.93521755 -0.71941782 -0.56119283
v 0.94469048 -0.70937532 0.18333707
v 0.94616425 -0.78761110 -0.30315622
v 0.94648065 -0.66710506 0.40435905
v 0.93572123 -0.63493243 -0.51380473
v 0.94456018 -0.68664241 0.14573610
v 0.94796684 -0.45182755 -0.63875907
v 0.94189519 -0.65347015 0.05706638
v 0.94714651 -0.50482842 0.61809451
v 0.94781107 -0.62458285 -0.54273507
v 0.94568147 -0.50745218 0.17397235
v 0.94299792 -0.49028153 -0.29838968
v 0.94967779 -0.45435408 0.12429188
v 0.94342382 -0.41417720 -0.06598207
v 0.94621307 -0.34109143 -0.06199870
v 0.94638495 -0.35302664 0.16319263
v 0.94793694 -0.34312878 0.18107547
v 0.95415243 -0.32796047 -0.29533955
v 0.94560637 -0.34513102 -0.28020095
v 0.94973205 -0.29952953 0.17741852
v 0.93474898 -0.19976710 -0.65923401
v 0.94709129 -0.27139614 -0.56588524
v 0.94467465 -0.21709140 -0.29175169
v 0.94498092 -0.22143600 0.17699857
v 0.94620637 -0.18845453 -0.14702550
v 0.95132994 -0.14110805 0.44014273
v 0.94474978 -0.12969835 -0.51357117
v 0.94776409 -0.06666995 -0.12041461
v 0.94336059 -0.00511739 0.31718836
v 0.94629091 -0.06215982 0.61451239
v 0.94291535 0.01277714 -0.30014763
v 0.95567846 0.02296706 0.36789030
v 0.94475748 0.03532104 0.38678347
v 0.94838533 0.07927744 0.18162977
v 0.94210829 0.10080241 -0.51747088
v 0.94033090 0.12758227 0.41055829
v 0.94908866 0.32010606 -0.29176505
v 0.94711840 0.24209182 0.17616128
v 0.94370006 0.40511716 0.20291977
v 0.93604379 0.33286779 -0.65741902
v 0.94439443 0.26047388 0.41240736
v 0.94172238 0.48526089 -0.53174887
v 0.94121993 0.57591291 -0.30642047
v 0.94918828 0.47737768 -0.63336031
v 0.93198133 0.72106364 -0.31108394
v 0.94420446 0.74535545 -0.49778110
v 0.94815382 0.74321078 0.18909142
v 0.94771427 0.86116049 -0.47073919
v 0.94639039 0.74818089 0.37067995
v 0.94114229 0.77960589 0.33219539
v 0.94615831 0.86827128 0.33429024
v 0.94844767 0.93861556 0.40991901
v 0.94888458 0.93651201 0.24669376
v 0.95046402 -0.98642148 -0.63272372
v 0.95498055 -0.99111527 -0.44408560
v 0.95277739 -0.98642021 -0.03536965
v 0.95498055 -0.98856908 -0.03536965
v 0.94944282 -0.97631530 0.02357514
v 0.95450642 -0.98724466 0.01421279
v 0.95498055 -0.98820835 0.09038910
v 0.95287645 -0.98642021 0.09038910
v 0.94713041 -0.97848577 -0.64065867
v 0.95093067 -0.98579777 -0.44408043
v 0.95113838 -0.97856021 -0.04320989
v 0.95060297 -0.97856038 0.09824731
v 0.94709892 -0.87517752 0.03194014
v 0.94899227 -0.98662942 -0.52047811
v 0.94946394 -0.95498363 -0.44408975
v 0.95145991 -0.97855985 -0.06680777
v 0.95069879 -0.97856046 0.18486755
v 0.95106846 -0.95498055 -0.06680934
v 0.95010012 -0.95498055 0.18470818
v 0.94937218 -0.94712088 -0.43622473
v 0.95092057 -0.94711962 -0.09824700
v 0.95097613 -0.94712061 -0.07466926
v 0.94978657 -0.94712103 0.19256058
v 0.94952084 -0.94712182 -0.41264538
v 0.94767744 -0.79637837 -0.05800229
v 0.94951677 -0.94711952 0.21613037
v 0.94979572 -0.92354083 -0.41264591
v 0.94947153 -0.92354083 0.21614785
v 0.94972594 -0.91568204 -0.40479747
v 0.94905934 -0.91567748 0.22404590
v 0.95098032 -0.91568255 -0.34975420
v 0.94905732 -0.91568090 0.24759042
v 0.94890332 -0.89996111 0.24758755
v 0.94931161 -0.89836034 -0.42449998
v 0.95159176 -0.89210103 -0.34976680
v 0.95087039 -0.89208942 -0.09825423
v 0.94994332 -0.92026865 0.13461802
v 0.95165348 -0.88424263 -0.34190648
v 0.95049918 -0.88424181 -0.28688990
v 0.95076960 -0.88424122 -0.10610895
v 0.94895591 -0.88424128 0.49910137
v 0.95089561 -0.88424064 -0.12968586
v 0.94988856 -0.88424109 0.37335938
v 0.95006381 -0.88424063 0.42662103
v 0.95038859 -0.86066160 -0.12968939
v 0.94981792 -0.86066083 0.37334662
v 0.95034057 -0.86066151 -0.28688717
v 0.94826540 -0.86063746 0.24758327
v 0.94884873 -0.87221191 0.49910320
v 0.94983709 -0.85280156 -0.27902722
v 0.94988644 -0.85279499 -0.25070253
v 0.95028682 -0.85280171 -0.13754949
v 0.94839861 -0.85280192 0.25544484
v 0.94923694 -0.85280178 0.30136736
v 0.94971965 -0.85280155 0.36548644
v 0.95136588 -0.84234714 -0.33954624
v 0.95023377 -0.85280996 -0.17878460
v 0.94783998 -0.83598450 0.22528731
v 0.94883563 -0.82272673 0.49909854
v 0.94982509 -0.79071591 0.49909689
v 0.95046396 -0.72809712 -0.63410212
v 0.94999066 -0.75555079 0.49909266
v 0.94943738 -0.73490274 0.49910507
v 0.94919270 -0.72704279 0.50696498
v 0.94841674 -0.72704586 0.55341180
v 0.95498055 -0.72704279 0.62372673
v 0.94985079 -0.72704461 0.59531381
v 0.95498055 -0.71929431 0.62486380
v 0.94907775 -0.72704491 0.61699135
v 0.95410816 -0.71128286 0.62509032
v 0.95564064 -0.70119792 0.16000883
v 0.95316845 -0.70346302 0.62486380
v 0.95498055 -0.69560313 0.62565070
v 0.95712298 -0.70931820 0.20528360
v 0.94525725 -0.70837928 -0.57991794
v 0.94705045 -0.66123940 0.61222798
v 0.95407782 -0.62705649 0.10851097
v 0.94453907 -0.66502086 -0.01636903
v 0.95363882 -0.65289194 0.17123643
v 0.94846166 -0.68926015 -0.19932600
v 0.94928242 -0.67859054 -0.65494084
v 0.94330635 -0.57744889 -0.47858232
v 0.94891006 -0.47632604 0.30747775
v 0.95087420 -0.38762720 -0.12795145
v 0.94628573 -0.51658029 0.52948595
v 0.95270260 -0.42785499 0.17239209
v 0.95505805 -0.45764151 -0.28253856
v 0.95524613 -0.38159189 -0.32500656
v 0.94719683 -0.36169672 0.61941503
v 0.94836874 -0.34154238 0.43668693
v 0.94954038 -0.28688767 0.53840676
v 0.94995921 -0.28688827 0.56133955
v 0.95002608 -0.28688970 0.60770925
v 0.95080066 -0.28688717 0.61700392
v 0.95498055 -0.28688717 0.62239486
v 0.94952863 -0.27902722 0.53054476
v 0.95184720 -0.18132985 0.03857675
v 0.94956693 -0.25772496 0.53054964
v 0.94788187 -0.02378879 -0.65615395
v 0.94987935 -0.23186770 0.53054476
v 0.95002126 -0.22400783 0.53840299
v 0.95045829 -0.22401061 0.57168188
v 0.95098159 -0.22400851 0.59861844
v 0.95079851 -0.22400779 0.60914397
v 0.95107156 -0.22400779 0.61700392
v 0.95498055 -0.22400779 0.62281990
v 0.94904815 -0.24324898 0.43562625
v 0.94672502 0.03412066 -0.59026250
v 0.94734740 -0.15259833 -0.64627848
v 0.94958733 -0.14471320 0.18524820
v 0.95500854 -0.12319474 0.28564967
v 0.95504603 -0.12405051 0.41790963
v 0.93782878 -0.12577294 0.25391879
v 0.95539329 -0.10524045 0.22369631
v 0.94911683 -0.03808221 0.37735271
v 0.95834460 -0.15427033 0.61717974
v 0.94806284 -0.06898513 0.21205393
v 0.95696446 -0.06525852 0.62477084
v 0.94721314 0.03170001 0.21410873
v 0.94157749 0.02218764 -0.49106712
v 0.94802333 0.03881183 -0.64281628
v 0.94934729 0.11831155 0.61598353
v 0.95881154 0.12105146 0.62099612
v 0.94360409 0.12348677 -0.31045451
v 0.95621105 0.05601036 -0.51898819
v 0.94691352 0.16614725 -0.13739309
v 0.94470109 0.14878353 0.47625176
v 0.94958706 0.01607753 0.06413748
v 0.94855347 0.24759054 0.56980128
v 0.95037300 0.24757738 0.60032880
v 0.95081395 0.24758755 0.60914397
v 0.95164555 0.24758755 0.61700392
v 0.95498055 0.24758755 0.62166482
v 0.94812212 0.25520796 0.56176189
v 0.94847693 0.38069739 -0.61210956
v 0.94946772 0.31046692 0.53840464
v 0.94959071 0.31050892 0.56195192
v 0.94972713 0.31833100 0.53054700
v 0.95037681 0.33404669 0.53054476
v 0.94512005 0.23035144 0.45725637
v 0.95067704 0.34191385 0.53841171
v 0.95006967 0.34188959 0.56436259
v 0.95032981 0.34190135 0.59328631
v 0.94998734 0.34188851 0.61690196
v 0.95485824 0.34182180 0.62602089
v 0.95410880 0.43009274 -0.54645361
v 0.94676139 0.42422296 -0.31534983
v 0.94743703 0.34064812 -0.17766177
v 0.94951194 0.41629411 0.61962934
v 0.94885737 0.67692587 -0.24088039
v 0.94990396 0.45222592 0.51436668
v 0.94561132 0.45832305 0.41879414
v 0.95016485 0.56198442 0.50696498
v 0.95029310 0.56198478 0.52004724
v 0.95029361 0.56196192 0.54617957
v 0.95056523 0.56196321 0.58401676
v 0.94975531 0.56198442 0.60914397
v 0.95013380 0.56198442 0.61700392
v 0.95498055 0.56198442 0.62211424
v 0.94788428 0.36900855 0.05678390
v 0.95010877 0.56984437 0.49910507
v 0.95040646 0.58884608 0.49910380
v 0.95003697 0.66166515 0.41894922
v 0.95054978 0.63604010 0.49909845
v 0.95062169 0.77829886 -0.10570694
v 0.95046037 0.64844358 0.49910507
v 0.94521506 0.73179721 -0.30028074
v 0.95045322 0.65630352 0.50696498
v 0.95056406 0.65629711 0.51937298
v 0.95041367 0.65629752 0.53247731
v 0.94961177 0.65628863 0.56314531
v 0.94926120 0.65628414 0.59342458
v 0.94679873 0.69757733 -0.53788685
v 0.94918465 0.67886228 0.59342402
v 0.94995514 0.71129616 0.59339889
v 0.95049590 0.71918291 0.60128403
v 0.95096713 0.71918291 0.60914397
v 0.95498055 0.71918291 0.61622959
v 0.94662394 0.72292337 0.51583408
v 0.94839540 0.79089169 -0.63549607
v 0.94671472 0.87170050 0.56561630
v 0.94819073 0.93914662 0.61838353
v 0.94930085 0.86126150 -0.19842853
v 0.95073472 0.93857900 -0.63406592
v 0.95020862 0.93921845 -0.44488005
v 0.94889626 0.93809508 -0.21757602
v 0.94833968 0.93771854 0.07601731
v 0.95586722 -0.99865309 -0.63272371
v 0.95725574 -0.99606479 -0.53971175
v 0.96100068 -0.98642021 -0.63272375
v 0.95816249 -0.98642021 -0.44408560
v 0.95747674 -0.98642021 -0.03536965
v 0.95665842 -0.98642021 0.09038910
v 0.96080041 -0.97856033 -0.64058363
v 0.95977042 -0.97775170 -0.44408692
v 0.95850118 -0.97856032 0.09824988
v 0.95755857 -0.97856064 0.18440986
v 0.95931031 -0.97856031 -0.06681093
v 0.95744810 -0.96801739 0.18448114
v 0.95876062 -0.95497608 -0.44408542
v 0.95969859 -0.97707476 0.00118947
v 0.95900150 -0.95497382 -0.06681302
v 0.95801926 -0.95498055 0.18470818
v 0.95878684 -0.94711966 -0.43622215
v 0.95879065 -0.94712013 -0.41264607
v 0.95890150 -0.94712066 -0.07466922
v 0.95816687 -0.94712053 0.19257528
v 0.95853568 -0.94712048 0.21614760
v 0.95876268 -0.92354101 -0.41264654
v 0.95934664 -0.97855775 -0.04314082
v 0.95824056 -0.92353748 0.21614879
v 0.95890292 -0.91568091 -0.40478611
v 0.95996591 -0.91567951 -0.34973420
v 0.95895661 -0.94712318 -0.09824984
v 0.95891930 -0.91568388 0.24758710
v 0.96051323 -0.89209320 -0.34976483
v 0.95743660 -0.80393001 -0.48137350
v 0.95731500 -0.85980453 -0.61880719
v 0.96015892 -0.86516074 -0.35338101
v 0.95843258 -0.89210293 -0.09824893
v 0.95725883 -0.91569033 0.04724494
v 0.95880764 -0.91568434 0.22397040
v 0.96069068 -0.88424122 -0.34190661
v 0.95819779 -0.88423910 -0.28699428
v 0.95846705 -0.88424121 -0.10610946
v 0.95855575 -0.88424201 0.49909679
v 0.95876015 -0.88424061 -0.12968857
v 0.95905015 -0.88424157 0.37334850
v 0.95948241 -0.88424560 0.43641799
v 0.95888733 -0.86066493 -0.28688838
v 0.95849878 -0.86066100 -0.12968878
v 0.95875269 -0.86066151 0.24758755
v 0.95894945 -0.86066184 0.37334618
v 0.95880146 -0.85280168 -0.27902740
v 0.95867664 -0.85280388 -0.13747808
v 0.95879379 -0.85280216 0.25544682
v 0.95887819 -0.85280147 0.36548111
v 0.95766895 -0.81111077 0.21691377
v 0.95891842 -0.69349205 0.40936972
v 0.95839302 -0.79988515 0.49909338
v 0.95891942 -0.70886823 -0.06476772
v 0.95733761 -0.78535712 0.02289122
v 0.95895737 -0.80975674 -0.64355429
v 0.95828748 -0.73491160 0.49910337
v 0.95801773 -0.72704337 0.50692069
v 0.95795062 -0.72704075 0.60240977
v 0.95878701 -0.72704556 0.61701263
v 0.95569027 -0.70719411 0.62482098
v 0.95587069 -0.69560313 0.62486380
v 0.95621516 -0.72406268 -0.31309017
v 0.95661504 -0.47699142 0.16469635
v 0.95679020 -0.54681976 0.45378440
v 0.95456152 -0.35419459 -0.26552726
v 0.95880983 -0.32020615 -0.07787533
v 0.95632511 -0.58988812 0.62051034
v 0.95836057 -0.46459859 -0.64492208
v 0.95552128 -0.38935140 -0.52396828
v 0.95523573 -0.40319623 0.16211681
v 0.95612545 -0.39542239 0.61903928
v 0.95607728 -0.29685708 0.16509555
v 0.95840282 -0.28688575 0.53840173
v 0.95837062 -0.28688965 0.56781458
v 0.95938492 -0.28689309 0.61680473
v 0.95883107 -0.16736144 0.47985622
v 0.95844936 -0.27902722 0.53054476
v 0.95862482 -0.23183923 0.53057178
v 0.95480745 -0.35922931 0.23182590
v 0.95836997 -0.33752920 0.43933027
v 0.95867485 -0.22400779 0.53840464
v 0.95855664 -0.22400734 0.55921207
v 0.95915470 -0.22402102 0.61684079
v 0.95764481 -0.10502563 -0.27760978
v 0.96013050 -0.13967657 0.45224718
v 0.96015403 -0.13970222 0.19488701
v 0.95514269 -0.11073177 0.21761549
v 0.95726420 -0.05887048 0.39837498
v 0.95722840 -0.11518672 -0.15952530
v 0.95822387 -0.08265964 0.18779736
v 0.95835336 -0.02626626 -0.64865257
v 0.95739980 0.01094699 -0.48618192
v 0.95568420 -0.06958035 0.31626712
v 0.95526266 0.00491789 0.36029096
v 0.95573340 -0.00360741 0.37165134
v 0.95697570 0.07865857 0.29825098
v 0.95431755 0.23788156 0.34310030
v 0.95967520 0.04880509 -0.46710553
v 0.95836652 0.03863137 0.22424942
v 0.95456974 0.18652203 -0.49897548
v 0.95854674 0.08110784 0.00536186
v 0.95636467 0.24382239 0.21483814
v 0.95760997 0.35097978 -0.64294355
v 0.95717760 0.18578592 0.52180493
v 0.95880752 0.24758632 0.56984312
v 0.95936381 0.24758609 0.60246139
v 0.96023446 0.24758755 0.61700392
v 0.95876199 0.25544824 0.56198478
v 0.95634379 0.43712861 0.34602397
v 0.95964690 0.32727462 0.46349975
v 0.95913035 0.31046692 0.53840464
v 0.95933048 0.31047180 0.56196641
v 0.95885624 0.31832533 0.53054335
v 0.95895249 0.33404669 0.53054476
v 0.95888674 0.34190364 0.53840305
v 0.95905760 0.34188924 0.57322892
v 0.95909882 0.34190661 0.61700392
v 0.95692288 0.19746141 -0.23018139
v 0.95860362 0.46150410 0.62233841
v 0.95744954 0.45891178 0.46664183
v 0.95727273 0.41711586 0.19370275
v 0.95872474 0.56198442 0.50696498
v 0.95871753 0.56198442 0.51482493
v 0.95877854 0.56198281 0.53380322
v 0.95873567 0.56198300 0.57066645
v 0.95909651 0.56197535 0.59879618
v 0.95938732 0.56186106 0.61690428
v 0.95915628 0.70244125 -0.09436280
v 0.95942903 0.63574524 0.45196212
v 0.95883049 0.56986588 0.49909423
v 0.95917489 0.62448326 0.49910554
v 0.95914319 0.64054329 0.49910633
v 0.95786624 0.74267038 0.22546868
v 0.95740581 0.56912791 -0.64579107
v 0.95934671 0.64844358 0.49910507
v 0.95876900 0.63344668 -0.39007131
v 0.95924203 0.65629766 0.50696715
v 0.95944859 0.65629830 0.54372321
v 0.95925054 0.65630365 0.57492027
v 0.95921792 0.65630984 0.59342378
v 0.96028627 0.67018138 0.37753026
v 0.95552504 0.76094895 -0.47656635
v 0.95879233 0.69294264 0.59341155
v 0.95723869 0.74916685 0.52994496
v 0.95861453 0.71132296 0.59342414
v 0.95887119 0.71918291 0.60128403
v 0.95913023 0.71918291 0.60914397
v 0.95662574 0.84740291 0.44820563
v 0.95771117 0.79397654 0.62264731
v 0.95813778 0.95481091 -0.26875005
v 0.95872335 0.93374078 0.61918963
v 0.95884825 0.84211284 -0.64710317
v 0.95874305 0.95484433 0.43260727
v 0.95406217 0.95885958 -0.65612401
v 0.96011235 0.95669296 -0.47496157
f 2 273 1
f 22 2 1
f 273 22 1
f 16 22 273
f 104 26 24
f 14 5 6
f 5 1 6
f 7 1 8
f 8 9 7
f 9 3 7
f 10 1 11
f 4 10 11
f 4 12 13
f 12 1 13
f 24 1 104
f 14 26 105
f 1 15 6
f 15 14 6
f 15 1 7
f 22 19 2
f 20 22 16
f 17 4 13
f 17 13 1
f 15 34 14
f 31 34 15
f 7 31 15
f 3 31 7
f 20 16 1
f 18 1 10
f 4 18 10
f 17 23 4
f 23 17 1
f 34 26 14
f 3 9 21
f 20 1 18
f 26 27 24
f 21 25 3
f 21 1 25
f 23 27 4
f 27 23 1
f 27 18 4
f 27 1 24
f 25 28 3
f 28 25 1
f 29 31 3
f 28 30 3
f 30 29 3
f 30 28 1
f 48 18 27
f 31 35 34
f 29 1 31
f 30 1 29
f 20 46 22
f 31 32 35
f 32 31 1
f 46 19 22
f 32 33 35
f 33 32 1
f 34 39 26
f 18 51 20
f 35 33 1
f 35 1 36
f 36 1 37
f 48 51 18
f 26 39 48
f 36 40 35
f 37 40 36
f 40 37 137
f 51 38 20
f 35 40 34
f 38 46 20
f 26 48 27
f 40 43 34
f 40 41 43
f 41 40 42
f 43 147 34
f 1 43 41
f 42 1 41
f 44 43 1
f 44 49 43
f 1 45 44
f 38 47 46
f 49 44 45
f 51 47 38
f 147 39 34
f 47 52 46
f 43 54 147
f 48 71 51
f 54 43 49
f 39 50 48
f 51 53 47
f 51 71 53
f 47 57 52
f 52 57 55
f 53 57 47
f 49 56 54
f 50 71 48
f 59 71 50
f 58 55 57
f 68 231 55
f 58 68 55
f 150 221 50
f 221 59 50
f 150 60 221
f 56 62 54
f 61 62 56
f 64 53 71
f 57 222 58
f 53 222 57
f 54 62 60
f 284 59 221
f 64 222 53
f 62 285 60
f 155 71 59
f 221 60 157
f 157 60 285
f 157 63 221
f 62 61 157
f 71 65 64
f 66 70 63
f 63 70 155
f 157 66 63
f 155 70 71
f 61 66 157
f 58 67 68
f 61 69 66
f 69 75 66
f 71 73 65
f 68 67 72
f 73 67 65
f 75 74 66
f 71 70 78
f 166 67 73
f 78 84 71
f 71 84 73
f 77 92 72
f 70 74 78
f 74 76 86
f 84 93 73
f 93 98 77
f 73 93 77
f 74 86 78
f 92 184 72
f 75 76 74
f 172 79 75
f 79 76 75
f 80 79 172
f 80 172 81
f 1 82 76
f 79 1 76
f 80 1 79
f 81 1 80
f 82 83 76
f 83 86 76
f 83 82 1
f 77 98 92
f 83 85 86
f 85 83 1
f 86 85 1
f 1 87 86
f 87 95 86
f 87 1 88
f 88 1 89
f 89 1 90
f 1 91 90
f 88 95 87
f 89 95 88
f 90 95 89
f 96 90 91
f 95 90 96
f 92 189 184
f 78 86 94
f 98 189 92
f 95 94 86
f 96 97 95
f 94 84 78
f 97 99 95
f 94 102 84
f 95 99 94
f 99 102 94
f 84 270 93
f 102 101 84
f 84 101 270
f 97 100 99
f 93 270 98
f 98 196 189
f 100 97 193
f 99 100 197
f 197 102 99
f 98 270 196
f 102 103 101
f 196 195 189
f 197 103 102
f 197 100 510
f 100 272 510
f 11 112 4
f 104 127 26
f 127 105 26
f 105 106 14
f 14 107 5
f 106 107 14
f 5 107 1
f 8 1 108
f 8 108 9
f 108 114 9
f 11 1 111
f 111 112 11
f 4 112 12
f 12 109 1
f 112 109 12
f 104 1 113
f 127 104 113
f 106 105 134
f 1 107 110
f 107 106 110
f 1 110 108
f 114 108 110
f 109 112 115
f 122 110 106
f 111 1 126
f 112 111 126
f 113 1 120
f 127 113 120
f 122 106 134
f 16 273 133
f 16 133 1
f 109 115 1
f 134 105 127
f 9 114 21
f 133 126 1
f 114 110 118
f 21 114 116
f 21 116 1
f 112 126 198
f 115 112 198
f 116 114 117
f 117 114 118
f 116 117 1
f 133 273 201
f 117 118 119
f 117 119 1
f 115 121 1
f 1 121 120
f 121 127 120
f 122 134 204
f 118 110 123
f 119 118 124
f 119 124 1
f 121 115 142
f 127 121 142
f 125 110 122
f 1 123 125
f 123 110 125
f 118 123 1
f 124 118 1
f 125 122 128
f 125 128 1
f 128 122 135
f 142 115 198
f 126 133 275
f 1 128 129
f 128 135 129
f 129 130 1
f 130 131 1
f 131 132 1
f 1 132 37
f 297 198 126
f 130 129 135
f 131 130 137
f 137 130 135
f 132 131 137
f 132 137 37
f 133 201 275
f 200 126 275
f 275 201 203
f 198 297 202
f 134 127 142
f 136 134 142
f 296 19 46
f 205 203 201
f 137 135 138
f 198 202 207
f 142 198 207
f 139 137 138
f 40 139 42
f 137 139 40
f 139 138 1
f 42 139 1
f 209 275 203
f 141 138 140
f 138 141 1
f 138 135 140
f 1 141 45
f 141 140 144
f 45 144 49
f 141 144 45
f 409 203 343
f 145 136 142
f 145 142 143
f 46 52 296
f 52 465 296
f 39 147 50
f 279 409 148
f 409 299 148
f 140 300 214
f 148 299 149
f 54 150 147
f 52 55 465
f 147 150 50
f 144 214 49
f 465 55 351
f 49 214 56
f 214 300 216
f 150 54 60
f 145 143 228
f 153 56 214
f 214 216 153
f 153 216 219
f 143 224 228
f 148 149 152
f 151 148 152
f 55 231 351
f 145 228 223
f 154 152 149
f 153 219 227
f 56 153 61
f 153 227 61
f 284 220 59
f 220 155 59
f 219 62 158
f 222 64 353
f 224 353 64
f 157 285 156
f 227 219 158
f 58 222 159
f 225 155 220
f 58 159 325
f 63 156 221
f 157 158 62
f 325 154 226
f 156 158 157
f 154 149 237
f 325 160 58
f 63 155 225
f 225 230 63
f 63 230 156
f 353 65 159
f 229 65 353
f 64 65 229
f 223 228 162
f 237 226 154
f 159 65 160
f 286 231 68
f 162 228 163
f 286 68 72
f 228 232 163
f 160 67 58
f 67 160 65
f 227 233 61
f 232 161 163
f 61 233 69
f 234 164 233
f 162 163 165
f 163 240 165
f 167 162 165
f 233 164 244
f 167 238 162
f 72 67 166
f 238 167 170
f 233 169 69
f 169 233 244
f 166 77 72
f 73 77 166
f 165 240 241
f 169 244 249
f 66 74 70
f 69 169 75
f 165 241 168
f 170 167 171
f 167 168 171
f 169 172 75
f 172 169 249
f 184 173 72
f 168 241 292
f 249 251 175
f 168 292 171
f 176 249 175
f 177 249 176
f 178 249 177
f 172 249 179
f 179 249 178
f 172 179 81
f 1 176 175
f 177 176 1
f 178 177 1
f 179 178 1
f 81 179 1
f 175 180 1
f 175 251 190
f 174 292 253
f 180 175 181
f 180 181 1
f 181 175 190
f 181 190 183
f 181 183 1
f 1 183 185
f 183 190 185
f 185 186 1
f 186 187 1
f 187 188 1
f 1 188 91
f 186 185 190
f 187 186 96
f 96 186 190
f 188 187 96
f 188 96 91
f 171 292 174
f 251 314 190
f 171 174 191
f 182 171 255
f 255 171 264
f 190 314 258
f 195 184 189
f 191 174 295
f 264 171 191
f 259 97 96
f 258 260 192
f 255 264 194
f 260 255 194
f 268 257 263
f 259 262 97
f 268 263 267
f 192 261 258
f 264 191 266
f 262 193 97
f 316 264 266
f 262 261 193
f 266 191 265
f 193 261 192
f 192 260 194
f 194 264 316
f 192 194 269
f 193 192 269
f 193 269 337
f 193 337 100
f 297 126 200
f 134 199 204
f 122 204 206
f 199 134 136
f 122 206 135
f 276 202 297
f 207 202 276
f 203 205 343
f 209 203 409
f 345 278 136
f 142 207 143
f 135 206 140
f 140 206 300
f 143 207 208
f 206 210 300
f 345 136 211
f 136 223 211
f 143 208 146
f 223 136 145
f 409 279 209
f 301 146 208
f 212 211 223
f 213 146 301
f 144 140 214
f 148 281 279
f 299 218 149
f 281 148 280
f 282 280 148
f 143 146 215
f 146 213 215
f 282 148 151
f 215 213 217
f 143 215 224
f 212 223 220
f 212 220 302
f 324 215 217
f 302 220 284
f 218 440 149
f 224 215 324
f 220 223 225
f 383 284 221
f 324 353 224
f 159 222 353
f 440 237 149
f 225 223 162
f 160 325 226
f 229 224 64
f 156 230 158
f 228 224 229
f 232 229 304
f 228 229 232
f 239 237 440
f 233 158 230
f 230 225 236
f 227 158 233
f 236 225 162
f 233 230 234
f 235 305 226
f 230 236 234
f 235 226 237
f 161 240 163
f 162 238 236
f 312 235 237
f 235 312 329
f 244 164 243
f 311 167 165
f 237 239 247
f 246 238 170
f 168 308 165
f 312 237 247
f 286 72 173
f 167 311 168
f 240 242 241
f 244 243 245
f 312 247 313
f 247 239 293
f 248 246 170
f 244 245 251
f 248 170 182
f 182 170 171
f 313 247 254
f 252 313 254
f 250 292 241
f 249 244 251
f 247 293 254
f 294 248 182
f 250 291 292
f 252 254 256
f 294 182 255
f 263 254 293
f 399 263 293
f 253 364 295
f 253 295 174
f 257 254 263
f 256 254 257
f 190 259 96
f 195 519 184
f 259 190 258
f 259 258 261
f 295 315 191
f 315 257 268
f 263 402 267
f 262 259 261
f 191 315 265
f 265 315 268
f 194 316 336
f 194 336 269
f 196 318 195
f 101 271 270
f 100 319 272
f 319 100 337
f 273 425 201
f 200 275 372
f 298 274 450
f 204 274 298
f 298 206 204
f 204 199 274
f 504 296 465
f 199 136 278
f 278 274 199
f 407 207 276
f 206 277 210
f 209 279 346
f 279 281 280
f 282 321 280
f 217 213 411
f 282 151 283
f 151 152 283
f 302 284 350
f 429 152 154
f 353 303 229
f 159 160 226
f 159 226 305
f 303 304 229
f 231 286 485
f 232 430 161
f 305 235 306
f 236 388 234
f 164 234 287
f 288 164 287
f 235 329 306
f 164 288 243
f 242 240 392
f 308 311 165
f 288 310 243
f 308 168 330
f 242 289 241
f 245 243 310
f 168 311 330
f 241 289 250
f 245 332 251
f 313 252 290
f 250 419 291
f 253 292 291
f 256 290 252
f 314 251 333
f 257 444 256
f 398 255 260
f 260 258 401
f 314 401 258
f 295 334 315
f 399 402 263
f 316 266 403
f 270 318 196
f 103 479 101
f 197 445 103
f 206 298 277
f 209 342 275
f 407 208 207
f 345 211 408
f 210 277 376
f 210 376 300
f 279 280 346
f 320 211 212
f 300 376 216
f 411 213 301
f 282 283 321
f 351 231 468
f 350 212 302
f 283 152 429
f 218 513 440
f 221 384 383
f 156 384 221
f 159 354 325
f 159 305 354
f 304 303 232
f 234 388 326
f 388 236 390
f 236 238 390
f 311 308 307
f 309 311 307
f 238 246 418
f 309 359 311
f 358 245 310
f 432 329 312
f 358 332 245
f 418 246 248
f 239 452 293
f 312 313 432
f 419 250 289
f 333 251 332
f 313 290 331
f 173 184 535
f 397 294 255
f 364 366 295
f 398 260 436
f 541 444 257
f 366 334 295
f 257 315 369
f 268 267 335
f 269 336 488
f 318 317 195
f 101 479 271
f 2 19 500
f 273 437 425
f 490 372 275
f 200 372 438
f 297 200 438
f 201 531 205
f 342 490 275
f 346 342 209
f 208 407 348
f 346 280 321
f 465 351 532
f 323 412 377
f 352 350 284
f 323 322 412
f 352 382 323
f 355 352 284
f 383 355 284
f 231 485 468
f 430 232 303
f 414 234 326
f 414 287 234
f 161 431 240
f 389 307 327
f 431 392 240
f 307 308 327
f 306 329 391
f 309 357 328
f 417 310 288
f 308 330 327
f 392 289 242
f 417 358 310
f 330 360 327
f 359 330 311
f 359 361 330
f 452 394 293
f 313 331 432
f 361 360 330
f 362 361 359
f 294 397 248
f 256 444 290
f 293 396 399
f 535 184 557
f 333 401 314
f 260 401 436
f 541 257 369
f 268 335 265
f 267 402 335
f 316 403 336
f 103 445 479
f 2 500 273
f 341 371 339
f 489 298 450
f 341 370 371
f 338 19 296
f 447 277 298
f 347 405 404
f 370 347 404
f 276 297 406
f 340 344 341
f 427 274 278
f 347 375 405
f 341 347 370
f 344 347 341
f 278 345 408
f 374 376 277
f 349 377 347
f 320 408 211
f 377 410 347
f 208 348 301
f 344 350 349
f 411 301 348
f 320 212 350
f 216 376 379
f 323 377 349
f 377 412 413
f 350 352 349
f 379 219 216
f 219 379 62
f 349 352 323
f 324 217 413
f 380 382 352
f 323 381 322
f 428 353 324
f 303 353 428
f 380 385 382
f 382 385 386
f 383 326 355
f 326 388 355
f 239 440 552
f 414 326 383
f 430 431 161
f 305 306 354
f 306 391 354
f 389 327 356
f 431 356 392
f 416 390 238
f 286 173 485
f 327 392 356
f 416 328 357
f 393 289 392
f 391 329 432
f 328 359 309
f 419 289 393
f 360 393 327
f 362 421 361
f 291 395 253
f 333 332 434
f 421 365 361
f 255 398 397
f 361 365 367
f 366 364 420
f 368 367 365
f 422 368 365
f 368 400 367
f 269 488 494
f 339 340 341
f 340 339 446
f 489 447 298
f 446 373 340
f 297 438 406
f 374 277 447
f 427 278 408
f 406 407 276
f 205 482 343
f 340 373 344
f 347 344 349
f 344 373 408
f 347 410 375
f 409 496 299
f 320 344 408
f 320 350 344
f 283 429 321
f 413 217 411
f 514 285 62
f 381 382 386
f 514 156 285
f 384 414 383
f 439 355 388
f 386 385 415
f 385 387 415
f 386 389 431
f 357 415 387
f 390 387 388
f 552 523 239
f 415 307 389
f 387 390 357
f 389 356 431
f 309 307 415
f 357 309 415
f 390 416 357
f 287 417 288
f 418 416 238
f 327 393 392
f 418 359 328
f 393 360 419
f 397 418 248
f 360 395 419
f 362 359 418
f 397 362 418
f 363 395 360
f 361 363 360
f 395 364 253
f 363 420 395
f 361 367 363
f 420 363 367
f 367 366 420
f 367 400 366
f 398 436 422
f 400 423 366
f 422 454 368
f 366 435 334
f 337 269 494
f 317 318 791
f 197 510 642
f 272 319 510
f 19 338 500
f 404 458 370
f 373 446 426
f 450 274 426
f 296 504 338
f 427 426 274
f 405 407 406
f 405 375 407
f 376 374 451
f 375 348 407
f 410 348 375
f 410 411 348
f 410 413 411
f 496 218 299
f 410 377 413
f 532 351 468
f 321 429 466
f 378 513 218
f 428 412 322
f 413 428 324
f 381 323 382
f 352 355 439
f 352 439 380
f 514 384 156
f 303 428 430
f 381 386 430
f 439 387 385
f 388 387 439
f 415 389 386
f 441 287 414
f 287 441 417
f 416 418 328
f 432 475 391
f 448 394 452
f 331 433 432
f 470 433 331
f 395 291 419
f 331 290 470
f 293 394 396
f 397 421 362
f 395 420 364
f 397 398 421
f 421 422 365
f 398 422 421
f 422 436 455
f 454 424 368
f 519 195 698
f 266 265 495
f 273 500 437
f 425 531 201
f 371 370 458
f 501 446 339
f 426 427 373
f 427 408 373
f 343 482 409
f 412 428 413
f 322 381 428
f 439 385 380
f 514 414 384
f 386 431 430
f 514 566 414
f 354 391 484
f 533 417 441
f 417 443 358
f 358 469 332
f 448 433 394
f 432 433 448
f 487 470 290
f 290 444 487
f 396 449 399
f 434 472 333
f 472 401 333
f 423 435 366
f 454 422 455
f 368 453 400
f 424 453 368
f 436 401 526
f 399 456 402
f 403 266 495
f 446 520 426
f 489 450 503
f 404 405 459
f 460 459 405
f 450 426 503
f 438 460 406
f 531 481 205
f 490 342 463
f 409 482 464
f 513 378 429
f 566 441 414
f 391 475 442
f 443 469 358
f 557 184 519
f 270 726 318
f 459 458 404
f 447 489 461
f 461 491 447
f 405 406 460
f 205 481 462
f 462 482 205
f 447 451 374
f 342 346 497
f 321 497 346
f 218 473 378
f 466 429 378
f 429 498 513
f 498 429 154
f 381 430 428
f 440 578 552
f 391 442 484
f 417 533 474
f 417 474 443
f 239 523 452
f 432 448 475
f 433 470 394
f 394 470 396
f 332 471 434
f 472 548 401
f 444 541 449
f 423 400 561
f 456 542 402
f 195 317 698
f 271 479 270
f 425 577 531
f 490 463 512
f 464 496 409
f 464 342 497
f 496 473 218
f 532 468 505
f 376 544 379
f 325 498 154
f 506 354 484
f 474 476 443
f 452 475 448
f 449 456 399
f 400 453 561
f 336 403 495
f 500 338 643
f 458 459 457
f 339 371 501
f 372 490 502
f 463 481 512
f 481 463 462
f 504 465 532
f 466 497 321
f 513 578 440
f 484 442 527
f 469 443 476
f 477 434 486
f 423 561 435
f 436 478 455
f 424 517 453
f 315 518 369
f 265 335 509
f 337 494 589
f 503 426 520
f 502 438 372
f 447 491 451
f 462 463 483
f 463 342 483
f 466 378 473
f 505 468 703
f 467 514 62
f 475 452 523
f 396 470 487
f 486 525 499
f 486 434 471
f 477 486 499
f 477 472 434
f 336 495 488
f 589 319 337
f 551 460 438
f 483 342 464
f 451 492 376
f 497 466 473
f 354 506 325
f 441 545 553
f 485 173 535
f 487 444 449
f 453 517 558
f 319 612 510
f 612 319 589
f 501 371 458
f 464 497 496
f 473 496 497
f 566 545 441
f 508 493 499
f 369 573 541
f 526 478 436
f 265 509 495
f 197 642 445
f 438 502 563
f 491 543 451
f 462 483 482
f 483 464 482
f 543 492 451
f 379 467 62
f 442 475 523
f 524 469 529
f 476 529 469
f 486 471 525
f 401 567 526
f 500 659 437
f 446 501 520
f 489 503 576
f 489 576 461
f 490 512 480
f 492 544 376
f 325 616 498
f 546 523 552
f 441 553 533
f 476 474 528
f 469 524 332
f 471 332 547
f 536 493 516
f 493 536 540
f 477 499 537
f 472 537 548
f 477 537 472
f 453 558 561
f 454 455 424
f 726 270 479
f 458 457 511
f 503 520 521
f 438 661 551
f 498 578 513
f 468 485 902
f 484 527 522
f 523 534 527
f 527 442 523
f 528 515 476
f 476 515 529
f 516 507 530
f 516 508 507
f 516 493 508
f 493 540 499
f 537 499 556
f 487 449 396
f 334 518 315
f 726 791 318
f 500 643 659
f 661 438 563
f 578 498 616
f 523 546 534
f 525 471 547
f 525 555 499
f 658 456 449
f 518 573 369
f 425 437 864
f 643 338 562
f 520 501 583
f 531 570 481
f 468 559 703
f 624 566 514
f 468 902 559
f 529 538 554
f 499 540 556
f 424 455 550
f 402 542 899
f 402 899 335
f 583 521 520
f 460 457 459
f 506 616 325
f 506 484 579
f 554 524 529
f 524 547 332
f 516 530 539
f 530 507 508
f 499 555 508
f 536 539 508
f 334 435 518
f 425 864 577
f 458 511 575
f 480 512 604
f 543 544 492
f 533 598 474
f 538 529 515
f 539 530 508
f 516 539 536
f 536 508 540
f 449 541 641
f 563 502 699
f 379 571 467
f 585 545 566
f 553 545 585
f 546 522 527
f 533 553 598
f 527 534 546
f 555 525 560
f 548 580 401
f 561 558 568
f 437 569 864
f 574 501 458
f 562 338 504
f 521 576 503
f 532 505 649
f 544 571 379
f 579 484 522
f 598 528 474
f 547 560 525
f 555 556 508
f 508 556 540
f 556 548 537
f 658 790 456
f 550 455 549
f 510 686 642
f 583 501 574
f 457 460 551
f 481 570 512
f 491 597 543
f 616 506 579
f 515 587 538
f 554 564 524
f 556 555 548
f 580 567 401
f 526 567 602
f 573 641 541
f 517 424 550
f 494 949 589
f 614 532 649
f 544 565 571
f 538 564 554
f 535 669 485
f 669 535 557
f 560 548 555
f 455 478 549
f 458 575 574
f 570 531 577
f 563 699 644
f 605 585 566
f 641 658 449
f 595 435 561
f 517 588 558
f 561 572 595
f 561 568 572
f 517 550 588
f 526 602 478
f 543 590 544
f 528 587 515
f 524 617 547
f 560 580 548
f 495 509 912
f 490 480 502
f 565 544 590
f 830 578 616
f 566 624 605
f 522 546 706
f 553 585 605
f 598 586 528
f 564 617 524
f 588 568 558
f 518 697 573
f 456 790 542
f 899 542 603
f 510 612 686
f 596 491 461
f 631 457 551
f 521 583 675
f 521 584 576
f 597 491 596
f 604 512 570
f 504 532 742
f 514 467 624
f 605 598 553
f 587 564 538
f 547 599 560
f 599 580 560
f 592 549 582
f 549 478 582
f 613 576 584
f 699 502 480
f 563 644 661
f 590 543 597
f 571 663 467
f 528 586 587
f 581 600 588
f 568 588 600
f 601 581 588
f 567 580 602
f 550 601 588
f 550 549 592
f 573 594 641
f 557 519 623
f 790 672 542
f 511 457 631
f 521 675 584
f 552 635 546
f 635 706 546
f 598 605 591
f 617 599 547
f 600 581 629
f 609 657 593
f 581 601 610
f 582 478 611
f 593 572 609
f 640 550 592
f 593 595 572
f 435 595 518
f 913 570 577
f 644 699 822
f 740 699 480
f 480 604 740
f 532 614 742
f 590 632 565
f 632 571 565
f 615 663 571
f 579 522 706
f 707 586 598
f 587 586 564
f 608 592 620
f 620 592 582
f 611 620 582
f 610 601 640
f 550 640 601
f 657 595 593
f 602 611 478
f 437 659 569
f 576 613 461
f 461 613 596
f 742 614 700
f 632 615 571
f 663 624 467
f 586 707 655
f 564 586 655
f 485 669 902
f 617 607 599
f 628 606 618
f 610 629 581
f 622 621 611
f 622 611 580
f 580 611 602
f 600 629 609
f 600 609 572
f 568 600 572
f 518 595 697
f 317 603 698
f 899 603 791
f 791 603 317
f 899 791 881
f 895 569 659
f 575 511 674
f 583 574 660
f 511 631 674
f 583 660 675
f 584 676 613
f 551 662 631
f 597 632 590
f 648 614 649
f 624 591 605
f 707 598 591
f 627 617 564
f 695 606 628
f 619 628 618
f 606 695 608
f 622 619 621
f 607 619 622
f 599 607 622
f 638 637 609
f 606 608 618
f 620 618 608
f 609 637 657
f 638 609 629
f 619 618 620
f 621 619 620
f 592 608 656
f 599 622 580
f 611 621 620
f 657 722 595
f 623 519 698
f 603 881 698
f 881 791 698
f 577 864 913
f 574 575 660
f 616 579 651
f 578 747 552
f 627 564 655
f 685 625 628
f 628 625 711
f 685 628 626
f 626 628 619
f 626 619 607
f 695 656 608
f 592 656 640
f 630 658 641
f 671 790 658
f 584 675 676
f 646 597 596
f 624 650 666
f 552 834 635
f 668 667 634
f 749 634 667
f 668 634 653
f 652 706 635
f 634 654 653
f 625 685 654
f 627 626 617
f 628 711 695
f 617 626 607
f 637 670 636
f 694 638 629
f 610 694 629
f 656 639 640
f 542 672 603
f 589 949 955
f 643 562 866
f 660 687 675
f 674 631 645
f 613 646 596
f 597 646 632
f 646 689 632
f 614 701 700
f 614 648 647
f 633 830 616
f 704 665 664
f 668 704 667
f 579 706 809
f 624 666 591
f 591 668 653
f 591 653 707
f 654 692 653
f 627 685 626
f 637 638 670
f 694 610 640
f 639 694 640
f 637 713 657
f 557 891 876
f 696 658 630
f 488 495 725
f 445 642 714
f 674 660 575
f 646 613 676
f 645 631 662
f 562 504 742
f 646 677 688
f 701 614 647
f 689 646 688
f 648 649 679
f 647 648 745
f 679 649 505
f 615 632 689
f 650 624 663
f 664 683 684
f 633 616 768
f 704 664 684
f 651 768 616
f 650 665 666
f 666 665 668
f 747 834 552
f 665 704 668
f 591 666 668
f 634 749 654
f 655 685 627
f 636 710 753
f 670 710 636
f 713 637 636
f 638 694 670
f 695 639 656
f 641 594 724
f 595 722 697
f 895 864 569
f 660 674 774
f 551 661 673
f 645 759 674
f 676 675 677
f 646 676 677
f 729 677 675
f 729 678 677
f 688 677 678
f 688 678 702
f 680 702 678
f 680 678 716
f 680 716 681
f 680 681 702
f 691 650 663
f 682 683 664
f 665 682 664
f 665 650 682
f 830 747 578
f 667 704 718
f 651 579 809
f 667 718 749
f 692 654 685
f 654 732 625
f 732 721 625
f 655 692 685
f 710 708 753
f 695 754 639
f 754 694 639
f 788 735 789
f 789 735 696
f 820 641 724
f 573 697 594
f 603 672 881
f 955 612 589
f 551 673 662
f 570 778 604
f 645 662 741
f 679 745 648
f 689 688 702
f 716 678 746
f 615 689 690
f 690 702 681
f 690 681 683
f 615 691 663
f 650 691 682
f 704 684 718
f 706 652 720
f 654 749 732
f 692 707 653
f 707 692 655
f 733 708 710
f 753 712 636
f 670 694 710
f 712 713 636
f 696 737 658
f 657 713 722
f 658 737 671
f 557 623 891
f 698 950 623
f 912 725 495
f 488 956 494
f 659 904 895
f 659 643 904
f 687 660 757
f 660 774 757
f 743 675 687
f 661 795 673
f 679 701 882
f 689 702 690
f 615 690 691
f 682 690 683
f 635 838 652
f 720 652 709
f 721 711 625
f 753 787 712
f 754 710 694
f 711 754 695
f 876 669 557
f 735 737 696
f 488 725 956
f 726 479 929
f 699 740 822
f 662 673 727
f 727 741 662
f 604 778 740
f 675 743 729
f 701 679 700
f 746 678 729
f 716 764 681
f 681 764 683
f 691 690 682
f 717 705 719
f 706 811 809
f 706 720 811
f 834 836 635
f 733 693 708
f 708 693 753
f 635 836 838
f 652 838 709
f 721 752 711
f 754 733 710
f 711 752 754
f 756 713 712
f 839 735 788
f 789 696 819
f 722 723 697
f 904 643 893
f 823 644 822
f 674 759 774
f 661 644 823
f 759 645 741
f 715 742 700
f 701 868 715
f 647 868 701
f 882 745 679
f 928 505 703
f 764 716 746
f 767 717 719
f 751 732 749
f 810 693 719
f 750 693 733
f 720 813 811
f 752 733 754
f 720 709 734
f 756 817 771
f 756 771 736
f 713 756 736
f 736 771 739
f 739 723 736
f 713 736 723
f 713 723 722
f 724 738 842
f 739 738 724
f 630 641 671
f 594 739 724
f 739 697 723
f 820 671 641
f 594 697 739
f 509 335 960
f 698 791 950
f 687 792 743
f 822 740 775
f 913 923 570
f 923 778 570
f 728 760 779
f 799 760 728
f 715 882 701
f 779 730 728
f 728 781 799
f 781 728 730
f 746 729 761
f 679 505 928
f 731 781 730
f 827 781 731
f 703 559 928
f 765 731 869
f 764 684 683
f 633 768 855
f 767 766 717
f 809 747 651
f 719 769 767
f 748 769 750
f 751 748 750
f 832 748 751
f 749 832 751
f 719 693 750
f 751 750 733
f 721 732 751
f 752 751 733
f 751 752 721
f 753 693 810
f 756 712 787
f 838 755 709
f 709 755 734
f 819 696 630
f 739 771 738
f 842 738 840
f 726 892 791
f 687 757 792
f 757 774 772
f 741 758 759
f 773 759 758
f 741 793 758
f 661 823 795
f 741 760 793
f 740 778 796
f 866 562 742
f 727 760 741
f 742 715 777
f 743 761 729
f 882 744 745
f 745 849 647
f 744 806 745
f 763 806 744
f 806 763 784
f 784 763 785
f 731 765 827
f 851 869 731
f 786 766 767
f 786 767 856
f 747 768 651
f 749 718 832
f 769 719 750
f 717 859 705
f 859 810 705
f 810 719 705
f 810 787 753
f 814 837 816
f 816 837 770
f 817 770 771
f 771 770 738
f 756 787 817
f 735 841 737
f 842 877 724
f 643 866 893
f 772 824 757
f 792 757 824
f 773 758 793
f 772 774 773
f 774 759 773
f 775 740 796
f 795 775 776
f 743 792 761
f 795 776 673
f 776 801 673
f 796 778 777
f 801 776 901
f 727 779 760
f 742 777 780
f 761 800 762
f 715 700 780
f 780 700 894
f 761 762 782
f 746 761 782
f 868 647 849
f 782 762 805
f 679 928 700
f 746 782 783
f 731 730 826
f 851 731 826
f 872 765 869
f 856 827 765
f 769 856 767
f 875 717 766
f 814 903 837
f 813 720 838
f 838 720 734
f 787 816 817
f 770 817 816
f 770 898 738
f 788 789 818
f 735 839 841
f 737 841 630
f 877 820 724
f 479 445 929
f 772 843 824
f 793 843 773
f 865 823 822
f 823 794 795
f 795 794 775
f 793 760 798
f 792 821 800
f 761 792 800
f 845 776 775
f 727 673 797
f 846 776 845
f 727 797 779
f 799 798 760
f 798 799 802
f 776 846 901
f 797 673 801
f 797 801 825
f 800 821 802
f 715 868 777
f 800 802 804
f 802 799 804
f 779 826 730
f 804 799 781
f 847 803 848
f 762 800 805
f 804 781 850
f 806 849 745
f 782 805 783
f 850 781 827
f 806 784 849
f 746 783 764
f 784 785 886
f 684 764 831
f 856 765 786
f 765 872 786
f 633 855 830
f 786 874 766
f 684 831 718
f 769 748 860
f 747 809 834
f 832 860 748
f 717 875 859
f 834 809 811
f 812 903 814
f 813 834 811
f 836 834 813
f 863 815 810
f 810 815 787
f 813 838 836
f 902 669 896
f 815 814 787
f 787 814 816
f 818 839 788
f 818 789 819
f 630 841 819
f 737 630 671
f 509 960 912
f 843 772 773
f 823 865 844
f 867 823 844
f 824 843 821
f 865 822 794
f 843 798 821
f 794 822 775
f 867 794 823
f 792 824 821
f 843 793 798
f 845 775 796
f 821 798 802
f 777 778 780
f 780 882 715
f 894 700 928
f 847 883 803
f 800 804 850
f 848 803 853
f 783 805 852
f 803 828 853
f 829 850 827
f 783 854 764
f 764 854 831
f 829 827 873
f 829 873 858
f 854 829 858
f 831 854 858
f 879 886 785
f 871 807 888
f 874 786 872
f 808 874 880
f 808 875 874
f 874 875 766
f 769 873 856
f 831 832 718
f 832 858 860
f 860 873 769
f 859 861 863
f 863 861 862
f 903 812 835
f 838 734 755
f 865 794 867
f 845 796 777
f 778 882 780
f 779 797 826
f 915 883 847
f 826 797 825
f 825 847 848
f 825 848 826
f 883 906 803
f 850 805 800
f 826 848 851
f 805 850 852
f 852 850 829
f 849 784 884
f 783 852 854
f 853 828 870
f 884 784 886
f 869 853 870
f 854 852 829
f 878 807 828
f 828 807 870
f 870 807 871
f 873 827 856
f 808 880 871
f 747 855 768
f 808 871 857
f 831 858 832
f 875 857 861
f 860 858 873
f 859 875 861
f 888 833 857
f 861 857 862
f 857 833 862
f 862 833 812
f 859 863 810
f 862 814 863
f 863 814 815
f 898 770 837
f 738 898 840
f 818 819 839
f 877 959 820
f 910 790 671
f 494 956 949
f 844 865 867
f 742 780 866
f 846 845 924
f 924 845 777
f 924 777 868
f 915 924 868
f 868 883 915
f 849 883 868
f 869 848 853
f 851 848 869
f 870 880 869
f 763 887 785
f 869 880 872
f 785 887 879
f 872 880 874
f 855 747 830
f 871 888 857
f 808 857 875
f 814 862 812
f 837 903 897
f 896 669 876
f 837 897 898
f 909 842 840
f 909 877 842
f 891 623 905
f 923 963 778
f 778 963 882
f 886 885 884
f 880 870 871
f 559 902 1160
f 888 889 833
f 833 889 922
f 819 841 839
f 790 910 672
f 686 612 955
f 906 883 849
f 849 884 906
f 744 885 763
f 887 885 886
f 887 886 879
f 833 890 812
f 909 959 877
f 791 892 983
f 445 714 1051
f 866 780 900
f 803 906 919
f 763 885 887
f 807 878 908
f 807 908 888
f 876 891 905
f 943 820 959
f 671 820 943
f 846 914 901
f 847 937 915
f 906 884 927
f 907 927 884
f 890 833 922
f 671 943 910
f 335 899 911
f 864 1000 913
f 963 938 882
f 924 915 936
f 780 894 900
f 825 937 847
f 919 828 803
f 907 884 885
f 908 889 888
f 903 953 897
f 672 910 1033
f 725 912 1008
f 726 929 892
f 846 924 914
f 906 927 918
f 919 906 918
f 744 920 885
f 890 835 812
f 898 921 840
f 840 921 909
f 959 909 942
f 950 978 623
f 881 672 917
f 866 900 1019
f 890 922 958
f 899 881 911
f 895 904 995
f 930 825 801
f 825 944 937
f 925 918 927
f 744 882 920
f 1033 917 672
f 930 901 914
f 930 801 901
f 930 944 825
f 828 934 878
f 908 947 889
f 897 926 898
f 921 941 909
f 909 933 942
f 335 911 960
f 904 893 995
f 893 866 1019
f 915 937 945
f 903 835 953
f 910 943 954
f 895 1000 864
f 920 907 885
f 828 952 934
f 835 890 958
f 912 932 1008
f 892 990 983
f 642 1134 714
f 1000 923 913
f 915 945 936
f 889 947 948
f 897 953 926
f 926 916 898
f 898 916 921
f 642 686 1134
f 895 995 980
f 895 980 1000
f 923 970 963
f 925 927 946
f 918 925 946
f 918 946 931
f 927 920 962
f 927 907 920
f 828 919 952
f 878 934 908
f 948 922 889
f 922 940 958
f 933 909 941
f 959 942 994
f 892 929 1050
f 791 983 950
f 445 1051 929
f 924 936 914
f 914 961 930
f 882 939 920
f 919 918 952
f 559 1164 928
f 934 977 908
f 905 623 978
f 911 881 971
f 1039 893 1019
f 961 951 930
f 938 939 882
f 894 928 1164
f 916 976 921
f 935 941 921
f 955 949 1009
f 945 937 944
f 948 940 922
f 975 953 835
f 921 976 935
f 881 917 971
f 725 1008 956
f 893 1039 1017
f 972 961 914
f 930 951 944
f 936 945 985
f 946 939 938
f 946 927 939
f 939 962 920
f 931 952 918
f 902 896 1160
f 714 1105 1051
f 986 944 951
f 945 944 968
f 931 946 981
f 927 962 939
f 896 876 1161
f 995 893 1017
f 963 973 938
f 936 964 914
f 900 894 1019
f 945 968 957
f 938 981 946
f 931 981 965
f 931 999 952
f 954 1033 910
f 989 912 960
f 971 917 978
f 978 950 971
f 964 963 970
f 963 964 973
f 914 984 972
f 964 984 914
f 964 936 985
f 944 986 968
f 1019 894 1164
f 908 977 947
f 953 975 926
f 1066 941 935
f 943 982 954
f 950 966 971
f 950 983 966
f 973 981 938
f 947 974 948
f 905 1161 876
f 959 982 943
f 917 966 978
f 951 961 967
f 973 964 985
f 957 985 945
f 965 981 968
f 958 1014 835
f 994 1048 959
f 959 1048 982
f 917 1033 966
f 970 1028 964
f 951 967 986
f 968 981 957
f 1164 559 1030
f 974 940 948
f 912 989 932
f 969 892 1050
f 997 981 973
f 1002 931 965
f 926 975 1043
f 976 916 1045
f 983 979 966
f 686 1010 1134
f 923 1004 970
f 987 965 968
f 926 1005 916
f 955 1009 686
f 966 979 978
f 972 984 991
f 961 972 1001
f 964 1028 998
f 987 1002 965
f 1005 1045 916
f 892 969 990
f 1011 923 1000
f 1028 970 1004
f 1001 972 991
f 998 984 964
f 973 985 996
f 1003 988 992
f 993 988 1003
f 1056 905 978
f 1009 949 1083
f 1004 1035 1028
f 991 984 1040
f 967 961 1001
f 998 996 985
f 1042 1002 987
f 1043 1005 926
f 1006 993 1003
f 935 1023 1066
f 942 933 994
f 982 1049 954
f 1010 686 1009
f 1040 984 998
f 1018 997 973
f 998 985 957
f 957 981 1036
f 968 986 1020
f 968 1020 987
f 931 1002 1021
f 934 952 1022
f 1030 559 1160
f 977 1065 947
f 1096 1037 974
f 940 974 1037
f 940 1037 958
f 975 835 1014
f 1160 896 1155
f 975 1060 1043
f 988 1054 992
f 1045 1054 988
f 1161 905 1075
f 1075 905 1056
f 980 1026 1000
f 996 1018 973
f 981 997 1036
f 1037 1014 958
f 1045 1007 976
f 1007 988 993
f 1032 1015 1016
f 941 1089 933
f 954 1049 1033
f 971 966 911
f 983 1104 979
f 983 990 1104
f 1051 1050 929
f 1040 1001 991
f 998 1028 996
f 957 1012 998
f 1012 997 1018
f 987 1020 1042
f 931 1021 999
f 992 1079 1003
f 988 1007 1045
f 976 1072 935
f 976 1007 1072
f 1089 994 933
f 949 956 1082
f 960 1151 989
f 998 1012 1052
f 986 967 1013
f 1012 957 1087
f 1020 986 1013
f 1021 1002 1042
f 999 1059 952
f 952 1059 1022
f 1155 896 1219
f 992 1054 1031
f 1079 1006 1003
f 993 1006 1046
f 1007 993 1015
f 1015 1032 1047
f 1066 1089 941
f 1052 1040 998
f 1013 1029 1020
f 1036 1041 957
f 934 1065 977
f 1065 1108 947
f 1108 974 947
f 993 1046 1062
f 1063 1072 1007
f 1016 1055 1032
f 1049 1068 1033
f 966 1033 1127
f 714 1134 1105
f 980 1024 1025
f 1025 1026 980
f 980 995 1024
f 1026 1027 1000
f 997 1012 1036
f 957 1029 1087
f 1042 1020 1029
f 934 1022 1065
f 1044 1045 1005
f 993 1062 1015
f 1062 1016 1015
f 935 1072 1023
f 1055 1064 1032
f 1032 1064 1023
f 1064 1066 1023
f 960 911 1151
f 1025 1024 1
f 1025 1 1026
f 1024 995 1
f 1026 1 1027
f 1 995 1034
f 995 1017 1034
f 1 1038 1027
f 1038 1000 1027
f 1038 1011 1000
f 1028 1144 996
f 996 1052 1018
f 1144 1052 996
f 1036 1012 1087
f 1029 957 1041
f 1042 1029 1041
f 1090 1037 1096
f 1014 1060 975
f 1031 1054 1006
f 896 1161 1219
f 1062 1080 1016
f 1015 1047 1007
f 1032 1023 1047
f 1133 994 1089
f 949 1082 1083
f 1082 956 1008
f 978 979 1166
f 1004 1070 1035
f 1131 1144 1028
f 1012 1018 1052
f 1044 1005 1043
f 1006 1079 1031
f 1045 1053 1054
f 1080 1055 1016
f 1133 1048 994
f 966 1127 911
f 1106 1038 1
f 1038 1106 1011
f 1011 1004 923
f 1028 1035 1131
f 1041 1036 1071
f 1042 1041 1021
f 1041 1077 1021
f 1021 1077 999
f 1059 1095 1022
f 1037 1060 1014
f 1091 1044 1043
f 1044 1053 1045
f 1007 1047 1063
f 1023 1072 1047
f 1056 1049 1076
f 1056 1076 1075
f 1057 1058 1040
f 1040 1058 1001
f 1001 1058 967
f 967 1058 1013
f 1087 1029 1057
f 1087 1071 1036
f 1096 974 1108
f 1091 1061 1044
f 992 1097 1079
f 1110 1044 1061
f 1110 1053 1044
f 1066 1064 1074
f 1049 1056 1068
f 982 1048 1067
f 1056 978 1124
f 1057 1040 1052
f 1058 1057 1013
f 1013 1057 1029
f 1078 1059 999
f 1022 1108 1065
f 1091 1043 1060
f 992 1031 1061
f 1031 1102 1061
f 1031 1079 1102
f 1054 1053 1092
f 1092 1006 1054
f 1063 1135 1072
f 1055 1080 1073
f 1064 1055 1074
f 1075 1076 1081
f 1050 1051 1105
f 1034 1069 1
f 1034 1017 1069
f 1069 1017 1130
f 1131 1035 1070
f 1087 1052 1107
f 1087 1057 1052
f 1078 999 1077
f 1095 1059 1078
f 1037 1122 1060
f 1091 1088 1061
f 1063 1047 1103
f 1047 1072 1103
f 1076 1068 1081
f 1049 982 1076
f 969 1100 990
f 1011 1157 1004
f 1039 1019 1121
f 1037 1090 1122
f 1097 992 1061
f 1092 1046 1006
f 1062 1099 1080
f 1073 1074 1055
f 1068 1056 1081
f 1067 1076 982
f 1009 1083 1138
f 1 1084 1085
f 1085 1118 1
f 1086 1084 1
f 1106 1 1118
f 1 1069 1086
f 1069 1171 1086
f 1069 1130 1171
f 1019 1164 1121
f 1137 1091 1060
f 1061 1088 1097
f 1099 1062 1046
f 1073 1080 1115
f 1103 1072 1111
f 1161 1075 1081
f 1048 1116 1067
f 1008 932 1162
f 1084 1171 1085
f 1084 1086 1171
f 1070 1177 1131
f 1071 1087 1107
f 1061 1098 1110
f 1097 1102 1079
f 1061 1102 1098
f 1053 1110 1119
f 1072 1135 1111
f 1111 1066 1074
f 1089 1093 1133
f 1081 1056 1124
f 1008 1162 1082
f 990 1100 1104
f 1144 1107 1052
f 1071 1145 1041
f 1095 1108 1022
f 1030 1160 1221
f 1109 1096 1108
f 1097 1088 1123
f 1102 1113 1098
f 1113 1092 1053
f 1074 1073 1103
f 1066 1111 1089
f 1138 1010 1009
f 1101 1088 1091
f 1123 1088 1098
f 1119 1113 1053
f 1063 1103 1115
f 1103 1073 1115
f 1151 911 1126
f 1083 1082 1138
f 969 1050 1100
f 1004 1157 1070
f 1077 1094 1078
f 1030 1221 1164
f 1095 1109 1108
f 1122 1137 1060
f 1110 1098 1088
f 1097 1123 1102
f 1101 1119 1110
f 1113 1102 1092
f 1099 1115 1080
f 1103 1111 1074
f 1089 1111 1093
f 1048 1133 1116
f 1076 1067 1068
f 978 1166 1124
f 1126 911 1127
f 1039 1121 1117
f 1077 1128 1094
f 1096 1169 1090
f 1088 1101 1110
f 1102 1132 1092
f 1120 1099 1046
f 1114 1063 1120
f 1063 1115 1120
f 1041 1145 1077
f 1077 1145 1128
f 1152 1095 1078
f 1098 1119 1123
f 1113 1119 1098
f 1102 1123 1132
f 1092 1120 1046
f 1120 1115 1099
f 1135 1093 1111
f 1172 1070 1157
f 1070 1172 1177
f 1109 1129 1096
f 1165 1127 1033
f 1153 1118 1085
f 1118 1153 1106
f 1146 1071 1107
f 1090 1169 1122
f 1137 1101 1091
f 1092 1132 1120
f 1063 1125 1135
f 1085 1171 1153
f 1107 1144 1146
f 1094 1148 1078
f 1078 1148 1152
f 1132 1114 1120
f 1082 1201 1138
f 1106 1156 1011
f 1039 1117 1017
f 1129 1154 1096
f 1123 1119 1132
f 1132 1119 1114
f 1114 1125 1063
f 1068 1165 1033
f 1127 1136 1126
f 1112 1100 1050
f 1122 1173 1137
f 1101 1137 1149
f 1114 1159 1125
f 1067 1116 1194
f 1068 1067 1194
f 1146 1145 1071
f 1154 1169 1096
f 1169 1173 1122
f 1101 1150 1119
f 1150 1114 1119
f 989 1151 1141
f 1105 1112 1050
f 1138 1167 1010
f 1134 1184 1105
f 1010 1167 1134
f 1147 1145 1146
f 1125 1140 1135
f 1135 1140 1093
f 1068 1194 1165
f 1139 1131 1177
f 1131 1139 1144
f 1145 1143 1128
f 1095 1152 1109
f 1150 1101 1149
f 1161 1081 1124
f 989 1141 932
f 979 1104 1183
f 1138 1202 1167
f 1156 1212 1011
f 1017 1117 1130
f 1150 1159 1114
f 1093 1179 1133
f 1194 1116 1174
f 1165 1175 1127
f 1125 1178 1140
f 1174 1116 1133
f 1179 1174 1133
f 1183 1104 1142
f 1171 1130 1163
f 1212 1157 1011
f 1139 1146 1144
f 1128 1158 1094
f 1159 1178 1125
f 1134 1167 1184
f 1156 1106 1153
f 1143 1158 1128
f 1158 1148 1094
f 1152 1168 1109
f 1137 1206 1149
f 1151 1126 1141
f 1100 1180 1104
f 1204 1139 1177
f 1147 1143 1145
f 1143 1196 1158
f 1129 1109 1168
f 1168 1154 1129
f 1190 1206 1137
f 1219 1187 1155
f 1138 1201 1202
f 1173 1190 1137
f 1124 1211 1161
f 1082 1162 1224
f 1082 1224 1201
f 1130 1117 1249
f 1117 1121 1287
f 1221 1160 1218
f 1206 1150 1149
f 1217 1175 1165
f 1195 1100 1112
f 1169 1199 1173
f 1178 1193 1140
f 1165 1194 1217
f 932 1170 1162
f 979 1183 1166
f 1104 1180 1142
f 1130 1249 1163
f 1168 1186 1154
f 1140 1179 1093
f 1124 1166 1200
f 1105 1203 1112
f 1105 1184 1203
f 1157 1235 1172
f 1139 1204 1146
f 1160 1155 1218
f 932 1141 1170
f 1100 1195 1180
f 1124 1200 1211
f 1224 1176 1201
f 1152 1185 1168
f 1175 1136 1127
f 1158 1189 1148
f 1159 1192 1178
f 1171 1163 1153
f 1146 1204 1147
f 1143 1147 1244
f 1196 1189 1158
f 1148 1189 1181
f 1154 1199 1169
f 1150 1207 1159
f 1174 1182 1194
f 1212 1235 1157
f 1148 1185 1152
f 1173 1199 1197
f 1192 1188 1178
f 1126 1320 1141
f 1166 1183 1200
f 1154 1186 1199
f 1188 1193 1178
f 1219 1161 1220
f 1193 1179 1140
f 1193 1198 1179
f 1198 1174 1179
f 1198 1182 1174
f 1207 1191 1159
f 1159 1191 1192
f 1141 1320 1170
f 1142 1248 1183
f 1235 1243 1172
f 1185 1186 1168
f 1186 1209 1199
f 1143 1244 1196
f 1181 1189 1213
f 1181 1185 1148
f 1173 1197 1190
f 1182 1217 1194
f 1153 1163 1241
f 1117 1321 1249
f 1243 1177 1172
f 1181 1214 1185
f 1199 1205 1197
f 1153 1241 1156
f 1204 1244 1147
f 1214 1186 1185
f 1215 1182 1198
f 1201 1176 1240
f 1204 1177 1216
f 1197 1205 1190
f 1245 1206 1190
f 1150 1206 1207
f 1193 1223 1198
f 1156 1234 1212
f 1117 1287 1321
f 1121 1164 1208
f 1210 1189 1196
f 1199 1209 1205
f 1161 1211 1220
f 1198 1223 1215
f 1233 1167 1202
f 1156 1241 1273
f 1264 1241 1163
f 1244 1210 1196
f 1202 1201 1240
f 1177 1243 1216
f 1213 1189 1210
f 1214 1236 1186
f 1182 1222 1217
f 1156 1273 1234
f 1264 1163 1249
f 1202 1240 1233
f 1180 1237 1142
f 1216 1225 1204
f 1181 1213 1214
f 1236 1209 1186
f 1192 1191 1188
f 1183 1293 1200
f 1195 1237 1180
f 1195 1112 1331
f 1221 1218 1295
f 1142 1237 1248
f 1195 1331 1328
f 1184 1311 1203
f 1234 1235 1212
f 1225 1244 1204
f 1245 1207 1206
f 1187 1219 1271
f 1203 1228 1112
f 1155 1187 1218
f 1182 1215 1222
f 1136 1272 1126
f 1273 1241 1353
f 1287 1121 1208
f 1214 1288 1236
f 1245 1258 1207
f 1252 1231 1227
f 1223 1193 1298
f 1162 1170 1315
f 1208 1164 1221
f 1231 1252 1239
f 1215 1309 1222
f 1136 1175 1291
f 1195 1328 1237
f 1213 1210 1279
f 1257 1258 1245
f 1188 1298 1193
f 1167 1299 1184
f 1243 1235 1242
f 1216 1243 1263
f 1238 1229 1226
f 1230 1226 1229
f 1205 1209 1265
f 1205 1251 1190
f 1245 1190 1251
f 1271 1219 1220
f 1299 1311 1184
f 1226 1230 1236
f 1205 1265 1251
f 1227 1231 1259
f 1207 1232 1191
f 1244 1260 1210
f 1213 1288 1214
f 1236 1254 1209
f 1229 1238 1297
f 1229 1277 1230
f 1297 1277 1229
f 1252 1269 1239
f 1257 1227 1247
f 1247 1227 1259
f 1239 1246 1231
f 1319 1191 1232
f 1162 1315 1224
f 1299 1167 1233
f 1236 1253 1226
f 1238 1226 1261
f 1252 1227 1257
f 1207 1258 1232
f 1319 1188 1191
f 1267 1176 1224
f 1112 1228 1331
f 1253 1261 1226
f 1280 1297 1238
f 1218 1187 1370
f 1266 1246 1239
f 1298 1309 1223
f 1222 1305 1217
f 1249 1321 1377
f 1295 1218 1370
f 1236 1230 1254
f 1277 1250 1230
f 1277 1281 1250
f 1251 1262 1245
f 1262 1252 1245
f 1252 1257 1245
f 1247 1246 1266
f 1231 1246 1259
f 1319 1298 1188
f 1223 1309 1215
f 1170 1344 1315
f 1279 1210 1260
f 1261 1280 1238
f 1254 1265 1209
f 1281 1256 1250
f 1268 1256 1281
f 1268 1255 1256
f 1262 1269 1252
f 1272 1320 1126
f 1183 1248 1293
f 1234 1316 1235
f 1208 1221 1295
f 1288 1253 1236
f 1256 1274 1250
f 1257 1247 1266
f 1247 1259 1246
f 1279 1301 1213
f 1265 1274 1251
f 1255 1274 1256
f 1269 1266 1239
f 1257 1292 1258
f 1232 1258 1292
f 1240 1176 1233
f 1136 1291 1272
f 1235 1316 1242
f 1266 1270 1257
f 1292 1257 1270
f 1243 1242 1339
f 1243 1339 1263
f 1265 1254 1274
f 1255 1283 1275
f 1268 1276 1255
f 1292 1303 1232
f 1170 1320 1344
f 1216 1312 1225
f 1213 1301 1288
f 1250 1254 1230
f 1250 1274 1254
f 1285 1274 1255
f 1255 1276 1283
f 1262 1308 1269
f 1319 1357 1298
f 1217 1327 1175
f 1320 1272 1374
f 1263 1339 1306
f 1244 1278 1260
f 1261 1253 1294
f 1289 1280 1261
f 1281 1307 1268
f 1251 1274 1285
f 1255 1275 1285
f 1276 1286 1283
f 1283 1284 1269
f 1284 1266 1269
f 1232 1303 1319
f 1357 1304 1298
f 1289 1261 1294
f 1280 1296 1297
f 1283 1269 1308
f 1187 1271 1282
f 1270 1266 1290
f 1264 1249 1377
f 1251 1285 1262
f 1283 1308 1275
f 1284 1283 1286
f 1284 1290 1266
f 1305 1327 1217
f 1263 1312 1216
f 1277 1307 1281
f 1307 1276 1268
f 1311 1299 1338
f 1376 1264 1377
f 1287 1208 1500
f 1289 1296 1280
f 1262 1323 1308
f 1290 1314 1270
f 1270 1314 1292
f 1233 1176 1371
f 1203 1637 1228
f 1273 1316 1234
f 1312 1263 1300
f 1225 1278 1244
f 1277 1297 1317
f 1277 1317 1307
f 1353 1241 1264
f 1260 1358 1279
f 1279 1345 1301
f 1332 1253 1288
f 1288 1301 1332
f 1307 1313 1276
f 1323 1262 1285
f 1310 1284 1286
f 1338 1299 1233
f 1306 1300 1263
f 1278 1358 1260
f 1297 1296 1317
f 1318 1285 1275
f 1275 1308 1310
f 1310 1286 1275
f 1290 1284 1310
f 1292 1373 1303
f 1175 1327 1291
f 1302 1318 1325
f 1276 1313 1286
f 1286 1313 1275
f 1370 1187 1282
f 1356 1319 1303
f 1176 1267 1456
f 1224 1315 1267
f 1351 1345 1279
f 1253 1332 1294
f 1275 1322 1318
f 1310 1324 1290
f 1324 1314 1290
f 1344 1320 1362
f 1339 1242 1364
f 1349 1302 1340
f 1275 1313 1322
f 1324 1310 1350
f 1319 1337 1357
f 1311 1637 1203
f 1208 1295 1500
f 1340 1302 1325
f 1317 1296 1335
f 1317 1330 1307
f 1302 1349 1318
f 1307 1330 1313
f 1285 1318 1352
f 1322 1325 1318
f 1285 1352 1323
f 1308 1341 1310
f 1326 1324 1350
f 1336 1326 1333
f 1356 1337 1319
f 1376 1353 1264
f 1300 1368 1312
f 1332 1301 1347
f 1365 1349 1340
f 1322 1313 1325
f 1308 1323 1341
f 1314 1373 1292
f 1222 1343 1305
f 1211 1200 1220
f 1279 1358 1351
f 1296 1289 1348
f 1340 1325 1330
f 1330 1325 1313
f 1349 1352 1318
f 1310 1341 1350
f 1323 1324 1341
f 1323 1373 1324
f 1324 1373 1314
f 1309 1386 1222
f 1301 1345 1347
f 1289 1294 1334
f 1317 1335 1329
f 1317 1329 1330
f 1329 1340 1330
f 1336 1342 1326
f 1366 1356 1303
f 1176 1456 1371
f 1321 1287 1500
f 1332 1334 1294
f 1289 1334 1348
f 1296 1348 1335
f 1326 1350 1333
f 1342 1324 1326
f 1342 1336 1333
f 1304 1309 1298
f 1371 1338 1233
f 1367 1273 1353
f 1367 1316 1273
f 1316 1364 1242
f 1334 1332 1346
f 1347 1346 1332
f 1347 1365 1346
f 1295 1370 1360
f 1352 1354 1323
f 1323 1354 1373
f 1324 1342 1341
f 1305 1343 1327
f 1228 1637 1382
f 1331 1423 1328
f 1225 1312 1278
f 1340 1346 1365
f 1346 1340 1329
f 1222 1386 1406
f 1228 1382 1331
f 1300 1306 1378
f 1351 1390 1345
f 1345 1359 1347
f 1334 1346 1348
f 1348 1346 1335
f 1335 1346 1329
f 1357 1361 1304
f 1220 1200 1381
f 1391 1267 1315
f 1377 1321 1387
f 1378 1368 1300
f 1350 1341 1355
f 1355 1341 1342
f 1350 1355 1333
f 1333 1355 1342
f 1271 1220 1381
f 1304 1361 1309
f 1371 1456 1646
f 1630 1370 1282
f 1303 1373 1366
f 1282 1271 1444
f 1200 1293 1381
f 1423 1331 1382
f 1353 1376 1363
f 1339 1364 1306
f 1369 1278 1312
f 1345 1390 1359
f 1349 1405 1352
f 1337 1361 1357
f 1363 1367 1353
f 1312 1368 1369
f 1344 1391 1315
f 1272 1291 1399
f 1321 1500 1387
f 1278 1392 1358
f 1485 1500 1295
f 1351 1379 1390
f 1375 1365 1347
f 1271 1381 1514
f 1222 1406 1343
f 1378 1380 1368
f 1358 1379 1351
f 1375 1388 1365
f 1385 1349 1365
f 1291 1327 1770
f 1316 1397 1364
f 1306 1364 1412
f 1278 1369 1392
f 1359 1443 1347
f 1347 1443 1375
f 1360 1370 1800
f 1385 1405 1349
f 1354 1352 1405
f 1373 1389 1366
f 1366 1384 1356
f 1337 1393 1361
f 1646 1576 1371
f 1293 1248 1635
f 1576 1338 1371
f 1392 1379 1358
f 1384 1393 1356
f 1356 1393 1337
f 1306 1412 1378
f 1485 1295 1360
f 1361 1386 1309
f 1343 1395 1327
f 1291 1770 1399
f 1338 1576 1311
f 1435 1369 1368
f 1380 1435 1368
f 1800 1466 1360
f 1354 1383 1373
f 1361 1394 1386
f 1237 1328 1623
f 1443 1359 1390
f 1385 1365 1388
f 1383 1389 1373
f 1367 1397 1316
f 1271 1514 1444
f 1327 1395 1770
f 1362 1777 1344
f 1382 1637 1636
f 1376 1377 1387
f 1412 1364 1430
f 1378 1412 1380
f 1435 1392 1369
f 1800 1370 1630
f 1389 1493 1366
f 1384 1471 1393
f 1293 1635 1381
f 1364 1397 1372
f 1430 1364 1372
f 1390 1449 1443
f 1385 1422 1405
f 1366 1493 1384
f 1393 1398 1361
f 1328 1423 1515
f 1392 1437 1379
f 1379 1437 1449
f 1379 1449 1390
f 1398 1394 1361
f 1397 1663 1372
f 1380 1396 1435
f 1422 1385 1388
f 1383 1354 1405
f 1493 1471 1384
f 1311 1606 1637
f 1311 1576 1606
f 1516 1367 1363
f 1412 1396 1380
f 1400 1402 1417
f 1443 1401 1375
f 1375 1401 1404
f 1375 1404 1388
f 1343 1406 1395
f 1386 1394 1406
f 1248 1237 1590
f 1363 1376 1647
f 1407 1409 1424
f 1426 1409 1407
f 1435 1437 1392
f 1417 1402 1443
f 1402 1401 1443
f 1400 1418 1402
f 1419 1404 1401
f 1420 1403 1419
f 1388 1454 1422
f 1419 1403 1404
f 1367 1494 1397
f 1408 1407 1424
f 1462 1430 1372
f 1410 1413 1426
f 1387 1596 1480
f 1426 1435 1396
f 1426 1413 1435
f 1483 1414 1432
f 1413 1436 1435
f 1414 1436 1432
f 1434 1436 1414
f 1434 1416 1436
f 1416 1437 1436
f 1415 1416 1434
f 1415 1440 1416
f 1416 1440 1417
f 1417 1449 1416
f 1400 1417 1440
f 1417 1443 1449
f 1418 1419 1402
f 1418 1420 1419
f 1404 1454 1388
f 1402 1419 1401
f 1404 1403 1455
f 1454 1405 1422
f 1455 1403 1470
f 1395 1406 1532
f 1237 1623 1590
f 1647 1376 1387
f 1424 1409 1474
f 1445 1408 1424
f 1408 1474 1407
f 1428 1429 1425
f 1427 1410 1426
f 1409 1412 1430
f 1412 1409 1396
f 1426 1396 1409
f 1481 1372 1663
f 1462 1372 1481
f 1479 1410 1411
f 1461 1429 1428
f 1429 1431 1433
f 1410 1432 1413
f 1479 1432 1410
f 1483 1432 1479
f 1596 1387 1500
f 1438 1433 1431
f 1413 1432 1436
f 1414 1483 1434
f 1499 1434 1483
f 1433 1438 1448
f 1415 1434 1499
f 1436 1437 1435
f 1439 1438 1463
f 1416 1449 1437
f 1439 1441 1438
f 1438 1441 1448
f 1439 1442 1441
f 1485 1360 1466
f 1400 1539 1418
f 1455 1454 1404
f 1405 1454 1383
f 1455 1383 1454
f 1455 1511 1383
f 1630 1282 1444
f 1429 1457 1425
f 1411 1473 1459
f 1445 1427 1408
f 1407 1475 1426
f 1408 1426 1475
f 1427 1426 1408
f 1410 1473 1411
f 1476 1461 1428
f 1429 1433 1446
f 1647 1387 1480
f 1459 1479 1411
f 1430 1462 1478
f 1484 1461 1460
f 1431 1429 1461
f 1482 1463 1438
f 1464 1439 1463
f 1439 1464 1553
f 1441 1465 1448
f 1553 1442 1439
f 1441 1442 1465
f 1442 1450 1465
f 1400 1440 1501
f 1450 1504 1465
f 1486 1450 1442
f 1539 1420 1418
f 1467 1453 1507
f 1452 1453 1467
f 1469 1540 1421
f 1421 1567 1469
f 1406 1394 1532
f 1367 1516 1494
f 1474 1445 1424
f 1428 1425 1495
f 1472 1460 1458
f 1474 1408 1477
f 1445 1474 1477
f 1429 1446 1457
f 1428 1495 1476
f 1407 1474 1475
f 1408 1475 1477
f 1474 1409 1517
f 1497 1473 1410
f 1498 1484 1460
f 1482 1431 1461
f 1484 1482 1461
f 1462 1481 1447
f 1462 1447 1519
f 1464 1463 1484
f 1447 1536 1519
f 1482 1438 1431
f 1448 1521 1433
f 1440 1415 1521
f 1486 1442 1553
f 1486 1489 1450
f 1450 1467 1504
f 1420 1539 1527
f 1451 1525 1508
f 1468 1452 1467
f 1468 1541 1490
f 1452 1468 1490
f 1540 1508 1421
f 1452 1490 1453
f 1508 1567 1421
f 1490 1491 1453
f 1470 1511 1455
f 1383 1492 1389
f 1492 1383 1511
f 1493 1389 1492
f 1248 1590 1635
f 1637 1606 1591
f 1516 1363 1647
f 1495 1425 1457
f 1460 1472 1549
f 1427 1445 1477
f 1427 1477 1497
f 1476 1458 1460
f 1474 1517 1475
f 1410 1427 1497
f 1475 1517 1477
f 1496 1473 1497
f 1460 1461 1476
f 1460 1549 1498
f 1479 1459 1496
f 1478 1592 1430
f 1446 1433 1518
f 1483 1479 1518
f 1478 1462 1519
f 1463 1482 1484
f 1578 1447 1481
f 1498 1464 1484
f 1499 1521 1415
f 1504 1400 1501
f 1400 1504 1539
f 1467 1450 1489
f 1506 1489 1486
f 1488 1506 1486
f 1467 1507 1504
f 1525 1451 1565
f 1468 1467 1489
f 1506 1468 1489
f 1507 1539 1504
f 1506 1541 1468
f 1451 1508 1540
f 1507 1453 1526
f 1453 1491 1526
f 1491 1490 1542
f 1529 1470 1403
f 1513 1398 1393
f 1391 1615 1267
f 1494 1663 1397
f 1473 1496 1459
f 1458 1476 1533
f 1409 1652 1517
f 1476 1495 1534
f 1518 1479 1496
f 1464 1597 1553
f 1522 1487 1502
f 1524 1487 1522
f 1503 1502 1487
f 1598 1486 1553
f 1524 1505 1487
f 1538 1487 1505
f 1487 1538 1503
f 1541 1542 1490
f 1509 1491 1542
f 1542 1569 1509
f 1584 1469 1568
f 1509 1510 1491
f 1570 1530 1470
f 1510 1509 1545
f 1470 1530 1511
f 1492 1511 1531
f 1530 1531 1511
f 1531 1512 1492
f 1492 1512 1493
f 1513 1393 1471
f 1394 1398 1532
f 1430 1592 1409
f 1477 1560 1497
f 1496 1497 1561
f 1446 1518 1496
f 1433 1521 1518
f 1562 1520 1550
f 1578 1536 1447
f 1535 1523 1520
f 1502 1523 1535
f 1535 1522 1502
f 1521 1501 1440
f 1521 1448 1465
f 1502 1503 1523
f 1504 1501 1465
f 1598 1488 1486
f 1565 1451 1617
f 1507 1527 1539
f 1507 1526 1527
f 1528 1420 1527
f 1403 1420 1528
f 1542 1541 1583
f 1469 1584 1609
f 1491 1529 1528
f 1403 1528 1529
f 1568 1469 1567
f 1529 1570 1470
f 1545 1544 1510
f 1546 1512 1531
f 1547 1512 1546
f 1512 1547 1493
f 1547 1471 1493
f 1514 1381 1635
f 1472 1458 1533
f 1495 1457 1577
f 1477 1517 1560
f 1534 1533 1476
f 1549 1559 1498
f 1562 1551 1535
f 1535 1520 1562
f 1483 1518 1499
f 1554 1522 1535
f 1537 1554 1552
f 1521 1465 1501
f 1522 1626 1524
f 1566 1488 1538
f 1538 1505 1581
f 1581 1566 1538
f 1451 1540 1628
f 1526 1528 1527
f 1526 1491 1528
f 1540 1469 1609
f 1583 1569 1542
f 1491 1510 1529
f 1555 1509 1569
f 1530 1570 1585
f 1510 1544 1573
f 1543 1509 1555
f 1543 1545 1509
f 1543 1574 1545
f 1587 1531 1530
f 1471 1547 1513
f 1548 1621 1395
f 1395 1558 1548
f 1395 1532 1558
f 1513 1645 1398
f 1516 1647 1754
f 1409 1592 1652
f 1577 1457 1446
f 1560 1625 1497
f 1607 1446 1496
f 1496 1561 1607
f 1624 1551 1562
f 1480 1596 1804
f 1518 1521 1499
f 1498 1597 1464
f 1554 1535 1639
f 1597 1520 1523
f 1552 1554 1595
f 1641 1554 1537
f 1626 1554 1641
f 1554 1626 1522
f 1598 1503 1538
f 1581 1505 1580
f 1506 1488 1566
f 1565 1682 1525
f 1510 1573 1529
f 1544 1545 1574
f 1614 1543 1588
f 1543 1614 1574
f 1587 1546 1531
f 1587 1557 1546
f 1546 1557 1547
f 1558 1575 1548
f 1645 1513 1547
f 1532 1398 1645
f 1735 1514 1635
f 1559 1549 1472
f 1741 1472 1533
f 1593 1741 1533
f 1577 1446 1607
f 1497 1625 1561
f 1495 1638 1534
f 1711 1578 1481
f 1478 1519 1701
f 1550 1520 1594
f 1594 1520 1597
f 1535 1551 1639
f 1578 1563 1536
f 1563 1608 1536
f 1595 1554 1639
f 1563 1564 1608
f 1523 1503 1598
f 1552 1579 1537
f 1599 1564 1563
f 1565 1617 1601
f 1505 1524 1580
f 1580 1603 1581
f 1617 1451 1628
f 1541 1506 1602
f 1603 1582 1581
f 1571 1584 1568
f 1529 1573 1570
f 1556 1586 1571
f 1530 1585 1587
f 1543 1555 1588
f 1556 1572 1586
f 1544 1620 1573
f 1620 1544 1574
f 1556 1589 1572
f 1620 1574 1614
f 1548 1589 1621
f 1557 1622 1547
f 1622 1645 1547
f 1272 1399 1374
f 1328 1515 1623
f 1382 1636 1423
f 1559 1472 1741
f 1560 1517 1652
f 1533 1534 1593
f 1562 1550 1653
f 1624 1562 1653
f 1559 1594 1498
f 1559 1550 1594
f 1594 1597 1498
f 1500 1485 1596
f 1523 1598 1597
f 1597 1598 1553
f 1598 1538 1488
f 1600 1565 1601
f 1566 1602 1506
f 1581 1602 1566
f 1525 1682 1508
f 1628 1540 1609
f 1602 1583 1541
f 1603 1610 1582
f 1612 1569 1583
f 1570 1573 1585
f 1588 1634 1614
f 1589 1575 1572
f 1615 1456 1267
f 1519 1536 1701
f 1595 1640 1552
f 1640 1616 1552
f 1616 1579 1552
f 1671 1641 1537
f 1627 1564 1599
f 1565 1704 1682
f 1581 1582 1602
f 1508 1682 1567
f 1582 1611 1604
f 1610 1611 1582
f 1584 1571 1586
f 1630 1444 1971
f 1585 1613 1587
f 1555 1605 1588
f 1573 1620 1613
f 1556 1787 1589
f 1613 1557 1587
f 1620 1614 1633
f 1575 1589 1548
f 1495 1577 1638
f 1624 1756 1551
f 1592 1478 1701
f 1563 1656 1599
f 1648 1600 1601
f 1657 1580 1524
f 1602 1582 1604
f 1602 1604 1583
f 1612 1555 1569
f 1568 1649 1571
f 1631 1611 1610
f 1619 1618 1611
f 1613 1585 1573
f 1634 1633 1614
f 1622 1557 1651
f 1621 1669 1395
f 1561 1654 1607
f 1534 1638 1664
f 1718 1756 1624
f 1750 1551 1756
f 1750 1639 1551
f 1564 1737 1608
f 1537 1579 1671
f 1601 1617 1648
f 1603 1629 1610
f 1604 1612 1583
f 1604 1611 1618
f 1555 1618 1632
f 1611 1631 1619
f 1444 1514 1809
f 1650 1620 1633
f 1621 1589 1669
f 1558 1662 1678
f 1662 1558 1532
f 1645 1662 1532
f 1654 1577 1607
f 1534 1664 1593
f 1878 1711 1481
f 1599 1600 1627
f 1564 1627 1737
f 1627 1600 1648
f 1604 1618 1612
f 1612 1618 1555
f 1631 1643 1619
f 1643 1631 1642
f 1643 1667 1619
f 1651 1557 1613
f 1659 1650 1633
f 1634 1644 1633
f 1732 1575 1678
f 1575 1558 1678
f 1344 1777 1391
f 1577 1654 1638
f 1736 1559 1741
f 1717 1624 1653
f 1736 1550 1559
f 1536 1608 1701
f 1596 1485 1727
f 1485 1466 1819
f 1626 1742 1524
f 1742 1703 1524
f 1600 1704 1565
f 1567 1649 1568
f 1610 1689 1631
f 1642 1631 1689
f 1618 1619 1632
f 1555 1632 1605
f 1619 1667 1632
f 1666 1634 1588
f 1650 1651 1620
f 1659 1633 1644
f 1773 1576 1646
f 1623 1790 1590
f 1754 1647 1480
f 1663 1878 1481
f 1624 1717 1718
f 1750 1595 1639
f 1616 1670 1579
f 1641 1665 1626
f 1466 1800 1819
f 1632 1667 1605
f 1677 1667 1643
f 1613 1620 1651
f 1690 1644 1634
f 1660 1651 1650
f 1782 1576 1773
f 1636 1802 1423
f 1636 1637 1709
f 1727 1804 1596
f 1670 1616 1640
f 1671 1702 1641
f 1617 1783 1648
f 1714 1676 1642
f 1643 1642 1676
f 1677 1643 1676
f 1588 1605 1666
f 1667 1666 1605
f 1667 1658 1666
f 1809 1514 1735
f 1644 1668 1659
f 1651 1697 1622
f 1660 1697 1651
f 1650 1661 1660
f 1646 1749 1773
f 1494 1716 1663
f 1560 1652 1899
f 1595 1750 1655
f 1599 1656 1810
f 1524 1703 1657
f 1783 1776 1648
f 1800 1630 1845
f 1629 1686 1610
f 1689 1688 1695
f 1649 1556 1571
f 1666 1690 1634
f 1667 1692 1658
f 1698 1661 1659
f 1661 1650 1659
f 1668 1698 1659
f 1660 1708 1697
f 1708 1660 1661
f 1645 1694 1725
f 1694 1645 1622
f 1645 1715 1662
f 1395 1669 1770
f 1391 1789 1615
f 1456 1749 1646
f 1423 1898 1515
f 1754 1716 1516
f 1578 1656 1563
f 1681 1723 1680
f 1713 1657 1703
f 1723 1681 1713
f 1617 1628 1783
f 1731 1672 1629
f 1567 1682 1649
f 1674 1675 1672
f 1673 1724 1674
f 1684 1686 1629
f 1675 1686 1684
f 1675 1688 1686
f 1674 1687 1675
f 1688 1675 1687
f 1695 1714 1689
f 1689 1714 1642
f 1556 1696 1787
f 1676 1706 1677
f 1666 1658 1690
f 1692 1667 1677
f 1691 1658 1692
f 1693 1668 1644
f 1636 1709 1802
f 1637 1591 1709
f 1716 1878 1663
f 1550 1792 1653
f 1640 1726 1670
f 1485 1796 1727
f 1608 1737 1795
f 1579 1702 1671
f 1665 1641 1719
f 1641 1702 1719
f 1680 1723 1679
f 1657 1713 1681
f 1629 1672 1684
f 1672 1685 1674
f 1675 1684 1672
f 1673 1674 1685
f 1610 1686 1689
f 1688 1689 1686
f 1572 1575 1732
f 1707 1692 1677
f 1658 1691 1690
f 1690 1693 1644
f 1699 1691 1692
f 1622 1697 1694
f 1623 1515 1898
f 1423 1802 1898
f 1516 1716 1494
f 1778 1741 1593
f 1778 1593 1664
f 1683 1724 1673
f 1714 1695 1761
f 1589 1787 1669
f 1691 1693 1690
f 1699 1692 1707
f 1697 1708 1781
f 1654 1710 1638
f 1736 1741 1803
f 1560 1899 1625
f 1625 1654 1561
f 1717 1653 1700
f 1550 1736 1792
f 1592 1701 1755
f 1701 1608 1795
f 1810 1600 1599
f 1680 1679 1722
f 1679 1723 1712
f 1722 1739 1680
f 1681 1680 1739
f 1705 1629 1603
f 1674 1724 1687
f 1714 1825 1676
f 1586 1572 1732
f 1971 1444 1809
f 1707 1677 1706
f 1699 1707 1733
f 1725 1715 1645
f 1362 1320 1374
f 1391 1748 1789
f 1456 1615 1749
f 1391 1777 1748
f 1652 1592 1755
f 1595 1655 1640
f 1626 1665 1742
f 1719 1745 1665
f 1665 1745 1679
f 1665 1679 1720
f 1712 1720 1679
f 1713 1703 1758
f 1713 1729 1723
f 1731 1629 1705
f 1649 1696 1556
f 1825 1706 1676
f 1678 1662 1752
f 1668 1734 1698
f 1654 1625 1791
f 1485 1819 1796
f 1721 1745 1719
f 1722 1679 1745
f 1728 1722 1721
f 1703 1720 1712
f 1712 1758 1703
f 1713 1758 1729
f 1580 1657 1842
f 1685 1730 1673
f 1661 1753 1708
f 1699 1769 1691
f 1898 1790 1623
f 1791 1710 1654
f 1717 1700 1771
f 1771 1718 1717
f 1653 1792 1700
f 1726 1797 1670
f 1627 1776 1737
f 1600 1810 1704
f 1720 1742 1665
f 1719 1744 1721
f 1721 1738 1745
f 1757 1738 1721
f 1721 1722 1757
f 1757 1722 1745
f 1728 1739 1722
f 1723 1764 1712
f 1580 1705 1603
f 1761 1695 1768
f 1825 1714 1761
f 1668 1693 1734
f 1576 1782 1606
f 1794 1726 1640
f 1670 1797 1579
f 1728 1721 1744
f 1743 1720 1740
f 1627 1648 1776
f 1720 1703 1740
f 1757 1739 1728
f 1712 1740 1758
f 1764 1723 1729
f 1764 1729 1758
f 1657 1751 1842
f 1681 1751 1657
f 1673 1730 1759
f 1683 1673 1759
f 1683 1746 1724
f 1695 1688 1767
f 1698 1827 1661
f 1691 1769 1693
f 1669 1762 1770
f 1615 1789 1749
f 1736 1803 1828
f 1756 1718 1771
f 1744 1719 1763
f 1720 1743 1742
f 1743 1738 1744
f 1757 1744 1738
f 1745 1738 1743
f 1744 1757 1728
f 1740 1712 1764
f 1731 1801 1672
f 1685 1801 1785
f 1801 1685 1672
f 1649 1682 1760
f 1609 1584 1779
f 1687 1724 1746
f 1767 1768 1695
f 1584 1586 1747
f 1698 1734 1827
f 1662 1715 1752
f 1769 1699 1897
f 1374 1399 1762
f 1664 1638 1881
f 1640 1655 1794
f 1763 1719 1702
f 1763 1743 1744
f 1730 1685 1785
f 1609 1779 1628
f 1649 1760 1696
f 1687 1767 1688
f 1693 1769 1734
f 1777 1362 1918
f 1701 1795 1820
f 1655 1750 1817
f 1818 1794 1655
f 1797 1702 1579
f 1743 1740 1764
f 1743 1757 1745
f 1765 1764 1758
f 1751 1765 1758
f 1842 1751 1841
f 1739 1751 1681
f 1705 1784 1731
f 1759 1786 1683
f 1683 1786 1746
f 1687 1746 1780
f 1813 1697 1781
f 1752 1875 1678
f 1362 1374 1918
f 1664 1881 1778
f 1775 1750 1756
f 1766 1726 1794
f 1763 1702 1799
f 1743 1763 1742
f 1764 1757 1743
f 1742 1740 1703
f 1765 1757 1764
f 1785 1759 1730
f 1697 1813 1694
f 1661 1827 1850
f 1590 1774 1635
f 1652 1755 1853
f 1625 1899 1791
f 1775 1793 1750
f 1655 1817 1818
f 1711 1656 1578
f 1726 1766 1797
f 1797 1822 1702
f 1757 1765 1739
f 1739 1765 1751
f 1841 1758 1740
f 1751 1758 1841
f 1842 1805 1705
f 1784 1705 1805
f 1731 1784 1801
f 1747 1586 1732
f 1694 1813 1725
f 1735 1635 1774
f 1480 1952 1754
f 1771 1775 1756
f 1817 1750 1793
f 1795 1737 1776
f 1842 1705 1580
f 1767 1687 1780
f 1584 1747 1808
f 1812 1733 1707
f 1753 1781 1708
f 1661 1850 1753
f 1770 1762 1399
f 1716 1754 1834
f 1480 1804 1952
f 1778 1803 1741
f 1921 1755 1701
f 1820 1921 1701
f 1727 1957 1804
f 1799 1702 1822
f 1759 1785 1786
f 1808 1779 1584
f 1769 1788 1734
f 1699 1733 1897
f 1652 1853 1899
f 1736 1828 1792
f 1798 1740 1742
f 1746 1786 1780
f 1761 1824 1825
f 1897 1788 1769
f 1606 1852 1591
f 1638 1710 1881
f 1951 1775 1771
f 1822 1766 1794
f 1766 1822 1797
f 1763 1798 1742
f 1806 1785 1801
f 1845 1630 1971
f 1706 1812 1707
f 1749 1947 1773
f 1771 1700 1854
f 1727 1796 1957
f 1776 1783 1860
f 1811 1784 1805
f 1784 1811 1801
f 1806 1786 1785
f 1806 1807 1767
f 1807 1824 1767
f 1824 1768 1767
f 1761 1768 1824
f 1824 1833 1825
f 1732 1678 1826
f 1788 1915 1734
f 1834 1754 1919
f 1755 1880 1853
f 1792 2016 1700
f 1818 1821 1794
f 1798 1763 1799
f 1740 2044 1841
f 1628 1779 1783
f 1801 1811 1807
f 1801 1807 1806
f 1786 1806 1780
f 1767 1780 1806
f 1873 1812 1706
f 1813 1848 1725
f 1733 1812 1897
f 1815 1803 1778
f 1795 1776 1904
f 1833 1824 1807
f 2223 1873 1825
f 1809 1735 2008
f 1825 1873 1706
f 1734 1915 1827
f 1781 1753 1896
f 1752 1715 1917
f 1778 1881 1815
f 1755 1921 1880
f 1839 1818 1817
f 1794 1821 1822
f 1830 1799 1822
f 1798 2178 1740
f 1776 1860 1886
f 1783 1779 1969
f 1845 1971 2058
f 1669 1851 1762
f 1749 1877 1947
f 1790 1898 2011
f 1591 1852 1709
f 1782 1852 1606
f 1803 1814 1828
f 1792 1828 2015
f 1816 1791 1900
f 1793 1839 1817
f 1839 1793 1838
f 1818 1839 1821
f 1823 1798 1830
f 1799 1830 1798
f 1823 2178 1798
f 1842 1841 2183
f 1831 1860 1783
f 1732 1826 1747
f 1827 1876 1850
f 1848 1715 1725
f 1748 1777 1946
f 1947 1782 1773
f 1782 2010 1852
f 2010 1782 1947
f 1803 1815 1879
f 1882 1710 1791
f 1792 2015 2016
f 2016 1854 1700
f 1882 1791 1816
f 1902 1816 1900
f 1816 1902 1829
f 1836 1816 1829
f 1855 1837 1829
f 1837 1855 1858
f 1775 1838 1793
f 1776 1886 1904
f 1842 1908 1805
f 1800 1845 1819
f 1704 1760 1682
f 1760 1973 1696
f 1874 1813 1781
f 1752 1917 1875
f 1374 1762 1772
f 2009 1789 1748
f 1790 2414 1590
f 1716 1834 1948
f 1881 1710 1882
f 1816 1836 1882
f 1902 1855 1829
f 1836 1829 1837
f 1884 1839 1838
f 1884 1821 1839
f 1859 1837 1858
f 1859 1858 1840
f 1969 1831 1783
f 1865 1907 1832
f 1779 1808 1969
f 2054 2059 1811
f 1811 2059 1807
f 1847 1865 1846
f 1847 1846 1868
f 1971 1809 2002
f 1809 2008 2002
f 1826 1678 1875
f 1896 1874 1781
f 1813 1874 1849
f 1813 1849 1848
f 1777 1918 1946
f 2011 2409 1790
f 1919 1754 1952
f 1803 1879 1814
f 1791 1899 1900
f 1953 1828 1814
f 1951 1771 1854
f 1836 1901 1882
f 1828 1922 1835
f 1922 1856 1835
f 1836 1837 1857
f 1927 1858 1855
f 1883 1857 1837
f 1823 1884 1838
f 1822 1821 1830
f 1859 1883 1837
f 1932 1859 1840
f 1796 1819 2039
f 1841 2044 2183
f 1863 1862 1861
f 1933 1862 1864
f 1842 1843 1908
f 1864 1862 1844
f 1906 1862 1863
f 1844 1862 1906
f 1935 1844 1906
f 1907 1965 1832
f 1908 2054 1805
f 1805 2054 1811
f 1907 1865 1889
f 1888 1867 1866
f 1865 1832 2195
f 1807 2059 1833
f 1889 1865 1847
f 1868 1890 1847
f 1868 1869 1890
f 1890 1869 1870
f 1870 1869 1892
f 1973 1943 1787
f 1747 1826 1911
f 1787 1943 1669
f 1874 1872 1944
f 1715 1848 1917
f 1850 1916 1753
f 1735 1774 2008
f 1762 1851 1976
f 1901 1881 1882
f 1828 1835 2015
f 1953 1922 1828
f 1901 1836 1857
f 1820 1795 1925
f 1927 1855 2030
f 1956 1923 1924
f 1775 1988 1838
f 1795 1904 1925
f 1956 1987 1856
f 1924 1903 1956
f 1956 1903 1885
f 1830 1884 1823
f 1884 1830 1821
f 1656 1993 1810
f 1930 1859 1861
f 2178 2044 1740
f 1864 1934 1933
f 1933 1861 1862
f 1934 1864 1936
f 1936 1968 1905
f 1936 1864 1887
f 1844 1887 1864
f 1887 1844 1935
f 1968 1936 1888
f 1832 1965 2049
f 1887 1907 1889
f 1936 1887 1867
f 1867 1887 1889
f 1888 1866 1939
f 1998 1888 1939
f 1846 1865 2195
f 1889 1847 1938
f 1847 1890 1938
f 1866 1867 1909
f 1909 1939 1866
f 1909 1940 1910
f 1941 1890 1870
f 1825 1833 2223
f 1891 1909 1910
f 1870 1871 1912
f 1910 1893 1891
f 1892 1871 1870
f 1941 1893 1910
f 1891 1893 1895
f 1894 1891 1895
f 1894 2004 1891
f 1894 1895 1915
f 1915 1895 1827
f 1873 2067 1812
f 1914 1893 1913
f 1945 1872 1874
f 1876 1893 1914
f 1849 1874 1944
f 1827 1895 1876
f 1896 1945 1874
f 1916 1896 1753
f 1850 1914 1916
f 1876 1914 1850
f 1748 1977 2009
f 1772 1762 1976
f 1802 1978 1898
f 1709 1978 1802
f 1709 1852 2412
f 1716 1948 1878
f 1814 1879 1953
f 1953 1879 1815
f 1880 1920 1853
f 1950 1899 1949
f 2021 1902 1900
f 2014 1711 1878
f 2019 1921 1820
f 1902 2030 1855
f 2019 1820 2023
f 1925 2023 1820
f 1857 1923 1901
f 1856 1922 1956
f 1956 1922 1923
f 1923 1857 1924
f 1924 1857 1929
f 1929 1857 1883
f 1885 1987 1956
f 1960 1885 1903
f 1885 1960 2042
f 1810 1993 1704
f 1883 1859 1930
f 1933 1995 1930
f 1859 1932 1861
f 1861 1933 1930
f 1962 1861 1932
f 1905 1961 1934
f 1842 2183 1843
f 1861 1962 1863
f 2184 1905 1966
f 1905 1968 1966
f 1964 1863 1965
f 1863 1964 1906
f 1964 1965 1907
f 1887 1935 1907
f 1867 1888 1936
f 2058 2170 1845
f 1808 1937 1969
f 1867 1889 1970
f 1937 1808 1747
f 1868 1846 2000
f 1909 1867 1940
f 1941 1938 1890
f 2218 1869 1868
f 1942 1869 2218
f 2057 1909 1891
f 1941 1870 1912
f 1941 1912 1893
f 1912 1871 1913
f 1913 1871 1944
f 1912 1913 1893
f 1913 1944 1872
f 1893 1876 1895
f 1911 1826 1875
f 2063 1849 1944
f 1913 1872 1945
f 1916 1945 1896
f 1774 2414 2413
f 1590 2414 1774
f 1878 1948 2014
f 1899 1853 1949
f 1815 1881 1984
f 1900 1899 1950
f 1984 1881 1901
f 1902 2021 2030
f 2152 1804 1957
f 1923 2149 1901
f 1922 2026 1923
f 2023 1925 1955
f 1711 1985 1656
f 1926 1925 1904
f 1838 1988 1823
f 1985 1993 1656
f 1903 1928 1960
f 1929 1883 1930
f 1960 1928 1959
f 1926 1904 1958
f 1840 1858 1927
f 1840 2041 1932
f 1960 1959 1961
f 1886 1860 1931
f 1934 1995 1933
f 2045 1860 1831
f 1843 2184 1966
f 2180 2192 1704
f 1863 1963 1965
f 1905 1934 1936
f 1843 1966 1967
f 1969 2191 1831
f 1964 1907 1935
f 1704 2192 1760
f 1998 1997 1888
f 1846 2195 2000
f 1970 1889 1938
f 2001 1937 1747
f 1940 1867 1970
f 2001 1747 1972
f 1940 1941 1910
f 1696 1973 1787
f 1892 1869 1942
f 1972 1747 1911
f 1914 1913 1945
f 1788 2007 1915
f 2067 2068 1812
f 1849 1975 1848
f 1916 1914 1945
f 2068 1897 1812
f 1974 1917 1975
f 1848 1975 1917
f 1943 1851 1669
f 1374 1772 1918
f 1748 1946 1977
f 1898 1978 2011
f 1953 1815 1984
f 1953 1984 2018
f 1920 1880 1921
f 1920 1921 2019
f 1952 1804 2152
f 1984 1901 2149
f 2023 1954 2019
f 2014 1985 1711
f 2020 1835 1856
f 2026 2149 1923
f 1951 2022 1775
f 2153 2023 1955
f 1856 1986 2020
f 1856 1987 1986
f 1926 1955 1925
f 1924 1929 1989
f 1924 1989 1903
f 1990 1992 1927
f 1930 2032 1929
f 1903 1989 1928
f 1823 1996 2178
f 1957 1796 2039
f 1995 2033 1930
f 2033 1995 1994
f 1904 1886 1958
f 1886 1931 1958
f 1993 2180 1704
f 1934 1959 1995
f 1961 1959 1934
f 1931 1860 2045
f 1905 2181 1961
f 1905 2184 2181
f 1863 1962 1963
f 1963 2049 1965
f 1843 1967 1908
f 1964 1935 1906
f 1819 1845 2170
f 1967 1966 1968
f 1968 1888 1997
f 1832 2049 2195
f 2051 2054 1908
f 2192 1973 1760
f 1868 2000 2055
f 1970 1938 1941
f 1970 1941 1940
f 1868 2055 2218
f 2057 1939 1909
f 1891 2004 2057
f 2004 1894 2005
f 2006 1972 1911
f 2065 1894 1915
f 1974 2006 1911
f 1974 1911 1875
f 1915 2007 2065
f 1849 2063 1975
f 1974 1875 1917
f 1897 2007 1788
f 1774 2413 2008
f 1749 1789 2009
f 1749 2009 1877
f 1790 2409 2414
f 1834 1979 1980
f 1981 1834 1980
f 1979 1834 1982
f 1981 1983 1834
f 1982 1834 1919
f 1983 1948 1834
f 1853 1920 1949
f 1900 1950 2021
f 1949 1920 2017
f 1920 2019 2017
f 2015 1835 2020
f 2026 1953 2018
f 1953 2026 1922
f 2022 1988 1775
f 2153 1955 1991
f 1927 2030 1990
f 1955 1926 1991
f 1929 2032 1989
f 1996 1823 1988
f 2032 1930 2033
f 1991 1926 1958
f 1927 1992 1840
f 1992 2041 1840
f 1928 1994 1959
f 2042 2038 1885
f 1991 1958 2040
f 1959 1994 1995
f 1932 2041 1962
f 1960 1961 2042
f 2184 1843 2183
f 2039 1819 2170
f 2045 1831 2191
f 2047 2051 1967
f 1908 1967 2051
f 1967 1968 1997
f 2053 2191 1969
f 2053 2196 2191
f 1969 1937 2053
f 1937 1999 2053
f 1998 1939 2056
f 1937 2001 1999
f 1833 2059 2223
f 2001 1972 2060
f 2058 1971 2002
f 2003 2060 1972
f 2061 1892 1942
f 1892 2061 1871
f 1871 2061 1944
f 2006 2003 1972
f 2005 1894 2065
f 1974 2064 2006
f 1974 1975 2064
f 1897 2068 2007
f 1980 1979 1
f 1980 1 1981
f 1979 1982 1
f 1981 1 1983
f 1 1982 2012
f 1982 1919 2012
f 1 2080 1983
f 2080 1948 1983
f 2105 1949 2085
f 2085 1949 2013
f 1950 1949 2105
f 1984 2096 2084
f 1949 2017 2013
f 2020 2018 2015
f 2013 2017 2146
f 2020 2024 2018
f 2024 2026 2018
f 2017 2019 2146
f 2022 1951 1854
f 2019 1954 2146
f 1954 2028 2146
f 2025 2146 2028
f 1954 2023 2028
f 2014 2132 1985
f 2150 2029 2024
f 2147 2027 2156
f 2150 2020 2029
f 2020 1986 2029
f 1988 2022 2147
f 2151 2030 2021
f 2029 2026 2024
f 2026 1989 2149
f 2029 2031 2026
f 1991 2025 2028
f 2153 1991 2028
f 2031 1989 2026
f 2151 2037 2030
f 1986 1987 2029
f 2157 2029 1987
f 1989 2032 2149
f 2027 2330 2160
f 2156 2161 1988
f 2037 1990 2030
f 2161 1996 1988
f 2031 1928 1989
f 1987 2329 2157
f 2160 2156 2027
f 1985 2025 1993
f 2031 2034 1928
f 2329 2034 2031
f 1987 2034 2329
f 1990 2036 1992
f 1987 2035 2034
f 2160 2161 2156
f 2035 1987 1885
f 2037 2041 2036
f 2036 2041 1992
f 1928 2034 1994
f 2035 1885 2038
f 2034 2042 1994
f 2037 2043 2041
f 2038 2042 2034
f 1958 1931 2040
f 2168 1994 2042
f 2161 2178 1996
f 1931 2045 2040
f 2045 2179 2040
f 2042 1961 2181
f 1962 2049 1963
f 2186 2044 2198
f 1962 2046 2049
f 2191 2179 2045
f 2048 2198 2044
f 2047 1967 2190
f 2047 2353 2051
f 2046 2197 2049
f 2353 2050 2051
f 2196 2357 2191
f 1967 1997 2190
f 2198 2054 2051
f 1997 2052 2190
f 2048 2193 2198
f 2170 2058 2350
f 1997 1998 2052
f 2198 2211 2054
f 1998 2056 2052
f 2198 2205 2211
f 2053 1999 2179
f 2211 2059 2054
f 1973 2192 2206
f 1999 2206 2179
f 2231 2219 2197
f 1999 2001 2206
f 2056 1939 2057
f 2057 2231 2056
f 2001 2060 2206
f 2059 2222 2223
f 2206 2060 2062
f 2004 2231 2057
f 2004 2005 2231
f 1942 2218 2061
f 2060 2003 2062
f 1973 2062 1943
f 2003 2006 2244
f 2221 2238 2061
f 2061 2238 1944
f 2063 1944 2238
f 1873 2234 2067
f 2003 2244 2062
f 2006 2064 2244
f 2244 2251 2062
f 2238 1975 2063
f 2062 2251 1943
f 1943 2251 1851
f 2238 2066 1975
f 2250 2069 2067
f 2064 2066 2244
f 1975 2066 2064
f 2250 2252 2069
f 2069 2007 2068
f 2069 2068 2067
f 2007 2069 2258
f 2252 2070 2069
f 1851 2255 1976
f 1976 2256 1772
f 1918 1772 2257
f 1946 1918 2257
f 2258 1946 2257
f 2071 1977 2258
f 2009 1977 2071
f 2009 2071 2070
f 1877 2009 2070
f 2070 2253 1877
f 1877 2253 1947
f 2010 1947 2253
f 2010 2253 2410
f 1709 2412 1978
f 2259 2260 2072
f 2072 2260 2085
f 2072 1 2259
f 2085 2073 2081
f 2260 2073 2085
f 2073 1 2081
f 2074 1 2075
f 2074 2077 2076
f 2075 2077 2074
f 2077 2078 2079
f 2078 1 2079
f 1 2072 2080
f 2072 1948 2080
f 2087 1 2082
f 1 2074 2082
f 2074 2076 2082
f 2079 2076 2077
f 1 2083 2079
f 2083 2076 2079
f 2083 1 2088
f 2081 2086 2085
f 2086 2081 1
f 2076 2084 2082
f 2108 2076 2083
f 2088 2108 2083
f 2072 2085 1948
f 2089 1 2087
f 2082 2084 2087
f 2084 2089 2087
f 2088 2090 2108
f 2090 2088 1
f 2086 2105 2085
f 1 2091 2086
f 2091 2105 2086
f 2091 1 2095
f 2092 1 2093
f 1 2089 2093
f 2089 2096 2093
f 2084 2096 2089
f 1 2094 2090
f 2094 2108 2090
f 2094 1 2097
f 2095 2105 2091
f 2093 2096 2092
f 2094 2129 2108
f 2095 2098 2105
f 2098 2095 1
f 2097 2099 2094
f 2099 2097 1
f 1 2100 2098
f 2100 2105 2098
f 2100 1 2102
f 2099 2129 2094
f 1 2101 2099
f 2101 2129 2099
f 2101 1 2103
f 2102 2105 2100
f 2107 1 2092
f 2096 2107 2092
f 2108 2084 2076
f 2102 2106 2105
f 2106 2102 1
f 2103 2104 2101
f 2104 2103 1
f 2015 2108 2129
f 2104 2119 2101
f 2119 2104 1
f 2085 2013 1948
f 1 2109 2106
f 2109 2105 2106
f 2109 1 2110
f 2113 1 2111
f 1 2107 2111
f 2107 2096 2111
f 2114 1 2115
f 2115 1 2112
f 2109 2127 2105
f 2110 2127 2109
f 2111 2096 2113
f 2119 2129 2101
f 2120 2115 2112
f 2120 2112 1
f 2116 1 2113
f 2096 2116 2113
f 2117 1 2114
f 2115 2117 2114
f 2110 2118 2127
f 2118 2110 1
f 2108 2018 2084
f 2015 2018 2108
f 2127 1950 2105
f 1 2121 2118
f 2121 2127 2118
f 2121 1 2122
f 2122 1 2128
f 2128 1 2123
f 1 2116 2123
f 2116 2096 2123
f 1 2124 2119
f 2124 2129 2119
f 2124 1 2125
f 2125 1 2126
f 1 2117 2126
f 2115 2126 2117
f 2120 2130 2115
f 2130 1854 2115
f 2130 2120 1
f 1948 2132 2014
f 2121 2021 2127
f 2122 2021 2121
f 2123 2096 2128
f 2016 2129 2124
f 2125 2016 2124
f 1854 2016 2125
f 2126 1854 2125
f 2115 1854 2126
f 2122 2128 2021
f 2013 2132 1948
f 2314 1919 1952
f 2127 2021 1950
f 2018 1984 2084
f 2016 2015 2129
f 2130 2131 1854
f 2131 2130 1
f 2013 2146 2132
f 2128 2151 2021
f 2131 2133 1854
f 2133 2131 1
f 2133 2134 1854
f 2134 2133 1
f 2020 2142 2024
f 2134 2022 1854
f 1 2135 2134
f 2135 2022 2134
f 2135 1 2136
f 2136 1 2138
f 2138 1 2140
f 1 2137 2140
f 2020 2145 2142
f 2135 2147 2022
f 2136 2147 2135
f 2138 2147 2136
f 2139 2140 2137
f 2139 2141 2140
f 2139 1 2141
f 2152 2314 1952
f 2140 2147 2138
f 2141 2143 2140
f 2143 2147 2140
f 2143 2141 1
f 2144 2143 1
f 2147 2143 2144
f 2096 2151 2128
f 1984 2149 2096
f 2145 2020 2150
f 2024 2142 2150
f 2149 2151 2096
f 2146 2025 2132
f 2154 2145 2150
f 2132 2025 1985
f 2147 2326 2027
f 2023 2153 2028
f 2310 2145 2154
f 2156 1988 2147
f 2326 2330 2027
f 2150 2148 2322
f 2150 2322 2154
f 2323 2310 2154
f 2149 2155 2151
f 2029 2322 2031
f 2149 2032 2155
f 2029 2157 2322
f 2152 1957 2327
f 2151 2155 2037
f 2329 2031 2322
f 2032 2033 2155
f 2035 2157 2329
f 2338 2157 2035
f 2158 2159 1990
f 2324 2158 1990
f 1990 2159 2036
f 2040 2025 1991
f 1990 2037 2324
f 1957 2039 2327
f 2155 2043 2037
f 2331 2034 2035
f 2036 2324 2037
f 2033 2168 2155
f 2038 2034 2331
f 2033 1994 2168
f 2038 2338 2035
f 2168 2043 2155
f 2163 2162 2161
f 2160 2164 2161
f 2164 2163 2161
f 2165 2164 2160
f 2165 2160 2166
f 1 2167 2162
f 2167 2161 2162
f 2163 1 2162
f 2164 1 2163
f 2165 1 2164
f 2166 1 2165
f 2167 2169 2161
f 2169 2178 2161
f 2169 2167 1
f 2025 2180 1993
f 2350 2327 2039
f 2040 2180 2025
f 2170 2350 2039
f 2169 2171 2178
f 2171 2169 1
f 2171 2044 2178
f 1 2172 2171
f 2172 2044 2171
f 2172 1 2173
f 2173 1 2174
f 2174 1 2175
f 2175 1 2176
f 1 2177 2176
f 2173 2044 2172
f 2187 2044 2173
f 2174 2187 2173
f 2175 2187 2174
f 2176 2187 2175
f 2187 2176 2177
f 2040 2179 2180
f 2181 2168 2042
f 2043 1962 2041
f 2046 1962 2043
f 2199 2168 2181
f 2184 2183 2182
f 2184 2346 2181
f 2349 2199 2181
f 2346 2349 2181
f 2346 2188 2185
f 2346 2184 2188
f 2352 2188 2184
f 2182 2352 2184
f 2168 2046 2043
f 2349 2188 2199
f 2349 2185 2188
f 2352 2186 2188
f 2188 2052 2199
f 2183 2186 2352
f 2044 2186 2183
f 2187 2048 2044
f 2189 2048 2187
f 2179 2192 2180
f 2186 2047 2188
f 2047 2190 2188
f 2168 2199 2046
f 2186 2354 2047
f 2046 2199 2197
f 2353 2047 2354
f 2194 2048 2189
f 2188 2190 2052
f 2198 2354 2186
f 2191 2351 2179
f 2198 2050 2354
f 2198 2051 2050
f 2351 2196 2179
f 2191 2357 2351
f 2193 2048 2194
f 2179 2196 2053
f 2052 2056 2199
f 2049 2197 2195
f 2179 2206 2192
f 2350 2058 2362
f 2195 2197 2000
f 2197 2219 2000
f 2198 2200 2205
f 2201 2200 2198
f 2193 2201 2198
f 2202 2201 2193
f 2203 2202 2193
f 2204 2193 2194
f 2203 2193 2204
f 2199 2231 2197
f 1 2205 2200
f 2201 1 2200
f 2202 1 2201
f 2203 1 2202
f 2204 1 2203
f 2231 2199 2056
f 2219 2055 2000
f 2208 2205 1
f 2359 2362 2217
f 2208 2207 2205
f 2209 2211 2205
f 1 2209 2207
f 2209 2205 2207
f 2208 1 2207
f 2209 2210 2211
f 2210 2209 1
f 2210 2222 2211
f 1 2212 2210
f 2212 2222 2210
f 2212 1 2213
f 2213 1 2214
f 2214 1 2215
f 2215 1 2216
f 2213 2220 2212
f 2220 2222 2212
f 2214 2220 2213
f 2215 2220 2214
f 2216 2220 2215
f 2222 2059 2211
f 2219 2218 2055
f 2206 2062 1973
f 2058 2002 2393
f 2219 2221 2218
f 2219 2236 2221
f 2061 2218 2221
f 2002 2008 2393
f 2224 2223 2222
f 2225 2224 2222
f 2226 2225 2222
f 2227 2226 2222
f 2220 2228 2222
f 2228 2227 2222
f 2378 2229 2220
f 2229 2228 2220
f 2229 2378 2230
f 2219 2231 2236
f 1 2232 2224
f 2232 2223 2224
f 2225 1 2224
f 2226 1 2225
f 2227 1 2226
f 2228 1 2227
f 2229 1 2228
f 2230 1 2229
f 2232 2233 2223
f 2233 2232 1
f 2223 2234 1873
f 2233 2234 2223
f 2005 2236 2231
f 2233 2235 2234
f 2235 2233 1
f 2235 2237 2234
f 2237 2235 1
f 1 2239 2237
f 2239 2234 2237
f 2239 1 2240
f 2240 1 2241
f 2241 1 2242
f 2242 1 2243
f 2240 2250 2239
f 2250 2234 2239
f 2241 2250 2240
f 2242 2250 2241
f 2243 2250 2242
f 2393 2008 2411
f 2243 2245 2250
f 2245 2243 1
f 2245 2246 2250
f 2246 2245 1
f 2250 2067 2234
f 1 2247 2246
f 2247 2250 2246
f 2247 1 2248
f 1 2249 2248
f 2248 2408 2247
f 2408 2250 2247
f 2408 2248 2249
f 2005 2065 2236
f 2236 2254 2221
f 2408 2252 2250
f 2238 2221 2254
f 2408 2253 2252
f 2244 2066 2251
f 2007 2258 2065
f 2238 2254 2066
f 2008 2413 2411
f 2256 2251 2066
f 2256 2255 2251
f 2258 2236 2065
f 2236 2258 2254
f 2066 2254 2256
f 2258 2069 2071
f 2070 2071 2069
f 2408 2410 2253
f 2258 2257 2254
f 1851 2251 2255
f 2257 2256 2254
f 2253 2070 2252
f 2256 1976 2255
f 2257 1772 2256
f 1977 1946 2258
f 2259 1 2261
f 2260 2259 2261
f 2260 2262 2073
f 2073 2262 1
f 2075 1 2263
f 2075 2272 2077
f 2263 2272 2075
f 2077 2264 2078
f 2078 2264 1
f 2012 2265 1
f 1 2265 2261
f 2265 2289 2261
f 2260 2261 2289
f 2262 2260 2266
f 2262 2266 1
f 2269 2281 1
f 1 2281 2263
f 2281 2272 2263
f 2264 2077 2272
f 1 2264 2267
f 2264 2272 2267
f 2267 2268 1
f 2265 2012 2289
f 2289 2012 1919
f 2267 2272 2270
f 2268 2267 2270
f 2268 2270 1
f 2266 2260 2271
f 2266 2271 1
f 2269 1 2273
f 2281 2269 2273
f 2274 2270 2292
f 2270 2274 1
f 2271 2260 2275
f 1 2271 2275
f 2275 2276 1
f 2285 2277 1
f 1 2277 2273
f 2277 2292 2273
f 2281 2273 2292
f 2292 2272 2281
f 2270 2272 2292
f 1 2274 2278
f 2274 2292 2278
f 2278 2279 1
f 2277 2285 2292
f 2279 2278 2292
f 2275 2260 2288
f 2276 2275 2280
f 2280 2275 2288
f 2276 2280 1
f 2279 2292 2282
f 2279 2282 1
f 2260 2289 2288
f 1 2280 2283
f 2280 2288 2283
f 2283 2284 1
f 2282 2292 2309
f 1 2282 2293
f 2282 2309 2293
f 2293 2286 1
f 2283 2288 2290
f 2284 2283 2290
f 2287 2284 2290
f 2284 2287 1
f 2285 1 2291
f 2292 2285 2291
f 2289 1919 2314
f 2292 2291 2313
f 1 2287 2294
f 2287 2290 2294
f 2294 2295 1
f 2298 2296 1
f 1 2296 2291
f 2296 2313 2291
f 2299 2300 1
f 2300 2297 1
f 2295 2294 2290
f 2296 2298 2313
f 2295 2290 2301
f 2295 2301 1
f 2298 1 2302
f 2313 2298 2302
f 2299 1 2304
f 2300 2299 2304
f 2286 2293 2303
f 2303 2293 2309
f 2286 2303 1
f 1 2301 2305
f 2301 2290 2305
f 2305 2306 1
f 1 2306 2302
f 2306 2312 2302
f 2313 2302 2312
f 1 2303 2307
f 2303 2309 2307
f 2307 2308 1
f 1 2308 2304
f 2300 2304 2308
f 2305 2290 2321
f 2306 2305 2321
f 2312 2306 2321
f 2310 2307 2309
f 2308 2307 2310
f 2300 2308 2310
f 2309 2292 2313
f 2297 2300 2311
f 2297 2311 1
f 2311 2300 2310
f 2321 2290 2288
f 2310 2309 2145
f 2145 2309 2142
f 2311 2310 2315
f 2311 2315 1
f 2142 2309 2313
f 1 2315 2316
f 2315 2310 2316
f 2316 2317 1
f 2317 2318 1
f 1 2318 2137
f 2323 2316 2310
f 2317 2316 2323
f 2137 2319 2139
f 2137 2318 2319
f 2139 2319 1
f 2318 2317 2323
f 2319 2318 2320
f 1 2320 2144
f 2319 2320 1
f 2320 2318 2326
f 2144 2326 2147
f 2320 2326 2144
f 2142 2313 2148
f 2150 2142 2148
f 2321 2288 2328
f 2314 2152 2327
f 2313 2312 2148
f 2318 2323 2326
f 2289 2314 2327
f 2148 2312 2325
f 2288 2289 2328
f 2321 2328 2158
f 2289 2327 2328
f 2322 2148 2325
f 2312 2321 2325
f 2158 2325 2321
f 2322 2325 2329
f 2326 2323 2339
f 2325 2158 2324
f 2154 2322 2338
f 2322 2157 2338
f 2158 2328 2159
f 2330 2326 2339
f 2323 2154 2339
f 2331 2329 2325
f 2329 2331 2035
f 2325 2324 2348
f 2348 2324 2036
f 2333 2339 2332
f 2330 2339 2333
f 2334 2330 2333
f 2160 2334 2166
f 2330 2334 2160
f 2348 2036 2343
f 2336 2339 2335
f 1 2332 2336
f 2332 2339 2336
f 2333 2332 1
f 2334 2333 1
f 2166 2334 1
f 2327 2350 2328
f 2338 2038 2331
f 2336 2335 2337
f 2336 2337 1
f 2335 2339 2344
f 2154 2338 2339
f 2331 2325 2348
f 2338 2331 2345
f 2339 2338 2345
f 1 2337 2340
f 2337 2335 2340
f 2340 2341 1
f 2341 2342 1
f 1 2342 2177
f 2341 2340 2335
f 2187 2341 2335
f 2342 2341 2187
f 2342 2187 2177
f 2036 2159 2343
f 2339 2345 2344
f 2328 2351 2159
f 2331 2348 2349
f 2345 2331 2349
f 2182 2345 2346
f 2344 2345 2182
f 2183 2344 2182
f 2335 2344 2347
f 2347 2344 2183
f 2187 2335 2347
f 2346 2345 2349
f 2352 2346 2185
f 2182 2346 2352
f 2159 2351 2343
f 2189 2187 2347
f 2352 2185 2349
f 2347 2183 2352
f 2349 2348 2360
f 2352 2349 2358
f 2354 2352 2353
f 2343 2351 2357
f 2353 2352 2358
f 2347 2352 2354
f 2351 2328 2350
f 2189 2347 2363
f 2360 2348 2343
f 2353 2358 2355
f 2194 2189 2363
f 2351 2350 2196
f 2343 2357 2377
f 2050 2347 2354
f 2353 2355 2050
f 2358 2349 2360
f 2363 2347 2356
f 2356 2050 2355
f 2347 2050 2356
f 2196 2350 2359
f 2357 2196 2359
f 2360 2343 2377
f 2361 2358 2360
f 2355 2358 2361
f 2355 2361 2356
f 2359 2350 2362
f 2365 2363 2364
f 2194 2363 2365
f 2366 2194 2365
f 2194 2366 2204
f 1 2364 2367
f 2364 2363 2367
f 2365 2364 1
f 2366 2365 1
f 2204 2366 1
f 2377 2357 2359
f 2369 2356 2368
f 2363 2356 2369
f 2367 2363 2371
f 2367 2371 1
f 2360 2377 2380
f 2356 2361 2380
f 2361 2360 2380
f 2370 2363 2369
f 2371 2363 2370
f 2058 2393 2362
f 1 2370 2372
f 2370 2369 2372
f 2371 2370 1
f 2372 2369 2373
f 2372 2373 1
f 2356 2380 2368
f 1 2373 2374
f 2373 2369 2374
f 2374 2375 1
f 2375 2376 1
f 2376 2216 1
f 2374 2369 2378
f 2375 2374 2378
f 2376 2375 2378
f 2216 2376 2220
f 2220 2376 2378
f 2377 2359 2395
f 2395 2359 2217
f 2378 2369 2379
f 2369 2368 2379
f 2380 2377 2387
f 2377 2395 2387
f 2379 2368 2400
f 2217 2362 2393
f 2368 2380 2392
f 2379 2400 2388
f 2382 2379 2381
f 2383 2379 2382
f 2378 2379 2383
f 2384 2378 2383
f 2386 2378 2385
f 2385 2378 2384
f 2378 2386 2230
f 1 2381 2389
f 2381 2379 2389
f 2382 2381 1
f 2383 2382 1
f 2384 2383 1
f 2385 2384 1
f 2386 2385 1
f 2230 2386 1
f 2389 2379 2388
f 2392 2380 2387
f 2217 2393 2401
f 2368 2392 2400
f 2389 2388 2390
f 2389 2390 1
f 2390 2388 2391
f 2390 2391 1
f 2391 2388 2394
f 2391 2394 1
f 2394 2388 2407
f 1 2394 2396
f 2394 2407 2396
f 2396 2397 1
f 2397 2398 1
f 2398 2399 1
f 2401 2395 2217
f 2397 2396 2407
f 2403 2397 2407
f 2398 2397 2403
f 2399 2398 2403
f 2387 2395 2401
f 2399 2403 2402
f 2399 2402 1
f 2388 2400 2407
f 2402 2403 2404
f 2402 2404 1
f 2400 2392 2407
f 2404 2403 2408
f 1 2404 2405
f 2404 2408 2405
f 2405 2406 1
f 1 2406 2249
f 2406 2405 2408
f 2406 2408 2249
f 2401 2393 2411
f 2387 2401 2409
f 2409 2401 2414
f 2408 2403 2410
f 2403 2407 2410
f 2401 2411 2414
f 2392 2387 2011
f 2392 2011 1978
f 2407 2392 2412
f 2412 2392 1978
f 2412 2410 2407
f 2387 2409 2011
f 2414 2411 2413
f 2410 2412 1852
f 2410 1852 2010

