# File generated by FabConvert.com - Free Image and 3D model conversion tools

mtllib asset_jR7mDZUncTPv9HCQzDcmTXqG.mtl

o obj1
v -0.46590501 -0.99428302 -0.37784401
v -0.45892099 -0.99426901 -0.38464701
v -0.45925301 -0.99667698 -0.381235
v -0.45982301 -0.99740702 -0.37310201
v -0.46578401 -0.99428499 0.031523
v -0.45970401 -0.99743599 0.104206
v -0.46599999 -0.99427098 0.369766
v -0.45978999 -0.99741203 0.36580101
v -0.45921299 -0.99671799 0.373335
v -0.45899501 -0.99427199 0.376737
v -0.46590501 -0.99428302 -0.37784401
v -0.45922399 -0.99027097 -0.38120601
v -0.45892099 -0.99426901 -0.38464701
v -0.45975599 -0.98927402 -0.373447
v -0.45963299 -0.98923898 -0.108812
v -0.46578401 -0.99428499 0.031523
v -0.45963699 -0.98927999 0.110159
v -0.46599999 -0.99427098 0.369766
v -0.45975101 -0.98911399 0.36520201
v -0.45919901 -0.99024701 0.37332299
v -0.45899501 -0.99427199 0.376737
v -0.43156201 -0.99746001 -0.134602
v -0.34817699 -0.98900801 -0.23006199
v -0.25355899 -0.98920298 -0.045565
v -0.36310601 -0.989043 0.19884101
v -0.20966101 -0.99747699 0.13132501
v -0.355243 -0.99752498 0.365904
v -0.213983 -0.99744099 -0.244811
v -0.319475 -0.98912197 0.36540601
v -0.308402 -0.99026 0.37332699
v -0.23060299 -0.99755198 -0.37352699
v -0.207176 -0.989209 0.059913
v -0.21540201 -0.996795 -0.381208
v -0.246914 -0.99027801 -0.38122401
v -0.228845 -0.989236 -0.373355
v -0.32361299 -0.496883 -0.002311
v -0.32162899 -0.485434 -0.020317
v -0.31347799 -0.50819099 -0.020259
v -0.32298601 -0.48052201 0.000587
v -0.31495199 -0.47750199 0.011884
v -0.31381601 -0.49602401 0.014108
v -0.30963701 -0.463523 -0.002901
v -0.22339401 -0.99427998 0.37689599
v -0.22339401 -0.99427998 0.37689599
v -0.304465 -0.51604098 0.000632
v -0.30146 -0.491687 -0.034411
v -0.31347799 -0.50819099 -0.020259
v -0.32162899 -0.485434 -0.020317
v -0.30627301 -0.46613601 -0.020202
v -0.31495199 -0.47750199 0.011884
v -0.30963701 -0.463523 -0.002901
v -0.32298601 -0.48052201 0.000587
v -0.18921401 -0.99743199 -0.24876
v -0.304465 -0.51604098 0.000632
v -0.299656 -0.50485402 0.015706
v -0.31381601 -0.49602401 0.014108
v -0.299656 -0.50485402 0.015706
v -0.29727599 -0.48844299 0.020974
v -0.31381601 -0.49602401 0.014108
v -0.29828399 -0.46987101 0.013987
v -0.29755801 -0.473683 -0.029409
v -0.30627301 -0.46613601 -0.020202
v -0.198617 -0.99765801 0.365646
v -0.31347799 -0.50819099 -0.020259
v -0.28859201 -0.51561701 -0.016007
v -0.28859201 -0.51561701 -0.016007
v -0.294541 -0.491054 -0.034455
v -0.30627301 -0.46613601 -0.020202
v -0.28444901 -0.46301901 -0.008717
v -0.20635401 -0.99757802 -0.191396
v -0.20693 -0.99743497 0.049543
v -0.156427 -0.99747401 0.13987701
v -0.202581 -0.98909599 -0.248182
v -0.207624 -0.98910397 0.128562
v -0.26439601 -0.50858599 0.004487
v -0.25880301 -0.50347698 -0.023655
v -0.26508999 -0.49951401 0.012912
v -0.26508999 -0.49951401 0.012912
v -0.26535001 -0.477523 0.013486
v -0.30627301 -0.46613601 -0.020202
v -0.28444901 -0.46301901 -0.008717
v -0.29755801 -0.473683 -0.029409
v -0.25880301 -0.50347698 -0.023655
v -0.25785401 -0.51077098 -0.011861
v -0.260185 -0.51105201 -0.004072
v -0.26458099 -0.49037901 0.015906
v -0.26060501 -0.490026 -0.029018
v -0.26275399 -0.47984499 -0.027405
v -0.26547 -0.46830299 -0.016541
v -0.26275399 -0.47984499 -0.027405
v -0.248198 -0.467794 0.002049
v -0.248198 -0.467794 0.002049
v 0.057596 -0.99427599 -0.38463801
v 0.057596 -0.99427599 -0.38463801
v -0.123813 -0.50784397 0.004525
v -0.20487 -0.47319001 -0.02222
v -0.207599 -0.98904401 -0.20710699
v -0.205157 -0.98855102 -0.23760401
v -0.131981 -0.98921001 -0.010503
v -0.183406 -0.99690801 0.37333399
v -0.17894401 -0.98903698 0.25935301
v -0.232922 -0.79031098 -0.13872901
v -0.237489 -0.77949899 -0.121486
v -0.23019201 -0.76738399 -0.12792701
v -0.202966 -0.47885001 0.013301
v -0.197676 -0.468018 -0.003889
v -0.206395 -0.46810001 -0.011772
v -0.208547 -0.81091201 -0.13730299
v -0.222927 -0.80247998 -0.114798
v -0.232922 -0.79031098 -0.13872901
v -0.237489 -0.77949899 -0.121486
v -0.216179 -0.78090501 -0.098468
v -0.22235 -0.77193397 -0.14421999
v -0.122865 -0.48678401 -0.026666
v -0.20487 -0.47319001 -0.02222
v -0.237489 -0.77949899 -0.121486
v -0.204906 -0.76238501 -0.10927
v -0.23019201 -0.76738399 -0.12792701
v -0.216179 -0.78090501 -0.098468
v -0.202834 -0.76067698 -0.131225
v -0.202834 -0.76067698 -0.131225
v -0.196354 -0.98888999 -0.190069
v -0.210812 -0.95321703 -0.247022
v -0.20535401 -0.96869099 -0.215671
v -0.213257 -0.954018 -0.220723
v -0.213257 -0.954018 -0.220723
v -0.20826299 -0.96031898 -0.196023
v -0.213167 -0.95455903 -0.12294
v -0.213167 -0.95455903 -0.12294
v -0.20841999 -0.96051002 0.060624
v -0.213535 -0.95471799 -0.029121
v -0.20826299 -0.96031898 -0.196023
v -0.21378601 -0.95336199 0.102653
v -0.20359799 -0.966151 0.064038
v -0.202841 -0.96572697 0.108429
v -0.20854899 -0.95456702 0.119912
v -0.214044 -0.93917501 0.046462
v -0.21292999 -0.92760003 -0.15349799
v -0.211955 -0.93041301 -0.120872
v -0.21218701 -0.92073601 -0.103606
v -0.211955 -0.93041301 -0.120872
v -0.21292999 -0.930525 -0.025078
v -0.21347401 -0.93129802 -0.067381
v -0.213971 -0.92950201 -0.006482
v -0.21292999 -0.92760003 -0.15349799
v -0.21404999 -0.90609097 -0.22425701
v -0.211955 -0.93041301 -0.120872
v -0.205374 -0.92642498 -0.136869
v -0.21292999 -0.92760003 -0.15349799
v -0.208657 -0.921987 -0.115236
v -0.20991801 -0.90719599 -0.064438
v -0.20905399 -0.92404902 -0.050456
v -0.201855 -0.92305797 -0.020312
v -0.213314 -0.90649801 0.113002
v -0.21083499 -0.90485901 -0.14485499
v -0.209059 -0.91689998 -0.138593
v -0.211785 -0.90601403 -0.005327
v -0.21322501 -0.90753198 0.026004
v -0.208529 -0.90007299 -0.25561401
v -0.209849 -0.90600801 -0.13060699
v -0.209566 -0.90725601 -0.015077
v -0.20987201 -0.89694297 -0.24691901
v -0.20926601 -0.89823103 -0.17976999
v -0.211785 -0.90601403 -0.005327
v -0.21322501 -0.90753198 0.026004
v -0.20040099 -0.90103799 -0.004947
v -0.20984 -0.89839798 0.044121
v -0.209094 -0.897304 0.112311
v -0.20984 -0.89839798 0.044121
v -0.20278101 -0.88507402 -0.070522
v -0.217024 -0.86159801 -0.057366
v -0.211955 -0.86032802 -0.085237
v -0.2154 -0.85279399 -0.072094
v -0.20691399 -0.83027601 -0.075154
v -0.211955 -0.86032802 -0.085237
v -0.2154 -0.85279399 -0.072094
v -0.205366 -0.835419 -0.036153
v -0.202665 -0.844558 -0.029032
v -0.201068 -0.793414 -0.101846
v -0.216003 0.821715 -0.152289
v -0.216517 0.84142798 -0.14757
v -0.20666599 0.82561302 -0.175047
v -0.206459 0.849554 -0.17125399
v -0.216517 0.84142798 -0.14757
v -0.216003 0.821715 -0.152289
v -0.197878 0.83110702 -0.128888
v -0.206459 0.849554 -0.17125399
v -0.199999 0.86189699 -0.151614
v -0.195529 -0.998272 0.120174
v -0.19972099 -0.98456597 -0.199047
v -0.207176 -0.989209 0.059913
v -0.207624 -0.98910397 0.128562
v -0.204612 -0.986377 0.111656
v -0.202732 -0.98418802 0.067356
v -0.19866399 -0.98423201 0.125332
v -0.207599 -0.98904401 -0.20710699
v -0.20239399 -0.974886 -0.233318
v -0.205157 -0.98855102 -0.23760401
v -0.19972099 -0.98456597 -0.199047
v -0.200315 -0.97019601 -0.199632
v -0.198603 -0.96157598 -0.23964
v -0.210812 -0.95321703 -0.247022
v -0.198392 -0.95692003 -0.26235601
v -0.198603 -0.96157598 -0.23964
v -0.20535401 -0.96869099 -0.215671
v -0.200315 -0.97019601 -0.199632
v -0.199452 -0.961757 -0.18126699
v -0.20826299 -0.96031898 -0.196023
v -0.19948401 -0.96184099 -0.122595
v -0.200295 -0.96158999 -0.054848
v -0.20841999 -0.96051002 0.060624
v -0.20001601 -0.96168602 0.053016
v -0.20359799 -0.966151 0.064038
v -0.19589899 -0.96202099 0.123769
v -0.198392 -0.95692003 -0.26235601
v -0.19514801 -0.92268699 -0.14296301
v -0.198727 -0.92246997 -0.117346
v -0.208657 -0.921987 -0.115236
v -0.2015 -0.89954698 0.12510601
v -0.21292999 -0.92760003 -0.15349799
v -0.19514801 -0.92268699 -0.14296301
v -0.209059 -0.91689998 -0.138593
v -0.198727 -0.92246997 -0.117346
v -0.208657 -0.921987 -0.115236
v -0.208529 -0.90007299 -0.25561401
v -0.19526801 -0.89956599 -0.26598299
v -0.198392 -0.95692003 -0.26235601
v -0.209849 -0.90600801 -0.13060699
v -0.201005 -0.90249997 -0.146617
v -0.21083499 -0.90485901 -0.14485499
v -0.200405 -0.90232599 -0.092019
v -0.20991801 -0.90719599 -0.064438
v -0.209566 -0.90725601 -0.015077
v -0.20926601 -0.89823103 -0.17976999
v -0.191594 -0.89767897 0.041427
v -0.209094 -0.897304 0.112311
v -0.20278101 -0.88507402 -0.070522
v -0.211955 -0.86032802 -0.085237
v -0.19653501 -0.85786903 -0.097348
v -0.193719 -0.87335598 -0.034742
v -0.18965501 -0.84259701 -0.099228
v -0.19653501 -0.85786903 -0.097348
v -0.199513 -0.82966 -0.047625
v -0.2154 -0.85279399 -0.072094
v -0.205366 -0.835419 -0.036153
v -0.20691399 -0.83027601 -0.075154
v -0.191256 -0.81530899 -0.076825
v -0.18759 -0.78993601 -0.168662
v -0.201068 -0.793414 -0.101846
v -0.204906 -0.76238501 -0.10927
v -0.216179 -0.78090501 -0.098468
v -0.18512499 -0.77870601 -0.159834
v -0.202327 -0.232034 -0.034655
v -0.201729 -0.239484 -0.13868999
v -0.201359 -0.240825 -0.01387
v -0.200781 -0.240291 0.112425
v -0.20214 -0.230985 0.10353
v -0.20159 -0.19216099 -0.134068
v -0.20158599 -0.19361401 0.111628
v -0.201749 -0.192146 0.020307
v -0.195517 -0.191792 -0.149987
v -0.20159 -0.19216099 -0.134068
v -0.19250201 -0.187952 -0.144843
v -0.195517 -0.191792 -0.149987
v -0.191856 0.80657202 -0.170292
v -0.200927 0.80792898 -0.14614899
v -0.216003 0.821715 -0.152289
v -0.191856 0.80657202 -0.170292
v -0.197878 0.83110702 -0.128888
v -0.18369401 0.83538902 -0.184885
v -0.194811 0.84796 -0.132387
v -0.169765 -0.98886001 -0.195485
v -0.1921 -0.98428899 0.062869
v -0.202732 -0.98418802 0.067356
v -0.207624 -0.98910397 0.128562
v -0.163785 -0.987836 0.127422
v -0.19866399 -0.98423201 0.125332
v -0.205157 -0.98855102 -0.23760401
v -0.20239399 -0.974886 -0.233318
v -0.17277899 -0.98683703 -0.239023
v -0.202732 -0.98418802 0.067356
v -0.20359799 -0.966151 0.064038
v -0.1921 -0.98428899 0.062869
v -0.19346499 -0.96739298 0.060546
v -0.19346499 -0.96739298 0.060546
v -0.105663 -0.96125501 0.0104
v -0.19589899 -0.96202099 0.123769
v -0.181361 -0.95304 0.131604
v -0.20854899 -0.95456702 0.119912
v -0.183194 -0.90165699 0.130935
v -0.2015 -0.89954698 0.12510601
v -0.18977299 -0.93178898 -0.126139
v -0.198727 -0.92246997 -0.117346
v -0.19514801 -0.92268699 -0.14296301
v -0.191387 -0.912848 -0.122275
v -0.19207799 -0.913849 -0.14162099
v -0.189107 -0.89846301 -0.170286
v -0.190047 -0.90071303 -0.15728401
v -0.191387 -0.912848 -0.122275
v -0.185735 -0.90732503 -0.079598
v -0.186739 -0.90513599 -0.06451
v -0.19343901 -0.90209103 -0.01558
v -0.208529 -0.90007299 -0.25561401
v -0.20987201 -0.89694297 -0.24691901
v -0.19526801 -0.89956599 -0.26598299
v -0.187493 -0.89795297 -0.231848
v -0.18388601 -0.89598799 -0.247383
v -0.190782 -0.89969099 -0.183735
v -0.18860701 -0.898794 0.091013
v -0.2015 -0.89954698 0.12510601
v -0.17861301 -0.89672798 0.106888
v -0.17149299 -0.88674003 -0.044984
v -0.183575 -0.88627797 -0.078347
v -0.190419 -0.856399 -0.026733
v -0.18894 -0.83384699 -0.038313
v -0.202665 -0.844558 -0.029032
v -0.186562 -0.81800699 -0.047972
v -0.191256 -0.81530899 -0.076825
v -0.18719199 -0.80858302 -0.17116199
v -0.179352 -0.81153399 -0.139706
v -0.18719199 -0.80858302 -0.17116199
v -0.122504 -0.49969399 -0.025158
v -0.19081999 -0.24011301 -0.154553
v -0.192523 -0.24418201 -0.144299
v -0.201729 -0.239484 -0.13868999
v -0.201359 -0.240825 -0.01387
v -0.19263899 -0.244817 0.012499
v -0.200781 -0.240291 0.112425
v -0.192377 -0.24437 0.113843
v -0.190678 -0.239617 0.122774
v -0.190577 -0.193618 0.122803
v -0.190678 -0.239617 0.122774
v -0.19081999 -0.24011301 -0.154553
v -0.19258299 -0.187943 0.030043
v -0.201749 -0.192146 0.020307
v -0.19199599 -0.18798999 0.113952
v -0.20158599 -0.19361401 0.111628
v -0.190577 -0.193618 0.122803
v -0.186046 0.81590003 -0.13185699
v -0.18335401 0.853953 -0.178368
v -0.199999 0.86189699 -0.151614
v -0.18335401 0.853953 -0.178368
v -0.206459 0.849554 -0.17125399
v -0.153685 -0.98899102 -0.194014
v -0.15009999 -0.98931599 0.05974
v -0.157304 -0.98758101 0.06395
v -0.065305 -0.98905301 0.365421
v -0.169765 -0.98886001 -0.195485
v -0.16393 -0.97372198 -0.201158
v -0.19972099 -0.98456597 -0.199047
v -0.157304 -0.98758101 0.06395
v -0.157681 -0.97414201 0.063289
v -0.162746 -0.98461097 -0.235759
v -0.200315 -0.97019601 -0.199632
v -0.156021 -0.96176398 -0.19407
v -0.156021 -0.96176398 -0.19407
v -0.182651 -0.93957102 -0.113576
v -0.182651 -0.93957102 -0.113576
v -0.198727 -0.92246997 -0.117346
v -0.18787 -0.925502 -0.105002
v -0.17554399 -0.95434803 -0.27040601
v -0.189587 -0.924945 -0.153366
v -0.188365 -0.92791301 -0.03655
v -0.185082 -0.92419499 0.005454
v -0.17986099 -0.93106598 -0.021015
v -0.16524699 -0.91456401 -0.273166
v -0.18516999 -0.92360097 -0.23231401
v -0.187006 -0.90824401 -0.182143
v -0.18646 -0.92567497 -0.18934
v -0.189587 -0.924945 -0.153366
v -0.18787 -0.925502 -0.105002
v -0.178682 -0.92692602 -0.070906
v -0.18787 -0.925502 -0.105002
v -0.185735 -0.90732503 -0.079598
v -0.186739 -0.90513599 -0.06451
v -0.18596999 -0.92890602 -0.055485
v -0.185633 -0.90683198 0.040692
v -0.186966 -0.92486602 0.043156
v -0.182705 -0.91974401 0.058343
v -0.187493 -0.89795297 -0.231848
v -0.183411 -0.90873301 -0.168111
v -0.183064 -0.90951598 -0.153283
v -0.191387 -0.912848 -0.122275
v -0.187069 -0.90774202 -0.001702
v -0.18519901 -0.92681402 0.069803
v -0.18860701 -0.898794 0.091013
v -0.183826 -0.927683 0.091506
v -0.190782 -0.89969099 -0.183735
v -0.181482 -0.90049899 -0.182091
v -0.190782 -0.89969099 -0.183735
v -0.181482 -0.90049899 -0.182091
v -0.187006 -0.90824401 -0.182143
v -0.201005 -0.90249997 -0.146617
v -0.190047 -0.90071303 -0.15728401
v -0.180813 -0.90740299 -0.13269199
v -0.190047 -0.90071303 -0.15728401
v -0.183064 -0.90951598 -0.153283
v -0.19343901 -0.90209103 -0.01558
v -0.191594 -0.89767897 0.041427
v -0.17794 -0.89605701 -0.263383
v -0.181482 -0.90049899 -0.182091
v -0.18493 -0.876194 -0.190079
v -0.181482 -0.90049899 -0.182091
v -0.189107 -0.89846301 -0.170286
v -0.180813 -0.90740299 -0.13269199
v -0.18897501 -0.88754302 -0.13999701
v -0.190047 -0.90071303 -0.15728401
v -0.18244401 -0.899593 0.097848
v -0.15864301 -0.89679497 0.121995
v -0.192002 -0.87436801 -0.164575
v -0.189107 -0.89846301 -0.170286
v -0.18493 -0.876194 -0.190079
v -0.19152699 -0.879255 -0.119585
v -0.172241 -0.89170098 -0.060641
v -0.172241 -0.89170098 -0.060641
v -0.18517099 -0.85828102 -0.148931
v -0.190542 -0.86802799 -0.12559
v -0.18307699 -0.85922998 -0.18310501
v -0.175349 -0.87238699 -0.029591
v -0.190419 -0.856399 -0.026733
v -0.193719 -0.87335598 -0.034742
v -0.184443 -0.84407002 -0.160515
v -0.18477 -0.844818 -0.058894
v -0.184708 -0.845505 -0.058949
v -0.184708 -0.84494197 -0.060683
v -0.190419 -0.856399 -0.026733
v -0.174429 -0.84040099 -0.035262
v -0.179331 -0.81929302 -0.15938599
v -0.17392001 -0.78963101 -0.13037799
v -0.201068 -0.793414 -0.101846
v -0.179352 -0.81153399 -0.139706
v -0.17392001 -0.78963101 -0.13037799
v -0.175734 -0.77702701 -0.14206199
v -0.202834 -0.76067698 -0.131225
v -0.122635 -0.51110101 -0.011707
v -0.122504 -0.49969399 -0.025158
v -0.13998599 -0.474365 0.004521
v -0.197676 -0.468018 -0.003889
v -0.18374 -0.24404199 -0.130648
v -0.182423 -0.243982 -0.08919
v -0.185835 -0.24469 -0.017049
v -0.179113 -0.243624 0.04484
v -0.18055101 -0.24397101 0.090192
v -0.19081999 -0.24011301 -0.154553
v -0.195517 -0.191792 -0.149987
v -0.182519 -0.19191501 -0.155247
v -0.184467 -0.188214 -0.042489
v -0.183118 -0.188207 -0.136994
v -0.18476599 -0.187904 0.090392
v -0.17169499 -0.18859801 0.101039
v -0.18193799 0.805848 -0.154144
v -0.174698 0.82050401 -0.109635
v -0.17261399 0.85029697 -0.109856
v -0.179864 0.83359301 -0.107202
v -0.194811 0.84796 -0.132387
v -0.175299 0.85503399 -0.14448801
v -0.14744601 -0.99755001 -0.193995
v 0.06029 -0.99036002 -0.38120401
v -0.163535 -0.96952999 -0.234155
v -0.198603 -0.96157598 -0.23964
v -0.159851 -0.96946502 0.124242
v -0.17554399 -0.95434803 -0.27040601
v -0.158603 -0.96202099 -0.262768
v -0.176149 -0.939623 -0.035831
v -0.18646 -0.92567497 -0.18934
v -0.171268 -0.92979997 -0.179212
v -0.17686699 -0.92828298 -0.210163
v -0.156482 -0.93035698 -0.135363
v -0.150398 -0.93995398 -0.121918
v -0.17484701 -0.93182099 -0.106036
v -0.17633601 -0.931014 -0.003452
v -0.185082 -0.92419499 0.005454
v -0.177481 -0.942393 0.004543
v -0.17600501 -0.92972302 0.016404
v -0.177481 -0.942393 0.004543
v -0.185082 -0.92419499 0.005454
v -0.18516999 -0.92360097 -0.23231401
v -0.178864 -0.92739397 -0.23589499
v -0.170689 -0.92995203 -0.14854699
v -0.18787 -0.925502 -0.105002
v -0.176374 -0.930282 -0.091835
v -0.17484701 -0.93182099 -0.106036
v -0.178682 -0.92692602 -0.070906
v -0.171517 -0.93207699 -0.070104
v -0.18596999 -0.92890602 -0.055485
v -0.17986099 -0.93106598 -0.021015
v -0.186966 -0.92486602 0.043156
v -0.17633601 -0.93069702 0.046404
v -0.17633601 -0.93069702 0.046404
v -0.178864 -0.92739397 -0.23589499
v -0.177044 -0.900778 -0.239048
v -0.18516999 -0.92360097 -0.23231401
v -0.187493 -0.89795297 -0.231848
v -0.183826 -0.927683 0.091506
v -0.18860701 -0.898794 0.091013
v -0.175844 -0.92318398 0.09441
v -0.17604101 -0.90785801 0.096016
v -0.163165 -0.90001798 -0.26995999
v -0.18244401 -0.899593 0.097848
v -0.163165 -0.90001798 -0.26995999
v -0.177044 -0.900778 -0.239048
v -0.19152699 -0.879255 -0.119585
v -0.180813 -0.90740299 -0.13269199
v -0.183212 -0.88869202 -0.112751
v -0.183194 -0.90165699 0.130935
v -0.17378899 -0.860044 -0.102343
v -0.15533599 -0.89422899 -0.08952
v -0.17149299 -0.88674003 -0.044984
v -0.17378899 -0.860044 -0.102343
v -0.16586199 -0.86323202 -0.211106
v -0.169782 -0.846434 -0.178409
v -0.16686 -0.84355301 -0.104025
v -0.18965501 -0.84259701 -0.099228
v -0.17455301 -0.85249102 -0.099634
v -0.172493 -0.83376998 -0.132285
v -0.184708 -0.845505 -0.058949
v -0.18181001 -0.84494197 -0.058949
v -0.184708 -0.84494197 -0.060683
v -0.184708 -0.845505 -0.058949
v -0.18477 -0.844818 -0.058894
v -0.18181001 -0.84494197 -0.058949
v -0.16686 -0.84355301 -0.104025
v -0.184708 -0.84494197 -0.060683
v -0.18181001 -0.84494197 -0.058949
v -0.18477 -0.844818 -0.058894
v -0.160657 -0.83267802 -0.032756
v -0.17323101 -0.81830698 -0.085618
v -0.16686 -0.84355301 -0.104025
v -0.17730799 -0.82198298 -0.182776
v -0.17730799 -0.82198298 -0.182776
v -0.176284 -0.81065899 -0.187583
v -0.17240299 -0.81089002 -0.064022
v -0.17240299 -0.81089002 -0.064022
v -0.162181 -0.80164099 -0.194912
v -0.18512499 -0.77870601 -0.159834
v -0.122664 -0.51154399 -0.004045
v -0.17029101 -0.24338 -0.07854
v -0.168378 -0.24384999 -0.030494
v -0.179507 -0.242506 -0.01386
v -0.16784 -0.24406201 0.099917
v -0.169457 -0.233973 -0.121934
v -0.182519 -0.19191501 -0.155247
v -0.175624 -0.19179299 -0.036629
v -0.175947 -0.19230799 -0.12184
v -0.175529 -0.191824 0.032808
v -0.17571899 -0.192012 0.089731
v -0.191856 0.80657202 -0.170292
v -0.164952 0.82181001 -0.170863
v -0.18193799 0.805848 -0.154144
v -0.169383 0.81608802 -0.14494801
v -0.179864 0.83359301 -0.107202
v -0.17261399 0.85029697 -0.109856
v -0.15391999 -0.99752599 0.046355
v -0.058983 -0.99734497 0.32873499
v -0.17277899 -0.98683703 -0.239023
v -0.157103 -0.98895103 -0.23932099
v 0.101973 -0.99029398 0.373348
v -0.156858 -0.96173 0.056825
v -0.156858 -0.96173 0.056825
v -0.15446299 -0.96186399 -0.231304
v -0.15446299 -0.96186399 -0.231304
v -0.176149 -0.939623 -0.035831
v -0.11913 -0.931364 -0.045907
v -0.162035 -0.92316002 0.061139
v -0.182705 -0.91974401 0.058343
v -0.18519901 -0.92681402 0.069803
v -0.183826 -0.927683 0.091506
v -0.144899 -0.90901101 -0.240016
v -0.183411 -0.90873301 -0.168111
v -0.162202 -0.923352 -0.145173
v -0.145882 -0.92335403 0.09581
v -0.156781 -0.91450101 -0.105057
v -0.15893 -0.88785398 -0.216269
v -0.15050501 -0.86544198 -0.079767
v -0.15717199 -0.86030501 -0.07722
v -0.16461401 -0.86165798 -0.027148
v -0.15518799 -0.84593499 -0.20294
v -0.17455301 -0.85249102 -0.099634
v -0.171645 -0.83361697 -0.167724
v -0.162333 -0.84674901 -0.028118
v -0.171645 -0.83361697 -0.167724
v -0.16519099 -0.81773001 -0.149683
v -0.163068 -0.82310802 -0.210995
v -0.15598799 -0.82182997 -0.041482
v -0.16519099 -0.81773001 -0.149683
v -0.160495 -0.79291701 -0.17987899
v -0.160495 -0.79291701 -0.17987899
v -0.118499 -0.499715 0.011544
v -0.122412 -0.484366 0.011725
v -0.165492 -0.24415199 -0.138062
v -0.16601899 -0.235715 -0.011063
v -0.16584 -0.239912 0.03576
v -0.169247 -0.23198099 -0.090527
v -0.164671 -0.23275299 0.051893
v -0.168991 -0.233879 0.089325
v -0.175042 -0.217878 -0.030334
v -0.169264 -0.22613101 -0.02884
v -0.167988 -0.21568701 -0.044791
v -0.167189 -0.21292301 -0.008745
v -0.17466199 -0.20182399 -0.048629
v -0.173526 -0.22295099 -0.063031
v -0.173475 -0.219909 -0.081592
v -0.17394599 -0.205926 -0.007603
v -0.17131899 -0.223846 0.021067
v -0.173124 -0.21538299 0.034584
v -0.175529 -0.191824 0.032808
v -0.172289 -0.22110701 0.091064
v -0.173099 -0.220955 0.049824
v -0.17571899 -0.192012 0.089731
v -0.168726 -0.194442 0.09507
v -0.168993 -0.21614701 0.09478
v -0.172289 -0.22110701 0.091064
v -0.175947 -0.19230799 -0.12184
v -0.17359699 -0.220156 -0.122656
v -0.16905101 -0.21605501 -0.12803601
v -0.16899399 -0.192673 -0.129052
v -0.175624 -0.19179299 -0.036629
v -0.17571899 -0.192012 0.089731
v -0.16899399 -0.192673 -0.129052
v -0.17169499 -0.18859801 0.101039
v -0.18369401 0.83538902 -0.184885
v -0.169383 0.81608802 -0.14494801
v -0.167978 0.81343198 -0.13316999
v -0.165361 0.84845197 -0.165124
v -0.18335401 0.853953 -0.178368
v -0.165361 0.84845197 -0.165124
v -0.16045301 0.85554701 -0.118888
v -0.162746 -0.98461097 -0.235759
v -0.159704 -0.98664802 -0.20338599
v -0.147558 -0.98909801 0.132542
v -0.163785 -0.987836 0.127422
v -0.163535 -0.96952999 -0.234155
v -0.16393 -0.97372198 -0.201158
v -0.159704 -0.98664802 -0.20338599
v -0.159704 -0.98664802 -0.20338599
v -0.136417 -0.95590502 -0.272192
v -0.10111 -0.96160001 -0.13447399
v -0.15197501 -0.95624501 0.131455
v -0.110671 -0.94137698 -0.113731
v -0.14072099 -0.93238401 -0.188776
v -0.110671 -0.94137698 -0.113731
v -0.116871 -0.94264799 0.0057
v -0.135839 -0.93060601 -0.23213799
v -0.140981 -0.92901599 -0.20400301
v -0.160317 -0.92355502 -0.182043
v -0.162202 -0.923352 -0.145173
v -0.12167 -0.93262601 -0.023198
v -0.124393 -0.930287 0.018711
v -0.14362299 -0.93158698 0.056733
v -0.175844 -0.92318398 0.09441
v -0.160317 -0.92355502 -0.182043
v -0.155371 -0.908948 -0.205621
v -0.111418 -0.89974397 -0.241853
v -0.16586199 -0.86323202 -0.211106
v -0.14487401 -0.87104201 -0.059435
v -0.150405 -0.86755502 -0.037645
v -0.15717199 -0.86030501 -0.07722
v -0.17455301 -0.85249102 -0.099634
v -0.162333 -0.84674901 -0.028118
v -0.159619 -0.83285499 -0.215119
v -0.16686 -0.84355301 -0.104025
v -0.155669 -0.83643001 -0.106548
v -0.172493 -0.83376998 -0.132285
v -0.158338 -0.83748001 -0.094103
v -0.155669 -0.83643001 -0.106548
v -0.159619 -0.83285499 -0.215119
v -0.14967699 -0.81586897 -0.128829
v -0.159619 -0.83285499 -0.215119
v -0.161211 -0.820638 -0.145264
v -0.16519099 -0.81773001 -0.149683
v -0.16519099 -0.81773001 -0.149683
v -0.15487701 -0.81499898 -0.1565
v -0.17323101 -0.81830698 -0.085618
v -0.155075 -0.81496 -0.071527
v -0.158338 -0.83748001 -0.094103
v -0.155075 -0.81496 -0.071527
v -0.15487701 -0.81499898 -0.1565
v -0.155075 -0.81496 -0.071527
v -0.118499 -0.499715 0.011544
v -0.119545 -0.49059701 0.013389
v -0.100315 -0.244238 -0.14532299
v -0.085008 -0.240823 -0.154385
v -0.091437 -0.244739 0.113496
v -0.14568 -0.23412 0.087831
v -0.139623 -0.22599401 -0.056384
v -0.173526 -0.22295099 -0.063031
v -0.167988 -0.21568701 -0.044791
v -0.169264 -0.22613101 -0.02884
v -0.14426599 -0.224034 -0.036484
v -0.167189 -0.21292301 -0.008745
v -0.17131899 -0.223846 0.021067
v -0.147516 -0.224299 0.0179
v -0.173124 -0.21538299 0.034584
v -0.148257 -0.216482 0.036601
v -0.173099 -0.220955 0.049824
v -0.16905101 -0.21605501 -0.12803601
v -0.115575 -0.214791 -0.128591
v -0.16899399 -0.192673 -0.129052
v -0.165968 0.81827903 -0.14338499
v -0.167978 0.81343198 -0.13316999
v -0.16026799 0.83589202 -0.14699499
v -0.15743101 0.82836998 -0.14326499
v -0.16304 0.84651202 -0.144088
v -0.16026799 0.83589202 -0.14699499
v -0.15472201 -0.98750103 0.117992
v -0.162746 -0.98461097 -0.235759
v -0.15579601 -0.96978498 0.118283
v -0.157304 -0.98758101 0.06395
v -0.157681 -0.97414201 0.063289
v -0.15472201 -0.98750103 0.117992
v -0.159851 -0.96946502 0.124242
v -0.163785 -0.987836 0.127422
v -0.15446299 -0.96186399 -0.231304
v -0.156021 -0.96176398 -0.19407
v -0.156858 -0.96173 0.056825
v -0.144593 -0.96190298 0.088672
v -0.15197501 -0.95624501 0.131455
v -0.136417 -0.95590502 -0.272192
v -0.123935 -0.94084001 -0.034768
v -0.13901401 -0.92562997 -0.240862
v -0.160317 -0.92355502 -0.182043
v -0.14072099 -0.93238401 -0.188776
v -0.171268 -0.92979997 -0.179212
v -0.142959 -0.930022 0.09059
v -0.13901401 -0.92562997 -0.240862
v -0.156482 -0.93035698 -0.135363
v -0.156482 -0.93035698 -0.135363
v -0.111418 -0.89974397 -0.241853
v -0.15163 -0.87011403 -0.222094
v -0.14276899 -0.88326597 -0.078042
v -0.141781 -0.85212898 -0.21885
v -0.15163 -0.87011403 -0.222094
v -0.14157601 -0.85372102 -0.071135
v -0.151237 -0.84376502 -0.03139
v -0.151237 -0.84376502 -0.03139
v -0.14294 -0.81110102 -0.22267701
v -0.15487701 -0.81499898 -0.1565
v -0.14854699 -0.797813 -0.17454199
v -0.13845301 -0.23335201 -0.121862
v -0.13563401 -0.23309299 -0.090597
v -0.100343 -0.244285 -0.076094
v -0.085008 -0.240823 -0.154385
v -0.097324 -0.23134001 -0.155604
v -0.173475 -0.219909 -0.081592
v -0.132396 -0.22190601 -0.076476
v -0.11749 -0.200781 -0.155711
v -0.17359699 -0.220156 -0.122656
v -0.12878899 -0.221221 -0.121771
v -0.16905101 -0.21605501 -0.12803601
v -0.14445201 -0.213534 -0.019462
v -0.172289 -0.22110701 0.091064
v -0.131229 -0.220621 0.062933
v -0.14180601 -0.212819 -0.00196
v -0.190678 -0.239617 0.122774
v -0.035511 -0.200993 0.122595
v -0.190577 -0.193618 0.122803
v -0.064205 -0.192678 0.121542
v -0.073523 -0.191378 -0.154415
v -0.064205 -0.192678 0.121542
v -0.091585 0.82885998 -0.013232
v -0.091585 0.82885998 -0.013232
v -0.136288 0.837053 -0.061435
v -0.144825 0.84584498 -0.075836
v -0.115208 0.85396999 -0.083898
v -0.16045301 0.85554701 -0.118888
v -0.063302 -0.989187 -0.26821101
v -0.063276 -0.98934698 -0.106912
v -0.114526 -0.93155497 -0.003405
v -0.116871 -0.94264799 0.0057
v -0.13274799 -0.923922 -0.19947401
v -0.14072099 -0.93238401 -0.188776
v -0.13 -0.93150002 -0.119898
v -0.12994599 -0.930067 -0.097872
v -0.142959 -0.930022 0.09059
v -0.12527999 -0.894526 -0.230593
v -0.172241 -0.89170098 -0.060641
v -0.14487401 -0.87104201 -0.059435
v -0.14157601 -0.85372102 -0.071135
v -0.141166 -0.85325903 -0.043985
v -0.13593499 -0.84357899 -0.245232
v -0.141781 -0.85212898 -0.21885
v -0.159619 -0.83285499 -0.215119
v -0.14427701 -0.84422201 -0.084204
v -0.155669 -0.83643001 -0.106548
v -0.128249 -0.82558399 -0.248234
v -0.13593499 -0.84357899 -0.245232
v -0.15598799 -0.82182997 -0.041482
v -0.139293 -0.84298098 -0.060894
v -0.141166 -0.85325903 -0.043985
v -0.151237 -0.84376502 -0.03139
v -0.125588 -0.81612003 -0.115639
v -0.14047401 -0.81287599 -0.168099
v -0.162181 -0.80164099 -0.194912
v -0.13019601 -0.80788797 -0.206981
v -0.14294 -0.81110102 -0.22267701
v -0.160495 -0.79291701 -0.17987899
v -0.13019601 -0.80788797 -0.206981
v -0.118837 -0.50718999 -0.01978
v -0.121995 -0.47337899 -0.011982
v -0.116749 -0.24469499 -0.022503
v -0.127241 -0.24180301 0.034633
v -0.130337 -0.221333 0.089883
v -0.126321 0.85526901 -0.072908
v -0.066798 -0.96101499 -0.047796
v -0.144593 -0.96190298 0.088672
v -0.099199 -0.96259397 0.122024
v -0.15197501 -0.95624501 0.131455
v -0.095114 -0.95625699 0.129999
v -0.136924 -0.92109799 -0.26953101
v -0.13 -0.93150002 -0.119898
v -0.12584201 -0.931135 -0.105827
v -0.108916 -0.93027103 0.056856
v -0.110059 -0.93055701 0.074908
v -0.14851101 -0.90174699 0.129761
v -0.13274799 -0.923922 -0.19947401
v -0.12584201 -0.931135 -0.105827
v -0.132686 -0.93318802 -0.075132
v -0.119717 -0.91595399 -0.27211601
v -0.118611 -0.89834398 -0.082938
v -0.17861301 -0.89672798 0.106888
v -0.14851101 -0.90174699 0.129761
v -0.12718301 -0.85766703 -0.224492
v -0.12527999 -0.894526 -0.230593
v -0.15163 -0.87011403 -0.222094
v -0.137733 -0.88086402 -0.29589
v -0.145854 -0.86636299 -0.28918201
v -0.135519 -0.866099 -0.31006101
v -0.145854 -0.86636299 -0.28918201
v -0.13779999 -0.85457999 -0.30411199
v -0.135519 -0.866099 -0.31006101
v -0.133599 -0.85463101 -0.275554
v -0.145854 -0.86636299 -0.28918201
v -0.129033 -0.87242699 -0.27627099
v -0.14487401 -0.87104201 -0.059435
v -0.14157601 -0.85372102 -0.071135
v -0.13839 -0.84837103 -0.28926301
v -0.133599 -0.85463101 -0.275554
v -0.141781 -0.85212898 -0.21885
v -0.14157601 -0.85372102 -0.071135
v -0.15050501 -0.86544198 -0.079767
v -0.136609 -0.85320902 -0.08284
v -0.12718301 -0.85766703 -0.224492
v -0.136609 -0.85320902 -0.08284
v -0.14047401 -0.81287599 -0.168099
v -0.121962 -0.82015097 -0.193836
v -0.122063 -0.47292799 -0.003966
v -0.122063 -0.47292799 -0.003966
v -0.126831 -0.24054401 -0.12583899
v -0.126265 -0.240795 0.000189
v -0.123256 -0.244325 0.098284
v -0.133003 -0.21285 0.027198
v -0.130337 -0.221333 0.089883
v -0.108805 -0.21588901 0.094596
v -0.105982 -0.192819 -0.129684
v -0.091564 -0.19085801 0.096625
v -0.117983 0.815512 -0.057781
v 0.108512 -0.99744999 0.12500399
v -0.051537 -0.98928797 -0.373514
v -0.095114 -0.95625699 0.129999
v -0.086859 -0.93959999 0.130649
v -0.124329 -0.92577702 -0.106261
v -0.117066 -0.90559602 -0.223105
v -0.145854 -0.86636299 -0.28918201
v -0.137733 -0.88086402 -0.29589
v -0.129033 -0.87242699 -0.27627099
v -0.136609 -0.85320902 -0.08284
v -0.14276899 -0.88326597 -0.078042
v -0.120994 -0.86539501 -0.092435
v -0.15050501 -0.86544198 -0.079767
v -0.121904 -0.85943502 -0.247734
v -0.14427701 -0.84422201 -0.084204
v -0.116634 -0.84178501 -0.089586
v -0.14427701 -0.84422201 -0.084204
v -0.116634 -0.84178501 -0.089586
v -0.128249 -0.82558399 -0.248234
v -0.11076 -0.81068498 -0.15947901
v -0.121962 -0.82015097 -0.193836
v -0.118823 -0.482968 -0.024573
v -0.118823 -0.482968 -0.024573
v -0.129695 -0.23965 0.082305
v -0.11773 -0.223965 -0.059647
v -0.12878899 -0.221221 -0.121771
v -0.123957 -0.212153 -0.044927
v -0.122056 -0.201937 -0.020119
v -0.124073 -0.212621 0.033621
v -0.073523 -0.191378 -0.154415
v 0.031119 -0.18809 0.106299
v -0.091564 -0.19085801 0.096625
v -0.101602 0.840101 -0.087061
v -0.068285 -0.98930198 0.32894701
v -0.058592 -0.96024299 -0.19285201
v -0.115015 -0.93040901 -0.105781
v -0.117602 -0.92953402 -0.20847499
v -0.10484 -0.92969102 -0.122485
v -0.115015 -0.93040901 -0.105781
v -0.13 -0.93150002 -0.119898
v -0.12584201 -0.931135 -0.105827
v -0.13 -0.93150002 -0.119898
v -0.12584201 -0.931135 -0.105827
v -0.124329 -0.92577702 -0.106261
v -0.12994599 -0.930067 -0.097872
v -0.06476 -0.93053102 -0.085488
v -0.112715 -0.92930198 0.090625
v -0.112715 -0.92930198 0.090625
v -0.080175 -0.89608598 -0.26230001
v -0.022553 -0.90031898 0.098669
v -0.118611 -0.89834398 -0.082938
v -0.111033 -0.88755602 -0.079448
v -0.118171 -0.88614202 -0.29194301
v -0.105662 -0.88707298 -0.31417
v -0.109616 -0.84774798 -0.31152999
v -0.109247 -0.85794902 -0.231163
v -0.11303 -0.84323502 -0.29938
v -0.113667 -0.848867 -0.271786
v -0.115644 -0.81914502 -0.236624
v -0.121775 -0.23458301 0.051611
v -0.098455 -0.244339 -0.134442
v -0.115709 -0.23431499 -0.093282
v -0.115419 -0.23294 0.020647
v -0.109591 -0.23842201 0.035298
v -0.12147 -0.233905 0.084897
v -0.113539 -0.222711 0.050961
v -0.107047 -0.22176699 0.090358
v -0.107047 -0.22176699 0.090358
v -0.121575 -0.204647 0.008773
v -0.105982 -0.192819 -0.129684
v -0.106325 0.82045603 -0.085562
v -0.111298 0.81279403 -0.075168
v -0.080532 0.84782201 -0.007863
v 0.108475 -0.99756801 0.36571801
v 0.12676699 -0.99429101 0.37684801
v 0.12676699 -0.99429101 0.37684801
v -0.107135 -0.92649001 -0.030332
v -0.106852 -0.92611301 0.012005
v -0.114526 -0.93155497 -0.003405
v -0.116871 -0.94264799 0.0057
v -0.106852 -0.92611301 0.012005
v -0.115015 -0.93040901 -0.105781
v -0.10484 -0.92969102 -0.122485
v -0.124329 -0.92577702 -0.106261
v -0.12994599 -0.930067 -0.097872
v -0.115015 -0.93040901 -0.105781
v -0.110349 -0.92939901 0.018479
v -0.093174 -0.90751898 0.128232
v -0.081355 -0.90001798 -0.26878601
v -0.081355 -0.90001798 -0.26878601
v -0.058741 -0.89466 -0.247421
v -0.105662 -0.88707298 -0.31417
v -0.105837 -0.86360902 -0.225247
v -0.112176 -0.87691599 -0.28051901
v -0.099114 -0.86775702 -0.0831
v -0.096156 -0.86152399 -0.32885399
v -0.129033 -0.87242699 -0.27627099
v -0.112176 -0.87691599 -0.28051901
v -0.133599 -0.85463101 -0.275554
v -0.109354 -0.86605299 -0.26981899
v -0.133599 -0.85463101 -0.275554
v -0.109354 -0.86605299 -0.26981899
v -0.109247 -0.85794902 -0.231163
v -0.113667 -0.848867 -0.271786
v -0.133599 -0.85463101 -0.275554
v -0.109354 -0.86605299 -0.26981899
v -0.113667 -0.848867 -0.271786
v -0.110007 -0.84940398 -0.278916
v -0.108656 -0.83336198 -0.21599101
v -0.105327 -0.52170998 -0.011326
v -0.104453 -0.51981598 0.00147
v -0.105853 -0.49408799 -0.033299
v -0.118837 -0.50718999 -0.01978
v -0.10437 -0.47147 0.010831
v -0.104339 -0.47007701 -0.025396
v -0.102909 -0.46444899 -0.000209
v -0.102909 -0.46444899 -0.000209
v -0.099989 -0.25472501 -0.001068
v -0.10591 -0.23514 0.088205
v -0.106783 -0.233886 0.049337
v -0.113915 -0.222175 -0.121835
v -0.113915 -0.222175 -0.121835
v -0.106064 -0.215101 -0.045353
v -0.11469 -0.20990799 0.010003
v -0.110405 -0.222928 0.028104
v -0.114008 -0.20834801 -0.011982
v -0.104929 -0.211005 -0.020302
v -0.111298 0.81279403 -0.075168
v -0.090071 0.82918203 -0.074919
v 0.022341 -0.989048 -0.210627
v -0.047735 -0.98916399 0.115611
v -0.10484 -0.92969102 -0.122485
v -0.105349 -0.92503202 -0.195787
v -0.099501 -0.92933798 -0.19757
v -0.097653 -0.93487 0.074612
v -0.053181 -0.92379802 0.096318
v -0.117066 -0.90559602 -0.223105
v -0.105349 -0.92503202 -0.195787
v -0.13274799 -0.923922 -0.19947401
v -0.124329 -0.92577702 -0.106261
v -0.10484 -0.92969102 -0.122485
v -0.08075 -0.90563101 -0.103038
v -0.105932 -0.90891099 -0.011615
v -0.107135 -0.92649001 -0.030332
v -0.118611 -0.89834398 -0.082938
v -0.098593 -0.90704203 0.013068
v -0.048004 -0.91169 -0.27224499
v -0.09324 -0.88681298 -0.221854
v -0.099006 -0.89485699 -0.29427099
v -0.102095 -0.86619002 -0.248794
v -0.099656 -0.839019 -0.27589399
v -0.099656 -0.839019 -0.27589399
v -0.09505 -0.83219701 -0.259435
v -0.09505 -0.83219701 -0.259435
v -0.115644 -0.81914502 -0.236624
v -0.092664 -0.83416599 -0.246061
v -0.108656 -0.83336198 -0.21599101
v -0.087655 -0.825028 -0.196448
v -0.094114 -0.82236898 -0.185285
v -0.098767 -0.51186198 -0.030223
v -0.092931 -0.51275599 0.023661
v -0.098767 -0.51186198 -0.030223
v -0.107288 -0.48974499 0.020122
v -0.104339 -0.47007701 -0.025396
v -0.092809 -0.24596301 -0.048322
v -0.100337 -0.249384 0.025892
v -0.105507 -0.218501 -0.121941
v -0.100912 -0.20965201 -0.127033
v -0.106539 -0.22013301 -0.061376
v -0.105507 -0.218501 -0.121941
v -0.101407 -0.210583 0.019394
v -0.105726 -0.20900001 -0.008033
v -0.096731 -0.20785201 0.094845
v -0.075769 -0.188253 -0.13754
v -0.10986 0.61466599 0.002473
v -0.106807 0.60094398 -0.022285
v -0.097288 0.58722001 0.005337
v -0.107162 0.62913501 -0.020554
v -0.107788 0.62781501 0.004992
v -0.100058 0.59991801 0.010636
v -0.098816 0.64364499 0.005909
v -0.070422 0.81239402 -0.022169
v -0.079928 0.818367 -0.009211
v -0.101602 0.840101 -0.087061
v -0.083008 0.83714497 -0.00319
v -0.074232 0.854011 -0.01494
v -0.126321 0.85526901 -0.072908
v -0.098249 -0.931431 -0.15326799
v -0.098249 -0.93140101 -0.154118
v -0.098941 -0.93140101 -0.15326799
v -0.098249 -0.931431 -0.15326799
v -0.098941 -0.93140101 -0.15326799
v -0.098178 -0.93139797 -0.153255
v -0.046578 -0.930233 0.089969
v -0.046578 -0.930233 0.089969
v -0.105392 -0.93456101 -0.19123501
v -0.098941 -0.93140101 -0.15326799
v -0.098249 -0.93140101 -0.154118
v -0.098178 -0.93139797 -0.153255
v -0.077129 -0.92455101 0.0372
v -0.0787 -0.93181998 0.045418
v -0.091425 -0.90600199 -0.037743
v -0.089955 -0.90147698 -0.004297
v -0.091425 -0.90600199 -0.037743
v -0.105932 -0.90891099 -0.011615
v -0.098593 -0.90704203 0.013068
v -0.090597 -0.88665003 -0.269793
v -0.084011 -0.88203001 -0.32686901
v -0.096156 -0.86152399 -0.32885399
v -0.105479 -0.84350801 -0.219864
v -0.079568 -0.84105301 -0.113397
v -0.077086 -0.83362699 -0.300899
v -0.09289 -0.83637899 -0.28288001
v -0.105479 -0.84350801 -0.219864
v -0.093405 -0.84442902 -0.23669399
v -0.108656 -0.83336198 -0.21599101
v -0.087655 -0.825028 -0.196448
v -0.105479 -0.84350801 -0.219864
v -0.079568 -0.84105301 -0.113397
v -0.089256 -0.82255101 -0.129039
v -0.105327 -0.52170998 -0.011326
v -0.090174 -0.544765 -0.035016
v -0.102541 -0.55475003 -0.007643
v -0.104453 -0.51981598 0.00147
v -0.102541 -0.55475003 -0.007643
v -0.092894 -0.55458498 0.017741
v -0.105327 -0.52170998 -0.011326
v -0.092931 -0.51275599 0.023661
v -0.091712 -0.490679 0.018923
v -0.092116 -0.494023 -0.033031
v -0.078703 -0.25613499 -0.036446
v -0.094424 -0.254697 0.006688
v -0.095368 -0.24422701 0.046899
v -0.094378 -0.244266 0.087057
v -0.016017 -0.239421 0.12282
v -0.098316 -0.212853 -0.120786
v -0.100912 -0.20965201 -0.127033
v -0.089955 -0.217796 0.065409
v -0.093949 -0.21467701 0.089542
v -0.097784 -0.212441 -0.04854
v -0.071347 -0.20633601 0.030469
v -0.093949 -0.21467701 0.089542
v -0.104929 -0.211005 -0.020302
v -0.105726 -0.20900001 -0.008033
v -0.099068 -0.19991 -0.015758
v -0.099055 -0.20023599 0.006527
v -0.099055 -0.20023599 0.006527
v -0.09381 -0.152897 -0.024292
v -0.097675 -0.152235 0.007363
v -0.106149 0.037654 0.010404
v -0.103957 0.043065 -0.010314
v -0.102805 0.005703 -0.011257
v -0.079363 0.021012 0.033244
v -0.08926 0.04903 0.033765
v -0.104936 0.070036 -0.009592
v -0.091249 0.048353 -0.032279
v -0.097662 0.056276 0.033919
v -0.103294 0.064422 0.012187
v -0.101751 0.089147 -0.012367
v -0.089654 0.089269 -0.031906
v -0.097062 0.089217 0.002884
v -0.095787 0.12888201 0.010021
v -0.104 0.157251 0.003673
v -0.100449 0.12889799 -0.016746
v -0.097535 0.16673601 -0.02106
v -0.099987 0.164451 0.013986
v -0.104 0.157251 0.003673
v -0.095787 0.12888201 0.010021
v -0.105048 0.175602 0.004314
v -0.105048 0.175602 0.004314
v -0.100657 0.192706 0.013165
v -0.099884 0.181896 0.032033
v -0.098422 0.21583299 -0.018665
v -0.081385 0.204633 0.029465
v -0.102939 0.215275 0.003738
v -0.102939 0.215275 0.003738
v -0.098068 0.36468399 0.00693
v -0.1047 0.39354399 -0.019029
v -0.100956 0.36414799 -0.020364
v -0.10681 0.398296 -0.001232
v -0.099623 0.39161399 0.019088
v -0.099634 0.42954499 0.007885
v -0.100677 0.43241799 -0.014432
v -0.089426 0.578861 0.001082
v -0.090638 0.61250699 0.017634
v -0.094798 0.63945502 0.011557
v -0.106807 0.60094398 -0.022285
v -0.107162 0.62913501 -0.020554
v -0.089115 0.62053603 -0.030734
v -0.095743 0.64013797 -0.024909
v -0.093569 0.64991099 -0.019336
v -0.093569 0.64991099 -0.019336
v -0.068592 0.84315997 -0.047276
v 2.1E-05 -0.96123701 -0.17997099
v -0.091557 -0.94280499 -0.19212
v -0.098249 -0.93140101 -0.154118
v -0.079536 -0.94186097 -0.114803
v -0.074009 -0.931077 0.07305
v -0.105392 -0.93456101 -0.19123501
v -0.079562 -0.92377698 -0.171321
v -0.082301 -0.93089098 -0.058005
v -0.082461 -0.92523998 -0.049835
v -0.082301 -0.93089098 -0.058005
v -0.107135 -0.92649001 -0.030332
v -0.0815 -0.90896302 -0.19978601
v -0.072888 -0.90624499 0.033838
v -0.077129 -0.92455101 0.0372
v -0.038434 -0.91220498 0.096121
v -0.084311 -0.90059298 -0.017639
v -0.050379 -0.89894497 0.122989
v -0.062718 -0.89437801 -0.261428
v -0.111033 -0.88755602 -0.079448
v -0.050379 -0.89894497 0.122989
v -0.076863 -0.85787898 -0.210685
v -0.102095 -0.86619002 -0.248794
v -0.090597 -0.88665003 -0.269793
v -0.079195 -0.861853 -0.253912
v -0.102095 -0.86619002 -0.248794
v -0.079195 -0.861853 -0.253912
v -0.093405 -0.84442902 -0.23669399
v -0.109247 -0.85794902 -0.231163
v -0.105479 -0.84350801 -0.219864
v -0.08804 -0.83070302 -0.26456401
v -0.082204 -0.55445403 -0.038459
v -0.090709 -0.56111097 -0.004177
v -0.102541 -0.55475003 -0.007643
v -0.092894 -0.55458498 0.017741
v -0.090174 -0.544765 -0.035016
v -0.092931 -0.51275599 0.023661
v -0.069809 -0.52283603 -0.047222
v -0.104339 -0.47007701 -0.025396
v -0.090805 -0.472918 -0.009818
v -0.092116 -0.494023 -0.033031
v -0.089422 -0.48144099 0.004505
v -0.090805 -0.472918 -0.009818
v -0.090805 -0.472918 -0.009818
v -0.08591 -0.27925199 -0.004035
v -0.094134 -0.26513901 -0.012775
v -0.085438 -0.27927801 -0.011829
v -0.090045 -0.266074 0.008822
v -0.094424 -0.254697 0.006688
v -0.099989 -0.25472501 -0.001068
v -0.080811 -0.21796 0.045202
v -0.065762 -0.21220601 -0.122279
v -0.088979 -0.20827401 -0.031921
v -0.088979 -0.20827401 -0.031921
v 0.0507 -0.188071 0.113917
v -0.086922 -0.00324 -0.01418
v -0.088837 0.003198 0.014188
v -0.08009 0.009374 -0.040576
v -0.087147 0.070547 0.026797
v -0.080455 0.096552 -0.02699
v -0.08702 0.098392 -0.004958
v -0.083709 0.093738 0.016775
v -0.083352 0.128985 -0.035928
v -0.088542 0.122077 -0.012508
v -0.100449 0.12889799 -0.016746
v -0.095787 0.12888201 0.010021
v -0.079597 0.171206 -0.040814
v -0.084183 0.153045 0.025355
v -0.082645 0.226068 -0.019877
v -0.088977 0.224041 0.003948
v -0.100956 0.36414799 -0.020364
v -0.09074 0.367028 -0.036182
v -0.088028 0.35905501 -0.017401
v -0.098068 0.36468399 0.00693
v -0.084313 0.35879499 0.007562
v -0.084594 0.36695799 0.023313
v -0.09074 0.367028 -0.036182
v -0.084594 0.36695799 0.023313
v -0.094648 0.39418501 0.033917
v -0.082336 0.42819601 0.025391
v -0.087864 0.43002701 -0.036095
v -0.083816 0.441338 -0.018941
v -0.090396 0.436483 0.002843
v -0.084774 0.43663201 0.015317
v -0.084518 0.58088201 -0.023735
v -0.089426 0.578861 0.001082
v -0.106807 0.60094398 -0.022285
v -0.085627 0.59812403 -0.033889
v -0.08431 0.59559202 0.01567
v -0.084682 0.60393697 -0.06132
v -0.092101 0.622127 -0.055053
v -0.091127 0.63477802 -0.083271
v -0.08613 0.63121599 0.013561
v -0.090622 0.712246 -0.076523
v -0.084658 0.645823 -0.058568
v -0.098816 0.64364499 0.005909
v -0.080053 0.65749103 0.004854
v -0.093569 0.64991099 -0.019336
v -0.092999 0.69022101 -0.085692
v -0.08819 0.687401 0.090728
v -0.090607 0.73064601 0.075029
v -0.090786 0.66382903 0.075094
v -0.094487 0.77751303 -0.095755
v -0.090233 0.71219802 -0.102539
v -0.087694 0.86820197 0.090054
v -0.092963 0.79027402 -0.1122
v -0.09085 0.84282899 0.074188
v -0.087189 0.67429602 0.066867
v -0.088334 0.84918302 0.066658
v -0.090451 0.88292903 0.081729
v -0.090792 0.82547498 -0.089762
v -0.084593 0.76790398 -0.075213
v -0.057471 0.81979603 -0.028793
v -0.096579 0.85216898 -0.110014
v -0.076129 0.85284603 -0.041368
v -0.091775 0.88833702 -0.117451
v -0.090964 0.853625 -0.126536
v -0.094201 0.88001901 -0.101072
v -0.084782 0.86048901 -0.089549
v -0.091253 0.89274901 0.067397
v -0.092109 0.90990102 -0.096107
v -0.088496 0.891357 -0.083644
v -0.091685 0.92713702 -0.049305
v -0.088514 0.92585599 0.065468
v -0.089096 0.92667902 0.01517
v -0.092051 0.94024003 0.030323
v -0.092162 0.95251799 -0.011838
v -0.085648 0.94290698 -0.069676
v -0.080976 0.95823503 0.033644
v -0.091815 0.973764 -0.017352
v -0.088803 0.96795899 0.007957
v -0.082976 0.98799998 -0.014872
v -0.074249 -0.953233 0.132735
v -0.087033 -0.93713897 0.33540201
v -0.088222 -0.94987202 0.32666001
v -0.072596 -0.96975303 0.32754701
v -0.098462 -0.934443 -0.16124
v -0.084506 -0.93150598 -0.15577599
v -0.078791 -0.93960601 -0.161331
v -0.105392 -0.93456101 -0.19123501
v -0.078438 -0.93087202 -0.181878
v -0.091557 -0.94280499 -0.19212
v -0.074518 -0.93113798 -0.16828801
v -0.078642 -0.93065798 -0.129254
v -0.079536 -0.94186097 -0.114803
v -0.067211 -0.93297702 -0.074516
v -0.074249 -0.953233 0.132735
v -0.065302 -0.92647803 -0.24139699
v -0.046141 -0.92995298 -0.201397
v -0.079562 -0.92377698 -0.171321
v -0.098462 -0.934443 -0.16124
v -0.074518 -0.93113798 -0.16828801
v -0.084506 -0.93150598 -0.15577599
v -0.081965 -0.923392 -0.137667
v -0.075271 -0.92979997 0.310022
v -0.088222 -0.94987202 0.32666001
v -0.0816 -0.91654998 0.32274401
v -0.087033 -0.93713897 0.33540201
v -0.065302 -0.92647803 -0.24139699
v -0.081965 -0.923392 -0.137667
v -0.075753 -0.91544801 0.338604
v -0.06425 -0.90186399 -0.035088
v -0.062608 -0.90015799 0.020575
v -0.072888 -0.90624499 0.033838
v -0.059803 -0.90266502 -0.30639601
v -0.062221 -0.89960998 -0.28786999
v -0.086435 -0.89213598 -0.004072
v -0.084311 -0.90059298 -0.017639
v -0.089955 -0.90147698 -0.004297
v -0.078462 -0.89077699 0.010435
v -0.086435 -0.89213598 -0.004072
v -0.089955 -0.90147698 -0.004297
v -0.049658 -0.89711303 0.107513
v -0.022553 -0.90031898 0.098669
v -0.059803 -0.90266502 -0.30639601
v -0.058371 -0.875817 -0.115225
v -0.083386 -0.842839 0.004884
v -0.084011 -0.88203001 -0.32686901
v -0.096156 -0.86152399 -0.32885399
v -0.074103 -0.87041801 -0.33042601
v -0.086001 -0.83520502 -0.011828
v -0.064874 -0.841919 -0.32263201
v -0.081088 -0.83996201 -0.251928
v -0.079195 -0.861853 -0.253912
v -0.064874 -0.841919 -0.32263201
v -0.080472 -0.849895 -0.19367599
v -0.0726 -0.891047 -0.028263
v -0.075981 -0.81870502 -0.28628299
v -0.08804 -0.83070302 -0.26456401
v -0.078781 -0.83365798 -0.179392
v -0.084521 -0.75468302 -0.017166
v -0.086317 -0.69952399 -0.003924
v -0.08348 -0.700876 0.005084
v -0.086317 -0.69952399 -0.003924
v -0.085888 -0.69629401 -0.011801
v -0.074637 -0.70577502 -0.026948
v -0.084518 -0.65387303 -0.01695
v -0.086671 -0.57149601 -0.004004
v -0.086671 -0.57149601 -0.004004
v -0.083758 -0.56986398 0.004855
v -0.074458 -0.56192797 -0.02701
v -0.084923 -0.57085001 -0.016247
v -0.090709 -0.56111097 -0.004177
v -0.090709 -0.56111097 -0.004177
v -0.074458 -0.56192797 -0.02701
v -0.065971 -0.53430498 0.034446
v -0.073406 -0.490926 -0.042974
v -0.076963 -0.483325 -0.028832
v -0.073406 -0.490926 -0.042974
v -0.091712 -0.490679 0.018923
v -0.065636 -0.48287699 0.020397
v -0.089422 -0.48144099 0.004505
v -0.084045 -0.47421899 -0.018462
v -0.076963 -0.483325 -0.028832
v -0.090805 -0.472918 -0.009818
v -0.08587 -0.462953 -0.011745
v -0.086359 -0.462888 -0.003705
v -0.089422 -0.48144099 0.004505
v -0.083711 -0.46470401 0.005016
v -0.082564 -0.279652 0.005278
v -0.078703 -0.25613499 -0.036446
v -0.080757 -0.279998 -0.020936
v -0.094424 -0.254697 0.006688
v -0.090045 -0.266074 0.008822
v -0.071983 -0.25433099 0.026662
v -0.071983 -0.25433099 0.026662
v -0.055885 -0.21456499 0.090621
v -0.055885 -0.21456499 0.090621
v -0.016017 -0.239421 0.12282
v -0.097675 -0.152235 0.007363
v -0.099055 -0.20023599 0.006527
v -0.071347 -0.20633601 0.030469
v -0.072454 -0.20663001 -0.042106
v -0.071589 -0.15365601 -0.042616
v -0.073295 -0.152826 0.028054
v -0.082611 -0.142124 -0.019184
v -0.086486 -0.139649 -0.004577
v -0.083872 -0.14206199 0.004357
v -0.083872 -0.14206199 0.004357
v -0.085709 -0.138153 -0.011654
v -0.086001 -0.011231 -0.003933
v -0.082213 -0.004627 0.006326
v -0.083819 -0.01202 -0.01701
v -0.086922 -0.00324 -0.01418
v -0.082213 -0.004627 0.006326
v -0.076433 0.051524 -0.042144
v -0.08009 0.009374 -0.040576
v -0.091249 0.048353 -0.032279
v -0.089654 0.089269 -0.031906
v -0.097662 0.056276 0.033919
v -0.08926 0.04903 0.033765
v -0.087147 0.070547 0.026797
v -0.080451 0.120914 0.011002
v -0.088542 0.122077 -0.012508
v -0.080451 0.120914 0.011002
v -0.077164 0.12928399 0.024892
v -0.083352 0.128985 -0.035928
v -0.077164 0.12928399 0.024892
v -0.084183 0.153045 0.025355
v -0.099987 0.164451 0.013986
v -0.095787 0.12888201 0.010021
v -0.068132 0.171463 0.040387
v -0.078016 0.213572 -0.040981
v -0.088977 0.224041 0.003948
v -0.085916 0.232979 -0.011885
v -0.086578 0.232583 -0.003864
v -0.077718 0.23669399 0.012416
v -0.083561 0.34952301 0.004486
v -0.086302 0.35004401 -0.004063
v -0.083775 0.348737 -0.017901
v -0.088028 0.35905501 -0.017401
v -0.084313 0.35879499 0.007562
v -0.069254 0.358385 -0.032005
v -0.079679 0.404796 0.034257
v -0.071865 0.430291 -0.043534
v -0.087028 0.443809 -0.007475
v -0.083368 0.44383901 0.004608
v -0.074697 0.48062399 -0.026957
v -0.083816 0.441338 -0.018941
v -0.087028 0.443809 -0.007475
v -0.082927 0.569673 -0.02018
v -0.08707 0.57036197 -0.008424
v -0.08707 0.57036197 -0.008424
v -0.083487 0.57027602 0.005169
v -0.073269 0.57683301 -0.028184
v -0.089426 0.578861 0.001082
v -0.084518 0.58088201 -0.023735
v -0.089426 0.578861 0.001082
v -0.085627 0.59812403 -0.033889
v -0.085627 0.59812403 -0.033889
v -0.086508 0.60640901 0.041887
v -0.089115 0.62053603 -0.030734
v -0.090479 0.62396598 0.04361
v -0.085804 0.62973398 0.076551
v -0.076959 0.64115798 -0.027996
v -0.083801 0.64870799 -0.098928
v -0.077775 0.62751001 -0.095379
v -0.091127 0.63477802 -0.083271
v -0.0789 0.63339102 0.020973
v -0.070502 0.65909898 -0.024098
v -0.082205 0.66658401 0.060227
v -0.094798 0.63945502 0.011557
v -0.083801 0.64870799 -0.098928
v -0.083755 0.66964799 0.097398
v -0.083004 0.69950199 -0.109335
v -0.084658 0.645823 -0.058568
v -0.083981 0.69195598 -0.065906
v -0.090622 0.712246 -0.076523
v -0.084593 0.76790398 -0.075213
v -0.074507 0.682087 0.103932
v -0.08245 0.77090597 -0.120807
v -0.084782 0.86048901 -0.089549
v -0.090792 0.82547498 -0.089762
v -0.074417 0.82778901 0.01463
v -0.083899 0.85996997 -0.13390701
v -0.08245 0.77090597 -0.120807
v -0.090964 0.853625 -0.126536
v -0.083899 0.85996997 -0.13390701
v -0.078801 0.87861902 0.055166
v -0.091775 0.88833702 -0.117451
v -0.07604 0.90089899 -0.124954
v -0.069711 0.89105701 0.042943
v -0.088805 0.90594298 0.081411
v -0.082375 0.88634199 0.096188
v -0.07604 0.90089899 -0.124954
v -0.083119 0.93017602 -0.024907
v -0.083119 0.93017602 -0.024907
v -0.072557 0.92949301 -0.010859
v -0.092162 0.95251799 -0.011838
v -0.072557 0.92949301 -0.010859
v -0.089096 0.92667902 0.01517
v -0.092162 0.95251799 -0.011838
v -0.052369 -0.963871 0.124432
v -0.068849 -0.95866197 0.34161201
v -0.075501 -0.93896902 0.13817701
v -0.074242 -0.94690698 0.18972801
v -0.076885 -0.93447101 0.200532
v -0.075615 -0.94475102 0.29425201
v -0.069547 -0.95188701 0.30909601
v -0.028658 -0.93213099 -0.23044699
v -0.075501 -0.93896902 0.13817701
v -0.075792 -0.92640901 0.295055
v -0.075753 -0.91544801 0.338604
v -0.079562 -0.92377698 -0.171321
v -0.074518 -0.93113798 -0.16828801
v -0.078438 -0.93087202 -0.181878
v -0.084506 -0.93150598 -0.15577599
v -0.071994 -0.92983198 -0.150305
v -0.084506 -0.93150598 -0.15577599
v -0.079562 -0.92377698 -0.171321
v -0.079562 -0.92377698 -0.171321
v -0.071994 -0.92983198 -0.150305
v -0.063762 -0.922001 -0.054608
v -0.071194 -0.91763699 0.131354
v -0.060938 -0.91017598 -0.15969799
v -0.069194 -0.91415203 0.20148
v -0.071194 -0.91763699 0.131354
v -0.071926 -0.909733 -0.240767
v -0.069164 -0.90433902 0.32272199
v -0.059569 -0.90069097 0.33558601
v -0.050891 -0.88836098 -0.185127
v -0.062608 -0.90015799 0.020575
v -0.08075 -0.90563101 -0.103038
v -0.065938 -0.88151902 -0.198825
v -0.076863 -0.85787898 -0.210685
v -0.067071 -0.86305302 -0.187554
v -0.078781 -0.83365798 -0.179392
v -0.053817 -0.85763901 -0.17052799
v -0.075695 -0.81564403 0.01263
v -0.053817 -0.85763901 -0.17052799
v -0.058446 -0.85126299 -0.140663
v -0.08804 -0.83070302 -0.26456401
v -0.081088 -0.83996201 -0.251928
v -0.064791 -0.80984402 -0.24197499
v -0.06206 -0.78770697 -0.263253
v -0.075996 -0.67571098 0.013048
v -0.075943 -0.562388 0.013355
v -0.075943 -0.562388 0.013355
v -0.082204 -0.55445403 -0.038459
v -0.06746 -0.490518 0.02971
v -0.074461 -0.475005 -0.026505
v -0.065636 -0.48287699 0.020397
v -0.071105 -0.47519401 0.014802
v -0.089422 -0.48144099 0.004505
v -0.083711 -0.46470401 0.005016
v -0.075346 -0.38910601 0.012276
v -0.074977 -0.35176301 -0.025677
v -0.082564 -0.279652 0.005278
v -0.071695 -0.278777 0.014247
v -0.066762 -0.36198199 0.015378
v -0.06112 -0.242918 -0.087575
v -0.065762 -0.21220601 -0.122279
v -0.062961 -0.20759299 -0.127766
v -0.064979 -0.212395 -0.05273
v -0.072454 -0.20663001 -0.042106
v -0.059083 -0.14460599 -0.03244
v -0.075387 -0.14110801 0.01309
v -0.071655 -0.138179 -0.028378
v -0.082213 -0.004627 0.006326
v -0.069971 -0.003515 -0.028625
v -0.069971 -0.003515 -0.028625
v -0.068678 -0.002904 0.015625
v -0.063662 0.081734 0.034644
v -0.058767 0.050237 0.044205
v -0.074001 0.088986 -0.040491
v -0.080455 0.096552 -0.02699
v -0.071095 0.120738 -0.028152
v -0.071095 0.120738 -0.028152
v -0.06258 0.158003 0.038034
v -0.065442 0.20464601 0.03862
v -0.060307 0.224903 -0.032843
v -0.066859 0.221397 0.01942
v -0.077718 0.23669399 0.012416
v -0.072919 0.349751 -0.027349
v -0.075643 0.35034099 0.012758
v -0.083561 0.34952301 0.004486
v -0.069254 0.358385 -0.032005
v -0.075643 0.35034099 0.012758
v -0.068082 0.35769701 0.016605
v -0.084313 0.35879499 0.007562
v -0.084313 0.35879499 0.007562
v -0.060925 0.36546299 -0.045189
v -0.068082 0.35769701 0.016605
v -0.061319 0.36339399 0.0315
v -0.071865 0.430291 -0.043534
v -0.060925 0.36546299 -0.045189
v -0.09074 0.367028 -0.036182
v -0.053467 0.38172799 0.042779
v -0.062598 0.43066901 0.033028
v -0.082336 0.42819601 0.025391
v -0.07342 0.435956 0.020041
v -0.084774 0.43663201 0.015317
v -0.067188 0.44375899 -0.028803
v -0.075305 0.44362101 0.012567
v -0.075305 0.44362101 0.012567
v -0.083487 0.57027602 0.005169
v -0.083368 0.44383901 0.004608
v -0.075802 0.57649601 0.012538
v -0.089426 0.578861 0.001082
v -0.097288 0.58722001 0.005337
v -0.06603 0.58679098 0.018503
v -0.067529 0.58681601 -0.033224
v -0.084682 0.60393697 -0.06132
v -0.06603 0.58679098 0.018503
v -0.071508 0.60439199 -0.07525
v -0.065655 0.59989899 0.052663
v -0.062019 0.60870802 0.068541
v -0.077775 0.62751001 -0.095379
v -0.083801 0.64870799 -0.098928
v -0.07463 0.64550298 -0.104128
v -0.089115 0.62053603 -0.030734
v -0.066172 0.640818 -0.035584
v -0.076959 0.64115798 -0.027996
v -0.066172 0.640818 -0.035584
v -0.089115 0.62053603 -0.030734
v -0.066632 0.64632499 0.014244
v -0.069275 0.64907998 -0.04882
v -0.0789 0.63339102 0.020973
v -0.082205 0.66658401 0.060227
v -0.071036 0.65456402 0.04455
v -0.070531 0.63810599 0.092751
v -0.066632 0.64632499 0.014244
v -0.065343 0.66828501 0.106125
v -0.074708 0.664662 -0.057074
v -0.070502 0.65909898 -0.024098
v -0.074877 0.73361999 -0.118887
v -0.083004 0.69950199 -0.109335
v -0.066315 0.674905 0.052081
v -0.074914 0.74640298 0.055261
v -0.075126 0.783701 -0.07261
v -0.075736 0.87803298 0.100749
v -0.070067 0.799703 -0.130683
v -0.074914 0.74640298 0.055261
v -0.070422 0.81239402 -0.022169
v -0.064045 0.81066501 0.010174
v -0.074417 0.82778901 0.01463
v -0.068592 0.84315997 -0.047276
v -0.070177 0.85888797 -0.139293
v -0.065684 0.85767502 -0.083093
v -0.068724 0.848566 0.014642
v -0.07766 0.884534 -0.075789
v -0.065359 0.88953602 -0.13208801
v -0.088496 0.891357 -0.083644
v -0.062867 0.88796699 0.102818
v -0.088496 0.891357 -0.083644
v -0.07766 0.884534 -0.075789
v -0.070914 0.92336899 -0.023348
v -0.072054 0.910016 0.093574
v -0.070003 0.93371397 -0.094067
v -0.069711 0.89105701 0.042943
v -0.071144 0.92907798 0.079492
v -0.070481 0.95701802 -0.063118
v 0.14627001 -0.99682599 0.373337
v -0.008936 -0.96176898 -0.208168
v -0.10111 -0.96160001 -0.13447399
v 2.1E-05 -0.96123701 -0.17997099
v 0.039485 -0.96161598 -0.11704
v -0.023564 -0.96143699 0.047628
v -0.053635 -0.96403497 0.14982601
v -0.068138 -0.95578599 0.19679999
v -0.062512 -0.95963597 0.13681
v -0.055147 -0.96365499 0.23537999
v -0.068173 -0.955962 0.293946
v -0.088222 -0.94987202 0.32666001
v -0.069547 -0.95188701 0.30909601
v -0.072596 -0.96975303 0.32754701
v -0.062512 -0.95963597 0.13681
v -0.068138 -0.95578599 0.19679999
v -0.062512 -0.95963597 0.13681
v -0.068173 -0.955962 0.293946
v -0.071994 -0.92983198 -0.150305
v -0.019673 -0.93018597 -0.099778
v -0.019673 -0.93018597 -0.099778
v -0.046901 -0.93328702 0.051749
v -0.079562 -0.92377698 -0.171321
v -0.060938 -0.91017598 -0.15969799
v -0.065182 -0.91233802 0.137228
v -0.068735 -0.91403699 0.29559901
v -0.061954 -0.91122299 0.30971199
v -0.051463 -0.89045298 -0.128995
v -0.045282 -0.90594 -0.0457
v -0.051714 -0.907336 0.129389
v -0.04339 -0.90085799 -0.27249399
v -0.049361 -0.89820099 -0.240265
v -0.04339 -0.90085799 -0.27249399
v -0.058741 -0.89466 -0.247421
v -0.058371 -0.875817 -0.115225
v -0.06425 -0.90186399 -0.035088
v -0.066545 -0.891855 0.015481
v -0.058011 -0.88748199 -0.33476001
v -0.067414 -0.87402701 -0.25143501
v -0.065938 -0.88151902 -0.198825
v -0.059712 -0.86649698 -0.24505199
v -0.059361 -0.83482099 -0.24233399
v -0.055557 -0.815014 -0.295468
v -0.066877 -0.723818 0.015773
v -0.066981 -0.72184497 -0.029784
v -0.066703 -0.57014602 0.015979
v -0.066924 -0.56281102 -0.029402
v -0.058012 -0.56085098 0.016899
v -0.066924 -0.56281102 -0.029402
v -0.06746 -0.490518 0.02971
v -0.091712 -0.490679 0.018923
v -0.05868 -0.48337901 -0.032855
v -0.066953 -0.47534999 -0.029105
v -0.066953 -0.47534999 -0.029105
v -0.066803 -0.27784601 -0.028305
v -0.044647 -0.245524 -0.045844
v -0.051199 -0.251858 0.031487
v -0.033723 -0.244682 0.048034
v -0.072519 -0.192532 -0.12964299
v -0.072519 -0.192532 -0.12964299
v -0.056548 -0.200655 0.029106
v -0.057333 -0.206376 -0.041974
v -0.066829 -0.13823301 0.015781
v -0.068678 -0.002904 0.015625
v -0.049606 0.007893 -0.039984
v -0.069971 -0.003515 -0.028625
v -0.044019 0.08359 -0.039458
v -0.063662 0.081734 0.034644
v -0.053482 0.097887 0.015264
v -0.083709 0.093738 0.016775
v -0.083709 0.093738 0.016775
v -0.063259 0.121427 0.017344
v -0.080451 0.120914 0.011002
v -0.053931 0.128986 -0.038223
v -0.071095 0.120738 -0.028152
v -0.083352 0.128985 -0.035928
v -0.077164 0.12928399 0.024892
v -0.053931 0.128986 -0.038223
v -0.083352 0.128985 -0.035928
v -0.06402 0.142187 -0.041383
v -0.058959 0.14218999 0.029377
v -0.079597 0.171206 -0.040814
v -0.078016 0.213572 -0.040981
v -0.060307 0.224903 -0.032843
v -0.048209 0.216078 -0.040141
v -0.062348 0.233729 -0.029477
v -0.066752 0.233408 0.016669
v -0.061797 0.30758899 0.016486
v -0.068082 0.35769701 0.016605
v -0.04996 0.405325 0.043772
v -0.056042 0.44203201 -0.0287
v -0.05522 0.42920801 -0.043249
v -0.067188 0.44375899 -0.028803
v -0.062598 0.43066901 0.033028
v -0.066822 0.443683 0.015237
v -0.067188 0.44375899 -0.028803
v -0.063767 0.52014297 -0.030156
v -0.067003 0.57852799 0.014938
v -0.067529 0.58681601 -0.033224
v -0.057092 0.62828398 -0.100013
v -0.057092 0.62828398 -0.100013
v -0.066632 0.64632499 0.014244
v -0.0789 0.63339102 0.020973
v -0.058166 0.64042503 0.01812
v -0.06663 0.68169701 -0.112726
v -0.058166 0.64042503 0.01812
v -0.045716 0.65570199 -0.022953
v -0.050909 0.65554798 0.010811
v -0.063344 0.66576302 -0.055775
v -0.060724 0.66203099 0.001992
v -0.057692 0.656793 0.046079
v -0.066906 0.68168497 0.106273
v -0.062235 0.75672698 0.052637
v -0.066585 0.80977201 0.104946
v -0.06211 0.79009902 -0.073046
v -0.050477 0.82903302 -0.030445
v -0.063147 0.86767602 0.051706
v -0.078801 0.87861902 0.055166
v -0.074232 0.854011 -0.01494
v -0.054782 0.869147 -0.085346
v -0.069711 0.89105701 0.042943
v -0.067779 0.98850602 -0.004116
v -0.06579 0.98786801 -0.024841
v -0.082976 0.98799998 -0.014872
v -0.067779 0.98850602 -0.004116
v -0.06579 0.98786801 -0.024841
v -0.046638 -0.97623801 0.335794
v -0.068849 -0.95866197 0.34161201
v -0.058434 -0.96090102 0.31005201
v -0.079536 -0.94186097 -0.114803
v -0.054275 -0.93909699 -0.115882
v -0.078642 -0.93065798 -0.129254
v -0.031508 -0.93194997 -0.11926
v -0.078438 -0.93087202 -0.181878
v -0.034947 -0.93023002 -0.176716
v -0.071994 -0.92983198 -0.150305
v -0.042408 -0.92984599 0.058605
v -0.045302 -0.91091698 0.34166899
v -0.051714 -0.907336 0.129389
v -0.058949 -0.90799397 0.22296099
v -0.059569 -0.90069097 0.33558601
v -0.05104 -0.90552998 0.19109701
v -0.059731 -0.88354498 -0.266471
v -0.053006 -0.88298202 -0.179184
v -0.060938 -0.91017598 -0.15969799
v -0.050891 -0.88836098 -0.185127
v -0.058838 -0.89254498 -0.029727
v -0.058676 -0.89178801 0.015298
v -0.038282 -0.89678001 0.32293701
v -0.059731 -0.88354498 -0.266471
v -0.062718 -0.89437801 -0.261428
v -0.067414 -0.87402701 -0.25143501
v -0.058741 -0.89466 -0.247421
v -0.050688 -0.88232797 -0.188374
v -0.058011 -0.88748199 -0.33476001
v -0.067414 -0.87402701 -0.25143501
v -0.049829 -0.877469 -0.238038
v -0.051627 -0.85986298 -0.31755099
v -0.058446 -0.85126299 -0.140663
v -0.054364 -0.83842701 -0.30343601
v -0.059055 -0.692011 -0.029353
v -0.05903 -0.694327 0.015484
v -0.041464 -0.77545798 -0.276041
v -0.055282 -0.775886 -0.24890999
v -0.055282 -0.775886 -0.24890999
v -0.052627 -0.57892698 0.013848
v -0.054441 -0.56151599 -0.027868
v -0.054441 -0.56151599 -0.027868
v -0.047981 -0.55285197 -0.038053
v -0.048758 -0.55333698 0.026475
v -0.047981 -0.55285197 -0.038053
v -0.048858 -0.49179101 -0.040259
v -0.047948 -0.49179801 0.027016
v -0.047948 -0.49179801 0.027016
v -0.058498 -0.475669 -0.028761
v -0.058998 -0.47539899 0.015152
v -0.059101 -0.27752101 0.015079
v -0.066803 -0.27784601 -0.028305
v -0.058448 -0.27919701 -0.028065
v -0.051411 -0.26560199 -0.032576
v -0.078703 -0.25613499 -0.036446
v -0.051199 -0.251858 0.031487
v -0.028209 -0.24384899 0.088203
v -0.05129 -0.22315 -0.122019
v -0.054448 -0.223739 -0.087133
v -0.037365 -0.223262 0.051857
v -0.045592 -0.21628299 0.039571
v -0.031959 -0.22308899 0.070203
v -0.053762 -0.20746601 0.094681
v -0.053741 -0.15362 0.027696
v -0.052977 -0.14567199 0.016051
v -0.057989 -0.13834 -0.028389
v -0.058795 -0.13811199 0.015235
v -0.059043 -0.004281 0.015308
v -0.059043 -0.004281 0.015308
v -0.052897 0.003124 0.023085
v -0.052095 0.029445 0.044887
v -0.044833 0.090546 -0.036707
v -0.055014 0.097184 -0.028455
v -0.053082 0.121218 -0.02679
v -0.053482 0.097887 0.015264
v -0.071095 0.120738 -0.028152
v -0.053082 0.121218 -0.02679
v -0.053161 0.121131 0.01459
v -0.05516 0.129338 0.024717
v -0.051448 0.173508 -0.043155
v -0.047934 0.19314601 0.046738
v -0.04926 0.21656699 0.032658
v -0.05163 0.22493801 0.017951
v -0.052822 0.233136 0.014225
v -0.062348 0.233729 -0.029477
v -0.072919 0.349751 -0.027349
v -0.055516 0.34934101 -0.027982
v -0.053124 0.355589 0.014137
v -0.069254 0.358385 -0.032005
v -0.061319 0.36339399 0.0315
v -0.058716 0.44377401 0.014712
v -0.056042 0.44203201 -0.0287
v -0.058754 0.57839102 0.014486
v -0.055506 0.58343297 -0.028244
v -0.065655 0.59989899 0.052663
v -0.06603 0.58679098 0.018503
v -0.050127 0.594854 0.032096
v -0.053398 0.60031199 -0.06674
v -0.055049 0.63686198 0.091782
v -0.070531 0.63810599 0.092751
v -0.062019 0.60870802 0.068541
v -0.053279 0.64397103 -0.103089
v -0.045557 0.64559102 -0.05393
v -0.069275 0.64907998 -0.04882
v -0.066172 0.640818 -0.035584
v -0.065343 0.66828501 0.106125
v -0.059579 0.75111598 -0.121813
v -0.066906 0.68168497 0.106273
v -0.055909 0.78824699 0.104696
v -0.066585 0.80977201 0.104946
v -0.052695 0.75418901 -0.071509
v -0.047267 0.806669 -0.008047
v -0.047011 0.81535202 0.013567
v -0.039795 0.83759898 0.016098
v -0.052265 0.85682201 -0.134335
v -0.050579 0.84479201 -0.027846
v -0.039795 0.83759898 0.016098
v -0.050579 0.84479201 -0.027846
v -0.055322 0.85707301 0.007479
v -0.055322 0.85707301 0.007479
v -0.050451 0.85904402 -0.008235
v -0.062867 0.88796699 0.102818
v -0.054782 0.869147 -0.085346
v -0.051812 0.89406103 -0.068261
v -0.065359 0.88953602 -0.13208801
v -0.07604 0.90089899 -0.124954
v -0.052784 0.90356702 -0.117654
v -0.072054 0.910016 0.093574
v -0.062867 0.88796699 0.102818
v -0.052564 0.91110498 0.090829
v -0.053692 0.93304503 -0.01276
v -0.070003 0.93371397 -0.094067
v -0.058771 0.937114 -0.087362
v -0.048108 0.903929 0.034891
v -0.053692 0.93304503 -0.01276
v -0.054832 0.93109798 0.075968
v -0.071144 0.92907798 0.079492
v -0.067779 0.98850602 -0.004116
v -0.070481 0.95701802 -0.063118
v -0.054185 0.97594601 0.00973
v -0.06579 0.98786801 -0.024841
v -0.067779 0.98850602 -0.004116
v -0.054185 0.97594601 0.00973
v -0.050895 0.98649901 -0.015299
v -0.067779 0.98850602 -0.004116
v -0.050895 0.98649901 -0.015299
v 0.004106 -0.98909301 0.33373001
v -0.043609 -0.97636497 0.323643
v 0.039087 -0.95665097 -0.27257901
v -0.028685 -0.93948197 -0.27360299
v -0.038752 -0.93713498 -0.18596201
v -0.039181 -0.93454301 -0.16423801
v -0.037309 -0.93103099 -0.153236
v -0.022782 -0.930502 -0.051555
v -0.022782 -0.930502 -0.051555
v -0.037453 -0.93047702 0.040192
v -0.045979 -0.92454398 0.036032
v -0.024729 -0.92543602 -0.241372
v -0.043846 -0.90390903 -0.235562
v -0.072888 -0.90624499 0.033838
v -0.050729 -0.90582401 0.293901
v -0.04457 -0.88827902 -0.34797901
v -0.050026 -0.901838 -0.333857
v -0.042105 -0.89833802 -0.27742901
v -0.053085 -0.88567501 -0.27577201
v -0.062221 -0.89960998 -0.28786999
v -0.053085 -0.88567501 -0.27577201
v -0.059731 -0.88354498 -0.266471
v -0.050659 -0.892308 -0.156193
v -0.050659 -0.892308 -0.156193
v -0.06425 -0.90186399 -0.035088
v -0.058838 -0.89254498 -0.029727
v -0.042892 -0.89928401 -0.019384
v -0.047129 -0.87280101 -0.257285
v -0.062718 -0.89437801 -0.261428
v -0.059731 -0.88354498 -0.266471
v -0.053164 -0.871014 -0.16659801
v -0.05143 -0.80132198 -0.026713
v -0.059139 -0.87139899 -0.261814
v -0.059731 -0.88354498 -0.266471
v -0.059139 -0.87139899 -0.261814
v -0.047129 -0.87280101 -0.257285
v -0.065938 -0.88151902 -0.198825
v -0.053006 -0.88298202 -0.179184
v -0.050688 -0.88232797 -0.188374
v -0.03609 -0.866606 -0.325425
v -0.059712 -0.86649698 -0.24505199
v -0.047994 -0.868931 -0.25099599
v -0.049829 -0.877469 -0.238038
v -0.047994 -0.868931 -0.25099599
v -0.059712 -0.86649698 -0.24505199
v -0.058371 -0.875817 -0.115225
v -0.051463 -0.89045298 -0.128995
v -0.058446 -0.85126299 -0.140663
v -0.040893 -0.85438198 -0.28223601
v -0.059712 -0.86649698 -0.24505199
v -0.047989 -0.84502 -0.25093901
v -0.047989 -0.84502 -0.25093901
v -0.054364 -0.83842701 -0.30343601
v -0.059055 -0.692011 -0.029353
v -0.035388 -0.80885899 -0.231581
v -0.039027 -0.78119397 -0.22479101
v -0.051484 -0.64314997 -0.026263
v -0.054441 -0.56151599 -0.027868
v -0.048858 -0.49179101 -0.040259
v -0.048408 -0.47502401 -0.023153
v -0.039641 -0.483215 0.003547
v -0.044191 -0.47488001 0.004019
v -0.047813 -0.361904 -0.022584
v -0.048408 -0.47502401 -0.023153
v -0.058498 -0.475669 -0.028761
v -0.048463 -0.35977501 0.009336
v -0.058448 -0.27919701 -0.028065
v -0.047878 -0.27985501 -0.022046
v -0.043404 -0.28244501 0.002693
v -0.051411 -0.26560199 -0.032576
v -0.051411 -0.26560199 -0.032576
v -0.015039 -0.244427 0.113846
v -0.05129 -0.22315 -0.122019
v -0.050119 -0.21659701 -0.128572
v -0.047573 -0.22240201 -0.067847
v -0.042706 -0.20981 -0.04423
v -0.057333 -0.206376 -0.041974
v -0.056548 -0.200655 0.029106
v -0.039368 -0.205942 0.016335
v -0.057333 -0.206376 -0.041974
v -0.071589 -0.15365601 -0.042616
v -0.039889 -0.152336 -0.030961
v -0.059083 -0.14460599 -0.03244
v -0.057989 -0.13834 -0.028389
v -0.051257 -0.138129 -0.025
v -0.049573 -0.13787 0.010212
v -0.058795 -0.13811199 0.015235
v -0.052977 -0.14567199 0.016051
v -0.042696 -0.006212 0.001442
v -0.069971 -0.003515 -0.028625
v -0.048265 -0.003192 -0.022907
v -0.059043 -0.004281 0.015308
v -0.048265 -0.003192 -0.022907
v -0.069971 -0.003515 -0.028625
v -0.049606 0.007893 -0.039984
v -0.049274 0.039847 0.053698
v -0.043936 0.015669 -0.038759
v -0.049217 0.050697 0.052289
v -0.044009 0.061116 0.049197
v -0.035832 0.091272 0.014952
v -0.045453 0.075882 0.031827
v -0.039617 0.20993599 0.038426
v -0.066859 0.221397 0.01942
v -0.04926 0.21656699 0.032658
v -0.05163 0.22493801 0.017951
v -0.05111 0.23593 -0.025498
v -0.04289 0.3563 -0.018405
v -0.04289 0.3563 -0.018405
v -0.053124 0.355589 0.014137
v -0.053467 0.38172799 0.042779
v -0.061319 0.36339399 0.0315
v -0.036022 0.366873 0.035453
v -0.02724 0.392185 -0.032188
v -0.04448 0.44160101 0.005911
v -0.044785 0.46500701 0.004049
v -0.048054 0.443831 -0.022191
v -0.043601 0.57606202 0.00234
v -0.048048 0.57651597 -0.023327
v -0.051178 0.57745898 0.011434
v -0.046859 0.59495401 0.017433
v -0.042053 0.60259199 -0.036246
v -0.050127 0.594854 0.032096
v -0.06603 0.58679098 0.018503
v -0.046859 0.59495401 0.017433
v -0.067529 0.58681601 -0.033224
v -0.053398 0.60031199 -0.06674
v -0.042053 0.60259199 -0.036246
v -0.042702 0.62585503 -0.035413
v -0.076959 0.64115798 -0.027996
v -0.037563 0.62544399 -0.027189
v -0.037563 0.62544399 -0.027189
v -0.050909 0.65554798 0.010811
v -0.045557 0.64559102 -0.05393
v -0.049462 0.66611099 -0.061944
v -0.065343 0.66828501 0.106125
v -0.055049 0.63686198 0.091782
v -0.050524 0.67313498 0.102993
v -0.045716 0.65570199 -0.022953
v -0.040733 0.65342802 0.004787
v -0.049231 0.67586797 0.056994
v -0.050524 0.67313498 0.102993
v -0.065343 0.66828501 0.106125
v -0.048779 0.73596501 -0.112987
v -0.04924 0.79742497 -0.12223
v -0.048996 0.81422901 -0.085226
v -0.051113 0.85905099 0.055808
v -0.040334 0.81811303 -0.0213
v -0.047267 0.806669 -0.008047
v -0.04275 0.87014401 -0.122478
v -0.052265 0.85682201 -0.134335
v -0.048703 0.886006 0.053972
v -0.055909 0.78824699 0.104696
v -0.050519 0.88212502 0.098845
v -0.062867 0.88796699 0.102818
v -0.048703 0.886006 0.053972
v -0.052564 0.91110498 0.090829
v -0.041912 0.90241301 0.087048
v -0.047122 0.92227799 -0.093874
v -0.045918 0.95065898 -0.057635
v 0.094121 -0.99747801 -0.37326401
v -0.040439 -0.96324098 0.150666
v -0.043421 -0.96413398 0.231879
v -0.041395 -0.96399701 0.31079999
v 0.015027 -0.961891 -0.263044
v 0.000561 -0.96091002 0.003007
v -0.02591 -0.96362001 0.122289
v -0.037311 -0.96025401 0.132209
v -0.039489 -0.945041 -0.19308899
v -0.039489 -0.945041 -0.19308899
v -0.017195 -0.94404697 0.34137201
v -0.034947 -0.93023002 -0.176716
v -0.029654 -0.93179297 -0.07546
v -0.024729 -0.92543602 -0.241372
v -0.037309 -0.93103099 -0.153236
v -0.027296 -0.92542398 -0.041155
v -0.032647 -0.925771 -0.208847
v -0.051037 -0.89611298 -0.20912699
v -0.043846 -0.90390903 -0.235562
v -0.039861 -0.90670598 0.02765
v -0.042058 -0.90250498 -0.338824
v -0.027589 -0.91456503 -0.29153499
v -0.033632 -0.91031301 -0.314116
v -0.038806 -0.91299301 -0.181279
v -0.050891 -0.88836098 -0.185127
v -0.024664 -0.90521699 -0.028414
v -0.042892 -0.89928401 -0.019384
v -0.041357 -0.89838099 0.002532
v -0.039861 -0.90670598 0.02765
v -0.031662 -0.911107 0.13150799
v -0.043313 -0.905599 0.193288
v -0.04294 -0.905563 0.29418501
v -0.038839 -0.90767902 0.310406
v -0.047129 -0.87280101 -0.257285
v -0.04339 -0.90085799 -0.27249399
v -0.062718 -0.89437801 -0.261428
v -0.042105 -0.89833802 -0.27742901
v -0.040133 -0.88048601 -0.279264
v -0.053085 -0.88567501 -0.27577201
v -0.050688 -0.88232797 -0.188374
v -0.051037 -0.89611298 -0.20912699
v -0.050891 -0.88836098 -0.185127
v -0.053006 -0.88298202 -0.179184
v -0.039856 -0.882873 -0.170341
v -0.062608 -0.90015799 0.020575
v -0.041357 -0.89838099 0.002532
v -0.058676 -0.89178801 0.015298
v -0.049555 -0.87670499 -0.214737
v -0.049829 -0.877469 -0.238038
v -0.043846 -0.90390903 -0.235562
v -0.053006 -0.88298202 -0.179184
v -0.048412 -0.87432402 -0.17660099
v -0.048412 -0.87432402 -0.17660099
v -0.053006 -0.88298202 -0.179184
v -0.039856 -0.882873 -0.170341
v -0.04457 -0.88827902 -0.34797901
v -0.040893 -0.85438198 -0.28223601
v -0.047994 -0.868931 -0.25099599
v -0.048471 -0.857099 -0.218559
v -0.026604 -0.83996701 -0.22368699
v -0.036291 -0.85843301 -0.201212
v -0.043624 -0.84442902 -0.01947
v -0.043701 -0.78906602 0.003814
v -0.039681 -0.89186198 -0.006473
v -0.041118 -0.80709702 -0.003931
v -0.048562 -0.85010898 -0.214981
v -0.04612 -0.853818 -0.29815501
v -0.044508 -0.722565 -0.019287
v -0.05903 -0.694327 0.015484
v -0.055557 -0.815014 -0.295468
v -0.033545 -0.799559 -0.286466
v -0.041464 -0.77545798 -0.276041
v -0.043701 -0.78906602 0.003814
v -0.050976 -0.72049397 0.012056
v -0.05903 -0.694327 0.015484
v -0.036271 -0.75745898 -0.224218
v -0.03727 -0.75207603 -0.257126
v -0.041318 -0.68391001 -0.004031
v -0.043876 -0.684946 0.003723
v -0.050976 -0.72049397 0.012056
v -0.052627 -0.57892698 0.013848
v -0.042062 -0.56219 0.001866
v -0.042889 -0.56207502 -0.016829
v -0.058012 -0.56085098 0.016899
v -0.030476 -0.55394799 -0.01308
v -0.030476 -0.55394799 -0.01308
v -0.031778 -0.52528101 0.017729
v -0.0308 -0.51915002 -0.032151
v -0.040414 -0.48277101 -0.01767
v -0.039641 -0.483215 0.003547
v -0.03457 -0.49018499 0.014989
v -0.05868 -0.48337901 -0.032855
v -0.040414 -0.48277101 -0.01767
v -0.042019 -0.386823 -0.012344
v -0.042499 -0.27696201 -0.012365
v -0.043404 -0.28244501 0.002693
v -0.048463 -0.35977501 0.009336
v -0.041679 -0.35139799 -0.003779
v -0.051199 -0.251858 0.031487
v -0.031603 -0.25652501 0.003262
v -0.031603 -0.25652501 0.003262
v -0.035759 -0.25123999 0.024993
v -0.034538 -0.241587 0.036506
v -0.025729 -0.24357399 -0.135943
v -0.018839 -0.22402801 -0.067424
v -0.02654 -0.22146399 0.094139
v 0.041948 -0.200142 -0.155825
v 0.050349 -0.187971 -0.14555401
v -0.03388 -0.203236 -0.022659
v -0.039368 -0.205942 0.016335
v -0.034355 -0.153631 0.010528
v -0.056548 -0.200655 0.029106
v -0.053741 -0.15362 0.027696
v -0.043935 -0.14171 -0.017132
v -0.041884 -0.14314801 -0.002495
v -0.043014 -0.01555 -0.014631
v -0.031811 0.003964 -0.015337
v -0.052897 0.003124 0.023085
v -0.042696 -0.006212 0.001442
v -0.041229 -0.001278 0.002315
v -0.059043 -0.004281 0.015308
v -0.031811 0.003964 -0.015337
v -0.049606 0.007893 -0.039984
v -0.043936 0.015669 -0.038759
v -0.040052 0.018988 0.038301
v -0.052095 0.029445 0.044887
v -0.040052 0.018988 0.038301
v -0.035974 0.021364 0.052125
v -0.035974 0.021364 0.052125
v -0.044009 0.061116 0.049197
v -0.029952 0.09114 0.00052
v -0.055014 0.097184 -0.028455
v -0.053082 0.121218 -0.02679
v -0.038697 0.096934 -0.008881
v -0.040224 0.119875 -0.005041
v -0.038697 0.096934 -0.008881
v -0.040224 0.119875 -0.005041
v -0.035754 0.129324 -0.024793
v -0.05516 0.129338 0.024717
v -0.053161 0.121131 0.01459
v -0.030142 0.129437 -0.000162
v -0.028072 0.14488 0.002623
v -0.030142 0.129437 -0.000162
v -0.043072 0.15470301 -0.036261
v -0.035754 0.129324 -0.024793
v -0.03221 0.16354901 0.037002
v -0.03792 0.18518899 -0.041017
v -0.042466 0.175492 0.047726
v -0.039302 0.181252 0.057343
v -0.047934 0.19314601 0.046738
v -0.042466 0.175492 0.047726
v -0.034782 0.19583 0.071263
v -0.026932 0.213633 0.030044
v -0.04498 0.225389 -0.019652
v -0.052822 0.233136 0.014225
v -0.038088 0.224659 0.003118
v -0.041157 0.23119999 -0.006794
v -0.04219 0.350003 0.001448
v -0.052822 0.233136 0.014225
v -0.041157 0.23119999 -0.006794
v -0.04219 0.350003 0.001448
v -0.039504 0.35798299 0.00418
v -0.03618 0.365531 -0.027615
v -0.036022 0.366873 0.035453
v -0.038759 0.36953801 0.043784
v -0.03618 0.365531 -0.027615
v -0.039699 0.389245 0.065797
v -0.035231 0.431243 -0.029521
v -0.04996 0.405325 0.043772
v -0.033904 0.42264399 0.025036
v -0.056042 0.44203201 -0.0287
v -0.048054 0.443831 -0.022191
v -0.042358 0.44322601 -0.010883
v -0.044785 0.46500701 0.004049
v -0.04448 0.44160101 0.005911
v -0.042358 0.44322601 -0.010883
v -0.043601 0.57606202 0.00234
v -0.04234 0.56516302 -0.004792
v -0.040458 0.59324598 -0.02699
v -0.035418 0.594643 0.011241
v -0.040507 0.61888498 -0.072234
v -0.04211 0.62451601 0.072566
v -0.065655 0.59989899 0.052663
v -0.062019 0.60870802 0.068541
v -0.057092 0.62828398 -0.100013
v -0.042702 0.62585503 -0.035413
v -0.037811 0.62992001 -0.066126
v -0.045557 0.64559102 -0.05393
v -0.053279 0.64397103 -0.103089
v -0.042653 0.64982301 -0.09379
v -0.037863 0.61477602 0.018481
v -0.058166 0.64042503 0.01812
v -0.041864 0.650047 0.054603
v -0.023082 0.63021499 -0.023011
v -0.041864 0.650047 0.054603
v -0.040176 0.66778201 -0.073515
v -0.049462 0.66611099 -0.061944
v -0.042174 0.67215598 0.095421
v -0.042602 0.71820098 -0.079378
v -0.042914 0.709894 -0.100333
v -0.048779 0.73596501 -0.112987
v -0.044079 0.76542002 0.097348
v -0.052695 0.75418901 -0.071509
v -0.041641 0.67725301 0.063744
v -0.041632 0.79862702 0.064357
v -0.048996 0.81422901 -0.085226
v -0.04157 0.81716102 -0.100994
v -0.04924 0.79742497 -0.12223
v -0.041662 0.87666601 0.063816
v -0.039994 0.84554899 -0.021776
v -0.041525 0.84379798 0.09109
v -0.054782 0.869147 -0.085346
v -0.041235 0.88507801 -0.102667
v -0.039994 0.84554899 -0.021776
v -0.051812 0.89406103 -0.068261
v -0.042334 0.91917801 0.072051
v -0.041282 0.91766798 -0.085385
v -0.053692 0.93304503 -0.01276
v -0.051812 0.89406103 -0.068261
v -0.042253 0.93017 -0.037733
v -0.048108 0.903929 0.034891
v -0.039332 0.926754 0.02869
v -0.054832 0.93109798 0.075968
v -0.039642 0.95726597 -0.008676
v -0.043289 0.95093697 0.028974
v -0.045918 0.95065898 -0.057635
v -0.040169 0.94773501 -0.044785
v -0.042011 0.97621101 -0.012535
v -0.029304 -0.95755899 0.221873
v -0.026359 -0.95688099 0.29837501
v 0.039087 -0.95665097 -0.27257901
v -0.032472 -0.92892599 -0.27699199
v -0.032647 -0.925771 -0.208847
v -0.029979 -0.92696601 -0.18513601
v -0.023827 -0.92282802 0.018126
v -0.027312 -0.91748202 0.079304
v -0.028978 -0.92257601 0.093282
v -0.028978 -0.92257601 0.093282
v -0.042105 -0.89833802 -0.27742901
v -0.032472 -0.92892599 -0.27699199
v -0.026685 -0.91303599 0.18841401
v -0.043313 -0.905599 0.193288
v -0.024813 -0.91385901 0.292768
v -0.04294 -0.905563 0.29418501
v -0.050026 -0.901838 -0.333857
v -0.018127 -0.90767503 -0.152631
v -0.023482 -0.905056 0.008073
v -0.043313 -0.905599 0.193288
v -0.031662 -0.911107 0.13150799
v -0.051714 -0.907336 0.129389
v -0.031662 -0.911107 0.13150799
v -0.02543 -0.90610498 0.33886701
v -0.026838 -0.88514298 -0.33607799
v -0.042058 -0.90250498 -0.338824
v -0.04457 -0.88827902 -0.34797901
v -0.034069 -0.90022999 -0.010599
v -0.038282 -0.89678001 0.32293701
v -0.040133 -0.88048601 -0.279264
v -0.026838 -0.88514298 -0.33607799
v -0.031101 -0.85660601 -0.27138001
v -0.03391 -0.84829301 -0.26050299
v -0.029197 -0.86190999 -0.17431501
v -0.033701 -0.85738099 -0.299685
v -0.035826 -0.85485202 -0.28593501
v -0.029197 -0.86190999 -0.17431501
v -0.041153 -0.821904 -0.012036
v -0.035826 -0.85485202 -0.28593501
v -0.036706 -0.82823497 -0.28949699
v -0.036706 -0.82823497 -0.28949699
v -0.029826 -0.83725601 -0.21140499
v -0.041532 -0.68341398 -0.01191
v -0.030046 -0.73540801 -0.229957
v -0.030046 -0.73540801 -0.229957
v -0.033459 -0.55251002 0.012968
v -0.048758 -0.55333698 0.026475
v -0.047981 -0.55285197 -0.038053
v -0.031153 -0.542943 -0.023521
v -0.031153 -0.542943 -0.023521
v -0.031778 -0.52528101 0.017729
v -0.026587 -0.49129999 -0.012283
v -0.041483 -0.474415 -0.005559
v -0.039641 -0.483215 0.003547
v -0.044191 -0.47488001 0.004019
v -0.033206 -0.25733301 -0.018278
v -0.044647 -0.245524 -0.045844
v -0.030284 -0.240879 -0.035083
v -0.006053 -0.24201 -0.045481
v 0.041838 -0.23170701 -0.15580601
v -0.012779 -0.221036 -0.12214
v -0.012779 -0.221036 -0.12214
v -0.030653 -0.222583 -0.053344
v -0.028127 -0.22204299 0.039738
v -0.03388 -0.203236 -0.022659
v 0.048782 -0.191044 -0.154526
v 0.032143 -0.188236 -0.13686199
v 0.024035 -0.19036201 0.096127
v -0.030706 -0.15338799 -0.008114
v -0.020519 0.018578 0.017418
v -0.040052 0.018988 0.038301
v -0.028907 0.022744 0.081999
v -0.01763 0.066469 -0.010115
v -0.044019 0.08359 -0.039458
v -0.030642 0.060606 0.082226
v -0.014407 0.074077 0.077036
v -0.025948 0.069388 0.043038
v -0.015688 0.06732 0.016084
v -0.030519 0.087455 -0.02072
v -0.044833 0.090546 -0.036707
v -0.038697 0.096934 -0.008881
v -0.040224 0.119875 -0.005041
v -0.030142 0.129437 -0.000162
v -0.053161 0.121131 0.01459
v -0.031459 0.15237799 -0.02204
v -0.021705 0.164106 0.031703
v -0.028465 0.175191 -0.034121
v -0.042466 0.175492 0.047726
v -0.03221 0.16354901 0.037002
v -0.027976 0.168524 0.057647
v -0.039302 0.181252 0.057343
v -0.028512 0.218501 -0.012446
v -0.028512 0.218501 -0.012446
v -0.014535 0.211082 0.00587
v -0.039617 0.20993599 0.038426
v -0.038088 0.224659 0.003118
v -0.039504 0.35798299 0.00418
v -0.039504 0.35798299 0.00418
v -0.039699 0.389245 0.065797
v -0.03401 0.40817299 0.055341
v -0.027843 0.41198701 0.038415
v -0.042358 0.44322601 -0.010883
v -0.048054 0.443831 -0.022191
v -0.048048 0.57651597 -0.023327
v -0.024196 0.59777802 0.004688
v -0.026058 0.59715098 -0.022095
v -0.037563 0.62544399 -0.027189
v -0.040458 0.59324598 -0.02699
v -0.037863 0.61477602 0.018481
v -0.036002 0.63761598 0.064378
v -0.029213 0.63200301 0.011118
v -0.029213 0.63200301 0.011118
v -0.022442 0.63167799 0.004241
v -0.040733 0.65342802 0.004787
v -0.040733 0.65342802 0.004787
v -0.036991 0.67379498 0.079581
v -0.041641 0.67725301 0.063744
v -0.037624 0.76456702 0.075389
v -0.039055 0.693205 0.090549
v -0.037808 0.79545099 0.082667
v -0.041319 0.74578702 -0.093886
v -0.041632 0.79862702 0.064357
v -0.029536 0.84021002 -0.006285
v -0.047011 0.81535202 0.013567
v -0.029536 0.84021002 -0.006285
v -0.039795 0.83759898 0.016098
v -0.038727 0.88971901 0.074138
v -0.041662 0.87666601 0.063816
v -0.038697 0.90763599 0.062978
v -0.038697 0.90763599 0.062978
v -0.048703 0.886006 0.053972
v -0.041235 0.88507801 -0.102667
v -0.041282 0.91766798 -0.085385
v 0.094717 -0.99669099 -0.38120499
v 0.244422 -0.9975 0.28438899
v -0.021061 -0.96663398 0.322364
v -0.01586 -0.96003598 0.337428
v -0.01586 -0.96003598 0.337428
v -0.046638 -0.97623801 0.335794
v 0.049913 -0.96239197 0.10061
v -0.037311 -0.96025401 0.132209
v -0.022375 -0.95093501 0.133224
v -0.040439 -0.96324098 0.150666
v -0.020052 -0.94977498 0.310673
v -0.040439 -0.96324098 0.150666
v -0.022375 -0.95093501 0.133224
v -0.022522 -0.94757098 0.138083
v -0.016717 -0.93945497 -0.185543
v -0.027839 -0.92829901 -0.194921
v -0.039489 -0.945041 -0.19308899
v -0.014773 -0.93952101 -0.19935
v -0.027839 -0.92829901 -0.194921
v -0.01262 -0.93395501 0.05046
v -0.028658 -0.93213099 -0.23044699
v -0.024729 -0.92543602 -0.241372
v -0.006757 -0.93071502 -0.134634
v -0.022554 -0.92474502 0.059636
v -0.027839 -0.92829901 -0.194921
v -0.029979 -0.92696601 -0.18513601
v -0.016374 -0.92660201 -0.167779
v -0.027589 -0.91456503 -0.29153499
v -0.023482 -0.905056 0.008073
v -0.038839 -0.90767902 0.310406
v -0.020655 -0.92055202 0.30981499
v -0.02555 -0.904809 -0.32524699
v -0.033632 -0.91031301 -0.314116
v -0.034069 -0.90022999 -0.010599
v -0.031662 -0.911107 0.13150799
v -0.020667 -0.89843398 0.123761
v -0.050379 -0.89894497 0.122989
v -0.038282 -0.89678001 0.32293701
v -0.02555 -0.904809 -0.32524699
v -0.035826 -0.85485202 -0.28593501
v -0.012286 -0.83222198 -0.285667
v -0.033701 -0.85738099 -0.299685
v -0.019446 -0.839921 -0.270605
v -0.019953 -0.82895899 -0.240721
v -0.021509 -0.83735299 -0.20135599
v -0.036706 -0.82823497 -0.28949699
v -0.024596 -0.82235998 -0.27429801
v -0.019198 -0.81577897 -0.25022301
v -0.035388 -0.80885899 -0.231581
v -0.01732 -0.783526 -0.277666
v -0.020389 -0.754861 -0.270273
v -0.016497 -0.76262498 -0.213863
v -0.016181 -0.72195399 -0.247807
v -0.026647 -0.54076302 -0.002714
v -0.019453 -0.52020198 -0.009777
v -0.047948 -0.49179801 0.027016
v -0.03457 -0.49018499 0.014989
v -0.0308 -0.51915002 -0.032151
v -0.026587 -0.49129999 -0.012283
v -0.039641 -0.483215 0.003547
v -0.026587 -0.49129999 -0.012283
v -0.021811 -0.24303199 -0.079139
v -0.030284 -0.240879 -0.035083
v -0.024953 -0.23847499 0.028064
v -0.02654 -0.22146399 0.094139
v -0.020228 -0.21345399 -0.040108
v -0.014386 -0.211528 -0.014723
v -0.017045 -0.221193 0.027476
v 0.032143 -0.188236 -0.13686199
v -0.050119 -0.21659701 -0.128572
v 0.026136 -0.192486 -0.12889101
v -0.030369 -0.205386 -0.000274
v -0.014156 0.028554 -0.007007
v -0.020519 0.018578 0.017418
v -0.020803 0.021801 0.030742
v -0.021567 0.015706 0.052578
v -0.013598 0.06341 0.030644
v -0.030642 0.060606 0.082226
v -0.029952 0.09114 0.00052
v -0.030142 0.129437 -0.000162
v -0.028072 0.14488 0.002623
v -0.021705 0.164106 0.031703
v -0.016259 0.197946 -0.016112
v -0.001595 0.194241 0.14677601
v -0.039617 0.20993599 0.038426
v -0.028904 0.21355 0.054294
v -0.012683 0.21341 0.107067
v -0.028904 0.21355 0.054294
v -0.011013 0.207504 0.021398
v -0.02485 0.36372501 0.003695
v -0.018125 0.382465 -0.006129
v -0.015317 0.37097001 0.024527
v -0.019022 0.36708701 0.097678
v -0.02447 0.427753 -0.004562
v -0.027843 0.41198701 0.038415
v -0.04996 0.405325 0.043772
v -0.03401 0.40817299 0.055341
v -0.02447 0.427753 -0.004562
v -0.042358 0.44322601 -0.010883
v -0.026058 0.59715098 -0.022095
v -0.024196 0.59777802 0.004688
v -0.023082 0.63021499 -0.023011
v -0.045716 0.65570199 -0.022953
v -0.039795 0.83759898 0.016098
v 0.112246 -0.997527 0.055105
v 0.120131 -0.98915499 0.058942
v -0.004381 -0.95712799 -0.19257399
v -0.013989 -0.95536399 0.130942
v -0.013989 -0.95536399 0.130942
v -0.022375 -0.95093501 0.133224
v -0.037311 -0.96025401 0.132209
v -0.029304 -0.95755899 0.221873
v -0.018702 -0.94373697 0.246654
v -0.026359 -0.95688099 0.29837501
v -0.005275 -0.94613498 -0.192518
v -0.005275 -0.94613498 -0.192518
v -0.019876 -0.93913001 0.137393
v -0.01831 -0.93589002 0.161832
v -0.020052 -0.94977498 0.310673
v -0.015929 -0.93286598 0.29960501
v 0.00095 -0.93707901 -0.274297
v -0.016717 -0.93945497 -0.185543
v -0.009277 -0.93858498 -0.114381
v -0.012243 -0.92933899 0.024882
v -0.014656 -0.91748601 -0.31195101
v -0.028406 -0.923563 -0.330944
v -0.011721 -0.93902397 -0.33217499
v -0.027589 -0.91456503 -0.29153499
v -0.016374 -0.92660201 -0.167779
v -0.029979 -0.92696601 -0.18513601
v -0.014529 -0.93691403 -0.16117799
v -0.016374 -0.92660201 -0.167779
v -0.037309 -0.93103099 -0.153236
v -0.014529 -0.93691403 -0.16117799
v -0.010464 -0.93036699 0.012653
v -0.010608 -0.93092102 0.089541
v -0.020659 -0.92469299 0.13722301
v -0.017977 -0.92857099 0.243187
v -0.028406 -0.923563 -0.330944
v -0.01546 -0.918818 -0.34073901
v -0.028406 -0.923563 -0.330944
v -0.014656 -0.91748601 -0.31195101
v -0.02555 -0.904809 -0.32524699
v -0.014656 -0.91748601 -0.31195101
v -0.020659 -0.92469299 0.13722301
v -0.016711 -0.91574901 0.129219
v -0.008034 -0.91978902 0.320676
v 0.136372 -0.90837502 0.096401
v -0.02543 -0.90610498 0.33886701
v -0.011131 -0.88954401 -0.33486801
v -0.018127 -0.90767503 -0.152631
v -0.002872 -0.89178997 -0.152512
v -0.020667 -0.89843398 0.123761
v -0.006497 -0.86073202 -0.15798099
v -0.016005 -0.86998898 -0.32190299
v -0.003339 -0.83556801 -0.165847
v -0.010532 -0.84380299 -0.31024599
v -0.013104 -0.84880197 0.033935
v -0.024526 -0.82723701 0.007668
v -0.013174 -0.84841102 -0.001562
v -0.02574 -0.83482802 0.03335
v -0.008307 -0.82174599 -0.22343899
v -0.022857 -0.81809002 -0.029777
v -0.021698 -0.83607602 -0.043197
v -0.02666 -0.817195 0.031955
v -0.014781 -0.817958 -0.063904
v -0.020389 -0.754861 -0.270273
v -0.014063 -0.735502 -0.210586
v -0.029326 -0.694561 -0.25620201
v -0.01315 -0.70409298 -0.26251099
v -0.021767 -0.70970899 -0.253685
v -0.029326 -0.694561 -0.25620201
v -0.021767 -0.70970899 -0.253685
v -0.01221 -0.69880801 -0.23886
v -0.020491 -0.68695199 -0.25292501
v -0.0308 -0.51915002 -0.032151
v -0.033206 -0.25733301 -0.018278
v -0.006324 -0.23907401 -0.011292
v -0.012862 -0.24143299 -0.003074
v -0.016083 -0.233336 -0.090156
v -0.0184 -0.232512 0.051028
v -0.019171 -0.23185299 0.089565
v -0.018504 -0.243156 0.09836
v -0.013984 -0.233606 -0.121936
v 0.025967 -0.22387899 -0.065839
v -0.018518 -0.21393999 -0.05916
v -0.019161 -0.211854 -0.051401
v -0.01946 -0.21479701 0.035343
v -0.019553 -0.21707299 0.053834
v -0.004841 -0.219658 0.088454
v -0.018637 -0.215923 0.093254
v -0.010676 -0.211999 -0.007577
v -0.013641 -0.219212 0.012609
v -0.030369 -0.205386 -0.000274
v -0.018637 -0.215923 0.093254
v 0.024035 -0.19036201 0.096127
v 0.048782 -0.191044 -0.154526
v -0.028907 0.022744 0.081999
v -0.015516 0.028181 0.123521
v -0.016987 0.048919 0.123184
v -0.015688 0.06732 0.016084
v -0.011184 0.172893 -0.009552
v -0.02485 0.36372501 0.003695
v -0.004447 0.35317001 0.104738
v -0.016526 0.41160399 -0.003025
v -0.014171 0.406553 0.113286
v -0.004767 0.384431 0.14763001
v -0.009976 0.404881 0.026571
v -0.0115 0.411273 0.038341
v -0.009976 0.404881 0.026571
v -0.003229 -0.94300699 0.32667199
v -0.01586 -0.96003598 0.337428
v -0.021061 -0.96663398 0.322364
v 0.087533 -0.96124202 -0.013595
v 0.087533 -0.96124202 -0.013595
v 0.042565 -0.96287501 0.121402
v -0.019876 -0.93913001 0.137393
v -0.011721 -0.93902397 -0.33217499
v -0.013217 -0.93846297 -0.0751
v 0.01779 -0.93076998 -0.084518
v -0.01173 -0.93152797 -0.066686
v -0.022782 -0.930502 -0.051555
v -0.027296 -0.92542398 -0.041155
v -0.010089 -0.94063997 -0.035381
v -0.004219 -0.93059498 -0.049407
v -0.010089 -0.94063997 -0.035381
v -0.010463 -0.93054199 -0.027888
v -0.016711 -0.91574901 0.129219
v -0.013989 -0.95536399 0.130942
v -0.005331 -0.93495297 0.335435
v -0.01269 -0.92424798 -0.004741
v -0.008235 -0.92966902 0.058637
v -0.011401 -0.92360699 0.096687
v -0.010608 -0.93092102 0.089541
v -0.01269 -0.92424798 -0.004741
v -0.027296 -0.92542398 -0.041155
v -0.024664 -0.90521699 -0.028414
v -0.005331 -0.93495297 0.335435
v -0.000178 -0.91490799 -0.33784199
v 0.002868 -0.91900301 -0.302295
v -0.023482 -0.905056 0.008073
v -0.011131 -0.88954401 -0.33486801
v -0.010532 -0.84380299 -0.31024599
v -0.016005 -0.86998898 -0.32190299
v -0.033701 -0.85738099 -0.299685
v -0.003339 -0.83556801 -0.165847
v -0.007812 -0.83358002 -0.079838
v -0.012615 -0.84778798 -0.051478
v -0.005404 -0.82942098 0.044829
v -0.006723 -0.81622398 -0.20501301
v -0.022857 -0.81809002 -0.029777
v -0.024526 -0.82723701 0.007668
v -0.007199 -0.80446303 0.023052
v -0.02666 -0.817195 0.031955
v -0.003185 -0.80626899 -0.060589
v -0.014781 -0.817958 -0.063904
v -0.008844 -0.80404299 -0.022716
v -0.024596 -0.82235998 -0.27429801
v 0.001439 -0.78202599 -0.25641099
v -0.000886 -0.73467797 -0.26215401
v -0.008788 -0.70288599 -0.21241599
v -0.016181 -0.72195399 -0.247807
v -0.009209 -0.71364498 -0.26465499
v -0.000886 -0.73467797 -0.26215401
v -0.008788 -0.70288599 -0.21241599
v -0.016181 -0.72195399 -0.247807
v -0.01315 -0.70409298 -0.26251099
v -0.029326 -0.694561 -0.25620201
v -0.001972 -0.69778198 -0.26096401
v -0.020491 -0.68695199 -0.25292501
v -0.010667 -0.69065303 -0.231787
v -0.025733 -0.66930902 -0.25182301
v -0.014393 -0.670546 -0.25685599
v -0.025733 -0.66930902 -0.25182301
v -0.013259 -0.66773099 -0.236425
v -0.025733 -0.66930902 -0.25182301
v -0.013259 -0.66773099 -0.236425
v -0.014393 -0.670546 -0.25685599
v 0.050736 -0.24419101 -0.144584
v 0.033915 -0.24347199 0.097341
v -0.005098 -0.22773799 -0.0294
v -0.003808 -0.220844 0.052382
v -0.014156 0.028554 -0.007007
v -0.007146 0.007116 0.10021
v -0.007146 0.007116 0.10021
v -0.003879 0.033942 0.027814
v -0.006813 0.048019 0.148472
v -0.00818 0.04412 0.018033
v -0.013598 0.06341 0.030644
v -0.00916 0.051761 0.023102
v -0.001981 0.074064 0.13124099
v -0.005347 0.17587601 0.019902
v -0.005347 0.17587601 0.019902
v 0.004608 0.155232 0.084715
v 0.003509 0.16224501 0.130052
v -0.014535 0.211082 0.00587
v 0.010983 0.225234 0.067558
v -0.008228 0.35816601 0.052021
v -0.015317 0.37097001 0.024527
v 0.004528 0.362293 0.046075
v -0.003186 0.38771999 0.024481
v -0.015317 0.37097001 0.024527
v -0.004767 0.384431 0.14763001
v -0.009976 0.404881 0.026571
v 0.009866 0.42664999 0.082702
v 0.088348 -0.98909199 0.152619
v 0.16242699 -0.98916501 0.36551601
v 0.004013 -0.92939001 -0.164372
v -0.009838 -0.934641 0.00472
v 0.000141 -0.943968 0.005085
v -0.002941 -0.929133 -0.001738
v 0.004804 -0.925282 -0.328361
v 0.004131 -0.938586 -0.19284301
v 0.004131 -0.938586 -0.19284301
v 0.044026 -0.93827599 -0.074412
v 0.00095 -0.93707901 -0.274297
v 0.004592 -0.89315897 -0.34438601
v 0.007879 -0.83860898 -0.161761
v 0.003631 -0.85147202 -0.078512
v -0.0016 -0.85431403 -0.047976
v -0.013174 -0.84841102 -0.001562
v -0.0016 -0.85431403 -0.047976
v -0.000956 -0.85120702 -0.012224
v 0.000189 -0.85337901 0.01536
v -0.013104 -0.84880197 0.033935
v -0.012286 -0.83222198 -0.285667
v 0.01647 -0.82950699 -0.28665099
v -0.010532 -0.84380299 -0.31024599
v 0.002885 -0.827977 -0.268787
v 0.006166 -0.811167 -0.247244
v -0.007812 -0.83358002 -0.079838
v -0.014781 -0.817958 -0.063904
v 0.00424 -0.81172198 -0.084101
v -0.002241 -0.80394101 -0.216645
v 0.00424 -0.81172198 -0.084101
v -7.6E-05 -0.80888897 0.038312
v -0.005404 -0.82942098 0.044829
v 0.001439 -0.78202599 -0.25641099
v 0.000961 -0.77699298 -0.231851
v -0.016497 -0.76262498 -0.213863
v 0.000859 -0.75494999 -0.26509199
v 0.005562 -0.740026 -0.207516
v -0.000886 -0.73467797 -0.26215401
v 0.005812 -0.71611202 -0.19952001
v -0.008788 -0.70288599 -0.21241599
v 0.013201 -0.68788898 -0.26567
v 0.01545 -0.69026202 -0.192204
v -0.00383 -0.674595 -0.21890301
v -0.000938 -0.65509403 -0.255503
v -0.000938 -0.65509403 -0.255503
v -0.014393 -0.670546 -0.25685599
v 0.050474 -0.244224 0.113531
v 0.024298 -0.238535 0.036179
v 0.025887 -0.22403599 0.012507
v 0.0195 -0.21570399 0.094588
v 0.024517 -0.21555001 -0.127941
v 0.026136 -0.192486 -0.12889101
v -0.004255 0.016907 0.143307
v -0.00818 0.04412 0.018033
v -0.020519 0.018578 0.017418
v -0.003879 0.033942 0.027814
v 0.003442 0.025248 0.152255
v 0.006506 0.073673 0.060611
v -0.001981 0.074064 0.13124099
v 0.005884 0.164573 0.047473
v 0.004663 0.173048 0.14507399
v 0.004663 0.173048 0.14507399
v 0.000561 0.19324601 0.022683
v -0.011013 0.207504 0.021398
v 0.004352 0.22279 0.140386
v 0.004239 0.34823301 0.091148
v 0.002516 0.36149901 0.14827999
v -0.000614 0.412296 0.14627001
v 0.014598 0.43242601 0.132691
v 0.11519 -0.98916203 -0.24709301
v 0.043698 -0.96154898 -0.007546
v 0.004131 -0.938586 -0.19284301
v 0.042241 -0.94172198 -0.036167
v 0.009344 -0.93255901 -0.156791
v 0.004013 -0.92939001 -0.164372
v -0.013989 -0.95536399 0.130942
v 0.024653 -0.93279099 0.13135999
v 0.004804 -0.925282 -0.328361
v 0.035424 -0.92965299 -0.016743
v 0.043653 -0.92762798 0.12741201
v 0.072276 -0.92354399 0.096473
v 0.015187 -0.90388602 -0.15808401
v 0.012134 -0.91027302 -0.34996399
v 0.005979 -0.859088 -0.33011499
v 0.014401 -0.85132003 0.004755
v 0.02059 -0.84618801 -0.317949
v -0.019446 -0.839921 -0.270605
v 0.006166 -0.811167 -0.247244
v 0.002885 -0.827977 -0.268787
v 0.013133 -0.82817298 -0.100786
v 0.001728 -0.80203497 -0.194233
v 0.006693 -0.81063199 -0.04843
v 0.012311 -0.8082 0.005357
v 0.011497 -0.79666197 -0.21757901
v 0.020962 -0.750076 -0.234659
v 0.012412 -0.749726 -0.215554
v 0.012412 -0.749726 -0.215554
v 0.010965 -0.718014 -0.261949
v -0.000886 -0.73467797 -0.26215401
v -0.009209 -0.71364498 -0.26465499
v 0.01545 -0.69026202 -0.192204
v 0.026379 -0.66994601 -0.265026
v 0.009994 -0.65214998 -0.228714
v 0.032745 -0.243141 -0.077524
v 0.026633 -0.23406 -0.090126
v 0.011235 -0.236215 0.023535
v 0.029094 -0.219924 -0.122813
v 0.028741 -0.221485 -0.084921
v 0.029094 -0.219924 -0.122813
v 0.025658 -0.225651 -0.037026
v 0.01961 -0.215165 -0.042632
v 0.013361 0.005127 0.07709
v 0.005968 -0.000606 0.133275
v 0.027245 0.018777 0.061128
v 0.009341 0.055066 0.152473
v 0.006034 0.079743 0.13748799
v 0.019173 0.089368 0.113698
v 0.050294 0.14630599 0.100051
v -0.005347 0.17587601 0.019902
v 0.021773 0.217429 0.056291
v 0.01862 0.23830301 0.118938
v 0.00845 0.37622201 0.036574
v 0.00845 0.37622201 0.036574
v 0.002516 0.36149901 0.14827999
v 0.003067 0.390468 0.154246
v 0.006379 0.40466899 0.038541
v 0.014598 0.43242601 0.132691
v 0.079151 -0.961842 0.011449
v 0.027391 -0.93842298 -0.27384201
v 0.042241 -0.94172198 -0.036167
v 0.019526 -0.93756199 -0.34295401
v -0.000178 -0.91490799 -0.33784199
v 0.024725 -0.92602998 -0.30166799
v 0.027391 -0.93842298 -0.27384201
v 0.071922 -0.93118501 -0.066051
v 0.0388 -0.93016601 -0.001413
v 0.019526 -0.93756199 -0.34295401
v 0.057529 -0.90813601 0.12835801
v 0.077447 -0.89724398 0.120931
v 0.019742 -0.88254398 -0.147416
v 0.021954 -0.86112702 -0.159107
v -0.0016 -0.85431403 -0.047976
v 0.003631 -0.85147202 -0.078512
v 0.021002 -0.85108602 -0.073736
v 0.005979 -0.859088 -0.33011499
v 0.017078 -0.84039801 -0.043951
v 0.019783 -0.84155798 -0.061461
v 0.014079 -0.84213698 -0.017493
v 0.025004 -0.84669799 0.033259
v 0.018712 -0.84065199 0.037612
v 0.016648 -0.848104 -0.093194
v 0.013133 -0.82817298 -0.100786
v -0.005404 -0.82942098 0.044829
v 0.001728 -0.80203497 -0.194233
v 0.019063 -0.8154 -0.169893
v 0.027713 -0.82383299 0.040636
v -0.005404 -0.82942098 0.044829
v 0.027713 -0.82383299 0.040636
v -7.6E-05 -0.80888897 0.038312
v 0.027873 -0.79425001 -0.172033
v 0.017676 -0.80620003 -0.075067
v 0.012311 -0.8082 0.005357
v 0.013253 -0.820934 -0.028305
v 0.006693 -0.81063199 -0.04843
v 0.015369 -0.80381697 0.017054
v 0.024303 -0.79495603 -0.231298
v 0.025942 -0.80559999 0.034356
v 0.013291 -0.78895903 -0.195585
v 0.019206 -0.74952 -0.250285
v 0.015854 -0.72043002 -0.169018
v 0.005562 -0.740026 -0.207516
v 0.018841 -0.73610401 -0.181163
v 0.005812 -0.71611202 -0.19952001
v 0.025245 -0.70130599 -0.26617599
v 0.020609 -0.66157198 -0.19865701
v 0.013664 -0.63909799 -0.23736501
v 0.034054 -0.24320699 -0.132763
v 0.029375 -0.24324 -0.059041
v 0.042353 -0.239445 0.122977
v 0.049181 -0.240812 -0.154275
v 0.026665 -0.232922 -0.122343
v 0.026968 -0.238474 0.014165
v 0.026443 -0.23216499 0.05127
v 0.026567 -0.23240601 0.090417
v 0.02744 -0.225576 -0.024089
v 0.025381 -0.212863 -0.013719
v 0.026164 -0.222104 0.024149
v 0.028775 -0.21263801 0.036478
v 0.028046 -0.21908499 0.091049
v 0.019988 -0.21346401 -0.051045
v 0.019814 -0.215179 0.004507
v 0.0195 -0.21570399 0.094588
v 0.028971 -0.011729 0.113644
v 0.005968 -0.000606 0.133275
v 0.027245 0.018777 0.061128
v 0.022534 0.043749 0.048823
v 0.035454 0.05919 0.062293
v 0.006034 0.079743 0.13748799
v 0.009341 0.055066 0.152473
v 0.025523 0.082049 0.136379
v 0.006034 0.079743 0.13748799
v 0.021315 0.14661101 0.118837
v 0.005884 0.164573 0.047473
v 0.028251 0.177212 0.049838
v 0.004663 0.173048 0.14507399
v 0.014711 0.18480501 0.148312
v -0.001595 0.194241 0.14677601
v 0.026533 0.20096099 0.046487
v 0.021773 0.217429 0.056291
v 0.004352 0.22279 0.140386
v 0.01862 0.23830301 0.118938
v 0.022453 0.23570199 0.13150799
v 0.020745 0.33699101 0.122854
v 0.016862 0.344457 0.139385
v 0.016862 0.344457 0.139385
v 0.014874 0.37160701 0.152724
v 0.002516 0.36149901 0.14827999
v 0.028477 0.38540199 0.0475
v 0.003067 0.390468 0.154246
v 0.006379 0.40466899 0.038541
v 0.020405 0.415149 0.14936499
v 0.020405 0.415149 0.14936499
v 0.112917 -0.96173102 0.069484
v 0.043893 -0.95533502 0.129944
v 0.047914 -0.93020898 -0.026557
v 0.043893 -0.95533502 0.129944
v 0.039531 -0.93614602 -0.11178
v 0.041096 -0.930179 0.010553
v 0.032258 -0.92437601 -0.160304
v 0.059536 -0.930489 0.03786
v 0.071828 -0.93037999 0.090416
v 0.035622 -0.93013197 -0.36415499
v 0.032258 -0.92437601 -0.160304
v 0.027346 -0.902637 -0.35319301
v 0.031636 -0.86709499 -0.334086
v 0.023917 -0.885755 0.011854
v 0.014401 -0.85132003 0.004755
v 0.019934 -0.87366402 -0.035895
v 0.014079 -0.84213698 -0.017493
v 0.031636 -0.86709499 -0.334086
v 0.028676 -0.850591 -0.156234
v 0.016648 -0.848104 -0.093194
v 0.024097 -0.85179198 -0.085357
v 0.021002 -0.85108602 -0.073736
v 0.020172 -0.83494002 -0.16631
v 0.017078 -0.84039801 -0.043951
v 0.019783 -0.84155798 -0.061461
v 0.018452 -0.82137102 -0.046417
v 0.018935 -0.82343298 -0.058644
v 0.017676 -0.80620003 -0.075067
v 0.027713 -0.82383299 0.040636
v 0.02978 -0.83028799 -0.28243399
v 0.012311 -0.8082 0.005357
v 0.019584 -0.79307902 -0.000141
v 0.013253 -0.820934 -0.028305
v 0.015369 -0.80381697 0.017054
v 0.016054 -0.78076398 -0.203346
v 0.027873 -0.79425001 -0.172033
v 0.019443 -0.76438802 -0.21011201
v 0.019206 -0.74952 -0.250285
v 0.019206 -0.74952 -0.250285
v 0.021773 -0.732584 -0.25730801
v 0.012412 -0.749726 -0.215554
v 0.020962 -0.750076 -0.234659
v 0.031512 -0.75179201 -0.217777
v 0.012412 -0.749726 -0.215554
v 0.019351 -0.74957502 -0.198181
v 0.020728 -0.72582501 -0.16899601
v 0.026184 -0.71053803 -0.184322
v 0.005812 -0.71611202 -0.19952001
v 0.015854 -0.72043002 -0.169018
v 0.026184 -0.71053803 -0.184322
v 0.025512 -0.68417501 -0.171423
v 0.032571 -0.67028302 -0.18282799
v 0.025512 -0.68417501 -0.171423
v 0.022594 -0.63998002 -0.210814
v 0.013664 -0.63909799 -0.23736501
v 0.032307 -0.65109199 -0.252395
v 0.034768 -0.62944299 -0.240431
v 0.049181 -0.240812 -0.154275
v 0.027004 -0.240265 -0.018213
v 0.026858 -0.220174 0.051415
v 0.02811 -0.21204799 -0.056746
v 0.049724 -0.19219799 0.122172
v 0.049724 -0.19219799 0.122172
v 0.018363 0.002498 0.13986
v 0.018363 0.002498 0.13986
v 0.028205 0.032587 0.14196301
v 0.003442 0.025248 0.152255
v 0.018363 0.002498 0.13986
v 0.006506 0.073673 0.060611
v 0.030321 0.089503 0.123891
v 0.025523 0.082049 0.136379
v 0.032845 0.15304101 0.130116
v 0.032845 0.15304101 0.130116
v 0.023779 0.219427 0.140784
v 0.022453 0.23570199 0.13150799
v 0.043015 0.241997 0.103352
v 0.028958 0.34306401 0.087728
v 0.037332 0.33228701 0.10916
v 0.042619 0.362095 0.064255
v 0.153852 -0.98917598 -0.066801
v 0.041623 -0.93226999 -0.12213
v 0.03984 -0.91406697 -0.362959
v 0.035931 -0.88271701 -0.15290099
v 0.152732 -0.89713401 0.105994
v 0.02689 -0.90047002 -0.009832
v 0.017078 -0.84039801 -0.043951
v 0.027638 -0.83812302 -0.061041
v 0.037817 -0.870175 -0.068857
v 0.033233 -0.87163198 0.03806
v 0.025004 -0.84669799 0.033259
v 0.044887 -0.84161401 -0.110418
v 0.016648 -0.848104 -0.093194
v 0.027638 -0.83812302 -0.061041
v 0.022797 -0.829781 -0.059361
v 0.027638 -0.83812302 -0.061041
v 0.022797 -0.829781 -0.059361
v 0.029774 -0.824597 -0.107213
v 0.018452 -0.82137102 -0.046417
v 0.033969 -0.82013798 -0.161423
v 0.03078 -0.82041901 -0.066624
v 0.031458 -0.80900103 -0.09652
v 0.031458 -0.80900103 -0.09652
v 0.024141 -0.79277098 -0.044695
v 0.03078 -0.82041901 -0.066624
v 0.024303 -0.79495603 -0.231298
v 0.027731 -0.78837597 0.021039
v 0.025942 -0.80559999 0.034356
v 0.026996 -0.76485401 -0.216482
v 0.030474 -0.78306597 -0.007609
v 0.02751 -0.77420503 -0.19257399
v 0.028234 -0.761886 -0.206322
v 0.033512 -0.75318003 -0.26085201
v 0.026902 -0.75355601 -0.24428099
v 0.019206 -0.74952 -0.250285
v 0.020962 -0.750076 -0.234659
v 0.037454 -0.74307901 -0.232412
v 0.026902 -0.75355601 -0.24428099
v 0.033512 -0.75318003 -0.26085201
v 0.035604 -0.74764103 -0.20766801
v 0.036396 -0.72764897 -0.196878
v 0.019351 -0.74957502 -0.198181
v 0.035604 -0.74764103 -0.20766801
v 0.019351 -0.74957502 -0.198181
v 0.028674 -0.73512101 -0.18818299
v 0.018841 -0.73610401 -0.181163
v 0.020728 -0.72582501 -0.16899601
v 0.037012 -0.72736299 -0.255494
v 0.025854 -0.64882499 -0.18793499
v 0.033209 -0.63485801 -0.194456
v 0.040884 -0.61983001 -0.23108999
v 0.036395 -0.63448799 -0.218376
v 0.03272 -0.62414098 -0.20318
v 0.040884 -0.61983001 -0.23108999
v 0.025658 -0.225651 -0.037026
v 0.029406 -0.211806 -0.040629
v 0.01961 -0.215165 -0.042632
v 0.030418 -0.21325 0.008804
v 0.029406 -0.211806 -0.040629
v 0.030796 -0.209952 -0.019753
v 0.028046 -0.21908499 0.091049
v 0.029664 -0.19399001 0.092118
v 0.054056 -0.005005 0.096379
v 0.0708 0.039483 0.079525
v 0.044675 0.088952 0.104059
v 0.058949 0.19446 0.117515
v 0.022453 0.23570199 0.13150799
v 0.054039 0.338074 0.092614
v 0.035191 0.42983201 0.133239
v 0.014598 0.43242601 0.132691
v 0.046441 0.43790001 0.106373
v 0.035191 0.42983201 0.133239
v 0.035543 -0.94853902 -0.342392
v 0.035622 -0.93013197 -0.36415499
v 0.048155 -0.93460602 0.003652
v 0.046272 -0.92881101 -0.27965799
v 0.065664 -0.93098402 -0.15439799
v 0.041664 -0.90846002 -0.044472
v 0.052076 -0.925475 -0.027167
v 0.038874 -0.91213399 0.015025
v 0.079367 -0.89975899 0.125893
v 0.079367 -0.89975899 0.125893
v 0.047417 -0.88458401 -0.332362
v 0.046389 -0.86297899 -0.140916
v 0.042423 -0.85214001 -0.310716
v 0.047747 -0.85178697 -0.152605
v 0.038955 -0.84547102 -0.076279
v 0.043082 -0.831595 0.056894
v 0.044887 -0.84161401 -0.110418
v 0.038955 -0.84547102 -0.076279
v 0.040553 -0.83192098 -0.155076
v 0.038955 -0.84547102 -0.076279
v 0.041296 -0.81189102 -0.07715
v 0.027713 -0.82383299 0.040636
v 0.04131 -0.810615 0.045973
v 0.037159 -0.79424798 -0.171533
v 0.041296 -0.81189102 -0.07715
v 0.041907 -0.80478603 -0.240601
v 0.036854 -0.77518499 -0.054725
v 0.041296 -0.81189102 -0.07715
v 0.026996 -0.76485401 -0.216482
v 0.036979 -0.79537803 -0.22622401
v 0.026996 -0.76485401 -0.216482
v 0.033216 -0.76800799 -0.21043099
v 0.036979 -0.79537803 -0.22622401
v 0.02751 -0.77420503 -0.19257399
v 0.034828 -0.77823001 -0.196044
v 0.037159 -0.79424798 -0.171533
v 0.027873 -0.79425001 -0.172033
v 0.034826 -0.771092 -0.035853
v 0.032435 -0.77022302 -0.26365101
v 0.036817 -0.77173501 -0.24406201
v 0.028234 -0.761886 -0.206322
v 0.040861 -0.76365101 -0.019931
v 0.037454 -0.74307901 -0.232412
v 0.040855 -0.76902801 -0.26892099
v 0.032435 -0.77022302 -0.26365101
v 0.026184 -0.71053803 -0.184322
v 0.015854 -0.72043002 -0.169018
v 0.036396 -0.72764897 -0.196878
v 0.047156 -0.70266199 -0.185508
v 0.025854 -0.64882499 -0.18793499
v 0.038113 -0.65087003 -0.190744
v 0.033209 -0.63485801 -0.194456
v 0.049897 -0.24461199 -0.080278
v 0.035594 -0.24376599 -0.007818
v 0.034341 -0.24324299 0.046661
v 0.028741 -0.221485 -0.084921
v 0.025967 -0.22387899 -0.065839
v 0.030143 -0.213394 -0.066933
v 0.02811 -0.21204799 -0.056746
v 0.02744 -0.225576 -0.024089
v 0.030796 -0.209952 -0.019753
v 0.025381 -0.212863 -0.013719
v 0.025887 -0.22403599 0.012507
v 0.026164 -0.222104 0.024149
v 0.030418 -0.21325 0.008804
v 0.042353 -0.239445 0.122977
v 0.029094 -0.219924 -0.122813
v 0.031588 -0.197235 -0.12176
v 0.024517 -0.21555001 -0.127941
v 0.028775 -0.21263801 0.036478
v 0.028046 -0.21908499 0.091049
v 0.03043 -0.203099 0.08221
v 0.026858 -0.220174 0.051415
v 0.029664 -0.19399001 0.092118
v 0.026136 -0.192486 -0.12889101
v 0.031429 -0.193386 -0.051626
v 0.032523 -0.192607 -0.000613
v 0.031508 -0.192541 0.082876
v 0.036325 -0.189307 -0.121411
v 0.036325 -0.189307 -0.121411
v 0.035411 -0.189641 0.003866
v 0.037057 -0.188489 0.089059
v 0.035411 -0.189641 0.003866
v 0.031508 -0.192541 0.082876
v 0.029664 -0.19399001 0.092118
v 0.037057 -0.188489 0.089059
v 0.047514 -0.005908 0.115096
v 0.060613 0.009812 0.112054
v 0.044426 0.067749 0.12831999
v 0.066502 0.075672 0.092351
v 0.050294 0.14630599 0.100051
v 0.051063 0.338393 0.115759
v 0.06288 0.383165 0.120757
v 0.051063 0.338393 0.115759
v 0.042619 0.362095 0.064255
v 0.06433 -0.96161902 -0.19276901
v 0.039485 -0.96161598 -0.11704
v 0.077761 -0.96042597 0.002531
v 0.053787 -0.94118398 -0.32372001
v 0.070239 -0.93528199 -0.043466
v 0.043988 -0.921911 -0.29908299
v 0.0562 -0.92358601 -0.15979099
v 0.044023 -0.92461002 -0.004332
v 0.065035 -0.930125 0.06238
v 0.056188 -0.912476 -0.36494499
v 0.044023 -0.92461002 -0.004332
v 0.049583 -0.904818 -0.14748301
v 0.052514 -0.89700198 -0.072264
v 0.031636 -0.86709499 -0.334086
v 0.042423 -0.85214001 -0.310716
v 0.046235 -0.86274999 -0.316089
v 0.053143 -0.84898299 -0.088469
v 0.02978 -0.83028799 -0.28243399
v 0.043907 -0.85100698 -0.28557199
v 0.044783 -0.824992 -0.25969499
v 0.053143 -0.84898299 -0.088469
v 0.063286 -0.846654 -0.094928
v 0.033969 -0.82013798 -0.161423
v 0.040553 -0.83192098 -0.155076
v 0.045895 -0.82277399 -0.16789301
v 0.041907 -0.80478603 -0.240601
v 0.059439 -0.80934697 -0.101306
v 0.048818 -0.79045701 0.052113
v 0.044525 -0.760607 -0.068847
v 0.046451 -0.79608202 -0.266305
v 0.045828 -0.79090297 -0.243643
v 0.043187 -0.79048401 -0.20758399
v 0.04294 -0.79724801 -0.196467
v 0.050456 -0.77872699 0.030691
v 0.046451 -0.79608202 -0.266305
v 0.050238 -0.78196597 -0.239737
v 0.036817 -0.77173501 -0.24406201
v 0.045828 -0.79090297 -0.243643
v 0.042298 -0.77437699 -0.001363
v 0.049383 -0.74801999 -0.244791
v 0.038556 -0.75313902 0.001835
v 0.0468 -0.77306002 0.024043
v 0.048667 -0.75317001 -0.25554401
v 0.049383 -0.74801999 -0.244791
v 0.037454 -0.74307901 -0.232412
v 0.036817 -0.77173501 -0.24406201
v 0.04565 -0.73544502 -0.215682
v 0.035604 -0.74764103 -0.20766801
v 0.031512 -0.75179201 -0.217777
v 0.043052 -0.74929899 -0.057492
v 0.036193 -0.74114698 -0.072292
v 0.054736 -0.73211902 -0.031327
v 0.043412 -0.73689902 -0.009983
v 0.036069 -0.725936 -0.07269
v 0.036193 -0.74114698 -0.072292
v 0.043052 -0.74929899 -0.057492
v 0.047076 -0.72490102 -0.245671
v 0.036193 -0.74114698 -0.072292
v 0.036069 -0.725936 -0.07269
v 0.042718 -0.72944301 -0.085762
v 0.037012 -0.72736299 -0.255494
v 0.047974 -0.69453198 -0.25832701
v 0.041453 -0.70284897 -0.0697
v 0.047974 -0.69453198 -0.25832701
v 0.032571 -0.67028302 -0.18282799
v 0.048917 -0.66380298 -0.25244799
v 0.052709 -0.65916198 -0.176497
v 0.044593 -0.63882703 -0.24112301
v 0.038113 -0.65087003 -0.190744
v 0.043512 -0.63330299 -0.20417701
v 0.033209 -0.63485801 -0.194456
v 0.036395 -0.63448799 -0.218376
v 0.03272 -0.62414098 -0.20318
v 0.050181 -0.244776 0.023897
v 0.050428 -0.18819401 -0.044978
v 0.044675 0.088952 0.104059
v 0.06776 0.16448601 0.079965
v 0.059257 0.232511 0.087189
v 0.059257 0.232511 0.087189
v 0.061008 -0.94390899 -0.35452199
v 0.056498 -0.93351901 -0.27404201
v 0.046272 -0.92881101 -0.27965799
v 0.145215 -0.93196303 -0.116845
v 0.060721 -0.93051398 -0.087232
v 0.047914 -0.93020898 -0.026557
v 0.050857 -0.92516702 0.012613
v 0.048155 -0.93460602 0.003652
v 0.050857 -0.92516702 0.012613
v 0.071828 -0.93037999 0.090416
v 0.058565 -0.91119599 -0.27552801
v 0.046272 -0.92881101 -0.27965799
v 0.043988 -0.921911 -0.29908299
v 0.057177 -0.89723599 -0.35829899
v 0.058565 -0.91119599 -0.27552801
v 0.043988 -0.921911 -0.29908299
v 0.055432 -0.89891601 -0.28523901
v 0.047417 -0.88458401 -0.332362
v 0.057961 -0.88862598 -0.33350301
v 0.057177 -0.89723599 -0.35829899
v 0.065106 -0.87893999 -0.152899
v 0.058204 -0.88173002 -0.30278599
v 0.046019 -0.854918 -0.28557
v 0.05197 -0.85302901 -0.27839801
v 0.052765 -0.83082598 -0.266711
v 0.053839 -0.83396399 -0.15640099
v 0.053839 -0.83396399 -0.15640099
v 0.050959 -0.81276798 -0.25630799
v 0.044783 -0.824992 -0.25969499
v 0.041907 -0.80478603 -0.240601
v 0.079216 -0.824615 -0.119274
v 0.043082 -0.831595 0.056894
v 0.063818 -0.81571901 0.064812
v 0.04131 -0.810615 0.045973
v 0.059747 -0.81941199 -0.18334199
v 0.059439 -0.80934697 -0.101306
v 0.041296 -0.81189102 -0.07715
v 0.057719 -0.80296701 -0.092137
v 0.065901 -0.80093998 0.072489
v 0.050959 -0.81276798 -0.25630799
v 0.041907 -0.80478603 -0.240601
v 0.052935 -0.80044597 -0.233354
v 0.041907 -0.80478603 -0.240601
v 0.052935 -0.80044597 -0.233354
v 0.056367 -0.79663801 -0.20917401
v 0.065901 -0.80093998 0.072489
v 0.043187 -0.79048401 -0.20758399
v 0.044525 -0.760607 -0.068847
v 0.055312 -0.75468898 -0.079659
v 0.037012 -0.72736299 -0.255494
v 0.049383 -0.74801999 -0.244791
v 0.048667 -0.75317001 -0.25554401
v 0.05753 -0.73360002 -0.19994099
v 0.053042 -0.72774303 0.019487
v 0.058642 -0.72481 -0.190311
v 0.05753 -0.73360002 -0.19994099
v 0.035604 -0.74764103 -0.20766801
v 0.065281 -0.717125 -0.045564
v 0.053577 -0.72185397 -0.011152
v 0.041453 -0.70284897 -0.0697
v 0.065688 -0.698174 -0.232932
v 0.063215 -0.70853502 -0.083548
v 0.054043 -0.67990202 -0.182992
v 0.055402 -0.65008903 -0.207853
v 0.052709 -0.65916198 -0.176497
v 0.044593 -0.63882703 -0.24112301
v 0.040884 -0.61983001 -0.23108999
v 0.042353 -0.239445 0.122977
v 0.050474 -0.244224 0.113531
v 0.058281 -0.238767 0.113453
v 0.058281 -0.238767 0.113453
v 0.0589 -0.19305 0.112639
v 0.067763 0.013224 0.085886
v 0.047514 -0.005908 0.115096
v 0.067763 0.013224 0.085886
v 0.058926 0.078825 0.110524
v 0.058926 0.078825 0.110524
v 0.030321 0.089503 0.123891
v 0.067961 0.15803 0.099042
v 0.077155 0.207637 0.081646
v 0.062073 0.232224 0.102035
v 0.062073 0.232224 0.102035
v 0.07603 0.40080601 0.080362
v 0.066845 0.42409399 0.089398
v 0.066845 0.42409399 0.089398
v 0.069077 0.42518899 0.10472
v 0.16802301 -0.997522 -0.187631
v 0.035543 -0.94853902 -0.342392
v 0.061008 -0.94390899 -0.35452199
v 0.053787 -0.94118398 -0.32372001
v 0.068531 -0.93814099 -0.336243
v 0.064262 -0.92949498 0.131358
v 0.061008 -0.94390899 -0.35452199
v 0.06975 -0.92586601 -0.359359
v 0.078059 -0.93580198 -0.106334
v 0.042241 -0.94172198 -0.036167
v 0.068027 -0.92424703 -0.05412
v 0.071922 -0.93118501 -0.066051
v 0.070239 -0.93528199 -0.043466
v 0.0562 -0.92358601 -0.15979099
v 0.06915 -0.93305099 -0.038527
v 0.067091 -0.92391002 0.034922
v 0.067354 -0.91062701 0.050423
v 0.043988 -0.921911 -0.29908299
v 0.061559 -0.91113901 -0.308586
v 0.055432 -0.89891601 -0.28523901
v 0.061559 -0.91113901 -0.308586
v 0.055432 -0.89891601 -0.28523901
v 0.055966 -0.88144302 -0.282359
v 0.071347 -0.90521598 -0.153897
v 0.033233 -0.87163198 0.03806
v 0.067354 -0.91062701 0.050423
v 0.074809 -0.87883401 0.06785
v 0.072554 -0.86023098 -0.15238699
v 0.067005 -0.86050999 -0.25953701
v 0.059056 -0.845227 -0.28018001
v 0.077418 -0.832434 0.07625
v 0.063401 -0.84050399 -0.116019
v 0.066636 -0.84549302 -0.17205501
v 0.06148 -0.82083499 -0.25825301
v 0.06148 -0.82083499 -0.25825301
v 0.056367 -0.79663801 -0.20917401
v 0.060091 -0.79366899 -0.25725099
v 0.050238 -0.78196597 -0.239737
v 0.052935 -0.80044597 -0.233354
v 0.061507 -0.788894 -0.246326
v 0.070877 -0.76674998 -0.092837
v 0.060091 -0.79366899 -0.25725099
v 0.058384 -0.73498499 0.030052
v 0.065281 -0.717125 -0.045564
v 0.056168 -0.71789801 -0.216811
v 0.062781 -0.71643198 -0.199058
v 0.057435 -0.710186 -0.19246
v 0.047156 -0.70266199 -0.185508
v 0.058642 -0.72481 -0.190311
v 0.062802 -0.69270802 -0.066497
v 0.068828 -0.70011902 -0.04785
v 0.062802 -0.69270802 -0.066497
v 0.048917 -0.66380298 -0.25244799
v 0.054043 -0.67990202 -0.182992
v 0.058908 -0.67755598 -0.19310901
v 0.052709 -0.65916198 -0.176497
v 0.044593 -0.63882703 -0.24112301
v 0.067053 -0.67720598 -0.221443
v 0.055402 -0.65008903 -0.207853
v 0.050736 -0.24419101 -0.144584
v 0.049181 -0.240812 -0.154275
v 0.05863 -0.23910201 -0.14314801
v 0.049897 -0.24461199 -0.080278
v 0.059438 -0.23934899 0.034086
v 0.050181 -0.244776 0.023897
v 0.05863 -0.23910201 -0.14314801
v 0.058449 -0.192966 -0.14328299
v 0.0589 -0.19305 0.112639
v 0.058449 -0.192966 -0.14328299
v 0.059636 -0.19313399 -0.018546
v 0.054056 -0.005005 0.096379
v 0.077658 0.040562 0.098448
v 0.066502 0.075672 0.092351
v 0.050294 0.14630599 0.100051
v 0.069678 0.345934 0.095263
v 0.166354 -0.98925501 -0.37352699
v 0.112805 -0.96334398 0.121186
v 0.123313 -0.96173102 -0.19440199
v 0.06915 -0.93305099 -0.038527
v 0.052076 -0.925475 -0.027167
v 0.068531 -0.93814099 -0.336243
v 0.061559 -0.91113901 -0.308586
v 0.07783 -0.92970401 0.04806
v 0.069756 -0.92378402 -0.16602001
v 0.067091 -0.92391002 0.034922
v 0.069756 -0.92378402 -0.16602001
v 0.073045 -0.895854 -0.35275999
v 0.066657 -0.90220398 -0.29252201
v 0.057961 -0.88862598 -0.33350301
v 0.072165 -0.88271999 -0.261733
v 0.079885 -0.88992101 -0.09159
v 0.074058 -0.84783 -0.255346
v 0.072554 -0.86023098 -0.15238699
v 0.073472 -0.83639699 -0.25687999
v 0.073472 -0.83639699 -0.25687999
v 0.052765 -0.83082598 -0.266711
v 0.071917 -0.83586299 -0.184885
v 0.063401 -0.84050399 -0.116019
v 0.081311 -0.83407801 -0.212282
v 0.075225 -0.83298498 -0.23288099
v 0.069782 -0.81134999 -0.24869999
v 0.069782 -0.81134999 -0.24869999
v 0.093594 -0.76004899 0.049238
v 0.072783 -0.73209202 -0.080285
v 0.079758 -0.73476702 0.041513
v 0.058384 -0.73498499 0.030052
v 0.065396 -0.72178799 0.02287
v 0.053042 -0.72774303 0.019487
v 0.079758 -0.73476702 0.041513
v 0.074932 -0.711088 -0.036874
v 0.08208 -0.70879698 -0.012455
v 0.053577 -0.72185397 -0.011152
v 0.063439 -0.69956797 -0.20249499
v 0.047156 -0.70266199 -0.185508
v 0.063439 -0.69956797 -0.20249499
v 0.076761 -0.693156 -0.179608
v 0.064631 -0.68575299 -0.200928
v 0.076761 -0.693156 -0.179608
v 0.059765 -0.231452 -0.03278
v 0.0589 -0.19305 0.112639
v 0.059636 -0.19313399 -0.018546
v 0.058449 -0.192966 -0.14328299
v 0.074653 0.024439 0.098161
v 0.067763 0.013224 0.085886
v 0.067961 0.15803 0.099042
v 0.078963 0.17886101 0.094313
v 0.078837 0.20662799 0.092512
v 0.075088 0.365848 0.08091
v 0.084125 0.372713 0.095624
v 0.069077 0.42518899 0.10472
v 0.123779 -0.95652503 0.130777
v 0.09434 -0.95552999 -0.003739
v 0.068531 -0.93814099 -0.336243
v 0.061008 -0.94390899 -0.35452199
v 0.06975 -0.92586601 -0.359359
v 0.07966 -0.93119597 -0.16350301
v 0.083534 -0.92708099 -0.18737601
v 0.087134 -0.92364001 0.083909
v 0.083113 -0.90623701 -0.33531401
v 0.082803 -0.910586 -0.27406901
v 0.073782 -0.911529 -0.075183
v 0.067091 -0.92391002 0.034922
v 0.09087 -0.92521101 0.051554
v 0.073045 -0.895854 -0.35275999
v 0.055432 -0.89891601 -0.28523901
v 0.085161 -0.898637 -0.273633
v 0.066657 -0.90220398 -0.29252201
v 0.072165 -0.88271999 -0.261733
v 0.091035 -0.86897999 -0.242213
v 0.065106 -0.87893999 -0.152899
v 0.075845 -0.86910403 -0.17052899
v 0.081611 -0.86594403 -0.099221
v 0.063286 -0.846654 -0.094928
v 0.078441 -0.85306102 -0.19183999
v 0.073472 -0.83639699 -0.25687999
v 0.079676 -0.79814601 -0.101808
v 0.089006 -0.78140998 0.073592
v 0.082091 -0.712201 -0.06392
v 0.074932 -0.711088 -0.036874
v 0.074932 -0.711088 -0.036874
v 0.062802 -0.69270802 -0.066497
v 0.068828 -0.70011902 -0.04785
v 0.082091 -0.712201 -0.06392
v 0.076761 -0.693156 -0.179608
v 0.077658 0.040562 0.098448
v 0.066502 0.075672 0.092351
v 0.078963 0.17886101 0.094313
v 0.078837 0.20662799 0.092512
v 0.062073 0.232224 0.102035
v 0.069678 0.345934 0.095263
v 0.075088 0.365848 0.08091
v 0.123402 -0.98912698 -0.19340099
v 0.159896 -0.989124 0.307576
v 0.14053901 -0.96151799 -0.26307601
v 0.120833 -0.962295 -0.238058
v 0.123779 -0.95652503 0.130777
v 0.147319 -0.93446898 -0.105657
v 0.102094 -0.93153799 -0.068215
v 0.09087 -0.92521101 0.051554
v 0.087504 -0.92447501 0.091436
v 0.087504 -0.92447501 0.091436
v 0.069756 -0.92378402 -0.16602001
v 0.089033 -0.913109 -0.18870001
v 0.071347 -0.90521598 -0.153897
v 0.083534 -0.92708099 -0.18737601
v 0.100397 -0.92271101 0.095899
v 0.096375 -0.90648401 0.13049801
v 0.085161 -0.898637 -0.273633
v 0.08822 -0.88392198 -0.181339
v 0.087844 -0.85306501 -0.246015
v 0.082721 -0.84702301 -0.217767
v 0.09565 -0.83819902 -0.196476
v 0.087844 -0.85306501 -0.246015
v 0.10046 -0.84614098 -0.104941
v 0.095542 -0.82165903 0.07548
v 0.110627 -0.80638999 -0.108962
v 0.106685 -0.82545102 -0.121476
v 0.105651 -0.80369598 0.084043
v 0.093939 -0.71351898 0.015412
v 0.074932 -0.711088 -0.036874
v 0.074653 0.024439 0.098161
v 0.084125 0.372713 0.095624
v 0.069678 0.345934 0.095263
v 0.082725 0.401344 0.095136
v 0.082725 0.401344 0.095136
v 0.069077 0.42518899 0.10472
v 0.089246 -0.92363298 -0.24048001
v 0.08163 -0.92614698 -0.23246101
v 0.092265 -0.930933 -0.231535
v 0.071922 -0.93118501 -0.066051
v 0.105795 -0.923922 -0.068655
v 0.102094 -0.93153799 -0.068215
v 0.105795 -0.923922 -0.068655
v 0.071922 -0.93118501 -0.066051
v 0.068027 -0.92424703 -0.05412
v 0.097084 -0.90015298 -0.241993
v 0.090338 -0.92657799 -0.201864
v 0.068027 -0.92424703 -0.05412
v 0.073782 -0.911529 -0.075183
v 0.109816 -0.91452003 -0.081348
v 0.110808 -0.91613901 0.058332
v 0.08163 -0.92614698 -0.23246101
v 0.097084 -0.90015298 -0.241993
v 0.095277 -0.896864 -0.23764101
v 0.079885 -0.88992101 -0.09159
v 0.095277 -0.896864 -0.23764101
v 0.090928 -0.89787 -0.25972301
v 0.094509 -0.87610698 -0.209885
v 0.095277 -0.896864 -0.23764101
v 0.091035 -0.86897999 -0.242213
v 0.081611 -0.86594403 -0.099221
v 0.063286 -0.846654 -0.094928
v 0.10046 -0.84614098 -0.104941
v 0.104821 -0.88204002 0.073248
v 0.081311 -0.83407801 -0.212282
v 0.09565 -0.83819902 -0.196476
v 0.078441 -0.85306102 -0.19183999
v 0.112434 -0.83800399 -0.123909
v 0.112726 -0.75803697 -0.101318
v 0.105653 -0.75036103 0.049431
v 0.093594 -0.76004899 0.049238
v 0.118099 -0.70261699 -0.052169
v 0.128833 -0.99756902 -0.243443
v 0.13653 -0.95522398 -0.27240399
v 0.126395 -0.93780798 -0.19248299
v 0.090338 -0.92657799 -0.201864
v 0.141289 -0.93119299 -0.157747
v 0.09219 -0.92343003 -0.21398801
v 0.092265 -0.930933 -0.231535
v 0.100473 -0.909356 -0.213837
v 0.108349 -0.92533898 0.050584
v 0.131448 -0.89617801 -0.261729
v 0.097084 -0.90015298 -0.241993
v 0.149547 -0.89711797 0.121784
v 0.112399 -0.86467099 -0.102717
v 0.120699 -0.89069003 -0.094771
v 0.112434 -0.83800399 -0.123909
v 0.089006 -0.78140998 0.073592
v 0.116295 -0.719199 -0.082962
v 0.118099 -0.70261699 -0.052169
v 0.082091 -0.712201 -0.06392
v 0.118916 -0.988873 0.069052
v 0.116517 -0.98853302 0.116673
v 0.16485099 -0.96182299 -0.023843
v 0.13333499 -0.96044898 0.004298
v 0.115447 -0.96222597 0.060193
v 0.149083 -0.94426101 0.131272
v 0.125257 -0.92872 -0.20478299
v 0.118831 -0.92934602 -0.182824
v 0.145321 -0.92954099 -0.090971
v 0.092265 -0.930933 -0.231535
v 0.108349 -0.92533898 0.050584
v 0.111717 -0.93094099 0.058486
v 0.106983 -0.93058598 0.090488
v 0.106983 -0.93058598 0.090488
v 0.107122 -0.86672699 -0.1794
v 0.111848 -0.83487999 -0.179666
v 0.106914 -0.86008 -0.214798
v 0.112368 -0.77844 0.0784
v 0.089006 -0.78140998 0.073592
v 0.112368 -0.77844 0.0784
v 0.11564 -0.76022899 0.053975
v 0.116647 -0.70440203 -0.010393
v 0.122138 -0.989133 0.13653
v 0.112917 -0.96173102 0.069484
v 0.115447 -0.96222597 0.060193
v 0.119102 -0.97099602 0.065521
v 0.13653 -0.95522398 -0.27240399
v 0.123365 -0.95630598 -0.007797
v 0.12698901 -0.95493501 -0.001615
v 0.15286 -0.962161 0.008718
v 0.107436 -0.94666201 -0.003959
v 0.09434 -0.95552999 -0.003739
v 0.123365 -0.95630598 -0.007797
v 0.09434 -0.95552999 -0.003739
v 0.107436 -0.94666201 -0.003959
v 0.12698901 -0.95493501 -0.001615
v 0.15661301 -0.90179902 0.130247
v 0.121422 -0.898561 -0.241301
v 0.15661301 -0.90179902 0.130247
v 0.112439 -0.89929003 -0.213238
v 0.122625 -0.89687097 -0.23508701
v 0.121516 -0.90906602 -0.188822
v 0.114268 -0.90221602 -0.17296299
v 0.123806 -0.88123202 -0.154797
v 0.111848 -0.83487999 -0.179666
v 0.107122 -0.86672699 -0.1794
v 0.127287 -0.83680201 -0.167045
v 0.123806 -0.88123202 -0.154797
v 0.122692 -0.82214999 -0.20878901
v 0.12650201 -0.83549201 0.076575
v 0.141588 -0.843014 -0.113338
v 0.133985 -0.84554303 -0.101059
v 0.142561 -0.73011601 0.03151
v 0.125571 -0.98652297 -0.19975001
v 0.124737 -0.98760802 -0.236412
v 0.123416 -0.98611802 0.064147
v 0.123803 -0.98153502 0.124139
v 0.116517 -0.98853302 0.116673
v 0.133357 -0.98773599 0.12804499
v 0.133357 -0.98773599 0.12804499
v 0.118916 -0.988873 0.069052
v 0.119102 -0.97099602 0.065521
v 0.123416 -0.98611802 0.064147
v 0.120433 -0.97178 0.121972
v 0.118916 -0.988873 0.069052
v 0.116517 -0.98853302 0.116673
v 0.120433 -0.97178 0.121972
v 0.112805 -0.96334398 0.121186
v 0.126899 -0.96186602 0.052793
v 0.112805 -0.96334398 0.121186
v 0.136777 -0.94484597 -0.014157
v 0.133194 -0.941037 -0.001976
v 0.107436 -0.94666201 -0.003959
v 0.136777 -0.94484597 -0.014157
v 0.133194 -0.941037 -0.001976
v 0.134565 -0.93188 -0.231791
v 0.134565 -0.93188 -0.231791
v 0.145533 -0.93089801 -0.074371
v 0.149336 -0.93050098 0.047245
v 0.145054 -0.92393702 -0.240132
v 0.121422 -0.898561 -0.241301
v 0.129673 -0.92306 -0.205321
v 0.13335501 -0.92324501 -0.17231201
v 0.13066299 -0.89797699 -0.15058801
v 0.13598099 -0.89559001 0.063216
v 0.131448 -0.89617801 -0.261729
v 0.123029 -0.87056899 -0.24186601
v 0.12806299 -0.83346498 -0.229991
v 0.133985 -0.84554303 -0.101059
v 0.121521 -0.82744902 -0.168662
v 0.14565 -0.83399898 -0.119476
v 0.128719 -0.81399202 -0.19402
v 0.133963 -0.81816697 -0.17713401
v 0.128719 -0.81399202 -0.19402
v 0.13688 -0.821652 0.071828
v 0.174594 -0.997527 0.090022
v 0.17451499 -0.98921299 0.059744
v 0.124684 -0.97346097 -0.211619
v 0.128042 -0.97288197 -0.232979
v 0.124737 -0.98760802 -0.236412
v 0.125571 -0.98652297 -0.19975001
v 0.12970901 -0.97243202 -0.20070501
v 0.128859 -0.96723402 0.059888
v 0.120833 -0.962295 -0.238058
v 0.123313 -0.96173102 -0.19440199
v 0.128859 -0.96723402 0.059888
v 0.115447 -0.96222597 0.060193
v 0.123365 -0.95630598 -0.007797
v 0.16485099 -0.96182299 -0.023843
v 0.14732499 -0.96104699 -0.01277
v 0.136915 -0.95523602 -0.004874
v 0.14732499 -0.96104699 -0.01277
v 0.136915 -0.95523602 -0.004874
v 0.136814 -0.92747903 -0.192039
v 0.14421301 -0.93293202 -0.055903
v 0.13335501 -0.92324501 -0.17231201
v 0.14421301 -0.93293202 -0.055903
v 0.148206 -0.92888802 0.058189
v 0.148221 -0.92794502 0.093485
v 0.14506499 -0.924303 0.037894
v 0.13699301 -0.91434401 -0.23263299
v 0.152732 -0.89713401 0.105994
v 0.15377299 -0.89821202 -0.26856101
v 0.135709 -0.89230698 -0.246829
v 0.122625 -0.89687097 -0.23508701
v 0.135709 -0.89230698 -0.246829
v 0.145384 -0.80272299 0.074193
v 0.141535 -0.80365801 -0.102641
v 0.112368 -0.77844 0.0784
v 0.145384 -0.80272299 0.074193
v 0.138321 -0.78441399 0.062358
v 0.11564 -0.76022899 0.053975
v 0.130193 -0.77103102 0.049947
v 0.105653 -0.75036103 0.049431
v 0.135933 -0.74482298 0.041662
v 0.135933 -0.74482298 0.041662
v 0.15088899 -0.718808 0.015693
v 0.137107 -0.70476401 -0.023499
v 0.175769 -0.98922902 0.131317
v 0.124737 -0.98760802 -0.236412
v 0.128042 -0.97288197 -0.232979
v 0.160303 -0.972754 -0.234505
v 0.120833 -0.962295 -0.238058
v 0.161165 -0.96361202 0.124115
v 0.152427 -0.91486698 -0.270744
v 0.148655 -0.93398601 -0.231176
v 0.14371499 -0.92425299 -0.223912
v 0.14371499 -0.92425299 -0.223912
v 0.125257 -0.92872 -0.20478299
v 0.136814 -0.92747903 -0.192039
v 0.147678 -0.92326498 -0.062964
v 0.14506499 -0.924303 0.037894
v 0.148221 -0.92794502 0.093485
v 0.14508501 -0.904706 0.055632
v 0.121422 -0.898561 -0.241301
v 0.145054 -0.92393702 -0.240132
v 0.13335501 -0.92324501 -0.17231201
v 0.142454 -0.91332299 -0.15621801
v 0.13066299 -0.89797699 -0.15058801
v 0.148303 -0.898853 -0.080369
v 0.148736 -0.90174001 0.093241
v 0.135709 -0.89230698 -0.246829
v 0.14055 -0.87075001 -0.259565
v 0.14502101 -0.88715601 -0.250126
v 0.152273 -0.89473301 -0.149854
v 0.138282 -0.86768103 -0.15464599
v 0.14055 -0.87075001 -0.259565
v 0.123806 -0.88123202 -0.154797
v 0.14724299 -0.87102002 -0.091505
v 0.14182501 -0.85560799 -0.25044799
v 0.127287 -0.83680201 -0.167045
v 0.13808601 -0.81915402 -0.228223
v 0.152797 -0.82902098 0.066819
v 0.14469901 -0.80916703 -0.218465
v 0.152225 -0.75913602 -0.092754
v 0.144337 -0.77517003 0.040607
v 0.149047 -0.70994198 -0.008247
v 0.15234999 -0.72092301 -0.073748
v 0.17281599 -0.988922 -0.237702
v 0.171757 -0.98905301 -0.196803
v 0.165455 -0.98609102 0.064913
v 0.17281599 -0.988922 -0.237702
v 0.125571 -0.98652297 -0.19975001
v 0.171757 -0.98905301 -0.196803
v 0.12970901 -0.97243202 -0.20070501
v 0.160954 -0.97308302 -0.200432
v 0.165455 -0.98609102 0.064913
v 0.123313 -0.96173102 -0.19440199
v 0.16497 -0.98666799 0.124345
v 0.170333 -0.96184403 -0.238131
v 0.170333 -0.96184403 -0.238131
v 0.145522 -0.94923103 -0.0036
v 0.145522 -0.94923103 -0.0036
v 0.136915 -0.95523602 -0.004874
v 0.14553399 -0.93756002 -0.032127
v 0.146708 -0.92828202 -0.001798
v 0.16450401 -0.95486403 -0.26403999
v 0.14553399 -0.93756002 -0.032127
v 0.146708 -0.92828202 -0.001798
v 0.148655 -0.93398601 -0.231176
v 0.15243299 -0.92383897 -0.155146
v 0.15243299 -0.92383897 -0.155146
v 0.152253 -0.89677501 0.054235
v 0.14588 -0.89240199 -0.26032799
v 0.15377299 -0.89821202 -0.26856101
v 0.14588 -0.89240199 -0.26032799
v 0.154192 -0.86726499 -0.25742999
v 0.14055 -0.87075001 -0.259565
v 0.14182501 -0.85560799 -0.25044799
v 0.14607 -0.85393298 -0.154883
v 0.14724299 -0.87102002 -0.091505
v 0.133985 -0.84554303 -0.101059
v 0.16275799 -0.85505801 -0.084807
v 0.145419 -0.83486903 -0.148323
v 0.147764 -0.84139103 -0.25859901
v 0.14565 -0.83399898 -0.119476
v 0.14631701 -0.818905 -0.241502
v 0.152485 -0.83135301 -0.156146
v 0.145419 -0.83486903 -0.148323
v 0.144631 -0.80247003 -0.23246901
v 0.158278 -0.79913801 -0.19755
v 0.14469901 -0.80916703 -0.218465
v 0.16942701 -0.79696703 0.050418
v 0.160263 -0.78220499 0.035198
v 0.151227 -0.743433 0.042088
v 0.151227 -0.743433 0.042088
v 0.160046 -0.738217 0.038175
v 0.15430801 -0.70829397 -0.051661
v 0.168164 -0.97049302 0.063959
v 0.165558 -0.96248299 0.055356
v 0.165558 -0.96248299 0.055356
v 0.16450401 -0.95486403 -0.26403999
v 0.14553399 -0.93756002 -0.032127
v 0.145522 -0.94923103 -0.0036
v 0.146708 -0.92828202 -0.001798
v 0.148655 -0.93398601 -0.231176
v 0.157387 -0.92394203 -0.23241
v 0.15319701 -0.924115 -0.107578
v 0.152633 -0.92368102 -0.075894
v 0.152633 -0.92368102 -0.075894
v 0.145533 -0.93089801 -0.074371
v 0.147678 -0.92326498 -0.062964
v 0.14421301 -0.93293202 -0.055903
v 0.157387 -0.92394203 -0.23241
v 0.145054 -0.92393702 -0.240132
v 0.157387 -0.92394203 -0.23241
v 0.13699301 -0.91434401 -0.23263299
v 0.15319701 -0.924115 -0.107578
v 0.151875 -0.906331 -0.083419
v 0.14506499 -0.924303 0.037894
v 0.149336 -0.93050098 0.047245
v 0.14508501 -0.904706 0.055632
v 0.148206 -0.92888802 0.058189
v 0.15202101 -0.905604 -0.14398
v 0.15202101 -0.905604 -0.14398
v 0.15243299 -0.92383897 -0.155146
v 0.148303 -0.898853 -0.080369
v 0.149561 -0.90199703 0.063514
v 0.148221 -0.92794502 0.093485
v 0.148736 -0.90174001 0.093241
v 0.151875 -0.906331 -0.083419
v 0.148303 -0.898853 -0.080369
v 0.160723 -0.899921 -0.07895
v 0.15285 -0.89739799 0.090049
v 0.154808 -0.893103 -0.24412601
v 0.152253 -0.89677501 0.054235
v 0.152732 -0.89713401 0.105994
v 0.17524201 -0.89748198 0.115414
v 0.17489301 -0.89930999 0.121204
v 0.15941299 -0.88910401 -0.286733
v 0.15377299 -0.89821202 -0.26856101
v 0.154808 -0.893103 -0.24412601
v 0.148303 -0.898853 -0.080369
v 0.120699 -0.89069003 -0.094771
v 0.14724299 -0.87102002 -0.091505
v 0.170102 -0.87871403 -0.28911901
v 0.161878 -0.86084598 0.053346
v 0.16913 -0.88040501 -0.145845
v 0.16103201 -0.85351998 -0.159738
v 0.16275799 -0.85505801 -0.084807
v 0.15967301 -0.84514999 -0.101355
v 0.16406401 -0.812415 -0.171569
v 0.160707 -0.82853597 -0.110971
v 0.14631701 -0.818905 -0.241502
v 0.144631 -0.80247003 -0.23246901
v 0.158594 -0.81138903 -0.22724
v 0.144631 -0.80247003 -0.23246901
v 0.14469901 -0.80916703 -0.218465
v 0.158594 -0.81138903 -0.22724
v 0.16525801 -0.81152999 -0.096185
v 0.15430801 -0.70829397 -0.051661
v 0.16555899 -0.718674 -0.061117
v 0.15453599 -0.69802701 -0.01433
v 0.137107 -0.70476401 -0.023499
v 0.16294 -0.69507498 -0.046246
v 0.156959 -0.68630099 -0.024072
v 0.156959 -0.68630099 -0.024072
v 0.202528 -0.98904401 0.14366999
v 0.176438 -0.961568 -0.195043
v 0.176438 -0.961568 -0.195043
v 0.16857199 -0.95244199 0.125826
v 0.16246299 -0.90256 -0.26883399
v 0.16248401 -0.89907801 -0.143472
v 0.15202101 -0.905604 -0.14398
v 0.16246299 -0.90256 -0.26883399
v 0.16248401 -0.89907801 -0.143472
v 0.173279 -0.897888 -0.05776
v 0.152253 -0.89677501 0.054235
v 0.16498201 -0.89704698 0.049151
v 0.163663 -0.895639 0.04237
v 0.15285 -0.89739799 0.090049
v 0.17194 -0.88007998 -0.069571
v 0.173279 -0.897888 -0.05776
v 0.152253 -0.89677501 0.054235
v 0.163663 -0.895639 0.04237
v 0.161878 -0.86084598 0.053346
v 0.170102 -0.87871403 -0.28911901
v 0.17194 -0.88007998 -0.069571
v 0.166926 -0.86544698 -0.247619
v 0.14182501 -0.85560799 -0.25044799
v 0.147764 -0.84139103 -0.25859901
v 0.162449 -0.84054601 -0.24185701
v 0.166926 -0.86544698 -0.247619
v 0.171225 -0.85452098 -0.093881
v 0.152485 -0.83135301 -0.156146
v 0.15967301 -0.84514999 -0.101355
v 0.170035 -0.82476503 -0.23525199
v 0.180784 -0.81351203 0.039851
v 0.158278 -0.79913801 -0.19755
v 0.14469901 -0.80916703 -0.218465
v 0.16525801 -0.81152999 -0.096185
v 0.152225 -0.75913602 -0.092754
v 0.174998 -0.80869198 -0.083499
v 0.168348 -0.75052702 -0.080102
v 0.168348 -0.75052702 -0.080102
v 0.175295 -0.724684 0.003855
v 0.16699401 -0.71259999 -0.024395
v 0.16497 -0.98666799 0.124345
v 0.160954 -0.97308302 -0.200432
v 0.171757 -0.98905301 -0.196803
v 0.170706 -0.98312998 -0.20794
v 0.165455 -0.98609102 0.064913
v 0.168164 -0.97049302 0.063959
v 0.1697 -0.98558199 0.110938
v 0.16497 -0.98666799 0.124345
v 0.161165 -0.96361202 0.124115
v 0.17135701 -0.967309 -0.203877
v 0.160954 -0.97308302 -0.200432
v 0.170706 -0.98312998 -0.20794
v 0.170745 -0.964127 0.109504
v 0.160303 -0.972754 -0.234505
v 0.170333 -0.96184403 -0.238131
v 0.17135701 -0.967309 -0.203877
v 0.176438 -0.961568 -0.195043
v 0.160954 -0.97308302 -0.200432
v 0.15286 -0.962161 0.008718
v 0.17674799 -0.96131301 0.068859
v 0.17674799 -0.96131301 0.068859
v 0.17255899 -0.90450698 -0.25659499
v 0.17489301 -0.89930999 0.121204
v 0.174908 -0.90862602 -0.29263499
v 0.17691 -0.90748298 0.034391
v 0.194271 -0.89436698 -0.32032499
v 0.177356 -0.90212899 -0.304185
v 0.184072 -0.89242601 -0.159059
v 0.177222 -0.86098498 0.03194
v 0.166618 -0.87108999 -0.259049
v 0.17274199 -0.85366499 -0.077916
v 0.177983 -0.84779799 -0.239712
v 0.18053 -0.84173602 -0.15506101
v 0.17801499 -0.85050201 -0.113833
v 0.175642 -0.83232498 0.048163
v 0.16406401 -0.812415 -0.171569
v 0.17947499 -0.83174002 -0.123314
v 0.18669 -0.81254798 -0.209493
v 0.176833 -0.80490202 -0.18924201
v 0.16942701 -0.79696703 0.050418
v 0.17407399 -0.76726103 0.029012
v 0.160046 -0.738217 0.038175
v 0.15234999 -0.72092301 -0.073748
v 0.183338 -0.74397999 -0.061412
v 0.16555899 -0.718674 -0.061117
v 0.177664 -0.73585403 0.022259
v 0.179334 -0.71112299 -0.064608
v 0.16699401 -0.71259999 -0.024395
v 0.169058 -0.69765103 -0.015963
v 0.15453599 -0.69802701 -0.01433
v 0.156959 -0.68630099 -0.024072
v 0.17425901 -0.683393 -0.023885
v 0.17281599 -0.988922 -0.237702
v 0.1697 -0.98558199 0.110938
v 0.17135701 -0.967309 -0.203877
v 0.180876 -0.95467699 -0.233766
v 0.17135701 -0.967309 -0.203877
v 0.17685799 -0.96077299 -0.04224
v 0.17685799 -0.96077299 -0.04224
v 0.165558 -0.96248299 0.055356
v 0.17674799 -0.96131301 0.068859
v 0.183181 -0.954835 0.099303
v 0.16857199 -0.95244199 0.125826
v 0.18068001 -0.95262301 0.111531
v 0.174908 -0.90862602 -0.29263499
v 0.18708999 -0.91270798 -0.279266
v 0.16246299 -0.90256 -0.26883399
v 0.17255899 -0.90450698 -0.25659499
v 0.17775001 -0.90142101 -0.26244
v 0.176612 -0.90248001 -0.082605
v 0.17693099 -0.90157503 -0.148541
v 0.179121 -0.91878003 -0.022428
v 0.17400099 -0.90019703 -0.042684
v 0.177742 -0.90127403 -0.00829
v 0.17867699 -0.91142201 0.011823
v 0.181271 -0.89078403 0.022031
v 0.17691 -0.90748298 0.034391
v 0.182483 -0.90327501 0.050874
v 0.178975 -0.889651 -0.25783601
v 0.172903 -0.88664699 -0.24730299
v 0.17255899 -0.90450698 -0.25659499
v 0.178785 -0.90082198 -0.24451301
v 0.17255899 -0.90450698 -0.25659499
v 0.172903 -0.88664699 -0.24730299
v 0.17693099 -0.90157503 -0.148541
v 0.173279 -0.897888 -0.05776
v 0.182872 -0.88280398 -0.049232
v 0.17938299 -0.89736998 0.091541
v 0.19234399 -0.88395602 -0.28132701
v 0.166618 -0.87108999 -0.259049
v 0.19234399 -0.88395602 -0.28132701
v 0.166618 -0.87108999 -0.259049
v 0.189558 -0.86701399 -0.23855001
v 0.17274199 -0.85366499 -0.077916
v 0.17801499 -0.85050201 -0.113833
v 0.175642 -0.83232498 0.048163
v 0.177506 -0.81772202 -0.116037
v 0.181416 -0.81744897 -0.07935
v 0.176833 -0.80490202 -0.18924201
v 0.180149 -0.78705901 0.010973
v 0.183864 -0.769665 0.016019
v 0.177664 -0.73585403 0.022259
v 0.183338 -0.74397999 -0.061412
v 0.16699401 -0.71259999 -0.024395
v 0.175295 -0.724684 0.003855
v 0.18382999 -0.74889201 -0.033504
v 0.186455 -0.71714199 -0.03764
v 0.169058 -0.69765103 -0.015963
v 0.186799 -0.69566 -0.055721
v 0.19252101 -0.70084703 -0.016555
v 0.194399 -0.68638498 -0.029622
v 0.17425901 -0.683393 -0.023885
v 0.180876 -0.95467699 -0.233766
v 0.18371201 -0.95491099 -0.19090401
v 0.18316101 -0.954772 -0.099897
v 0.17685799 -0.96077299 -0.04224
v 0.183512 -0.95451999 -0.023769
v 0.184985 -0.927553 -0.182946
v 0.183705 -0.93257999 -0.111281
v 0.183661 -0.94351399 0.087467
v 0.16450401 -0.95486403 -0.26403999
v 0.18146899 -0.92258698 -0.231685
v 0.183797 -0.93137598 -0.159391
v 0.183263 -0.92947799 -0.074549
v 0.18340801 -0.93096 -0.001009
v 0.18303999 -0.929636 0.046178
v 0.17255899 -0.90450698 -0.25659499
v 0.1822 -0.92328697 -0.09785
v 0.182772 -0.90756398 0.102884
v 0.17671899 -0.92400301 -0.120566
v 0.17900801 -0.90823901 -0.0838
v 0.178702 -0.92263401 0.039646
v 0.17489301 -0.89930999 0.121204
v 0.180852 -0.908328 -0.147192
v 0.183622 -0.90855098 -0.066088
v 0.18303999 -0.929636 0.046178
v 0.178702 -0.92263401 0.039646
v 0.182483 -0.90327501 0.050874
v 0.182483 -0.90327501 0.050874
v 0.18951701 -0.92082602 -0.299685
v 0.18951701 -0.92082602 -0.299685
v 0.178785 -0.90082198 -0.24451301
v 0.19267 -0.916825 -0.203618
v 0.17671899 -0.92400301 -0.120566
v 0.180852 -0.908328 -0.147192
v 0.18042 -0.90781802 -0.096788
v 0.18042 -0.90781802 -0.096788
v 0.17691 -0.90748298 0.034391
v 0.19378 -0.90334302 -0.27254301
v 0.184072 -0.89242601 -0.159059
v 0.17693099 -0.90157503 -0.148541
v 0.17693099 -0.90157503 -0.148541
v 0.176612 -0.90248001 -0.082605
v 0.17938299 -0.89736998 0.091541
v 0.17524201 -0.89748198 0.115414
v 0.17775001 -0.90142101 -0.26244
v 0.19378 -0.90334302 -0.27254301
v 0.19021299 -0.88982201 -0.236366
v 0.188154 -0.87245399 0.011372
v 0.198852 -0.867576 -0.158503
v 0.18515 -0.84603697 -0.063959
v 0.19250201 -0.85827398 0.013779
v 0.177222 -0.86098498 0.03194
v 0.190557 -0.85106802 0.047462
v 0.18515 -0.84603697 -0.063959
v 0.18943501 -0.84479499 -0.115764
v 0.19594 -0.83549702 -0.224822
v 0.19402801 -0.818542 -0.108128
v 0.184889 -0.83587998 -0.066332
v 0.181234 -0.816167 -0.064653
v 0.19984099 -0.83291298 -0.17287301
v 0.176833 -0.80490202 -0.18924201
v 0.19473501 -0.81056702 -0.087817
v 0.19473501 -0.81056702 -0.087817
v 0.16525801 -0.81152999 -0.096185
v 0.181416 -0.81744897 -0.07935
v 0.18287501 -0.78307402 -0.003984
v 0.185589 -0.762725 -0.057847
v 0.18523601 -0.75764197 -0.019601
v 0.169058 -0.69765103 -0.015963
v 0.186455 -0.71714199 -0.03764
v 0.19252101 -0.70084703 -0.016555
v 0.194399 -0.68638498 -0.029622
v 0.204099 -0.91008103 -0.33818999
v 0.199654 -0.91937602 -0.332798
v 0.202751 -0.89224899 -0.196202
v 0.195254 -0.89943701 -0.18734699
v 0.20705301 -0.88559198 -0.208111
v 0.19021299 -0.88982201 -0.236366
v 0.194271 -0.89436698 -0.32032499
v 0.196698 -0.88618898 -0.30385599
v 0.200804 -0.88393497 -0.165539
v 0.19267599 -0.86819398 -0.012705
v 0.192533 -0.854361 -0.041273
v 0.18943501 -0.84479499 -0.115764
v 0.202383 -0.86111802 -0.084709
v 0.197772 -0.86036903 -0.072068
v 0.192221 -0.845828 -0.058823
v 0.192533 -0.854361 -0.041273
v 0.196321 -0.84824699 -0.045953
v 0.184889 -0.83587998 -0.066332
v 0.19567899 -0.83315802 -0.051534
v 0.20064799 -0.814982 -0.071264
v 0.193423 -0.81977898 -0.042602
v 0.19567899 -0.83315802 -0.051534
v 0.20367301 -0.82294798 0.049473
v 0.20279001 -0.828022 -0.19262099
v 0.20279001 -0.828022 -0.19262099
v 0.176833 -0.80490202 -0.18924201
v 0.19984099 -0.83291298 -0.17287301
v 0.192844 -0.81164598 0.031149
v 0.192844 -0.81164598 0.031149
v 0.19906101 -0.81384897 0.003641
v 0.19514599 -0.80312401 -0.029872
v 0.18801799 -0.76955098 -0.031473
v 0.185589 -0.762725 -0.057847
v 0.18518899 -0.77074099 -0.018346
v 0.189172 -0.76086599 -0.000928
v 0.18801799 -0.76955098 -0.031473
v 0.18769801 -0.75992101 -0.047974
v 0.18769801 -0.75992101 -0.047974
v 0.203416 -0.74157202 -0.046641
v 0.18769801 -0.75992101 -0.047974
v 0.183338 -0.74397999 -0.061412
v 0.19569901 -0.73779398 -0.033653
v 0.203416 -0.74157202 -0.046641
v 0.179334 -0.71112299 -0.064608
v 0.198759 -0.71319699 -0.059863
v 0.186799 -0.69566 -0.055721
v 0.27750701 -0.99739802 -0.283694
v 0.223562 -0.93992299 -0.32322901
v 0.222304 -0.90297198 -0.29156801
v 0.200804 -0.88393497 -0.165539
v 0.192757 -0.85476398 -0.217078
v 0.210989 -0.85504901 -0.201998
v 0.200095 -0.86065 -0.025375
v 0.19267599 -0.86819398 -0.012705
v 0.203952 -0.864474 -0.014386
v 0.19250201 -0.85827398 0.013779
v 0.218032 -0.84909302 -0.086692
v 0.177222 -0.86098498 0.03194
v 0.203913 -0.86199898 0.033954
v 0.190557 -0.85106802 0.047462
v 0.20721699 -0.85002202 0.04742
v 0.201884 -0.816679 -0.034137
v 0.19906101 -0.81384897 0.003641
v 0.192844 -0.81164598 0.031149
v 0.21707299 -0.81685299 0.034945
v 0.21707299 -0.81685299 0.034945
v 0.19514599 -0.80312401 -0.029872
v 0.201884 -0.816679 -0.034137
v 0.19569901 -0.73779398 -0.033653
v 0.203416 -0.74157202 -0.046641
v 0.213668 -0.73478901 -0.026604
v 0.199192 -0.71086901 -0.017473
v 0.211623 -0.73204303 -0.012775
v 0.33119601 -0.98919702 -0.025543
v 0.212834 -0.91803402 -0.28419599
v 0.214674 -0.89540899 -0.32888401
v 0.204099 -0.91008103 -0.33818999
v 0.212834 -0.91803402 -0.28419599
v 0.222304 -0.90297198 -0.29156801
v 0.189558 -0.86701399 -0.23855001
v 0.210989 -0.85504901 -0.201998
v 0.212331 -0.86145401 -0.18734001
v 0.208857 -0.86163801 -0.03697
v 0.198852 -0.867576 -0.158503
v 0.214609 -0.85960501 0.004625
v 0.203913 -0.86199898 0.033954
v 0.19594 -0.83549702 -0.224822
v 0.21887501 -0.83009398 -0.089474
v 0.201884 -0.816679 -0.034137
v 0.22283199 -0.82019597 0.006172
v 0.213811 -0.71086901 -0.033687
v 0.199192 -0.71086901 -0.017473
v 0.213811 -0.71086901 -0.033687
v 0.194399 -0.68638498 -0.029622
v 0.221508 -0.92860901 -0.336263
v 0.216065 -0.86166298 -0.057853
v 0.219531 -0.86102402 -0.014522
v 0.218032 -0.84909302 -0.086692
v 0.21899401 -0.818793 -0.077355
v 0.223693 -0.81704301 -0.046483
v 0.21899401 -0.818793 -0.077355
v 0.213668 -0.73478901 -0.026604
v 0.211623 -0.73204303 -0.012775
v 0.359483 -0.98908597 -0.256486
v 0.223562 -0.93992299 -0.32322901
v 0.236955 -0.93832701 -0.30382299
v 0.24301 -0.915824 -0.295149
v 0.236955 -0.93832701 -0.30382299
v 0.221508 -0.92860901 -0.336263
v 0.204099 -0.91008103 -0.33818999
v 0.23565701 -0.91416597 -0.33628699
v 0.23565701 -0.91416597 -0.33628699
v 0.230635 -0.84989399 -0.009601
v 0.227199 -0.85417801 -0.048811
v 0.228361 -0.84644997 0.034627
v 0.228361 -0.84644997 0.034627
v 0.22983 -0.83866799 0.036727
v 0.231893 -0.83688003 -0.060994
v 0.228801 -0.82909298 0.022013
v 0.211623 -0.73204303 -0.012775
v 0.32926899 -0.99030298 -0.381221
v 0.241118 -0.92625499 -0.33079201
v 0.223562 -0.93992299 -0.32322901
v 0.236974 -0.89820999 -0.31420201
v 0.231893 -0.83688003 -0.060994
v 0.230635 -0.84989399 -0.009601
v 0.227199 -0.85417801 -0.048811
v 0.231893 -0.83688003 -0.060994
v 0.232108 -0.829229 -0.037382
v 0.228361 -0.84644997 0.034627
v 0.228801 -0.82909298 0.022013
v 0.22983 -0.83866799 0.036727
v 0.21887501 -0.83009398 -0.089474
v 0.231893 -0.83688003 -0.060994
v 0.232108 -0.829229 -0.037382
v 0.22983 -0.83866799 0.036727
v 0.236955 -0.93832701 -0.30382299
v 0.236974 -0.89820999 -0.31420201
v 0.38488701 -0.98914599 0.202379
v 0.250824 -0.91417801 -0.311149
v 0.250824 -0.91417801 -0.311149
v 0.250824 -0.91417801 -0.311149
v 0.45165801 -0.989142 0.365832
v 0.45196399 -0.99427402 -0.38458601
v 0.45196399 -0.99427402 -0.38458601
v 0.45915601 -0.996571 -0.38127401
v 0.45218799 -0.99744099 0.365165
v 0.45203 -0.997392 -0.37325701
v 0.43498501 -0.99742299 -0.159088
v 0.45180899 -0.98925 -0.373256
v 0.45181501 -0.98925799 -0.093051
v 0.45170501 -0.99664199 0.373355
v 0.451341 -0.99020702 0.373339
v 0.45935699 -0.99062401 -0.38128799
v 0.46285999 -0.99425298 0.37623399
v 0.45201501 -0.98929799 0.083241
v 0.46285999 -0.99425298 0.37623399
v 0.45214599 -0.997482 -0.170378
v 0.46283501 -0.99426699 -0.38236299
v 0.45980701 -0.99643302 -0.2015
v 0.45981899 -0.99638402 0.36458001
v 0.46283501 -0.99426699 -0.38236299
v 0.45979699 -0.99081099 -0.20110101
v 0.459793 -0.990852 0.09793
v 0.459815 -0.99072301 0.36588299
v 0.46284199 -0.99427998 -0.00043
v 0.46284199 -0.99427998 -0.00043
vt 0.45092 0.70285
vt 0.44753 0.70622
vt 0.44751 0.70428
vt 0.44777 0.70055
vt 0.45091 0.51399
vt 0.44769 0.48047
vt 0.45094 0.35791
vt 0.44772 0.35985
vt 0.44746 0.35639
vt 0.44755 0.35446
vt 0.0006 0.34942
vt 0.00443 0.35061
vt 0.00415 0.353
vt 0.00419 0.34713
vt 0.00422 0.2253
vt 0.00047 0.16061
vt 0.0042 0.12435
vt 0.00051 0.00445
vt 0.00417 0.00682
vt 0.0044 0.00316
vt 0.00406 0.00078
vt 0.43453 0.59059
vt 0.05635 0.28113
vt 0.10064 0.19616
vt 0.04938 0.08347
vt 0.33063 0.46798
vt 0.39877 0.35981
vt 0.33269 0.64142
vt 0.06977 0.0067
vt 0.07492 0.003
vt 0.34051 0.70077
vt 0.12236 0.14752
vt 0.33341 0.70432
vt 0.10358 0.35078
vt 0.11208 0.34715
vt 0.55087 0.41201
vt 0.56028 0.40577
vt 0.56028 0.41778
vt 0.549 0.40351
vt 0.54252 0.40222
vt 0.54159 0.41195
vt 0.55001 0.39476
vt 0.33704 0.35432
vt 0.11478 0.00047
vt 0.54878 0.42234
vt 0.86529 0.42791
vt 0.85698 0.43364
vt 0.86645 0.43796
vt 0.55922 0.39591
vt 0.18629 0.88456
vt 0.18754 0.89463
vt 0.17991 0.88724
vt 0.32109 0.64325
vt 0.93236 0.45291
vt 0.94104 0.45549
vt 0.94346 0.44807
vt 0.19462 0.87178
vt 0.19522 0.87948
vt 0.18743 0.87561
vt 0.19385 0.88763
vt 0.87308 0.42769
vt 0.87617 0.43326
vt 0.32544 0.35992
vt 0.92194 0.44872
vt 0.92487 0.46052
vt 0.8526 0.4233
vt 0.8656 0.42575
vt 0.1882 0.90303
vt 0.19911 0.89863
vt 0.32911 0.6168
vt 0.32935 0.5057
vt 0.3057 0.46404
vt 0.12443 0.28949
vt 0.12216 0.11586
vt 0.93502 0.47181
vt 0.85909 0.41062
vt 0.94087 0.47164
vt 0.21036 0.87594
vt 0.20897 0.88691
vt 0.72051 0.33134
vt 0.71497 0.34164
vt 0.72638 0.3354
vt 0.92047 0.47499
vt 0.92703 0.47502
vt 0.93077 0.47384
vt 0.21002 0.88059
vt 0.86596 0.41146
vt 0.87081 0.41245
vt 0.71969 0.35049
vt 0.72757 0.35178
vt 0.21664 0.8948
vt 0.71075 0.35885
vt 0.20552 0.70634
vt 0.24623 0.3534
vt 0.93644 0.53793
vt 0.7238 0.37873
vt 0.12207 0.27056
vt 0.12322 0.28461
vt 0.15757 0.17998
vt 0.31832 0.35636
vt 0.13558 0.05556
vt 0.74788 0.94531
vt 0.73879 0.94212
vt 0.7415 0.93554
vt 0.23922 0.88911
vt 0.71434 0.38227
vt 0.71807 0.3781
vt 0.07684 0.83083
vt 0.08766 0.82974
vt 0.08582 0.84145
vt 0.09524 0.8383
vt 0.09766 0.82416
vt 0.74946 0.93611
vt 0.86751 0.34514
vt 0.87471 0.38457
vt 0.79493 0.82766
vt 0.80667 0.81236
vt 0.80247 0.82766
vt 0.79486 0.81204
vt 0.74892 0.92509
vt 0.81355 0.81998
vt 0.12748 0.26283
vt 0.40254 0.73583
vt 0.38825 0.74359
vt 0.3904 0.73588
vt 0.77991 0.91381
vt 0.76879 0.91866
vt 0.73437 0.91866
vt 0.34456 0.73249
vt 0.26175 0.73757
vt 0.30271 0.73174
vt 0.37837 0.7375
vt 0.24225 0.73454
vt 0.26038 0.74107
vt 0.24002 0.74227
vt 0.23313 0.73545
vt 0.26765 0.72657
vt 0.74732 0.90487
vt 0.73224 0.90768
vt 0.33662 0.71843
vt 0.34359 0.72427
vt 0.30024 0.72073
vt 0.31964 0.72194
vt 0.29168 0.72075
vt 0.35984 0.72296
vt 0.39258 0.71389
vt 0.66869 0.74694
vt 0.67335 0.75294
vt 0.67057 0.76022
vt 0.34211 0.7196
vt 0.3192 0.71067
vt 0.31203 0.71773
vt 0.29814 0.71456
vt 0.23629 0.7133
vt 0.35611 0.71237
vt 0.35294 0.71781
vt 0.29057 0.7088
vt 0.27621 0.71151
vt 0.4072 0.71111
vt 0.34953 0.7126
vt 0.29746 0.70726
vt 0.40304 0.70937
vt 0.37219 0.70947
vt 0.64086 0.56749
vt 0.64252 0.58182
vt 0.63501 0.56787
vt 0.26765 0.7075
vt 0.23635 0.70864
vt 0.63903 0.59066
vt 0.90844 0.93061
vt 0.91671 0.91929
vt 0.92297 0.93061
vt 0.92383 0.92251
vt 0.55943 0.59188
vt 0.55255 0.60514
vt 0.55 0.59839
vt 0.91888 0.90303
vt 0.91276 0.90317
vt 0.08963 0.8188
vt 0.65093 0.81673
vt 0.65093 0.82661
vt 0.63918 0.81674
vt 0.6382 0.82859
vt 0.86675 0.63729
vt 0.8683 0.64752
vt 0.85308 0.64249
vt 0.8743 0.62555
vt 0.86174 0.62454
vt 0.32401 0.47313
vt 0.12647 0.26753
vt 0.263 0.75234
vt 0.23191 0.75506
vt 0.23917 0.75188
vt 0.25942 0.74945
vt 0.23231 0.75103
vt 0.38488 0.75506
vt 0.39822 0.74572
vt 0.40121 0.75298
vt 0.37896 0.7523
vt 0.37922 0.74455
vt 0.40104 0.73803
vt 0.62477 0.12467
vt 0.61814 0.11809
vt 0.61823 0.12877
vt 0.62066 0.14045
vt 0.61952 0.14633
vt 0.61899 0.15563
vt 0.62345 0.14905
vt 0.61937 0.18264
vt 0.62018 0.21382
vt 0.62477 0.26693
vt 0.62073 0.26348
vt 0.62222 0.26898
vt 0.23226 0.74072
vt 0.41168 0.73788
vt 0.678 0.75574
vt 0.67449 0.74402
vt 0.67044 0.74297
vt 0.22944 0.70844
vt 0.60514 0.42141
vt 0.59673 0.42753
vt 0.60479 0.42916
vt 0.59978 0.44011
vt 0.60514 0.44072
vt 0.80084 0.20175
vt 0.80043 0.20974
vt 0.8285 0.20805
vt 0.63905 0.50951
vt 0.63458 0.50209
vt 0.63936 0.50291
vt 0.63434 0.52744
vt 0.63962 0.54014
vt 0.64005 0.56299
vt 0.638 0.48647
vt 0.63048 0.58929
vt 0.63818 0.62204
vt 0.81542 0.97619
vt 0.82202 0.98908
vt 0.83139 0.98621
vt 0.90189 0.91319
vt 0.56768 0.60438
vt 0.56114 0.60891
vt 0.74454 0.26185
vt 0.75841 0.24994
vt 0.74888 0.26725
vt 0.74677 0.24818
vt 0.56904 0.58809
vt 0.7696 0.93401
vt 0.72998 0.94256
vt 0.73212 0.9276
vt 0.73785 0.93745
vt 0.76544 0.92875
vt 0.63458 0.1979
vt 0.63087 0.14996
vt 0.63037 0.2075
vt 0.63079 0.26572
vt 0.63526 0.26159
vt 0.65352 0.15203
vt 0.65315 0.26528
vt 0.65374 0.22318
vt 0.65374 0.14418
vt 0.7706 0.69353
vt 0.77551 0.69828
vt 0.77829 0.69652
vt 0.90696 0.79593
vt 0.90082 0.78751
vt 0.90701 0.7814
vt 0.63742 0.80653
vt 0.89386 0.77782
vt 0.62664 0.81919
vt 0.85305 0.63366
vt 0.13995 0.26502
vt 0.12942 0.1449
vt 0.12427 0.14331
vt 0.2692 0.91131
vt 0.29019 0.91182
vt 0.27345 0.9136
vt 0.76402 0.44439
vt 0.76547 0.4511
vt 0.78003 0.44506
vt 0.38084 0.76206
vt 0.38983 0.76149
vt 0.38124 0.76713
vt 0.3896 0.76632
vt 0.6178 0.26792
vt 0.57617 0.24445
vt 0.2748 0.92409
vt 0.28191 0.92826
vt 0.26869 0.92765
vt 0.28113 0.95253
vt 0.27227 0.95359
vt 0.68043 0.74736
vt 0.68295 0.99586
vt 0.6727 0.99203
vt 0.68233 0.9904
vt 0.67379 0.98785
vt 0.62858 0.49113
vt 0.62923 0.49724
vt 0.6279 0.51334
vt 0.62715 0.53335
vt 0.628 0.54032
vt 0.63171 0.56294
vt 0.63722 0.45097
vt 0.63765 0.45528
vt 0.63084 0.44628
vt 0.62719 0.46249
vt 0.62528 0.45523
vt 0.62918 0.48483
vt 0.62869 0.6121
vt 0.63462 0.628
vt 0.62389 0.61955
vt 0.89112 0.92144
vt 0.8237 0.97144
vt 0.90455 0.90444
vt 0.74087 0.26834
vt 0.74934 0.27277
vt 0.73646 0.26104
vt 0.73652 0.2477
vt 0.05898 0.83495
vt 0.06778 0.82132
vt 0.77406 0.94137
vt 0.92004 0.53844
vt 0.51168 0.68795
vt 0.51735 0.68757
vt 0.51997 0.68244
vt 0.58179 0.68343
vt 0.59453 0.6882
vt 0.64213 0.68506
vt 0.6424 0.68944
vt 0.6472 0.69003
vt 0.65312 0.27252
vt 0.63109 0.27239
vt 0.63063 0.14109
vt 0.69339 0.69749
vt 0.69798 0.69283
vt 0.65399 0.6977
vt 0.65469 0.69256
vt 0.64907 0.69793
vt 0.89143 0.78667
vt 0.62708 0.82854
vt 0.58965 0.42533
vt 0.57448 0.42879
vt 0.58422 0.4352
vt 0.14742 0.26452
vt 0.14909 0.14759
vt 0.1457 0.14551
vt 0.18879 0.00663
vt 0.5081 0.60248
vt 0.51234 0.60934
vt 0.49393 0.60736
vt 0.37991 0.78355
vt 0.38647 0.78322
vt 0.78504 0.44621
vt 0.49496 0.61443
vt 0.51729 0.61443
vt 0.59852 0.15
vt 0.68371 0.74099
vt 0.88108 0.65237
vt 0.89112 0.65755
vt 0.88373 0.66039
vt 0.82712 0.21951
vt 0.68128 0.75981
vt 0.64535 0.8685
vt 0.62571 0.86863
vt 0.63809 0.86444
vt 0.8077 0.22435
vt 0.62941 0.99586
vt 0.6532 0.98624
vt 0.65054 0.99486
vt 0.66771 0.99265
vt 0.69019 0.99541
vt 0.6623 0.86938
vt 0.67851 0.87355
vt 0.66498 0.87958
vt 0.65774 0.87969
vt 0.65424 0.86834
vt 0.60848 0.87519
vt 0.60809 0.86674
vt 0.60054 0.86859
vt 0.6285 0.98344
vt 0.66011 0.98522
vt 0.66708 0.98511
vt 0.68551 0.88097
vt 0.62845 0.87656
vt 0.59514 0.86512
vt 0.58458 0.87775
vt 0.58494 0.86418
vt 0.65207 0.98179
vt 0.65308 0.98171
vt 0.55561 0.91774
vt 0.55561 0.92234
vt 0.55093 0.92002
vt 0.67473 0.98095
vt 0.66812 0.98024
vt 0.96846 0.38465
vt 0.96296 0.3964
vt 0.96843 0.39459
vt 0.63465 0.88097
vt 0.6078 0.88022
vt 0.62254 0.44775
vt 0.62477 0.48568
vt 0.95748 0.41726
vt 0.96674 0.40925
vt 0.96254 0.40401
vt 0.91354 0.46392
vt 0.90525 0.45685
vt 0.90089 0.46628
vt 0.62574 0.61521
vt 0.61457 0.62646
vt 0.89214 0.45714
vt 0.89483 0.46829
vt 0.88157 0.46329
vt 0.91184 0.44841
vt 0.82236 0.96184
vt 0.89249 0.92933
vt 0.89478 0.44677
vt 0.90667 0.44559
vt 0.88087 0.45476
vt 0.69924 0.67423
vt 0.69831 0.66406
vt 0.69112 0.67023
vt 0.88687 0.44426
vt 0.82196 0.42234
vt 0.8229 0.42239
vt 0.82196 0.42325
vt 0.74541 0.27987
vt 0.73561 0.27405
vt 0.0578 0.82551
vt 0.53751 0.17693
vt 0.55374 0.18704
vt 0.53117 0.18704
vt 0.71227 0.9367
vt 0.71048 0.92882
vt 0.72405 0.92101
vt 0.92826 0.53861
vt 0.86106 0.34503
vt 0.26939 0.89591
vt 0.24107 0.89906
vt 0.52424 0.69206
vt 0.54461 0.69267
vt 0.58016 0.69131
vt 0.60979 0.69482
vt 0.63099 0.69481
vt 0.90943 0.47828
vt 0.88675 0.47564
vt 0.88685 0.48213
vt 0.72742 0.70147
vt 0.7718 0.70261
vt 0.66505 0.70107
vt 0.65999 0.70705
vt 0.89848 0.79555
vt 0.87956 0.78297
vt 0.83703 0.63308
vt 0.83883 0.64186
vt 0.59486 0.41541
vt 0.58304 0.41435
vt 0.30153 0.618
vt 0.24749 0.35099
vt 0.78471 0.45351
vt 0.76731 0.45726
vt 0.29207 0.9205
vt 0.60755 0.11385
vt 0.5993 0.11836
vt 0.64552 0.86075
vt 0.68367 0.77593
vt 0.69063 0.77075
vt 0.68898 0.78548
vt 0.69558 0.7504
vt 0.69798 0.74325
vt 0.8774 0.65768
vt 0.68611 0.49088
vt 0.68667 0.48484
vt 0.68028 0.48864
vt 0.75515 0.6198
vt 0.74632 0.61956
vt 0.75145 0.62638
vt 0.68491 0.79624
vt 0.68849 0.7978
vt 0.68997 0.75687
vt 0.73411 0.50605
vt 0.72594 0.50894
vt 0.73187 0.51246
vt 0.71756 0.50336
vt 0.71542 0.50688
vt 0.71193 0.49799
vt 0.69395 0.49319
vt 0.76944 0.62526
vt 0.77092 0.61927
vt 0.60496 0.86183
vt 0.69812 0.25338
vt 0.70569 0.263
vt 0.70172 0.2523
vt 0.71075 0.25986
vt 0.38518 0.78943
vt 0.38925 0.80194
vt 0.3817 0.792
vt 0.38215 0.7992
vt 0.80043 0.22517
vt 0.38546 0.80288
vt 0.61568 0.44397
vt 0.62186 0.45959
vt 0.26776 0.98232
vt 0.26776 0.96635
vt 0.26271 0.97817
vt 0.6261 0.63097
vt 0.25532 0.99109
vt 0.24508 0.97569
vt 0.695 0.6832
vt 0.91355 0.4336
vt 0.86682 0.46131
vt 0.87682 0.44705
vt 0.90821 0.42693
vt 0.83884 0.98943
vt 0.84116 0.9813
vt 0.89473 0.43177
vt 0.50047 0.96002
vt 0.4986 0.96002
vt 0.5004 0.96094
vt 0.80041 0.58502
vt 0.80047 0.5841
vt 0.7986 0.5841
vt 0.8472 0.98211
vt 0.6733 0.38006
vt 0.6715 0.38097
vt 0.67336 0.38097
vt 0.72822 0.2736
vt 0.57743 0.59279
vt 0.57834 0.6075
vt 0.04756 0.83424
vt 0.78284 0.94476
vt 0.783 0.93897
vt 0.57835 0.58226
vt 0.72823 0.25488
vt 0.78761 0.9317
vt 0.70606 0.9205
vt 0.93196 0.53864
vt 0.55005 0.69865
vt 0.57353 0.69982
vt 0.58176 0.69445
vt 0.63571 0.70088
vt 0.52911 0.69979
vt 0.78084 0.70275
vt 0.72463 0.70583
vt 0.76455 0.70615
vt 0.69206 0.70576
vt 0.6655 0.70563
vt 0.597 0.88303
vt 0.59123 0.89023
vt 0.59038 0.88169
vt 0.89018 0.79641
vt 0.88042 0.77619
vt 0.59332 0.40079
vt 0.30453 0.50717
vt 0.26006 0.37695
vt 0.13836 0.28516
vt 0.14573 0.28538
vt 0.26716 0.00291
vt 0.60049 0.2655
vt 0.39299 0.78355
vt 0.59755 0.13287
vt 0.78925 0.45726
vt 0.70044 0.49783
vt 0.69412 0.52414
vt 0.77986 0.61251
vt 0.77881 0.62315
vt 0.78567 0.62377
vt 0.79658 0.62205
vt 0.69216 0.26997
vt 0.96831 0.40166
vt 0.9804 0.3904
vt 0.3678 0.79206
vt 0.25048 0.96446
vt 0.97157 0.42847
vt 0.23973 0.98921
vt 0.84066 0.96758
vt 0.70627 0.67355
vt 0.86359 0.45117
vt 0.91354 0.42974
vt 0.88 0.43977
vt 0.73125 0.27987
vt 0.04798 0.82271
vt 0.05977 0.81664
vt 0.79705 0.94021
vt 0.72399 0.26818
vt 0.52272 0.18537
vt 0.78132 0.92659
vt 0.69036 0.92511
vt 0.94164 0.53978
vt 0.27857 0.89095
vt 0.52017 0.70082
vt 0.5834 0.70128
vt 0.60544 0.70133
vt 0.54286 0.70032
vt 0.61324 0.70252
vt 0.62938 0.70121
vt 0.5165 0.63454
vt 0.51586 0.63006
vt 0.52374 0.63419
vt 0.5062 0.63527
vt 0.52532 0.64168
vt 0.53301 0.63203
vt 0.54168 0.63397
vt 0.50592 0.6399
vt 0.49204 0.63202
vt 0.48592 0.63625
vt 0.48721 0.64735
vt 0.45935 0.63462
vt 0.47867 0.6339
vt 0.46057 0.64844
vt 0.9431 0.9513
vt 0.9327 0.95104
vt 0.92995 0.9527
vt 0.56014 0.64844
vt 0.5613 0.63499
vt 0.56465 0.63699
vt 0.56495 0.6483
vt 0.51955 0.64645
vt 0.94333 0.95542
vt 0.76776 0.70926
vt 0.9472 0.95216
vt 0.5986 0.89385
vt 0.58455 0.88512
vt 0.88578 0.79334
vt 0.58931 0.89825
vt 0.59697 0.90028
vt 0.57216 0.41852
vt 0.58583 0.40036
vt 0.14267 0.28335
vt 0.14447 0.2688
vt 0.15028 0.11403
vt 0.14268 0.11644
vt 0.74804 0.1938
vt 0.74941 0.21025
vt 0.75561 0.20968
vt 0.5132 0.60265
vt 0.58919 0.11264
vt 0.57311 0.17778
vt 0.29598 0.92669
vt 0.7148 0.73814
vt 0.70563 0.7742
vt 0.84715 0.65169
vt 0.74642 0.58962
vt 0.70928 0.79526
vt 0.70642 0.78166
vt 0.69625 0.77172
vt 0.69488 0.75569
vt 0.6841 0.51781
vt 0.75592 0.5926
vt 0.7763 0.60231
vt 0.79766 0.61742
vt 0.98169 0.4079
vt 0.97911 0.42067
vt 0.5908 0.45763
vt 0.95987 0.43182
vt 0.83831 0.95634
vt 0.70883 0.68128
vt 0.24158 0.99281
vt 0.25469 0.99494
vt 0.71224 0.66958
vt 0.85723 0.44488
vt 0.96057 0.64752
vt 0.95825 0.65372
vt 0.97372 0.65514
vt 0.58352 0.60311
vt 0.58462 0.60891
vt 0.02477 0.84145
vt 0.9657 0.66639
vt 0.80119 0.94352
vt 0.97553 0.66604
vt 0.97897 0.6668
vt 0.88345 0.42856
vt 0.97713 0.67325
vt 0.64409 0.94623
vt 0.64136 0.95682
vt 0.65539 0.95089
vt 0.71916 0.25464
vt 0.51822 0.18117
vt 0.58645 0.58654
vt 0.28073 0.88327
vt 0.28024 0.88777
vt 0.51688 0.73215
vt 0.51218 0.73951
vt 0.64178 0.73679
vt 0.6287 0.71097
vt 0.80102 0.69824
vt 0.78423 0.69547
vt 0.78689 0.70488
vt 0.78815 0.71361
vt 0.79929 0.70806
vt 0.79174 0.72387
vt 0.79097 0.73742
vt 0.80073 0.73534
vt 0.7909 0.7442
vt 0.80214 0.74378
vt 0.79156 0.75108
vt 0.41449 0.94353
vt 0.44023 0.94341
vt 0.41484 0.9545
vt 0.58302 0.88569
vt 0.58027 0.88092
vt 0.58287 0.89341
vt 0.58032 0.89058
vt 0.57688 0.40975
vt 0.57149 0.40888
vt 0.1469 0.12075
vt 0.75561 0.19347
vt 0.91293 0.2359
vt 0.92196 0.21052
vt 0.91531 0.21017
vt 0.92177 0.23563
vt 0.91337 0.23919
vt 0.92196 0.24134
vt 0.74331 0.19531
vt 0.74252 0.21369
vt 0.90964 0.20634
vt 0.90633 0.22195
vt 0.90608 0.24219
vt 0.82775 0.23801
vt 0.69026 0.51856
vt 0.70778 0.80009
vt 0.91851 0.97197
vt 0.90794 0.97564
vt 0.92383 0.97564
vt 0.79387 0.60086
vt 0.685 0.2662
vt 0.98463 0.38561
vt 0.25922 0.95248
vt 0.68213 0.28187
vt 0.96779 0.43691
vt 0.23653 0.98062
vt 0.85467 0.45683
vt 0.85883 0.4656
vt 0.23343 0.99451
vt 0.71729 0.67345
vt 0.72543 0.27987
vt 0.80443 0.93012
vt 0.6937 0.94236
vt 0.6883 0.93142
vt 0.52895 0.71342
vt 0.54289 0.7149
vt 0.55079 0.73208
vt 0.90981 0.52721
vt 0.90533 0.52152
vt 0.78367 0.68629
vt 0.80422 0.68811
vt 0.89101 0.5122
vt 0.78271 0.66588
vt 0.8053 0.66573
vt 0.78468 0.66222
vt 0.8015 0.71747
vt 0.79336 0.76937
vt 0.81105 0.75537
vt 0.80356 0.72568
vt 0.02383 0.892
vt 0.00554 0.82058
vt 0.00199 0.89194
vt 0.00155 0.83378
vt 0.78058 0.75304
vt 0.64958 0.75653
vt 0.81687 0.77864
vt 0.77719 0.6467
vt 0.80836 0.64146
vt 0.81593 0.63658
vt 0.58311 0.37345
vt 0.83565 0.62558
vt 0.18964 0.29877
vt 0.18974 0.22442
vt 0.67413 0.51701
vt 0.66851 0.5132
vt 0.99206 0.41946
vt 0.99166 0.41199
vt 0.24422 0.95083
vt 0.71927 0.53028
vt 0.36649 0.78809
vt 0.98537 0.43888
vt 0.69236 0.69074
vt 0.70948 0.69164
vt 0.8472 0.96164
vt 0.71729 0.68278
vt 0.53397 0.82043
vt 0.53649 0.80735
vt 0.54906 0.80904
vt 0.65715 0.95943
vt 0.66041 0.94742
vt 0.82058 0.93169
vt 0.82069 0.94141
vt 0.63598 0.97024
vt 0.65144 0.9689
vt 0.65061 0.97803
vt 0.64196 0.98024
vt 0.95417 0.66999
vt 0.68548 0.93962
vt 0.50701 0.80334
vt 0.4924 0.7975
vt 0.49815 0.79031
vt 0.50637 0.81112
vt 0.67023 0.92805
vt 0.92407 0.53983
vt 0.71973 0.4173
vt 0.57734 0.72458
vt 0.60492 0.71898
vt 0.81207 0.76749
vt 0.80844 0.62998
vt 0.55755 0.21789
vt 0.59494 0.28024
vt 0.57384 0.29588
vt 0.59884 0.29997
vt 0.57215 0.30065
vt 0.81086 0.23772
vt 0.7075 0.74457
vt 0.8543 0.65802
vt 0.77588 0.58439
vt 0.78496 0.58479
vt 0.29773 0.95242
vt 0.71087 0.77903
vt 0.72198 0.53363
vt 0.70975 0.52443
vt 0.80818 0.24582
vt 0.22851 0.96984
vt 0.38307 0.80653
vt 0.60984 0.63068
vt 0.98485 0.36829
vt 0.9874 0.35097
vt 0.99766 0.36509
vt 0.8646 0.96594
vt 0.85654 0.96327
vt 0.86502 0.95625
vt 0.49937 0.75757
vt 0.49361 0.75299
vt 0.49604 0.749
vt 0.8229 0.42877
vt 0.81262 0.42877
vt 0.81937 0.4205
vt 0.66215 0.97679
vt 0.65825 0.96736
vt 0.49271 0.75795
vt 0.49296 0.76328
vt 0.99142 0.3727
vt 0.88163 0.31847
vt 0.87523 0.32399
vt 0.88458 0.32399
vt 0.52874 0.80906
vt 0.66215 0.96248
vt 0.9758 0.68243
vt 0.67035 0.93736
vt 0.71581 0.41696
vt 0.27778 0.90029
vt 0.52621 0.7193
vt 0.5887 0.71999
vt 0.63454 0.72173
vt 0.8089 0.7386
vt 0.92944 0.93344
vt 0.93305 0.92368
vt 0.44514 0.95361
vt 0.94515 0.91575
vt 0.8418 0.78689
vt 0.18165 0.47093
vt 0.19511 0.34734
vt 0.32321 0.92658
vt 0.32721 0.93443
vt 0.23798 0.95479
vt 0.99206 0.43538
vt 0.5261 0.84463
vt 0.5181 0.84713
vt 0.51973 0.83664
vt 0.46681 0.99045
vt 0.46459 0.97544
vt 0.47527 0.98516
vt 0.46028 0.98396
vt 0.52385 0.81922
vt 0.46335 0.99524
vt 0.47746 0.9959
vt 0.94582 0.65002
vt 0.93897 0.66183
vt 0.49093 0.77746
vt 0.96237 0.6883
vt 0.97697 0.69827
vt 0.86984 0.34334
vt 0.72757 0.41855
vt 0.62649 0.71841
vt 0.81178 0.69618
vt 0.43375 0.93993
vt 0.81076 0.70543
vt 0.81295 0.71696
vt 0.8133 0.74119
vt 0.88656 0.53253
vt 0.65732 0.80042
vt 0.66218 0.74395
vt 0.57438 0.36971
vt 0.1874 0.02346
vt 0.55278 0.15116
vt 0.8492 0.65833
vt 0.71797 0.78374
vt 0.58832 0.02068
vt 0.58264 0.01333
vt 0.57617 0.02068
vt 0.57747 0.01387
vt 0.7257 0.233
vt 0.72416 0.24068
vt 0.72103 0.24059
vt 0.7257 0.24494
vt 0.70076 0.55633
vt 0.7929 0.58565
vt 0.35215 0.78822
vt 0.57623 0.44696
vt 0.30942 0.80275
vt 0.47651 0.96803
vt 0.48008 0.97358
vt 0.50973 0.84169
vt 0.88168 0.96122
vt 0.48335 0.74904
vt 0.51989 0.81019
vt 0.48364 0.75435
vt 0.83771 0.93739
vt 0.48535 0.78353
vt 0.61284 0.7223
vt 0.52228 0.73299
vt 0.54196 0.72392
vt 0.59855 0.72431
vt 0.60492 0.72734
vt 0.62693 0.72272
vt 0.81936 0.74975
vt 0.82252 0.76755
vt 0.92963 0.92276
vt 0.81407 0.72945
vt 0.76806 0.73817
vt 0.54137 0.88705
vt 0.53921 0.88043
vt 0.77157 0.638
vt 0.18164 0.35991
vt 0.17307 0.35437
vt 0.27878 0.00046
vt 0.68434 0.52616
vt 0.4489 0.29997
vt 0.44556 0.30843
vt 0.43972 0.30418
vt 0.75356 0.58316
vt 0.16646 0.88833
vt 0.17523 0.892
vt 0.16283 0.892
vt 0.15841 0.8892
vt 0.71978 0.53827
vt 0.7566 0.58526
vt 0.32421 0.9496
vt 0.80013 0.26394
vt 0.57694 0.44345
vt 0.56587 0.45365
vt 0.50014 0.84972
vt 0.9751 0.36388
vt 0.51144 0.83443
vt 0.48522 0.98317
vt 0.88347 0.94674
vt 0.31635 0.86431
vt 0.32103 0.85708
vt 0.32103 0.87178
vt 0.51513 0.8281
vt 0.52643 0.83465
vt 0.84159 0.94531
vt 0.97667 0.36759
vt 0.79486 0.9977
vt 0.80514 0.9977
vt 0.79499 0.98943
vt 0.48474 0.76562
vt 0.48343 0.76282
vt 0.65663 0.93707
vt 0.92824 0.54748
vt 0.93363 0.54771
vt 0.86413 0.33643
vt 0.85624 0.34392
vt 0.2873 0.8962
vt 0.72426 0.42673
vt 0.71178 0.42556
vt 0.28769 0.90197
vt 0.58752 0.73354
vt 0.62817 0.72904
vt 0.61168 0.72848
vt 0.44089 0.93928
vt 0.81271 0.66568
vt 0.81918 0.70327
vt 0.81819 0.73029
vt 0.82103 0.73984
vt 0.81761 0.71998
vt 0.82139 0.71532
vt 0.8459 0.79505
vt 0.53166 0.89211
vt 0.22978 0.27225
vt 0.19702 0.12184
vt 0.71846 0.74381
vt 0.72333 0.77759
vt 0.72664 0.77811
vt 0.78467 0.57861
vt 0.32397 0.79179
vt 0.98348 0.3445
vt 0.97489 0.3301
vt 0.98813 0.32931
vt 0.57991 0.52561
vt 0.57871 0.53756
vt 0.55962 0.53675
vt 0.45786 0.31156
vt 0.45217 0.32047
vt 0.56456 0.51792
vt 0.45893 0.2986
vt 0.80594 0.27976
vt 0.97147 0.35197
vt 0.49991 0.83922
vt 0.51393 0.81771
vt 0.47765 0.764
vt 0.84147 0.92951
vt 0.47573 0.77201
vt 0.63832 0.92547
vt 0.65402 0.92509
vt 0.64162 0.93107
vt 0.97897 0.71278
vt 0.9638 0.70993
vt 0.96315 0.7034
vt 0.91916 0.54778
vt 0.94346 0.55285
vt 0.85552 0.33295
vt 0.28666 0.88757
vt 0.87617 0.33661
vt 0.56441 0.73602
vt 0.59974 0.73345
vt 0.44499 0.94088
vt 0.44734 0.94544
vt 0.8176 0.6951
vt 0.8172 0.66566
vt 0.82538 0.73358
vt 0.82156 0.72136
vt 0.93679 0.91806
vt 0.77237 0.75204
vt 0.63265 0.29312
vt 0.63555 0.28498
vt 0.62551 0.28716
vt 0.64101 0.29198
vt 0.6346 0.29643
vt 0.62669 0.29159
vt 0.63727 0.30128
vt 0.8132 0.79224
vt 0.81167 0.7843
vt 0.54043 0.89735
vt 0.77108 0.64325
vt 0.77165 0.63306
vt 0.59073 0.37362
vt 0.60084 0.46461
vt 0.6014 0.46369
vt 0.60047 0.46369
vt 0 0
vt 0.79171 0.55478
vt 0.32074 0.78765
vt 0.72456 0.77404
vt 0.74252 0.62738
vt 0.74159 0.62822
vt 0.74159 0.6273
vt 0.76495 0.56843
vt 0.77006 0.56955
vt 0.46589 0.32215
vt 0.38568 0.94758
vt 0.36947 0.94761
vt 0.38169 0.93928
vt 0.39437 0.9427
vt 0.50188 0.82661
vt 0.89172 0.95446
vt 0.48165 0.73851
vt 0.97085 0.3727
vt 0.49866 0.99954
vt 0.46689 0.75188
vt 0.47419 0.76093
vt 0.65267 0.94061
vt 0.64346 0.9374
vt 0.84739 0.21461
vt 0.83761 0.22308
vt 0.85158 0.2172
vt 0.93339 0.68191
vt 0.94531 0.68418
vt 0.84946 0.34178
vt 0.83979 0.32724
vt 0.83318 0.34088
vt 0.19687 0.74823
vt 0.21251 0.7481
vt 0.21 0.75942
vt 0.19899 0.74311
vt 0.29317 0.87779
vt 0.29348 0.88774
vt 0.86445 0.33003
vt 0.57126 0.74321
vt 0.59082 0.73618
vt 0.61001 0.73518
vt 0.62901 0.73537
vt 0.64689 0.77247
vt 0.82167 0.66586
vt 0.82081 0.66241
vt 0.83084 0.75602
vt 0.82917 0.7672
vt 0.82364 0.70131
vt 0.83919 0.73809
vt 0.93264 0.91658
vt 0.34813 0.91202
vt 0.35028 0.90768
vt 0.3539 0.91219
vt 0.3559 0.90303
vt 0.82789 0.72645
vt 0.37305 0.91925
vt 0.37591 0.90654
vt 0.20344 0.83753
vt 0.2103 0.83663
vt 0.20851 0.84831
vt 0.1918 0.84319
vt 0.19478 0.83354
vt 0.21068 0.82793
vt 0.21935 0.83604
vt 0.19635 0.83107
vt 0.20351 0.82914
vt 0.21204 0.82205
vt 0.21997 0.82147
vt 0.2071 0.82077
vt 0.91168 0.4159
vt 0.90883 0.40296
vt 0.89959 0.41531
vt 0.89749 0.39886
vt 0.61873 0.50354
vt 0.62383 0.50172
vt 0.62288 0.48951
vt 0.62202 0.50896
vt 0.90914 0.39494
vt 0.61668 0.5167
vt 0.60952 0.50918
vt 0.8985 0.37801
vt 0.60448 0.52222
vt 0.90829 0.37773
vt 0.62045 0.52775
vt 0.57952 0.02935
vt 0.56569 0.02969
vt 0.57256 0.02206
vt 0.56848 0.03504
vt 0.57496 0.03861
vt 0.56263 0.04494
vt 0.55716 0.03944
vt 0.62396 0.28355
vt 0.62498 0.29769
vt 0.63441 0.30213
vt 0.87056 0.16329
vt 0.8715 0.17607
vt 0.88057 0.17114
vt 0.87763 0.18034
vt 0.64547 0.29861
vt 0.87797 0.18547
vt 0.5781 0.34561
vt 0.52534 0.15744
vt 0.73113 0.77168
vt 0.72809 0.73575
vt 0.78357 0.56726
vt 0.97515 0.32515
vt 0.95869 0.32491
vt 0.69175 0.54289
vt 0.35845 0.95154
vt 0.35374 0.95249
vt 0.36234 0.93704
vt 0.96438 0.33859
vt 0.46589 0.28488
vt 0.45709 0.28355
vt 0.31691 0.7971
vt 0.37948 0.9504
vt 0.34466 0.95359
vt 0.5679 0.44719
vt 0.55814 0.51863
vt 0.56406 0.62703
vt 0.95917 0.36249
vt 0.69608 0.3035
vt 0.6857 0.29355
vt 0.68604 0.30785
vt 0.95654 0.1965
vt 0.94656 0.19072
vt 0.94626 0.20396
vt 0.95654 0.2062
vt 0.95049 0.21278
vt 0.47221 0.77014
vt 0.41906 0.72416
vt 0.43532 0.7186
vt 0.43238 0.71278
vt 0.44533 0.71411
vt 0.41822 0.71812
vt 0.19176 0.75811
vt 0.85124 0.3172
vt 0.78084 0.4129
vt 0.79022 0.41611
vt 0.7877 0.40183
vt 0.29552 0.89529
vt 0.71619 0.43244
vt 0.29579 0.90303
vt 0.93901 0.11551
vt 0.93634 0.10804
vt 0.93523 0.11529
vt 0.94533 0.11029
vt 0.94524 0.10517
vt 0.94172 0.1034
vt 0.83493 0.74651
vt 0.83758 0.66465
vt 0.82868 0.70928
vt 0.34953 0.91989
vt 0.65367 0.80945
vt 0.20922 0.85413
vt 0.1992 0.84957
vt 0.2209 0.85067
vt 0.19714 0.82544
vt 0.21937 0.81659
vt 0.21017 0.81545
vt 0.20088 0.81688
vt 0.80338 0.47472
vt 0.80349 0.4861
vt 0.79673 0.48503
vt 0.8009 0.49743
vt 0.88579 0.39682
vt 0.60178 0.4974
vt 0.89432 0.37059
vt 0.90614 0.37095
vt 0.72627 0.49159
vt 0.73408 0.49678
vt 0.73168 0.48747
vt 0.72196 0.47883
vt 0.7287 0.47601
vt 0.72449 0.46856
vt 0.56682 0.01792
vt 0.58476 0.0354
vt 0.57744 0.04253
vt 0.56896 0.05224
vt 0.55147 0.0333
vt 0.54997 0.04071
vt 0.55798 0.04721
vt 0.56275 0.05248
vt 0.18963 0.91274
vt 0.17804 0.91473
vt 0.19117 0.92693
vt 0.88151 0.16079
vt 0.62048 0.29164
vt 0.74101 0.28896
vt 0.7361 0.29753
vt 0.74845 0.30596
vt 0.6308 0.30319
vt 0.73974 0.34244
vt 0.73526 0.30946
vt 0.84533 0.49141
vt 0.85638 0.49179
vt 0.85081 0.47962
vt 0.7459 0.33259
vt 0.6113 0.34044
vt 0.62469 0.35735
vt 0.61459 0.32807
vt 0.74469 0.37496
vt 0.75273 0.34421
vt 0.63782 0.42103
vt 0.75189 0.38216
vt 0.6417 0.40744
vt 0.61999 0.33104
vt 0.64632 0.4092
vt 0.64389 0.42655
vt 0.73806 0.39744
vt 0.7342 0.36889
vt 0.50212 0.88629
vt 0.74651 0.4116
vt 0.58455 0.34649
vt 0.74826 0.4295
vt 0.75494 0.4134
vt 0.74059 0.42455
vt 0.73447 0.41426
vt 0.65196 0.42961
vt 0.73661 0.43869
vt 0.73103 0.42923
vt 0.71299 0.44571
vt 0.65459 0.4456
vt 0.6795 0.44427
vt 0.67231 0.45145
vt 0.69353 0.45686
vt 0.72277 0.45428
vt 0.6701 0.46155
vt 0.69599 0.46711
vt 0.68377 0.46456
vt 0.69472 0.47515
vt 0.56245 0.30297
vt 0.23271 0.82054
vt 0.22642 0.82435
vt 0.2257 0.83611
vt 0.73598 0.66338
vt 0.7422 0.65918
vt 0.74523 0.66337
vt 0.56402 0.99318
vt 0.5767 0.98797
vt 0.57125 0.99586
vt 0.74696 0.66846
vt 0.73019 0.74331
vt 0.83247 0.65119
vt 0.69621 0.55298
vt 0.33326 0.92796
vt 0.74376 0.79996
vt 0.75294 0.77987
vt 0.57586 0.98208
vt 0.84439 0.95266
vt 0.85654 0.95266
vt 0.85024 0.94807
vt 0.72981 0.74826
vt 0.15974 0.90353
vt 0.16883 0.89339
vt 0.16755 0.90755
vt 0.17286 0.89878
vt 0.65971 0.28846
vt 0.5731 0.54995
vt 0.1743 0.90929
vt 0.37231 0.96008
vt 0.39788 0.96091
vt 0.40514 0.95573
vt 0.48005 0.837
vt 0.48488 0.82947
vt 0.45999 0.4317
vt 0.46656 0.42787
vt 0.45969 0.42714
vt 0.37302 0.77629
vt 0.37423 0.76841
vt 0.37897 0.76782
vt 0.56371 0.6199
vt 0.55106 0.61562
vt 0.90408 0.96737
vt 0.51018 0.98345
vt 0.35001 0.77108
vt 0.91176 0.25668
vt 0.90608 0.26503
vt 0.9162 0.26192
vt 0.46348 0.458
vt 0.91873 0.27517
vt 0.63517 0.93305
vt 0.63131 0.94256
vt 0.4657 0.7401
vt 0.84555 0.23278
vt 0.47416 0.43226
vt 0.46236 0.76108
vt 0.63423 0.92514
vt 0.95358 0.70657
vt 0.46548 0.49527
vt 0.45878 0.52069
vt 0.28123 0.7659
vt 0.28092 0.76135
vt 0.46259 0.52224
vt 0.47178 0.51798
vt 0.46472 0.5419
vt 0.45781 0.57988
vt 0.21922 0.75681
vt 0.21804 0.76117
vt 0.47098 0.58449
vt 0.46377 0.58029
vt 0.45748 0.58502
vt 0.21406 0.75556
vt 0.42565 0.72772
vt 0.1994 0.77101
vt 0.86645 0.3198
vt 0.7959 0.4056
vt 0.79717 0.39811
vt 0.66388 0.18612
vt 0.66078 0.19829
vt 0.6715 0.18874
vt 0.93375 0.20652
vt 0.92824 0.21094
vt 0.93865 0.2061
vt 0.93702 0.20129
vt 0.94087 0.20104
vt 0.94533 0.209
vt 0.94511 0.20147
vt 0.94341 0.1162
vt 0.92397 0.10444
vt 0.93022 0.11552
vt 0.92009 0.76674
vt 0.91679 0.76247
vt 0.90746 0.77022
vt 0.59984 0.74632
vt 0.8467 0.76796
vt 0.93324 0.8989
vt 0.02379 0.81163
vt 0.9517 0.73717
vt 0.95187 0.71681
vt 0.93586 0.71461
vt 0.34929 0.92803
vt 0.37155 0.93105
vt 0.93804 0.73691
vt 0.3801 0.92101
vt 0.38203 0.91343
vt 0.38214 0.90907
vt 0.94772 0.74377
vt 0.38251 0.91704
vt 0.44687 0.91559
vt 0.45029 0.91036
vt 0.44631 0.92213
vt 0.45094 0.9205
vt 0.20034 0.85423
vt 0.04287 0.97867
vt 0.02296 0.97656
vt 0.0417 0.97013
vt 0.06125 0.97193
vt 0.51168 0.3453
vt 0.51635 0.34237
vt 0.51635 0.3534
vt 0.20323 0.80618
vt 0.21302 0.80584
vt 0.80919 0.49669
vt 0.81075 0.50322
vt 0.88824 0.41512
vt 0.96589 0.01976
vt 0.97784 0.0219
vt 0.98365 0.03079
vt 0.96596 0.03079
vt 0.59298 0.50862
vt 0.8855 0.37868
vt 0.61526 0.53366
vt 0.89864 0.36689
vt 0.90275 0.36679
vt 0.91168 0.36474
vt 0.90895 0.3103
vt 0.90462 0.30973
vt 0.89759 0.30996
vt 0.8988 0.30469
vt 0.9107 0.30617
vt 0.7425 0.48967
vt 0.5778 0.04812
vt 0.54637 0.02992
vt 0.5513 0.04479
vt 0.55504 0.05264
vt 0.89555 0.10492
vt 0.89282 0.08594
vt 0.88712 0.08644
vt 0.8848 0.14546
vt 0.87901 0.14468
vt 0.45054 0.08309
vt 0.45512 0.09421
vt 0.89027 0.14962
vt 0.8738 0.14713
vt 0.88457 0.15078
vt 0.44533 0.09302
vt 0.19767 0.91695
vt 0.72815 0.28406
vt 0.61513 0.30127
vt 0.72456 0.29453
vt 0.61845 0.30751
vt 0.60772 0.31576
vt 0.88635 0.18047
vt 0.23692 0.92667
vt 0.23133 0.91935
vt 0.22639 0.92693
vt 0.62934 0.30642
vt 0.88919 0.18888
vt 0.62215 0.32632
vt 0.84571 0.49583
vt 0.75609 0.3136
vt 0.60571 0.33396
vt 0.75811 0.33852
vt 0.83172 0.4708
vt 0.83236 0.44925
vt 0.82757 0.4392
vt 0.83276 0.41368
vt 0.60213 0.34052
vt 0.75935 0.37338
vt 0.83342 0.37039
vt 0.8292 0.3863
vt 0.7631 0.64752
vt 0.48857 0.10319
vt 0.53099 0.10465
vt 0.49183 0.10787
vt 0.75935 0.41731
vt 0.6578 0.42025
vt 0.47317 0.108
vt 0.46869 0.09868
vt 0.66705 0.4234
vt 0.6461 0.43708
vt 0.63668 0.43005
vt 0.75348 0.43858
vt 0.70005 0.44517
vt 0.98251 0.87152
vt 0.98888 0.86634
vt 0.9771 0.85984
vt 0.443 0.9723
vt 0.43241 0.96233
vt 0.45094 0.96186
vt 0.55186 0.29729
vt 0.23415 0.83389
vt 0.07702 0.90302
vt 0.10186 0.89802
vt 0.10729 0.90387
vt 0.15125 0.89723
vt 0.15762 0.89284
vt 0.76164 0.79389
vt 0.33277 0.93467
vt 0.15231 0.90557
vt 0.24331 0.81555
vt 0.92982 0.98208
vt 0.93222 0.97748
vt 0.9257 0.97749
vt 0.93879 0.98208
vt 0.54626 0.84053
vt 0.54065 0.83642
vt 0.54626 0.8295
vt 0.73896 0.75952
vt 0.73717 0.74978
vt 0.3588 0.96082
vt 0.33478 0.94476
vt 0.94654 0.32746
vt 0.10819 0.91424
vt 0.07409 0.91375
vt 0.66716 0.29204
vt 0.16731 0.91434
vt 0.1727 0.91874
vt 0.94651 0.34378
vt 0.37739 0.7853
vt 0.49989 0.96737
vt 0.95472 0.34985
vt 0.85391 0.23122
vt 0.84791 0.24191
vt 0.83494 0.23278
vt 0.83992 0.24911
vt 0.33643 0.7753
vt 0.93763 0.71267
vt 0.93224 0.69927
vt 0.69978 0.31428
vt 0.69213 0.31585
vt 0.69516 0.33197
vt 0.44827 0.77554
vt 0.26866 0.7702
vt 0.21408 0.76644
vt 0.44533 0.72308
vt 0.83539 0.32236
vt 0.65575 0.19647
vt 0.92789 0.20689
vt 0.90745 0.66131
vt 0.90999 0.66554
vt 0.92009 0.66352
vt 0.91717 0.67095
vt 0.91071 0.70601
vt 0.92759 0.14947
vt 0.91381 0.75693
vt 0.90734 0.75796
vt 0.90599 0.71869
vt 0.54498 0.75078
vt 0.46419 0.94328
vt 0.46563 0.94594
vt 0.84003 0.69823
vt 0.83656 0.70429
vt 0.37934 0.93372
vt 0.94161 0.74432
vt 0.38241 0.92785
vt 0.95187 0.81237
vt 0.45011 0.93123
vt 0.21737 0.858
vt 0.19303 0.85488
vt 0.18907 0.81872
vt 0.18221 0.83142
vt 0.05998 0.98005
vt 0.06643 0.97593
vt 0.22196 0.80707
vt 0.81075 0.47742
vt 0.58918 0.50302
vt 0.59611 0.52354
vt 0.88178 0.36927
vt 0.60219 0.53345
vt 0.609 0.54021
vt 0.89049 0.30952
vt 0.61846 0.59283
vt 0.62374 0.59143
vt 0.88744 0.30567
vt 0.48709 0.51149
vt 0.49112 0.51516
vt 0.48178 0.51516
vt 0.62383 0.59604
vt 0.74895 0.49428
vt 0.73427 0.46918
vt 0.73425 0.46095
vt 0.00762 0.72855
vt 0.01411 0.75578
vt 0.00047 0.75597
vt 0.59129 0.04787
vt 0.57438 0.05954
vt 0.74152 0.82726
vt 0.73855 0.83181
vt 0.73615 0.82737
vt 0.54327 0.0372
vt 0.55861 0.05828
vt 0.73421 0.83167
vt 0.67385 0.82827
vt 0.73394 0.82628
vt 0.6708 0.83316
vt 0.67041 0.82491
vt 0.66538 0.82307
vt 0.66596 0.83813
vt 0.19673 0.90657
vt 0.21082 0.9175
vt 0.61365 0.28771
vt 0.21823 0.91171
vt 0.60581 0.29912
vt 0.60098 0.3048
vt 0.59953 0.10516
vt 0.58922 0.108
vt 0.59029 0.10291
vt 0.8355 0.48759
vt 0.84455 0.47652
vt 0.45561 0.01849
vt 0.46028 0.01425
vt 0.46028 0.02895
vt 0.63299 0.3107
vt 0.84044 0.47046
vt 0.60514 0.01057
vt 0.62683 0.00712
vt 0.61915 0.01382
vt 0.59934 0.32071
vt 0.85961 0.50046
vt 0.59673 0.33505
vt 0.83732 0.46248
vt 0.86322 0.47932
vt 0.54852 0.10137
vt 0.56483 0.1063
vt 0.62979 0.0157
vt 0.66373 0.01103
vt 0.83798 0.40668
vt 0.63196 0.42765
vt 0.51724 0.09758
vt 0.63848 0.3606
vt 0.50405 0.87822
vt 0.8007 0.78611
vt 0.80169 0.77769
vt 0.51332 0.89948
vt 0.48948 0.09634
vt 0.84319 0.37188
vt 0.76222 0.63972
vt 0.83865 0.35849
vt 0.475 0.09339
vt 0.832 0.35616
vt 0.6278 0.43425
vt 0.97868 0.90568
vt 0.98524 0.90471
vt 0.98924 0.87301
vt 0.63735 0.44217
vt 0.73781 0.45437
vt 0.41005 0.97098
vt 0.64502 0.45097
vt 0.72184 0.46479
vt 0.16394 0.35638
vt 0.52937 0.14438
vt 0.02664 0.88833
vt 0.0552 0.84513
vt 0.08687 0.85987
vt 0.53786 0.26209
vt 0.55137 0.30953
vt 0.55754 0.33092
vt 0.55594 0.30378
vt 0.54834 0.34754
vt 0.5524 0.37419
vt 0.55953 0.39081
vt 0.55321 0.38117
vt 0.54805 0.39152
vt 0.33893 0.92489
vt 0.105 0.89269
vt 0.07572 0.89118
vt 0.15086 0.89109
vt 0.74856 0.65671
vt 0.80421 0.66039
vt 0.69844 0.57907
vt 0.77322 0.55407
vt 0.57991 0.56358
vt 0.56744 0.56433
vt 0.0771 0.91753
vt 0.15283 0.91214
vt 0.15993 0.91529
vt 0.55169 0.55501
vt 0.36754 0.96829
vt 0.3441 0.94959
vt 0.80064 0.28186
vt 0.66389 0.30306
vt 0.55917 0.44072
vt 0.66922 0.30116
vt 0.54626 0.5475
vt 0.47895 0.42693
vt 0.3731 0.78258
vt 0.90465 0.95219
vt 0.67835 0.30619
vt 0.85841 0.24329
vt 0.67672 0.31163
vt 0.68464 0.32504
vt 0.45333 0.75527
vt 0.29157 0.77647
vt 0.47581 0.5106
vt 0.21741 0.77105
vt 0.47479 0.58413
vt 0.21271 0.77451
vt 0.42489 0.73137
vt 0.18117 0.76843
vt 0.18202 0.75711
vt 0.80458 0.40348
vt 0.92418 0.20697
vt 0.80141 0.40817
vt 0.9229 0.11532
vt 0.56486 0.75886
vt 0.60249 0.7557
vt 0.61074 0.7637
vt 0.46124 0.95326
vt 0.76817 0.75355
vt 0.92944 0.71747
vt 0.34862 0.93428
vt 0.93741 0.74634
vt 0.94352 0.81388
vt 0.02209 0.99119
vt 0.01449 0.98132
vt 0.05791 0.99403
vt 0.95353 0.43374
vt 0.94441 0.44179
vt 0.95748 0.44623
vt 0.60215 0.47206
vt 0.59024 0.48364
vt 0.59902 0.48511
vt 0.96875 0.72493
vt 0.96914 0.73604
vt 0.96215 0.73851
vt 0.59544 0.49011
vt 0.16088 0.79397
vt 0.16215 0.80744
vt 0.15514 0.79901
vt 0.58622 0.49514
vt 0.14221 0.80657
vt 0.12292 0.80497
vt 0.11669 0.79589
vt 0.12317 0.79207
vt 0.88364 0.36585
vt 0.60319 0.53923
vt 0.60911 0.57414
vt 0.6182 0.59644
vt 0.58642 0.0566
vt 0.01682 0.7217
vt 0.01448 0.72952
vt 0.01181 0.72006
vt 0.74536 0.83528
vt 0.73507 0.83558
vt 0.90167 0.08843
vt 0.89838 0.1239
vt 0.66997 0.83763
vt 0.89227 0.15494
vt 0.23558 0.91048
vt 0.59901 0.09504
vt 0.63336 0.83846
vt 0.63905 0.83098
vt 0.63766 0.84179
vt 0.57309 0.09837
vt 0.60607 0.01982
vt 0.90075 0.18767
vt 0.86899 0.49826
vt 0.84298 0.46207
vt 0.86537 0.49233
vt 0.62051 0.02035
vt 0.59846 0.34122
vt 0.66881 0.01693
vt 0.61727 0.39865
vt 0.84425 0.40379
vt 0.50028 0.89214
vt 0.72152 0.01501
vt 0.72588 0.00689
vt 0.59282 0.33727
vt 0.84898 0.36697
vt 0.73326 0.01161
vt 0.68663 0.47983
vt 0.70309 0.48024
vt 0.99766 0.858
vt 0.98925 0.85441
vt 0.99766 0.84881
vt 0.53687 0.39167
vt 0.54614 0.39844
vt 0.5467 0.38082
vt 0.71532 0.55514
vt 0.71156 0.56635
vt 0.72307 0.55901
vt 0.70948 0.57759
vt 0.74563 0.67509
vt 0.7661 0.67091
vt 0.73102 0.56578
vt 0.77727 0.55215
vt 0.25638 0.82212
vt 0.07336 0.92469
vt 0.11866 0.91936
vt 0.25383 0.81388
vt 0.10367 0.92417
vt 0.48991 0.81785
vt 0.85295 0.25318
vt 0.85841 0.26869
vt 0.85685 0.25208
vt 0.48084 0.43191
vt 0.37256 0.78631
vt 0.16673 0.92785
vt 0.63037 0.05698
vt 0.63216 0.06208
vt 0.63879 0.05285
vt 0.63879 0.06388
vt 0.94626 0.34696
vt 0.92339 0.25427
vt 0.4972 0.81221
vt 0.66924 0.31091
vt 0.9275 0.26897
vt 0.51635 0.99954
vt 0.45809 0.74547
vt 0.47943 0.52443
vt 0.27703 0.77917
vt 0.43586 0.76974
vt 0.4429 0.78395
vt 0.70729 0.3448
vt 0.22103 0.77806
vt 0.48084 0.58481
vt 0.42486 0.73729
vt 0.41839 0.74019
vt 0.20719 0.77898
vt 0.83699 0.30613
vt 0.86666 0.30785
vt 0.18084 0.77698
vt 0.65467 0.20617
vt 0.80538 0.40744
vt 0.90411 0.66517
vt 0.90113 0.7585
vt 0.81564 0.49825
vt 0.81949 0.49706
vt 0.82383 0.50311
vt 0.81166 0.50965
vt 0.8985 0.77252
vt 0.62959 0.76644
vt 0.84636 0.66475
vt 0.84591 0.68102
vt 0.8559 0.74945
vt 0.85153 0.74289
vt 0.85853 0.75823
vt 0.93725 0.89787
vt 0.9297 0.73774
vt 0.93057 0.74397
vt 0.38243 0.93428
vt 0.93352 0.74683
vt 0.93853 0.81353
vt 0.18959 0.85707
vt 0.1853 0.85417
vt 0.17976 0.84156
vt 0.0618 0.99355
vt 0.06708 0.98847
vt 0.07897 0.98906
vt 0.58732 0.47173
vt 0.07847 0.98014
vt 0.9744 0.72834
vt 0.58525 0.48269
vt 0.58536 0.48871
vt 0.14113 0.79435
vt 0.58612 0.5207
vt 0.59157 0.53201
vt 0.59528 0.53651
vt 0.59653 0.54066
vt 0.11121 0.79729
vt 0.03776 0.80744
vt 0.03759 0.79657
vt 0.61087 0.59732
vt 0.03135 0.80526
vt 0.5925 0.03983
vt 0.73566 0.83955
vt 0.90699 0.08834
vt 0.67005 0.84173
vt 0.89831 0.15373
vt 0.86308 0.21094
vt 0.86308 0.2284
vt 0.85561 0.22089
vt 0.21552 0.90303
vt 0.44537 0.89292
vt 0.44768 0.90028
vt 0.42944 0.90028
vt 0.59158 0.0928
vt 0.73131 0.08057
vt 0.73615 0.09127
vt 0.74298 0.0876
vt 0.46215 0.89426
vt 0.54048 0.09352
vt 0.53715 0.90028
vt 0.4875 0.90855
vt 0.47718 0.90369
vt 0.84888 0.42044
vt 0.80156 0.79641
vt 0.79391 0.78908
vt 0.78551 0.78209
vt 0.49078 0.08769
vt 0.49932 0.90024
vt 0.75094 0.6404
vt 0.58003 0.33347
vt 0.75946 0.63408
vt 0.59486 0.32389
vt 0.58862 0.3273
vt 0.44065 0.90765
vt 0.99709 0.91314
vt 0.99766 0.89927
vt 0.62511 0.64039
vt 0.63335 0.63925
vt 0.63018 0.65014
vt 0.52757 0.36931
vt 0.52308 0.37914
vt 0.51822 0.36768
vt 0.99766 0.86624
vt 0.64931 0.65358
vt 0.64876 0.66002
vt 0.41614 0.98116
vt 0.44402 0.98116
vt 0.51956 0.35632
vt 0.52735 0.35846
vt 0.52757 0.3102
vt 0.66403 0.66505
vt 0.52073 0.31879
vt 0.68101 0.68161
vt 0.66758 0.04182
vt 0.66922 0.05268
vt 0.67743 0.0425
vt 0.68832 0.68851
vt 0.67857 0.6898
vt 0.2213 0.02125
vt 0.53709 0.38677
vt 0.50633 0.11167
vt 0.8195 0.28904
vt 0.59607 0.98924
vt 0.76341 0.66491
vt 0.76475 0.65956
vt 0.67669 0.56827
vt 0.35658 0.98024
vt 0.76723 0.54919
vt 0.76355 0.55368
vt 0.64626 0.30121
vt 0.65965 0.30298
vt 0.75646 0.56731
vt 0.15238 0.9213
vt 0.91128 0.94623
vt 0.91154 0.95581
vt 0.47916 0.8204
vt 0.48722 0.82007
vt 0.94144 0.00322
vt 0.94223 0.01274
vt 0.94757 0.01415
vt 0.84915 0.26447
vt 0.55801 0.56572
vt 0.75561 0.17866
vt 0.75945 0.18325
vt 0.76875 0.17974
vt 0.83224 0.05928
vt 0.84533 0.05928
vt 0.84065 0.05561
vt 0.84451 0.25405
vt 0.76481 0.22735
vt 0.94867 0.02008
vt 0.80888 0.30142
vt 0.80258 0.30285
vt 0.80081 0.29641
vt 0.9257 0.06756
vt 0.9257 0.05653
vt 0.92196 0.05954
vt 0.93429 0.2631
vt 0.79392 0.30285
vt 0.79715 0.2968
vt 0.61822 0.4665
vt 0.6257 0.46369
vt 0.6257 0.47013
vt 0.83189 0.27528
vt 0.8415 0.27396
vt 0.82944 0.25972
vt 0.93509 0.02695
vt 0.95561 0.0245
vt 0.94907 0.03424
vt 0.67604 0.32389
vt 0.92635 0.281
vt 0.76245 0.28033
vt 0.68458 0.34305
vt 0.69473 0.35225
vt 0.76715 0.30363
vt 0.76679 0.34227
vt 0.80898 0.39808
vt 0.81088 0.40799
vt 0.89346 0.66157
vt 0.89533 0.66536
vt 0.49791 0.36281
vt 0.49894 0.41524
vt 0.5044 0.41544
vt 0.89672 0.71966
vt 0.50302 0.32455
vt 0.49732 0.32443
vt 0.89206 0.75522
vt 0.50231 0.31786
vt 0.57604 0.75568
vt 0.6419 0.77294
vt 0.471 0.93796
vt 0.47169 0.94165
vt 0.84928 0.6899
vt 0.85124 0.70282
vt 0.84393 0.7043
vt 0.84522 0.73523
vt 0.85393 0.73113
vt 0.88936 0.80249
vt 0.88645 0.82359
vt 0.8995 0.82205
vt 0.89348 0.82745
vt 0.89472 0.83023
vt 0.89841 0.83012
vt 0.91881 0.82993
vt 0.92401 0.82982
vt 0.92159 0.82618
vt 0.91527 0.89819
vt 0.88991 0.90028
vt 0.90185 0.90022
vt 0.92664 0.89879
vt 0.17022 0.77693
vt 0.16859 0.78722
vt 0.17897 0.78086
vt 0.17466 0.83623
vt 0.02583 0.99403
vt 0.17583 0.83038
vt 0.17665 0.82427
vt 0.93813 0.43642
vt 0.94618 0.4285
vt 0.58585 0.53007
vt 0.9771 0.90547
vt 0.9734 0.8959
vt 0.97018 0.90299
vt 0.10941 0.79035
vt 0.03293 0.78692
vt 0.75053 0.47916
vt 0.74127 0.46788
vt 0.05863 0.89889
vt 0.0537 0.88925
vt 0.04716 0.89966
vt 0.02763 0.74321
vt 0.73627 0.84756
vt 0.72552 0.84813
vt 0.91168 0.08988
vt 0.67186 0.85135
vt 0.90277 0.15091
vt 0.67063 0.84573
vt 0.66157 0.8465
vt 0.90205 0.1644
vt 0.73389 0.22706
vt 0.74065 0.23484
vt 0.74062 0.22533
vt 0.47243 0.67992
vt 0.48588 0.6678
vt 0.48616 0.68299
vt 0.743 0.07434
vt 0.7472 0.09237
vt 0.7472 0.07215
vt 0.90486 0.17383
vt 0.63037 0.84711
vt 0.85187 0.47126
vt 0.85027 0.46136
vt 0.68744 0.20781
vt 0.70178 0.21648
vt 0.69184 0.20194
vt 0.87523 0.48219
vt 0.87523 0.49606
vt 0.63089 0.02405
vt 0.54153 0.90855
vt 0.54346 0.90074
vt 0.54839 0.08793
vt 0.51924 0.08686
vt 0.85187 0.39197
vt 0.71733 0.02128
vt 0.49354 0.88768
vt 0.49037 0.87965
vt 0.61425 0.65
vt 0.60839 0.64272
vt 0.73 0.02224
vt 0.66864 0.15387
vt 0.65576 0.11241
vt 0.64907 0.11167
vt 0.40327 0.98018
vt 0.65254 0.09869
vt 0.65857 0.10144
vt 0.63934 0.66093
vt 0.65611 0.67514
vt 0.18842 0.70072
vt 0.54536 0.30933
vt 0.54319 0.34548
vt 0.53884 0.3804
vt 0.51779 0.11926
vt 0.52625 0.2417
vt 0.53943 0.29647
vt 0.54467 0.30092
vt 0.75621 0.77162
vt 0.59577 0.99419
vt 0.25823 0.84208
vt 0.59673 0.98364
vt 0.68916 0.57028
vt 0.76368 0.80009
vt 0.72573 0.58124
vt 0.36218 0.97867
vt 0.67187 0.24958
vt 0.65915 0.23924
vt 0.65467 0.25159
vt 0.75396 0.55274
vt 0.91521 0.95328
vt 0.46747 0.82449
vt 0.46656 0.83562
vt 0.67527 0.23581
vt 0.66437 0.22875
vt 0.37337 0.97845
vt 0.37864 0.97013
vt 0.38859 0.97089
vt 0.40165 0.97253
vt 0.35374 0.94777
vt 0.1049 0.92785
vt 0.15267 0.92487
vt 0.15987 0.9263
vt 0.82494 0.8412
vt 0.80858 0.83729
vt 0.81763 0.82929
vt 0.80234 0.88465
vt 0.81107 0.88416
vt 0.80741 0.87822
vt 0.84818 0.81921
vt 0.83693 0.81954
vt 0.8478 0.81618
vt 0.66344 0.22502
vt 0.67036 0.22197
vt 0.79392 0.17896
vt 0.78024 0.18004
vt 0.79085 0.18311
vt 0.83989 0.82823
vt 0.83093 0.83407
vt 0.82465 0.82355
vt 0.8506 0.81572
vt 0.85457 0.81797
vt 0.85 0.93895
vt 0.85316 0.94256
vt 0.85542 0.93545
vt 0.93006 0.24954
vt 0.82362 0.8818
vt 0.82862 0.84082
vt 0.84287 0.83622
vt 0.84777 0.84684
vt 0.85108 0.83261
vt 0.76947 0.20628
vt 0.78208 0.23294
vt 0.77555 0.18281
vt 0.77785 0.22425
vt 0.84499 0.83736
vt 0.93346 0.27711
vt 0.77088 0.2653
vt 0.79223 0.2787
vt 0.92152 0.29155
vt 0.92855 0.30308
vt 0.92029 0.31359
vt 0.1472 0.94256
vt 0.11435 0.94072
vt 0.1014 0.94256
vt 0.70191 0.36107
vt 0.42663 0.78247
vt 0.77898 0.28386
vt 0.7829 0.28332
vt 0.788 0.26606
vt 0.79009 0.33403
vt 0.78329 0.34238
vt 0.77424 0.34246
vt 0.79315 0.34145
vt 0.77675 0.34825
vt 0.42857 0.75046
vt 0.19432 0.78631
vt 0.85366 0.29801
vt 0.81459 0.40865
vt 0.66597 0.21276
vt 0.65915 0.21397
vt 0.50608 0.41772
vt 0.49533 0.41958
vt 0.49255 0.37446
vt 0.4919 0.32297
vt 0.48503 0.32611
vt 0.48143 0.3619
vt 0.48834 0.35795
vt 0.46776 0.31779
vt 0.4828 0.3137
vt 0.58897 0.76239
vt 0.59886 0.76194
vt 0.60515 0.76435
vt 0.52167 0.76756
vt 0.86297 0.68933
vt 0.93056 0.88496
vt 0.89073 0.58591
vt 0.77637 0.8101
vt 0.90156 0.80264
vt 0.91808 0.80101
vt 0.91532 0.82071
vt 0.92664 0.80306
vt 0.92543 0.82137
vt 0.90365 0.82801
vt 0.91138 0.82719
vt 0.9067 0.8935
vt 0.17245 0.76817
vt 0.15231 0.76134
vt 0.1619 0.76864
vt 0.16273 0.76633
vt 0.15187 0.76707
vt 0.72438 0.91314
vt 0.71022 0.91314
vt 0.71174 0.90903
vt 0.17704 0.84796
vt 0.96649 0.50506
vt 0.97382 0.50222
vt 0.9698 0.49702
vt 0.17131 0.84907
vt 0.95213 0.41975
vt 0.93173 0.43903
vt 0.70735 0.86831
vt 0.70863 0.85708
vt 0.71956 0.8685
vt 0.72074 0.85767
vt 0.5738 0.46921
vt 0.57406 0.48038
vt 0.97949 0.72013
vt 0.46402 0.38925
vt 0.45841 0.39325
vt 0.46402 0.40579
vt 0.56778 0.49082
vt 0.56978 0.48386
vt 0.14918 0.78953
vt 0.16061 0.78395
vt 0.57551 0.50719
vt 0.13619 0.78912
vt 0.58153 0.51356
vt 0.1527 0.95327
vt 0.14659 0.95853
vt 0.14747 0.95128
vt 0.16051 0.95896
vt 0.96396 0.89017
vt 0.11534 0.78523
vt 0.97049 0.90547
vt 0.96071 0.90472
vt 0.96001 0.91039
vt 0.03661 0.77459
vt 0.10999 0.76315
vt 0.1115 0.77794
vt 0.6024 0.59654
vt 0.60338 0.60064
vt 0.75654 0.48222
vt 0.74505 0.4545
vt 0.05028 0.90281
vt 0.02772 0.75487
vt 0.59941 0.05653
vt 0.02391 0.72819
vt 0.75841 0.83858
vt 0.74927 0.84857
vt 0.70421 0.22197
vt 0.69917 0.22013
vt 0.69299 0.22197
vt 0.16587 0.94745
vt 0.15467 0.94899
vt 0.15499 0.94081
vt 0.21904 0.94306
vt 0.21356 0.9401
vt 0.9047 0.1591
vt 0.66157 0.85265
vt 0.49639 0.6683
vt 0.71361 0.21655
vt 0.72262 0.23155
vt 0.71473 0.22782
vt 0.5003 0.65357
vt 0.4968 0.6854
vt 0.50096 0.67166
vt 0.50772 0.67871
vt 0.50807 0.6532
vt 0.51095 0.65963
vt 0.7385 0.21571
vt 0.738 0.20078
vt 0.71892 0.20275
vt 0.91168 0.17647
vt 0.6205 0.02895
vt 0.51865 0.66965
vt 0.51801 0.67665
vt 0.69679 0.20017
vt 0.54255 0.66797
vt 0.53903 0.65796
vt 0.55148 0.65185
vt 0.67878 0.16119
vt 0.55958 0.67373
vt 0.63214 0.02847
vt 0.68889 0.02775
vt 0.58795 0.66752
vt 0.58948 0.65936
vt 0.5805 0.64854
vt 0.7254 0.02745
vt 0.49299 0.90028
vt 0.66764 0.12672
vt 0.61382 0.66918
vt 0.6214 0.65894
vt 0.57912 0.32764
vt 0.62657 0.67555
vt 0.66073 0.09158
vt 0.63737 0.66587
vt 0.69375 0.06584
vt 0.72575 0.06175
vt 0.70331 0.05702
vt 0.68083 0.08897
vt 0.67645 0.07791
vt 0.65373 0.08693
vt 0.6841 0.05638
vt 0.67004 0.06827
vt 0.70389 0.04302
vt 0.70026 0.04868
vt 0.68019 0.04822
vt 0.53658 0.34037
vt 0.53187 0.37417
vt 0.82791 0.321
vt 0.81396 0.28767
vt 0.76002 0.78312
vt 0.60089 0.98514
vt 0.75603 0.54196
vt 0.78736 0.54516
vt 0.79345 0.54595
vt 0.31251 0.79191
vt 0.80726 0.841
vt 0.78524 0.82383
vt 0.6335 0.89047
vt 0.63627 0.88189
vt 0.68374 0.89393
vt 0.68502 0.88476
vt 0.47109 0.84752
vt 0.68794 0.22499
vt 0.39128 0.98024
vt 0.36495 0.75138
vt 0.33632 0.74127
vt 0.33411 0.75138
vt 0.60569 0.88703
vt 0.26561 0.8255
vt 0.96662 0.29396
vt 0.95892 0.30068
vt 0.96598 0.30336
vt 0.77401 0.17785
vt 0.26589 0.81493
vt 0.81322 0.84775
vt 0.93836 0.25375
vt 0.82501 0.85465
vt 0.83163 0.85273
vt 0.8463 0.92877
vt 0.93828 0.27438
vt 0.82408 0.88465
vt 0.86151 0.82559
vt 0.77366 0.21714
vt 0.93997 0.28005
vt 0.93326 0.28997
vt 0.83692 0.88226
vt 0.85206 0.84298
vt 0.77518 0.28415
vt 0.70963 0.36926
vt 0.4195 0.79842
vt 0.78636 0.34872
vt 0.79392 0.34729
vt 0.76537 0.34701
vt 0.77277 0.35226
vt 0.84161 0.2955
vt 0.78827 0.35854
vt 0.82273 0.40787
vt 0.48998 0.41522
vt 0.48565 0.41933
vt 0.48528 0.41522
vt 0.49249 0.31262
vt 0.50608 0.3073
vt 0.49844 0.30377
vt 0.56502 0.77697
vt 0.90551 0.58585
vt 0.48956 0.93841
vt 0.86429 0.66396
vt 0.8577 0.69603
vt 0.86044 0.74361
vt 0.8554 0.71362
vt 0.88645 0.5891
vt 0.77228 0.80169
vt 0.66221 0.79713
vt 0.90843 0.82113
vt 0.16648 0.75151
vt 0.153 0.7494
vt 0.15291 0.84551
vt 0.72587 0.88418
vt 0.70701 0.87894
vt 0.15552 0.82166
vt 0.94674 0.4008
vt 0.94235 0.41768
vt 0.93049 0.42491
vt 0.71736 0.87595
vt 0.70737 0.87526
vt 0.93205 0.44531
vt 0.98757 0.72814
vt 0.99202 0.72366
vt 0.99299 0.73851
vt 0.15032 0.78155
vt 0.57007 0.50686
vt 0.14007 0.78468
vt 0.73035 0.95569
vt 0.73166 0.96457
vt 0.72225 0.95993
vt 0.72596 0.95259
vt 0.95168 0.90692
vt 0.12123 0.77735
vt 0.95154 0.89564
vt 0.97162 0.89053
vt 0.58674 0.54103
vt 0.03131 0.7729
vt 0.74908 0.46925
vt 0.06121 0.91171
vt 0.59209 0.06374
vt 0.75743 0.84893
vt 0.02667 0.71917
vt 0.15493 0.93473
vt 0.21849 0.93061
vt 0.6603 0.85891
vt 0.91157 0.16138
vt 0.49568 0.6898
vt 0.48093 0.68634
vt 0.65162 0.8498
vt 0.71582 0.20968
vt 0.64353 0.85584
vt 0.24913 0.94899
vt 0.24823 0.94481
vt 0.26098 0.94603
vt 0.63148 0.85293
vt 0.70376 0.19665
vt 0.71038 0.19235
vt 0.6892 0.15733
vt 0.69547 0.1903
vt 0.6804 0.14552
vt 0.55579 0.6616
vt 0.68804 0.14076
vt 0.48383 0.897
vt 0.4787 0.87998
vt 0.58005 0.31882
vt 0.5899 0.31296
vt 0.66666 0.10405
vt 0.67384 0.10752
vt 0.73972 0.02895
vt 0.66747 0.09417
vt 0.67763 0.1009
vt 0.74065 0.0525
vt 0.72418 0.04657
vt 0.18813 0.70441
vt 0.11799 0.39744
vt 0.52965 0.38415
vt 0.52535 0.3882
vt 0.2545 0.84881
vt 0.23794 0.84686
vt 0.5037 0.28695
vt 0.73692 0.68009
vt 0.74252 0.68612
vt 0.74252 0.67325
vt 0.52723 0.37939
vt 0.61344 0.91866
vt 0.60534 0.90803
vt 0.60799 0.90691
vt 0.60649 0.99107
vt 0.76402 0.77734
vt 0.2257 0.72105
vt 0.21381 0.71721
vt 0.22061 0.71186
vt 0.77355 0.53763
vt 0.66877 0.25966
vt 0.66305 0.26241
vt 0.7121 0.59129
vt 0.77889 0.54284
vt 0.67811 0.24606
vt 0.68037 0.2418
vt 0.68925 0.23612
vt 0.78458 0.84196
vt 0.74722 0.54452
vt 0.69241 0.88763
vt 0.69184 0.89802
vt 0.92341 0.95929
vt 0.91998 0.96538
vt 0.38231 0.97434
vt 0.89237 0.2021
vt 0.89938 0.20728
vt 0.89953 0.19347
vt 0.69914 0.88522
vt 0.95699 0.29149
vt 0.81909 0.85961
vt 0.83064 0.87035
vt 0.81425 0.86443
vt 0.83212 0.86166
vt 0.84516 0.85579
vt 0.85776 0.84178
vt 0.92664 0.0366
vt 0.9328 0.04381
vt 0.94173 0.05158
vt 0.95358 0.05357
vt 0.93297 0.31415
vt 0.42041 0.77298
vt 0.6926 0.36685
vt 0.40768 0.79021
vt 0.78048 0.35322
vt 0.77807 0.3603
vt 0.79372 0.37085
vt 0.78728 0.37086
vt 0.82383 0.392
vt 0.7772 0.37013
vt 0.8191 0.41742
vt 0.6715 0.22105
vt 0.54893 0.76938
vt 0.56994 0.76577
vt 0.60131 0.76902
vt 0.86074 0.76958
vt 0.86302 0.70389
vt 0.86602 0.71638
vt 0.86584 0.73756
vt 0.51168 0.9545
vt 0.76746 0.7616
vt 0.76832 0.79853
vt 0.91052 0.80137
vt 0.73076 0.90045
vt 0.98684 0.50339
vt 0.98298 0.49809
vt 0.97427 0.4912
vt 0.93359 0.41899
vt 0.95648 0.40407
vt 0.72596 0.87109
vt 0.16127 0.77306
vt 0.15452 0.7713
vt 0.73066 0.96998
vt 0.13118 0.77629
vt 0.2014 0.95464
vt 0.14533 0.96846
vt 0.15488 0.96995
vt 0.18201 0.96625
vt 0.9723 0.88191
vt 0.95464 0.88867
vt 0.75598 0.46669
vt 0.03942 0.74615
vt 0.75654 0.45509
vt 0.05127 0.92975
vt 0.0351 0.72626
vt 0.66407 0.36659
vt 0.6743 0.37178
vt 0.67191 0.36253
vt 0.73954 0.85891
vt 0.73062 0.85262
vt 0.23273 0.93227
vt 0.23277 0.9449
vt 0.24822 0.93238
vt 0.26402 0.93325
vt 0.47336 0.8903
vt 0.17991 0.50316
vt 0.27562 0.14798
vt 0.52734 0.15161
vt 0.53389 0.30178
vt 0.6986 0.87178
vt 0.69557 0.8681
vt 0.68738 0.86999
vt 0.64857 0.91499
vt 0.66096 0.90738
vt 0.68518 0.91537
vt 0.20862 0.72105
vt 0.61129 0.99586
vt 0.60794 0.90264
vt 0.6199 0.90161
vt 0.69103 0.91116
vt 0.6863 0.90352
vt 0.81846 0.30313
vt 0.687 0.24762
vt 0.70323 0.58664
vt 0.7616 0.53622
vt 0.45795 0.8311
vt 0.46226 0.84167
vt 0.45153 0.84354
vt 0.80427 0.29041
vt 0.77523 0.66646
vt 0.76887 0.67509
vt 0.88925 0.92848
vt 0.88292 0.92924
vt 0.88869 0.94112
vt 0.72544 0.59284
vt 0.75621 0.53417
vt 0.79216 0.53684
vt 0.60809 0.89558
vt 0.65966 0.90019
vt 0.94897 0.28844
vt 0.95295 0.28338
vt 0.95841 0.11535
vt 0.95841 0.1034
vt 0.95 0.11002
vt 0.92944 0.96737
vt 0.88522 0.20703
vt 0.89078 0.20928
vt 0.69827 0.90036
vt 0.23476 0.79926
vt 0.70608 0.89186
vt 0.96606 0.28683
vt 0.87117 0.92731
vt 0.86563 0.91831
vt 0.5502 0.62738
vt 0.85069 0.91629
vt 0.94347 0.26228
vt 0.8749 0.83608
vt 0.81943 0.8773
vt 0.9752 0.10025
vt 0.9871 0.08925
vt 0.97606 0.08433
vt 0.98303 0.09948
vt 0.8551 0.85584
vt 0.99299 0.072
vt 0.9845 0.06557
vt 0.99027 0.10053
vt 0.99299 0.055
vt 0.92614 0.32706
vt 0.70061 0.37714
vt 0.95561 0.00361
vt 0.96242 0.01017
vt 0.96379 0.0038
vt 0.12757 0.96601
vt 0.12747 0.97371
vt 0.11772 0.97221
vt 0.12237 0.96411
vt 0.76966 0.36063
vt 0.57966 0.76128
vt 0.58173 0.77661
vt 0.58622 0.77342
vt 0.54295 0.77307
vt 0.61195 0.77237
vt 0.62855 0.77246
vt 0.63442 0.77141
vt 0.52903 0.77373
vt 0.88341 0.68848
vt 0.86432 0.69506
vt 0.86407 0.69854
vt 0.86564 0.74213
vt 0.86503 0.75041
vt 0.87178 0.76686
vt 0.86516 0.76952
vt 0.86773 0.72018
vt 0.86729 0.73046
vt 0.85787 0.72371
vt 0.93334 0.88127
vt 0.9465 0.86142
vt 0.78084 0.80958
vt 0.95995 0.48656
vt 0.1265 0.83894
vt 0.12832 0.82652
vt 0.73731 0.88069
vt 0.14069 0.77339
vt 0.04294 0.7554
vt 0.04325 0.93574
vt 0.03884 0.73326
vt 0.61927 0.07472
vt 0.63937 0.07225
vt 0.6533 0.36696
vt 0.65759 0.36222
vt 0.75798 0.85885
vt 0.7001 0.90881
vt 0.70159 0.91757
vt 0.69453 0.91866
vt 0.13224 0.88833
vt 0.48529 0.23456
vt 0.50728 0.29648
vt 0.6986 0.86259
vt 0.94533 0.2798
vt 0.6854 0.57749
vt 0.68538 0.59243
vt 0.68103 0.57586
vt 0.73131 0.53841
vt 0.7353 0.53946
vt 0.73477 0.53174
vt 0.67229 0.5759
vt 0.66581 0.57032
vt 0.73917 0.53267
vt 0.60327 0.89119
vt 0.60384 0.91081
vt 0.26589 0.84212
vt 0.74787 0.53401
vt 0.77825 0.53588
vt 0.30413 0.79199
vt 0.30391 0.78722
vt 0.25097 0.90211
vt 0.26963 0.90403
vt 0.26269 0.91314
vt 0.70416 0.90654
vt 0.95676 0.27853
vt 0.45188 0.82379
vt 0.24533 0.91314
vt 0.94529 0.25232
vt 0.98738 0.30071
vt 0.97404 0.29528
vt 0.97683 0.3102
vt 0.83848 0.91256
vt 0.98458 0.0469
vt 0.97797 0.06102
vt 0.98106 0.10891
vt 0.86338 0.8523
vt 0.64811 0.52223
vt 0.6472 0.54011
vt 0.66188 0.54483
vt 0.65214 0.55141
vt 0.65701 0.50667
vt 0.64903 0.50591
vt 0.65785 0.5242
vt 0.94069 0.29652
vt 0.94533 0.32093
vt 0.40529 0.77738
vt 0.71075 0.3892
vt 0.97056 0.0023
vt 0.96717 0.01149
vt 0.97804 0.01149
vt 0.39953 0.81112
vt 0.1264 0.98024
vt 0.39118 0.85537
vt 0.39774 0.84881
vt 0.39311 0.86111
vt 0.40085 0.85353
vt 0.11275 0.96999
vt 0.40954 0.85338
vt 0.40741 0.8588
vt 0.11988 0.95605
vt 0.11108 0.95914
vt 0.39167 0.80561
vt 0.38364 0.81112
vt 0.39393 0.81112
vt 0.51757 0.80352
vt 0.63366 0.79636
vt 0.87198 0.70838
vt 0.87257 0.75016
vt 0.17897 0.75489
vt 0.96055 0.47138
vt 0.13598 0.85643
vt 0.99206 0.49346
vt 0.11211 0.82588
vt 0.74111 0.89131
vt 0.7446 0.88063
vt 0.74308 0.88741
vt 0.12119 0.80935
vt 0.55935 0.50819
vt 0.13981 0.76182
vt 0.70205 0.96706
vt 0.68506 0.95362
vt 0.12543 0.76788
vt 0.96172 0.86434
vt 0.03695 0.91179
vt 0.03605 0.89719
vt 0.03005 0.91038
vt 0.05523 0.74156
vt 0.05344 0.75145
vt 0.06121 0.95328
vt 0.05268 0.73276
vt 0.66237 0.3389
vt 0.26073 0.10478
vt 0.29548 0.00659
vt 0.88496 0.91921
vt 0.75261 0.53206
vt 0.75299 0.52891
vt 0.74878 0.53019
vt 0.95243 0.27405
vt 0.20421 0.71614
vt 0.68925 0.25787
vt 0.6755 0.60114
vt 0.45634 0.80873
vt 0.96743 0.27829
vt 0.84159 0.90733
vt 0.97364 0.04626
vt 0.97149 0.06164
vt 0.46121 0.35396
vt 0.46502 0.3759
vt 0.46696 0.35921
vt 0.46787 0.34641
vt 0.46165 0.33782
vt 0.95447 0.54428
vt 0.96772 0.54652
vt 0.95743 0.53217
vt 0.84181 0.86922
vt 0.85136 0.8687
vt 0.79265 0.14168
vt 0.81025 0.14476
vt 0.80137 0.12513
vt 0.86295 0.86013
vt 0.65679 0.49491
vt 0.66584 0.55193
vt 0.66092 0.56112
vt 0.93244 0.06748
vt 0.94276 0.07328
vt 0.95561 0.07795
vt 0.93612 0.33153
vt 0.69221 0.38209
vt 0.9314 0.34053
vt 0.69994 0.39127
vt 0.10722 0.9793
vt 0.39594 0.86927
vt 0.09126 0.9774
vt 0.10336 0.96526
vt 0.41291 0.86667
vt 0.11157 0.94732
vt 0.11881 0.95348
vt 0.64173 0.8044
vt 0.60454 0.79162
vt 0.88533 0.73019
vt 0.88341 0.77068
vt 0.5076 0.94102
vt 0.50869 0.95181
vt 0.11202 0.84394
vt 0.17515 0.74127
vt 0.73726 0.90341
vt 0.74581 0.89604
vt 0.10447 0.83899
vt 0.93408 0.40191
vt 0.95748 0.37693
vt 0.71727 0.97743
vt 0.67914 0.94715
vt 0.2011 0.94623
vt 0.13311 0.75913
vt 0.12642 0.76156
vt 0.20098 0.9693
vt 0.03659 0.93152
vt 0.05002 0.95542
vt 0.6331 0.08375
vt 0.62535 0.09421
vt 0.27324 0.28909
vt 0.50593 0.23709
vt 0.61636 0.99358
vt 0.7352 0.51364
vt 0.71878 0.60232
vt 0.72337 0.60186
vt 0.87194 0.21078
vt 0.88288 0.22851
vt 0.44583 0.83494
vt 0.74408 0.51627
vt 0.88564 0.23736
vt 0.26485 0.79225
vt 0.87382 0.91153
vt 0.96134 0.27147
vt 0.98323 0.28662
vt 0.47436 0.35135
vt 0.97218 0.53117
vt 0.94907 0.54821
vt 0.96007 0.56632
vt 0.95996 0.55345
vt 0.78357 0.12186
vt 0.87179 0.85558
vt 0.66336 0.51109
vt 0.67003 0.53539
vt 0.86659 0.86616
vt 0.93563 0.08723
vt 0.94542 0.08869
vt 0.6856 0.38017
vt 0.38221 0.86521
vt 0.37578 0.85789
vt 0.38635 0.85621
vt 0.70454 0.40362
vt 0.4023 0.87679
vt 0.09878 0.95272
vt 0.54938 0.79508
vt 0.54285 0.79129
vt 0.59847 0.78541
vt 0.50971 0.9384
vt 0.88423 0.67972
vt 0.88343 0.66258
vt 0.88434 0.70479
vt 0.8809 0.7008
vt 0.97545 0.47027
vt 0.11323 0.85754
vt 0.98758 0.47134
vt 0.10327 0.81937
vt 0.11496 0.80469
vt 0.94259 0.37684
vt 0.68344 0.98116
vt 0.73224 0.98116
vt 0.12527 0.74442
vt 0.19505 0.98116
vt 0.02501 0.9039
vt 0.06479 0.74567
vt 0.65093 0.0633
vt 0.64221 0.07832
vt 0.6494 0.35826
vt 0.6743 0.31869
vt 0.4894 0.24608
vt 0.81926 0.31568
vt 0.65685 0.593
vt 0.43509 0.83908
vt 0.44955 0.84092
vt 0.44165 0.81983
vt 0.44372 0.80561
vt 0.6662 0.61131
vt 0.74988 0.51536
vt 0.94803 0.26696
vt 0.89499 0.24374
vt 0.50445 0.62615
vt 0.86399 0.9071
vt 0.85388 0.9032
vt 0.88458 0.07159
vt 0.86598 0.07123
vt 0.86672 0.08178
vt 0.9671 0.52211
vt 0.47608 0.37462
vt 0.47636 0.38284
vt 0.4751 0.36233
vt 0.47973 0.33841
vt 0.47677 0.335
vt 0.97245 0.03623
vt 0.98276 0.03171
vt 0.46608 0.32803
vt 0.81542 0.90866
vt 0.83005 0.89896
vt 0.48178 0.32766
vt 0.37617 0.75138
vt 0.37617 0.767
vt 0.36589 0.75572
vt 0.82055 0.8908
vt 0.66463 0.49743
vt 0.67897 0.72822
vt 0.69591 0.72374
vt 0.70511 0.73024
vt 0.67229 0.541
vt 0.86335 0.8739
vt 0.67812 0.54863
vt 0.8766 0.8618
vt 0.94529 0.33932
vt 0.91925 0.33961
vt 0.93405 0.35511
vt 0.92107 0.34917
vt 0.93411 0.34334
vt 0.38884 0.87331
vt 0.08675 0.96421
vt 0.09879 0.94528
vt 0.52318 0.79565
vt 0.55838 0.79367
vt 0.6472 0.80075
vt 0.90981 0.58928
vt 0.52891 0.79117
vt 0.59386 0.79276
vt 0.61202 0.79167
vt 0.62896 0.79167
vt 0.88522 0.71041
vt 0.88396 0.71707
vt 0.88571 0.73533
vt 0.88738 0.74222
vt 0.88736 0.76828
vt 0.88103 0.6973
vt 0.88233 0.72512
vt 0.93391 0.86332
vt 0.96623 0.45279
vt 0.95187 0.45655
vt 0.76646 0.90604
vt 0.76264 0.89323
vt 0.77236 0.88657
vt 0.99486 0.63812
vt 0.99443 0.62458
vt 0.98545 0.63855
vt 0.95524 0.37183
vt 0.6841 0.96532
vt 0.14647 0.7528
vt 0.14073 0.74575
vt 0.30966 0.99176
vt 0.30771 0.98479
vt 0.31642 0.98306
vt 0.13206 0.74605
vt 0.95343 0.86591
vt 0.31729 0.96863
vt 0.97485 0.84305
vt 0.2014 0.97911
vt 0.03342 0.94793
vt 0.03872 0.95444
vt 0.96276 0.93428
vt 0.95576 0.9465
vt 0.95229 0.9397
vt 0.07572 0.73948
vt 0.94813 0.95346
vt 0.06259 0.73126
vt 0.63738 0.09235
vt 0.95402 0.9668
vt 0.47392 0.27301
vt 0.50675 0.30173
vt 0.74061 0.51188
vt 0.87241 0.23765
vt 0.6933 0.60662
vt 0.75707 0.51396
vt 0.71749 0.6136
vt 0.76902 0.50582
vt 0.26504 0.788
vt 0.95576 0.25619
vt 0.88479 0.90574
vt 0.96761 0.26571
vt 0.98576 0.27381
vt 0.82691 0.54133
vt 0.83507 0.55532
vt 0.84885 0.53986
vt 0.84612 0.55597
vt 0.97984 0.52068
vt 0.84975 0.89862
vt 0.85579 0.07704
vt 0.85968 0.08231
vt 0.4735 0.3895
vt 0.84021 0.90093
vt 0.70347 0.71446
vt 0.71125 0.71369
vt 0.70492 0.72275
vt 0.71081 0.72208
vt 0.71898 0.73024
vt 0.67991 0.5575
vt 0.97371 0.54917
vt 0.83953 0.57048
vt 0.84368 0.57721
vt 0.85327 0.56161
vt 0.83516 0.57378
vt 0.87656 0.867
vt 0.88738 0.85517
vt 0.87892 0.87375
vt 0.92875 0.08443
vt 0.36531 0.86545
vt 0.37363 0.86894
vt 0.9986 0.31296
vt 0.9986 0.30273
vt 0.99059 0.30828
vt 0.93411 0.36167
vt 0.92569 0.35858
vt 0.91729 0.3424
vt 0.80888 0.19715
vt 0.82196 0.19715
vt 0.80952 0.18704
vt 0.69342 0.4014
vt 0.69959 0.41349
vt 0.07974 0.97156
vt 0.08054 0.98024
vt 0.08638 0.95238
vt 0.42233 0.87594
vt 0.4114 0.88226
vt 0.42214 0.88679
vt 0.51263 0.80282
vt 0.5782 0.79263
vt 0.88674 0.74979
vt 0.88456 0.69475
vt 0.64934 0.80928
vt 0.0014 0.78135
vt 0.95206 0.44945
vt 0.10396 0.858
vt 0.98287 0.61566
vt 0.99486 0.6104
vt 0.98415 0.60111
vt 0.76188 0.87519
vt 0.94113 0.36997
vt 0.94755 0.36638
vt 0.67617 0.9654
vt 0.29161 0.99494
vt 0.30801 0.96826
vt 0.30948 0.95974
vt 0.96138 0.84144
vt 0.02499 0.934
vt 0.02443 0.94499
vt 0.01438 0.92285
vt 0.29138 0.20597
vt 0.69768 0.60966
vt 0.96385 0.25692
vt 0.86577 0.89973
vt 0.46934 0.6194
vt 0.83393 0.53203
vt 0.85785 0.55226
vt 0.86695 0.54934
vt 0.86452 0.53347
vt 0.81578 0.5502
vt 0.82227 0.5604
vt 0.76808 0.10574
vt 0.77073 0.12641
vt 0.48036 0.38357
vt 0.71184 0.71885
vt 0.71435 0.71557
vt 0.86688 0.55439
vt 0.78114 0.11032
vt 0.86173 0.55991
vt 0.83594 0.89153
vt 0.71763 0.72052
vt 0.79233 0.10604
vt 0.66787 0.48577
vt 0.86414 0.57313
vt 0.87285 0.55854
vt 0.96764 0.57774
vt 0.83475 0.5825
vt 0.82706 0.57695
vt 0.87793 0.8773
vt 0.84836 0.58326
vt 0.88405 0.86731
vt 0.8823 0.87506
vt 0.96189 0.9159
vt 0.96004 0.92422
vt 0.95561 0.92185
vt 0.95732 0.92917
vt 0.99026 0.30033
vt 0.99808 0.29734
vt 0.36281 0.87344
vt 0.98645 0.31191
vt 0.78672 0.85248
vt 0.77858 0.86275
vt 0.77617 0.85415
vt 0.99199 0.31939
vt 0.78707 0.85896
vt 0.78865 0.86443
vt 0.7962 0.86443
vt 0.37505 0.87673
vt 0.07901 0.96144
vt 0.0771 0.9543
vt 0.42757 0.89109
vt 0.08515 0.94487
vt 0.07775 0.94846
vt 0.08647 0.93612
vt 0.53773 0.91774
vt 0.53598 0.92456
vt 0.53239 0.92109
vt 0.88736 0.72572
vt 0.88527 0.7015
vt 0.88599 0.71424
vt 0.93213 0.85901
vt 0.94454 0.85822
vt 0.98009 0.44912
vt 0.78922 0.89823
vt 0.92989 0.37411
vt 0.28567 0.97241
vt 0.9771 0.83685
vt 0.01534 0.94029
vt 0.96244 0.97598
vt 0.95286 0.9784
vt 0.65521 0.31986
vt 0.66646 0.31204
vt 0.42621 0.83639
vt 0.42752 0.84972
vt 0.75321 0.51226
vt 0.43343 0.80775
vt 0.70698 0.62602
vt 0.84755 0.52141
vt 0.83751 0.51424
vt 0.8207 0.52914
vt 0.89942 0.25381
vt 0.50357 0.6287
vt 0.98408 0.26258
vt 0.8588 0.8923
vt 0.98271 0.53411
vt 0.85319 0.89042
vt 0.87332 0.54175
vt 0.81119 0.57048
vt 0.8419 0.09046
vt 0.86327 0.09228
vt 0.84337 0.89018
vt 0.48178 0.39292
vt 0.7257 0.72102
vt 0.82183 0.57076
vt 0.81844 0.57871
vt 0.82168 0.88588
vt 0.6755 0.49294
vt 0.97687 0.57257
vt 0.87216 0.58125
vt 0.88032 0.56201
vt 0.96437 0.59329
vt 0.97365 0.58033
vt 0.27245 0.83407
vt 0.27522 0.83137
vt 0.28547 0.84001
vt 0.27695 0.8233
vt 0.28008 0.82565
vt 0.28808 0.81578
vt 0.28467 0.81367
vt 0.86328 0.58528
vt 0.97007 0.91683
vt 0.96965 0.92643
vt 0.27202 0.82946
vt 0.85685 0.59207
vt 0.9562 0.93244
vt 0.35447 0.87465
vt 0.35493 0.8704
vt 0.79767 0.85402
vt 0.79953 0.8637
vt 0.68466 0.39482
vt 0.68567 0.40837
vt 0.70314 0.42917
vt 0.69759 0.43132
vt 0.70312 0.43704
vt 0.54797 0.80315
vt 0.58311 0.79726
vt 0.60936 0.79729
vt 0.51492 0.92001
vt 0.52399 0.91849
vt 0.52342 0.92387
vt 0.52834 0.92427
vt 0.54387 0.91802
vt 0.54581 0.92566
vt 0.54933 0.92363
vt 0.56121 0.91873
vt 0.56668 0.91981
vt 0.55928 0.92427
vt 0.02383 0.78477
vt 0.49711 0.92082
vt 0.4975 0.93175
vt 0.49386 0.92263
vt 0.57238 0.92467
vt 0.59822 0.922
vt 0.59391 0.92966
vt 0.5795 0.92107
vt 0.5986 0.93403
vt 0.49299 0.9333
vt 0.53071 0.93335
vt 0.5547 0.93411
vt 0.59414 0.93474
vt 0.49796 0.93612
vt 0.76498 0.80357
vt 0.55677 0.93612
vt 0.66544 0.80324
vt 0.70574 0.80282
vt 0.66841 0.80009
vt 0.66405 0.79894
vt 0.9472 0.85432
vt 0.97074 0.44531
vt 0.96099 0.60786
vt 0.97511 0.63286
vt 0.79387 0.88121
vt 0.15652 0.73098
vt 0.01916 0.95007
vt 0.98065 0.95753
vt 0.9826 0.93598
vt 0.08835 0.75011
vt 0.49506 0.1519
vt 0.50718 0.18662
vt 0.49 0.24192
vt 0.42531 0.82801
vt 0.65645 0.60668
vt 0.43246 0.81745
vt 0.71266 0.62355
vt 0.74845 0.5128
vt 0.78054 0.50317
vt 0.96681 0.24982
vt 0.82704 0.52008
vt 0.87687 0.89585
vt 0.86198 0.51983
vt 0.91229 0.59804
vt 0.91142 0.61174
vt 0.91626 0.60806
vt 0.87981 0.53514
vt 0.89945 0.62737
vt 0.91336 0.62474
vt 0.90276 0.6425
vt 0.85378 0.09797
vt 0.84849 0.10264
vt 0.29831 0.80988
vt 0.30408 0.80836
vt 0.30137 0.81507
vt 0.89206 0.65579
vt 0.67991 0.47932
vt 0.81912 0.58896
vt 0.88123 0.58679
vt 0.984 0.9186
vt 0.97946 0.92873
vt 0.28567 0.83145
vt 0.28902 0.82692
vt 0.8299 0.59415
vt 0.3422 0.8762
vt 0.91799 0.12161
vt 0.91168 0.11588
vt 0.91444 0.12532
vt 0.84626 0.59036
vt 0.91916 0.10524
vt 0.84852 0.59998
vt 0.83469 0.59542
vt 0.36208 0.88094
vt 0.97958 0.17191
vt 0.97134 0.16961
vt 0.97492 0.18428
vt 0.96378 0.16402
vt 0.95984 0.17125
vt 0.96433 0.17405
vt 0.87725 0.59325
vt 0.88551 0.59594
vt 0.86765 0.60661
vt 0.85582 0.60564
vt 0.72689 0.75221
vt 0.73224 0.757
vt 0.73003 0.76516
vt 0.97931 0.16043
vt 0.82132 0.08454
vt 0.82704 0.08179
vt 0.82324 0.07831
vt 0.98601 0.16216
vt 0.98738 0.14676
vt 0.83381 0.07509
vt 0.38945 0.88473
vt 0.69567 0.4215
vt 0.40364 0.88863
vt 0.68755 0.42905
vt 0.41693 0.89048
vt 0.81264 0.11538
vt 0.81125 0.10575
vt 0.80618 0.10978
vt 0.81254 0.09924
vt 0.80421 0.10343
vt 0.59829 0.80469
vt 0.72879 0.81001
vt 0.78979 0.86867
vt 0.14598 0.72966
vt 0.12218 0.72793
vt 0.95 0.84268
vt 0.41449 0.84332
vt 0.81711 0.32899
vt 0.81419 0.32417
vt 0.67543 0.65185
vt 0.67857 0.61091
vt 0.83489 0.5118
vt 0.75755 0.50942
vt 0.82179 0.51596
vt 0.818 0.52131
vt 0.79365 0.50048
vt 0.67243 0.85524
vt 0.67243 0.86535
vt 0.66215 0.86507
vt 0.97448 0.25139
vt 0.80716 0.33034
vt 0.80889 0.31818
vt 0.801 0.32751
vt 0.92323 0.59781
vt 0.92822 0.59741
vt 0.92942 0.58617
vt 0.86763 0.88695
vt 0.92839 0.61103
vt 0.91643 0.62369
vt 0.9186 0.62842
vt 0.90926 0.63985
vt 0.84658 0.88483
vt 0.30843 0.81165
vt 0.33327 0.8799
vt 0.3269 0.87706
vt 0.34009 0.87293
vt 0.76972 0.08402
vt 0.71368 0.15471
vt 0.70452 0.14468
vt 0.70292 0.1593
vt 0.3025 0.82453
vt 0.78499 0.09032
vt 0.79387 0.1002
vt 0.79036 0.08992
vt 0.69648 0.14234
vt 0.99112 0.92492
vt 0.98541 0.93244
vt 0.91916 0.13089
vt 0.9122 0.13189
vt 0.98169 0.57705
vt 0.98271 0.58858
vt 0.80581 0.59039
vt 0.97578 0.58958
vt 0.81326 0.08677
vt 0.81194 0.07969
vt 0.24346 0.85975
vt 0.25922 0.85289
vt 0.26192 0.85973
vt 0.95555 0.15962
vt 0.84426 0.61471
vt 0.67607 0.40148
vt 0.67433 0.3957
vt 0.68094 0.38501
vt 0.71061 0.76269
vt 0.85876 0.61339
vt 0.71692 0.74678
vt 0.97326 0.14537
vt 0.82673 0.0694
vt 0.68488 0.41937
vt 0.82196 0.10868
vt 0.81716 0.12454
vt 0.82196 0.0906
vt 0.81172 0.09053
vt 0.57336 0.8773
vt 0.56732 0.87565
vt 0.56715 0.87117
vt 0.02364 0.77622
vt 0.65395 0.8139
vt 0.99206 0.44953
vt 0.96544 0.59939
vt 0.78896 0.91057
vt 0.92524 0.36627
vt 0.96516 0.63951
vt 0.98051 0.64384
vt 0.27132 0.98562
vt 0.13227 0.72552
vt 0.28647 0.95359
vt 0.95334 0.83594
vt 0.10395 0.72745
vt 0.10096 0.71444
vt 0.64159 0.32126
vt 0.64496 0.31401
vt 0.15381 0.61511
vt 0.76121 0.30101
vt 0.76121 0.28722
vt 0.74906 0.29642
vt 0.75136 0.28726
vt 0.88476 0.24704
vt 0.95312 0.24177
vt 0.96315 0.24127
vt 0.68381 0.62185
vt 0.83407 0.50138
vt 0.85116 0.50706
vt 0.8559 0.50191
vt 0.84464 0.50316
vt 0.88696 0.89516
vt 0.8426 0.50493
vt 0.80473 0.52316
vt 0.79953 0.53132
vt 0.66402 0.38649
vt 0.65467 0.38135
vt 0.66402 0.3727
vt 0.94004 0.60453
vt 0.93844 0.61618
vt 0.9311 0.62066
vt 0.87949 0.8867
vt 0.73459 0.16131
vt 0.75143 0.14187
vt 0.73452 0.13709
vt 0.86079 0.88189
vt 0.92784 0.63675
vt 0.91632 0.63264
vt 0.71249 0.13618
vt 0.83643 0.09979
vt 0.3151 0.81971
vt 0.91054 0.64868
vt 0.32932 0.88518
vt 0.29101 0.83467
vt 0.34278 0.88404
vt 0.27898 0.84826
vt 0.28915 0.84581
vt 0.28418 0.85457
vt 0.80178 0.07561
vt 0.28635 0.86075
vt 0.83812 0.61385
vt 0.87729 0.61301
vt 0.96512 0.15442
vt 0.95669 0.15156
vt 0.95339 0.14812
vt 0.94853 0.14344
vt 0.9518 0.15479
vt 0.83411 0.06601
vt 0.70421 0.75745
vt 0.70554 0.74783
vt 0.98738 0.13201
vt 0.95178 0.12974
vt 0.957 0.13112
vt 0.95243 0.12005
vt 0.98518 0.11903
vt 0.96993 0.13559
vt 0.9678 0.12093
vt 0.44645 0.8773
vt 0.44159 0.87713
vt 0.44701 0.87287
vt 0.47656 0.87694
vt 0.53008 0.87201
vt 0.52538 0.8771
vt 0.90902 0.59605
vt 0.88736 0.59597
vt 0.00195 0.77528
vt 0.77551 0.81454
vt 0.71626 0.8148
vt 0.95581 0.59881
vt 0.95247 0.62307
vt 0.91636 0.37052
vt 0.27474 0.99494
vt 0.0076 0.94238
vt 0.29719 0.34742
vt 0.4743 0.29682
vt 0.46736 0.1515
vt 0.65402 0.6058
vt 0.64813 0.59754
vt 0.41761 0.82857
vt 0.42396 0.81472
vt 0.77383 0.49736
vt 0.7123 0.6301
vt 0.7667 0.50167
vt 0.88925 0.88887
vt 0.97784 0.2439
vt 0.7986 0.33271
vt 0.98738 0.25194
vt 0.93802 0.6318
vt 0.87613 0.51255
vt 0.92461 0.6433
vt 0.32258 0.81099
vt 0.91938 0.64575
vt 0.32103 0.8907
vt 0.32405 0.87924
vt 0.31185 0.82725
vt 0.76475 0.09522
vt 0.31032 0.83917
vt 0.30788 0.84885
vt 0.29653 0.85583
vt 0.33451 0.89109
vt 0.81558 0.61381
vt 0.81693 0.06805
vt 0.82836 0.61994
vt 0.47358 0.06198
vt 0.47976 0.05732
vt 0.48026 0.06388
vt 0.46869 0.05131
vt 0.87489 0.61946
vt 0.49687 0.04936
vt 0.49516 0.06388
vt 0.95969 0.14431
vt 0.46389 0.92234
vt 0.46121 0.93336
vt 0.4743 0.93336
vt 0.95932 0.13739
vt 0.67299 0.41589
vt 0.49871 0.8689
vt 0.56642 0.84972
vt 0.50513 0.85078
vt 0.44676 0.8512
vt 0.95231 0.61536
vt 0.94813 0.60793
vt 0.15103 0.7255
vt 0.26963 0.97437
vt 0.2737 0.96192
vt 0.00047 0.93268
vt 0.99673 0.95588
vt 0.98334 0.9784
vt 0.46924 0.30233
vt 0.48206 0.23898
vt 0.94967 0.59293
vt 0.9528 0.5851
vt 0.94441 0.5841
vt 0.70798 0.63393
vt 0.71714 0.64061
vt 0.79104 0.49265
vt 0.93767 0.59286
vt 0.80651 0.34101
vt 0.86344 0.50804
vt 0.76121 0.14402
vt 0.75826 0.13029
vt 0.9326 0.58776
vt 0.15841 0.73278
vt 0.17264 0.72809
vt 0.16356 0.73667
vt 0.16591 0.71926
vt 0.93935 0.64655
vt 0.33153 0.80958
vt 0.32697 0.81923
vt 0.88551 0.51987
vt 0.88494 0.53244
vt 0.31987 0.82905
vt 0.30836 0.86075
vt 0.78564 0.07859
vt 0.8037 0.60409
vt 0.82541 0.05981
vt 0.50812 0.05328
vt 0.70424 0.76516
vt 0.01916 0.95175
vt 0.01084 0.95696
vt 0.01916 0.96461
vt 0.9472 0.14148
vt 0.7986 0.89846
vt 0.95566 0.64013
vt 0.14276 0.72282
vt 0.13234 0.72197
vt 0.12086 0.72288
vt 0.99495 0.94168
vt 0.10682 0.74494
vt 0.2771 0.26434
vt 0.29427 0.03332
vt 0.45886 0.11998
vt 0.46826 0.13139
vt 0.87212 0.27472
vt 0.67069 0.65011
vt 0.66265 0.62476
vt 0.77501 0.49062
vt 0.79474 0.4927
vt 0.25762 0.79039
vt 0.35343 0.81495
vt 0.34842 0.82867
vt 0.34393 0.81088
vt 0.35523 0.82676
vt 0.25171 0.79278
vt 0.89581 0.26181
vt 0.80141 0.34285
vt 0.33486 0.82592
vt 0.93133 0.64881
vt 0.31644 0.84199
vt 0.31758 0.83649
vt 0.31931 0.85597
vt 0.83792 0.12121
vt 0.7068 0.12808
vt 0.77489 0.06587
vt 0.76469 0.07127
vt 0.69759 0.12318
vt 0.48398 0.0441
vt 0.00607 0.9631
vt 0.79667 0.90617
vt 0.11542 0.73979
vt 0.11452 0.75597
vt 0.99355 0.96908
vt 0.11183 0.72493
vt 0.10799 0.71002
vt 0.79879 0.43154
vt 0.80327 0.43406
vt 0.798 0.43704
vt 0.55894 0.94236
vt 0.55573 0.95862
vt 0.55912 0.95671
vt 0.91822 0.19899
vt 0.91168 0.18344
vt 0.91822 0.17969
vt 0.79605 0.42006
vt 0.35527 0.83442
vt 0.5584 0.94069
vt 0.54834 0.94359
vt 0.54891 0.96067
vt 0.75297 0.12062
vt 0.35768 0.85164
vt 0.34214 0.85542
vt 0.34121 0.85269
vt 0.53538 0.94686
vt 0.18173 0.71278
vt 0.17704 0.72241
vt 0.33173 0.83919
vt 0.9528 0.64197
vt 0.32737 0.85439
vt 0.5232 0.94812
vt 0.51533 0.9398
vt 0.51355 0.95747
vt 0.73542 0.12326
vt 0.26636 0.74678
vt 0.26402 0.75689
vt 0.27523 0.75689
vt 0.75767 0.07036
vt 0.79622 0.05691
vt 0.46038 0.03903
vt 0.45584 0.04519
vt 0.51539 0.03268
vt 0.17216 0.64085
vt 0.82809 0.36465
vt 0.71214 0.65781
vt 0.722 0.64565
vt 0.69342 0.65797
vt 0.35506 0.84102
vt 0.36215 0.84787
vt 0.34718 0.84122
vt 0.75888 0.12164
vt 0.19528 0.72907
vt 0.1825 0.71524
vt 0.47088 0.62659
vt 0.52239 0.9628
vt 0.5357 0.96627
vt 0.82535 0.12452
vt 0.6866 0.13158
vt 0.81289 0.04886
vt 0.82657 0.04298
vt 0.52103 0.05018
vt 0.27492 0.14335
vt 0.27389 0.12138
vt 0.44888 0.23027
vt 0.46392 0.24303
vt 0.47266 0.26875
vt 0.87812 0.28634
vt 0.71734 0.66024
vt 0.70823 0.65383
vt 0.66431 0.64722
vt 0.73411 0.65146
vt 0.77347 0.48151
vt 0.77852 0.47943
vt 0.79503 0.48233
vt 0.24864 0.78847
vt 0.59578 0.8143
vt 0.58142 0.80889
vt 0.58689 0.8277
vt 0.68551 0.12003
vt 0.43886 0.04644
vt 0.43878 0.03399
vt 0.45482 0.03372
vt 0.49612 0.03345
vt 0.27654 0.11221
vt 0.85561 0.14107
vt 0.85601 0.13649
vt 0.86073 0.13904
vt 0.46009 0.11461
vt 0.46883 0.23652
vt 0.46692 0.23936
vt 0.45478 0.24527
vt 0.34907 0.96561
vt 0.34829 0.95818
vt 0.34126 0.97013
vt 0.99829 0.77344
vt 0.99953 0.78073
vt 0.99156 0.78739
vt 0.89831 0.28969
vt 0.19362 0.7184
vt 0.46756 0.63097
vt 0.60282 0.83432
vt 0.59843 0.84464
vt 0.61251 0.82671
vt 0.6112 0.81894
vt 0.60865 0.80653
vt 0.87699 0.99456
vt 0.86111 0.99678
vt 0.87595 0.98509
vt 0.8528 0.98276
vt 0.56996 0.81973
vt 0.71353 0.11343
vt 0.82736 0.14077
vt 0.83469 0.13904
vt 0.47313 0.02191
vt 0.27832 0.26741
vt 0.27774 0.28416
vt 0.27733 0.14535
vt 0.85897 0.27552
vt 0.85561 0.27067
vt 0.85568 0.28012
vt 0.2818 0.11616
vt 0.71168 0.30101
vt 0.70289 0.3003
vt 0.71015 0.29803
vt 0.86169 0.16682
vt 0.86963 0.14064
vt 0.86963 0.16409
vt 0.86363 0.27364
vt 0.85681 0.16651
vt 0.46724 0.26541
vt 0.86679 0.26932
vt 0.3427 0.97887
vt 0.99659 0.79276
vt 0.7229 0.54947
vt 0.73742 0.54514
vt 0.7356 0.55142
vt 0.77754 0.43643
vt 0.72698 0.66883
vt 0.65718 0.644
vt 0.77303 0.4591
vt 0.77282 0.4304
vt 0.78461 0.41866
vt 0.61678 0.83684
vt 0.6229 0.82238
vt 0.61713 0.80846
vt 0.74282 0.10859
vt 0.79887 0.3632
vt 0.58543 0.8425
vt 0.57026 0.83155
vt 0.51468 0.97347
vt 0.87924 0.9882
vt 0.75577 0.05462
vt 0.56698 0.81174
vt 0.8863 0.98643
vt 0.89081 0.99333
vt 0.70675 0.10792
vt 0.15071 0.48707
vt 0.30107 0.14762
vt 0.1971 0.86501
vt 0.18675 0.86496
vt 0.18539 0.858
vt 0.20253 0.85864
vt 0.20283 0.86511
vt 0.70089 0.29518
vt 0.18458 0.87086
vt 0.20514 0.87086
vt 0.46618 0.26947
vt 0.69766 0.30101
vt 0.1743 0.88189
vt 0.1699 0.86168
vt 0.16986 0.87124
vt 0.46219 0.23819
vt 0.45625 0.23516
vt 0.33716 0.97527
vt 0.71024 0.66254
vt 0.64955 0.64004
vt 0.7017 0.65941
vt 0.56308 0.9768
vt 0.77902 0.46012
vt 0.23 0.78979
vt 0.76121 0.10271
vt 0.60907 0.84903
vt 0.22757 0.80653
vt 0.80203 0.37318
vt 0.1999 0.72309
vt 0.19533 0.71582
vt 0.59319 0.85213
vt 0.69727 0.10437
vt 0.7717 0.05094
vt 0.83598 0.04505
vt 0.84279 0.02671
vt 0.84826 0.03628
vt 0.84868 0.05254
vt 0.85324 0.04477
vt 0.84825 0.05928
vt 0.86256 0.05446
vt 0.46477 0.02486
vt 0.48218 0.01804
vt 0.50173 0.02407
vt 0.30167 0.11465
vt 0.55457 0.08326
vt 0.56162 0.08161
vt 0.56156 0.06613
vt 0.56682 0.08502
vt 0.86862 0.29239
vt 0.80969 0.37244
vt 0.77063 0.43704
vt 0.72118 0.67163
vt 0.61635 0.84793
vt 0.61953 0.83754
vt 0.62213 0.8318
vt 0.55736 0.97861
vt 0.76689 0.46151
vt 0.79766 0.46096
vt 0.74818 0.10375
vt 0.5971 0.84766
vt 0.61287 0.85533
vt 0.44813 0.73116
vt 0.45423 0.72402
vt 0.46256 0.72805
vt 0.54286 0.97932
vt 0.22833 0.80077
vt 0.74439 0.16363
vt 0.74973 0.15368
vt 0.74959 0.1629
vt 0.46302 0.71766
vt 0.47701 0.72403
vt 0.58058 0.85344
vt 0.47055 0.73082
vt 0.52818 0.97932
vt 0.57411 0.84731
vt 0.49222 0.73116
vt 0.5617 0.82892
vt 0.71113 0.10027
vt 0.55692 0.82245
vt 0.79068 0.0397
vt 0.85982 0.03919
vt 0.49457 0.01776
vt 0.80911 0.03345
vt 0.30022 0.28478
vt 0.29974 0.2659
vt 0.29672 0.14507
vt 0.55374 0.0602
vt 0.21191 0.97277
vt 0.21075 0.95034
vt 0.21899 0.97078
vt 0.21865 0.95564
vt 0.71103 0.27871
vt 0.22477 0.97381
vt 0.85774 0.29482
vt 0.44502 0.13164
vt 0.56682 0.06128
vt 0.33598 0.98013
vt 0.99017 0.79634
vt 0.98925 0.7915
vt 0.34907 0.98667
vt 0.99953 0.80101
vt 0.8285 0.37767
vt 0.74439 0.53814
vt 0.74439 0.55377
vt 0.72595 0.67509
vt 0.69017 0.66325
vt 0.44889 0.72037
vt 0.74436 0.09985
vt 0.2022 0.73074
vt 0.20338 0.73667
vt 0.75511 0.16231
vt 0.80555 0.96608
vt 0.80868 0.95987
vt 0.81449 0.96596
vt 0.484 0.72008
vt 0.5346 0.53284
vt 0.54088 0.54502
vt 0.54494 0.53004
vt 0.49408 0.7192
vt 0.56543 0.84842
vt 0.82147 0.14178
vt 0.55816 0.83631
vt 0.88118 0.97306
vt 0.87587 0.97289
vt 0.55187 0.82869
vt 0.90366 0.98434
vt 0.90443 0.99678
vt 0.8588 0.02276
vt 0.86549 0.03195
vt 0.86896 0.05141
vt 0.46534 0.01777
vt 0.46847 0.01379
vt 0.51474 0.01557
vt 0.70353 0.27711
vt 0.69783 0.27828
vt 0.4491 0.26682
vt 0.4472 0.11918
vt 0.37336 0.85064
vt 0.38832 0.85064
vt 0.38528 0.84053
vt 0.6229 0.85081
vt 0.61821 0.85616
vt 0.66928 0.65494
vt 0.65597 0.64838
vt 0.61729 0.04879
vt 0.61473 0.05285
vt 0.61083 0.04762
vt 0.60607 0.05108
vt 0.76589 0.43233
vt 0.71916 0.61533
vt 0.72383 0.60984
vt 0.72383 0.62086
vt 0.63222 0.0506
vt 0.62173 0.04111
vt 0.79206 0.91434
vt 0.79685 0.91131
vt 0.80014 0.92388
vt 0.80199 0.91243
vt 0.45737 0.71731
vt 0.65034 0.04383
vt 0.65467 0.05285
vt 0.62035 0.03722
vt 0.80437 0.92556
vt 0.81897 0.91301
vt 0.81879 0.92566
vt 0.76036 0.73921
vt 0.76121 0.73578
vt 0.75512 0.73676
vt 0.81719 0.92844
vt 0.20888 0.72503
vt 0.80017 0.92877
vt 0.82477 0.92877
vt 0.4589 0.62382
vt 0.45905 0.62661
vt 0.7674 0.15553
vt 0.76117 0.16317
vt 0.75064 0.16866
vt 0.8771 0.10365
vt 0.8771 0.08869
vt 0.86402 0.09763
vt 0.76916 0.14875
vt 0.72711 0.09424
vt 0.47003 0.70969
vt 0.48397 0.71255
vt 0.83844 0.1553
vt 0.83037 0.15099
vt 0.89403 0.97416
vt 0.75619 0.04643
vt 0.95864 0.21159
vt 0.9528 0.21803
vt 0.96039 0.22074
vt 0.0014 0.53631
vt 0.00888 0.53631
vt 0.00556 0.52895
vt 0.76525 0.04074
vt 0.81938 0.02846
vt 0.8118 0.0258
vt 0.50093 0.01579
vt 0.83223 0.03519
vt 0.82353 0.02268
vt 0.83411 0.02371
vt 0.507 0.0146
vt 0.31419 0.10894
vt 0.22477 0.94807
vt 0.44241 0.15152
vt 0.87418 0.29568
vt 0.80396 0.37689
vt 0.45917 0.71326
vt 0.76121 0.76727
vt 0.76507 0.16578
vt 0.7551 0.76721
vt 0.74779 0.72748
vt 0.46925 0.59582
vt 0.46332 0.59348
vt 0.46423 0.59039
vt 0.46919 0.61212
vt 0.86546 0.11348
vt 0.87406 0.11903
vt 0.54423 0.456
vt 0.54439 0.46347
vt 0.56097 0.46008
vt 0.78833 0.96055
vt 0.53828 0.51783
vt 0.80431 0.97388
vt 0.97139 0.19546
vt 0.96491 0.20001
vt 0.97158 0.20861
vt 0.98251 0.20193
vt 0.83329 0.15816
vt 0.495 0.71417
vt 0.74848 0.04884
vt 0.9689 0.21741
vt 0.70504 0.08172
vt 0.95488 0.23444
vt 0.95286 0.22227
vt 0.61368 0.97932
vt 0.58749 0.97932
vt 0.6129 0.97173
vt 0.58434 0.97019
vt 0.79381 0.03024
vt 0.48488 0.00575
vt 0.49909 0.00736
vt 0.29652 0.11792
vt 0.98743 0.5746
vt 0.99673 0.57583
vt 0.99384 0.57058
vt 0.49404 0.44915
vt 0.50126 0.45034
vt 0.4969 0.4285
vt 0.49656 0.42281
vt 0.50613 0.42256
vt 0.00794 0.67343
vt 0.01355 0.67141
vt 0.01355 0.67877
vt 0.50667 0.43027
vt 0.98694 0.55798
vt 0.97991 0.55987
vt 0.48834 0.56996
vt 0.4922 0.56684
vt 0.48364 0.56755
vt 0.15976 0.87431
vt 0.12944 0.87962
vt 0.44388 0.27309
vt 0.80564 0.38373
vt 0.89953 0.29917
vt 0.77772 0.16196
vt 0.45635 0.58634
vt 0.78958 0.14844
vt 0.78096 0.15643
vt 0.46329 0.70184
vt 0.56005 0.47198
vt 0.80021 0.96956
vt 0.84036 0.16019
vt 0.97976 0.21236
vt 0.48744 0.70262
vt 0.74576 0.04128
vt 0.71359 0.08649
vt 0.50489 0.7058
vt 0.75206 0.03916
vt 0.96988 0.23221
vt 0.90514 0.97457
vt 0.69653 0.08831
vt 0.87516 0.03621
vt 0.874 0.05151
vt 0.56896 0.9702
vt 0.58209 0.9588
vt 0.56869 0.96189
vt 0.47502 0.00506
vt 0.8114 0.01885
vt 0.94541 0.57399
vt 0.94741 0.56625
vt 0.95391 0.56847
vt 0.95467 0.56138
vt 0.94702 0.55835
vt 0.99673 0.55653
vt 0.29845 0.12406
vt 0.98717 0.57459
vt 0.43878 0.13271
vt 0.44357 0.14755
vt 0.44311 0.22187
vt 0.1743 0.85248
vt 0.50295 0.45551
vt 0.50728 0.44882
vt 0.51319 0.4357
vt 0.51076 0.42209
vt 0.51374 0.43002
vt 0.82574 0.79734
vt 0.82362 0.80581
vt 0.83692 0.80368
vt 0.83692 0.81112
vt 0.83308 0.81039
vt 0.7472 0.73901
vt 0.74785 0.76976
vt 0.52513 0.49186
vt 0.53324 0.50311
vt 0.53752 0.48781
vt 0.53315 0.47711
vt 0.54589 0.47576
vt 0.53631 0.46691
vt 0.45467 0.59429
vt 0.95485 0.82009
vt 0.94833 0.81862
vt 0.95586 0.81137
vt 0.99953 0.19551
vt 0.99737 0.18888
vt 0.99208 0.19741
vt 0.45808 0.7065
vt 0.53256 0.50995
vt 0.54143 0.50781
vt 0.45685 0.61294
vt 0.96648 0.82916
vt 0.9472 0.8295
vt 0.78289 0.97073
vt 0.98235 0.19586
vt 0.99045 0.21024
vt 0.54828 0.52561
vt 0.82356 0.15844
vt 0.5743 0.46655
vt 0.75649 0.0385
vt 0.61754 0.96879
vt 0.96303 0.24034
vt 0.87977 0.0236
vt 0.88176 0.03242
vt 0.88428 0.0478
vt 0.79816 0.02506
vt 0.90759 0.05245
vt 0.89363 0.04997
vt 0.90675 0.03409
vt 0.91531 0.04555
vt 0.91048 0.05928
vt 0.8178 0.01335
vt 0.9364 0.56459
vt 0.93747 0.55561
vt 0.83347 0.01616
vt 0.49269 0.58327
vt 0.49681 0.56551
vt 0.50195 0.52481
vt 0.50122 0.49854
vt 0.50644 0.49078
vt 0.50978 0.56346
vt 0.51146 0.53114
vt 0.52026 0.43967
vt 0.48771 0.5953
vt 0.50536 0.58514
vt 0.50933 0.55271
vt 0.515 0.51489
vt 0.51853 0.4819
vt 0.52722 0.45894
vt 0.50824 0.59881
vt 0.51654 0.52566
vt 0.53464 0.42654
vt 0.51545 0.5358
vt 0.52439 0.52024
vt 0.53025 0.46352
vt 0.53495 0.41682
vt 0.52056 0.54832
vt 0.52499 0.51201
vt 0.95467 0.04182
vt 0.95753 0.03745
vt 0.96776 0.04182
vt 0.54434 0.45092
vt 0.78673 0.16551
vt 0.81635 0.79836
vt 0.51214 0.594
vt 0.51358 0.57386
vt 0.33873 0.75322
vt 0.35258 0.7589
vt 0.32851 0.76241
vt 0.52346 0.52605
vt 0.96442 0.03355
vt 0.82443 0.81204
vt 0.52718 0.55466
vt 0.52378 0.54873
vt 0.35374 0.76241
vt 0.52732 0.52024
vt 0.54147 0.42878
vt 0.53685 0.41884
vt 0.95872 0.81449
vt 0.96787 0.81805
vt 0.99953 0.20408
vt 0.55396 0.48247
vt 0.47496 0.69479
vt 0.55523 0.51956
vt 0.56109 0.48303
vt 0.72727 0.09123
vt 0.7232 0.08224
vt 0.84556 0.16716
vt 0.7469 0.03607
vt 0.98068 0.22486
vt 0.75664 0.03233
vt 0.62664 0.96299
vt 0.61686 0.96256
vt 0.49233 0.69072
vt 0.51075 0.69636
vt 0.76403 0.02834
vt 0.96449 0.74856
vt 0.953 0.74127
vt 0.95728 0.75096
vt 0.88801 0.02315
vt 0.59128 0.95729
vt 0.89915 0.03235
vt 0.22009 0.99494
vt 0.20462 0.99862
vt 0.21162 0.98758
vt 0.8292 0.00812
vt 0.8016 0.15137
vt 0.79972 0.15619
vt 0.52605 0.5734
vt 0.5229 0.56808
vt 0.52775 0.57951
vt 0.52099 0.59264
vt 0.76836 0.95758
vt 0.77401 0.96444
vt 0.46672 0.69324
vt 0.55371 0.49402
vt 0.55577 0.50819
vt 0.82009 0.1629
vt 0.83283 0.17236
vt 0.8384 0.17257
vt 0.84641 0.17054
vt 0.85292 0.17485
vt 0.84961 0.17467
vt 0.9528 0.76014
vt 0.95717 0.76724
vt 0.96533 0.75703
vt 0.61933 0.95062
vt 0.62597 0.95428
vt 0.71319 0.07469
vt 0.97939 0.24035
vt 0.55543 0.58098
vt 0.5743 0.58151
vt 0.55621 0.57016
vt 0.70385 0.07498
vt 0.86915 0.0105
vt 0.88224 0.00738
vt 0.89856 0.01041
vt 0.90251 0.02581
vt 0.91569 0.02655
vt 0.89654 0.02679
vt 0.89052 0.0334
vt 0.59465 0.94574
vt 0.59003 0.95256
vt 0.91002 0.02682
vt 0.39063 0.82381
vt 0.39579 0.81328
vt 0.38547 0.81296
vt 0.91342 0.03638
vt 0.91729 0.03211
vt 0.37056 0.81876
vt 0.37638 0.82564
vt 0.36685 0.82758
vt 0.10256 0.65941
vt 0.8081 0.16866
vt 0.98423 0.82322
vt 0.53337 0.56124
vt 0.98919 0.22114
vt 0.99544 0.22942
vt 0.85605 0.18203
vt 0.86281 0.18286
vt 0.85931 0.18625
vt 0.87171 0.18983
vt 0.82766 0.17873
vt 0.88143 0.18928
vt 0.87566 0.19841
vt 0.88458 0.19787
vt 0.72363 0.0756
vt 0.61835 0.94509
vt 0.96448 0.79241
vt 0.96136 0.80533
vt 0.97331 0.80709
vt 0.71085 0.06713
vt 0.61135 0.94439
vt 0.89955 0.00322
vt 0.19419 0.99595
vt 0.18738 0.99862
vt 0.18997 0.98759
vt 0.20602 0.9868
vt 0.19493 0.983
vt 0.3744 0.18698
vt 0.81206 0.81081
vt 0.75954 0.96242
vt 0.75679 0.95359
vt 0.98083 0.81459
vt 0.76735 0.9784
vt 0.53042 0.59692
vt 0.54192 0.58097
vt 0.54122 0.57388
vt 0.84972 0.18295
vt 0.54131 0.55952
vt 0.86315 0.19486
vt 0.73091 0.07659
vt 0.54858 0.59437
vt 0.75315 0.01999
vt 0.96584 0.77473
vt 0.97636 0.79345
vt 0.38175 0.8382
vt 0.93121 0.56686
vt 0.92343 0.56028
vt 0.36682 0.84145
vt 0.80981 0.1606
vt 0.84053 0.18179
vt 0.85548 0.19168
vt 0.74439 0.01947
vt 0.75981 0.01749
vt 0.97606 0.76905
vt 0.97467 0.7551
vt 0.39323 0.83477
vt 0.92196 0.57399
vt 0.38759 0.29345
vt 0.79505 0.79736
vt 0.79486 0.80842
vt 0.99307 0.8189
vt 0.99567 0.80928
vt 0.60909 0.47425
vt 0.61451 0.46186
vt 0.61916 0.47786
vt 0.7465 0.96457
vt 0.85394 0.19816
vt 0.841 0.18841
vt 0.86908 0.20818
vt 0.72516 0.06578
vt 0.7215 0.0648
vt 0.74881 0.00506
vt 0.98149 0.80099
vt 0.39579 0.8411
vt 0.37351 0.351
vt 0.61421 0.48208
vt 0.60327 0.48091
vt 0.75524 0.97393
vt 0.83225 0.19109
vt 0.31592 0.89862
vt 0.31635 0.88037
vt 0.30694 0.87546
vt 0.30421 0.88669
vt 0.31635 0.9192
vt 0.30705 0.91414
vt 0.3125 0.9205
vt 0.97893 0.7488
vt 0.98551 0.7619
vt 0.98302 0.77312
vt 0.98551 0.80836
vt 0.60499 0.49219
vt 0.99406 0.8295
vt 0.39959 0.08191
vt 0.61909 0.49219
vt 0.74626 0.9784
vt 0.99953 0.82148
vt 0.4309 0.00658
vt 0.0208 0.70634
vt 0.43107 0.3534
vt 0.01751 0.70439
vt 0.02069 0.36022
vt 0.02086 0.7007
vt 0.02884 0.60197
vt 0.43079 0.34726
vt 0.43084 0.21816
vt 0.02087 0.35649
vt 0.43085 0.00325
vt 0.43434 0.35094
vt 0.01556 0.35495
vt 0.43099 0.13683
vt 0.43648 0.00138
vt 0.02081 0.6072
vt 0.01555 0.70507
vt 0.0172 0.62156
vt 0.01714 0.36042
vt 0.43649 0.35183
vt 0.4346 0.26802
vt 0.43472 0.13003
vt 0.43465 0.0064
vt 0.01542 0.52882
vt 0.43692 0.17542
usemtl mat0
f 1/1 2/2 3/3
f 3/3 4/4 1/1
f 1/1 4/4 5/5
f 4/4 6/6 5/5
f 5/5 6/6 7/7
f 6/6 8/8 7/7
f 8/8 9/9 7/7
f 9/9 10/10 7/7
f 11/11 12/12 13/13
f 14/14 12/12 11/11
f 15/15 14/14 11/11
f 16/16 15/15 11/11
f 17/17 15/15 16/16
f 18/18 17/17 16/16
f 19/19 17/17 18/18
f 20/20 19/19 18/18
f 21/21 20/20 18/18
f 4/4 22/22 6/6
f 15/15 23/23 14/14
f 17/17 24/24 15/15
f 17/17 25/25 24/24
f 19/19 25/25 17/17
f 8/8 6/6 26/26
f 8/8 27/27 9/9
f 22/22 4/4 28/28
f 8/8 26/26 27/27
f 15/15 24/24 23/23
f 19/19 20/20 29/29
f 19/19 29/29 25/25
f 20/20 30/30 29/29
f 30/30 20/20 21/21
f 6/6 22/22 26/26
f 4/4 3/3 31/31
f 25/25 32/32 24/24
f 3/3 2/2 33/33
f 3/3 33/33 31/31
f 4/4 31/31 28/28
f 12/12 34/34 13/13
f 12/12 14/14 34/34
f 14/14 35/35 34/34
f 36/36 37/37 38/38
f 39/39 37/37 36/36
f 40/40 36/36 41/41
f 39/39 36/36 40/40
f 39/39 42/42 37/37
f 43/43 10/10 9/9
f 14/14 23/23 35/35
f 44/44 30/30 21/21
f 45/45 36/36 38/38
f 36/36 45/45 41/41
f 46/46 47/47 48/48
f 42/42 49/49 37/37
f 50/50 51/51 52/52
f 31/31 53/53 28/28
f 54/54 55/55 56/56
f 57/57 58/58 59/59
f 59/59 58/58 50/50
f 58/58 60/60 50/50
f 61/61 46/46 48/48
f 48/48 62/62 61/61
f 51/51 50/50 60/60
f 27/27 63/63 9/9
f 64/64 65/65 54/54
f 66/66 47/47 46/46
f 46/46 61/61 67/67
f 68/68 51/51 69/69
f 28/28 70/70 22/22
f 22/22 71/71 26/26
f 27/27 26/26 72/72
f 23/23 73/73 35/35
f 32/32 25/25 74/74
f 67/67 66/66 46/46
f 51/51 60/60 69/69
f 75/75 54/54 65/65
f 55/55 54/54 75/75
f 76/76 66/66 67/67
f 77/77 55/55 75/75
f 57/57 78/78 58/58
f 58/58 79/79 60/60
f 80/80 81/81 82/82
f 65/65 83/83 84/84
f 85/85 65/65 84/84
f 75/75 65/65 85/85
f 78/78 86/86 58/58
f 58/58 86/86 79/79
f 61/61 87/87 67/67
f 88/88 87/87 61/61
f 82/82 89/89 90/90
f 89/89 82/82 81/81
f 60/60 79/79 69/69
f 67/67 87/87 76/76
f 69/69 79/79 91/91
f 81/81 92/92 89/89
f 2/2 93/93 33/33
f 13/13 34/34 94/94
f 75/75 85/85 95/95
f 75/75 95/95 77/77
f 90/90 89/89 96/96
f 97/97 98/98 23/23
f 24/24 32/32 99/99
f 22/22 70/70 71/71
f 9/9 63/63 100/100
f 100/100 43/43 9/9
f 25/25 101/101 74/74
f 102/102 103/103 104/104
f 86/86 105/105 79/79
f 105/105 91/91 79/79
f 92/92 106/106 89/89
f 89/89 106/106 107/107
f 27/27 72/72 63/63
f 24/24 97/97 23/23
f 108/108 109/109 110/110
f 109/109 111/111 110/110
f 111/111 109/109 112/112
f 102/102 104/104 113/113
f 87/87 88/88 114/114
f 114/114 88/88 115/115
f 23/23 98/98 73/73
f 116/116 117/117 118/118
f 116/116 119/119 117/117
f 104/104 120/120 113/113
f 118/118 117/117 121/121
f 97/97 24/24 122/122
f 25/25 29/29 101/101
f 123/123 124/124 125/125
f 126/126 127/127 128/128
f 129/129 130/130 131/131
f 132/132 130/130 129/129
f 131/131 130/130 133/133
f 130/130 134/134 133/133
f 134/134 135/135 133/133
f 135/135 136/136 133/133
f 133/133 137/137 131/131
f 128/128 138/138 126/126
f 139/139 138/138 128/128
f 140/140 141/141 129/129
f 142/142 143/143 129/129
f 131/131 142/142 129/129
f 137/137 144/144 131/131
f 129/129 143/143 140/140
f 144/144 142/142 131/131
f 145/145 146/146 125/125
f 147/147 148/148 149/149
f 140/140 150/150 141/141
f 143/143 151/151 140/140
f 152/152 151/151 143/143
f 152/152 143/143 142/142
f 153/153 142/142 144/144
f 136/136 154/154 133/133
f 125/125 146/146 123/123
f 145/145 155/155 146/146
f 156/156 155/155 145/145
f 157/157 153/153 144/144
f 158/158 144/144 137/137
f 133/133 154/154 137/137
f 146/146 159/159 123/123
f 160/160 155/155 156/156
f 150/150 160/160 156/156
f 140/140 160/160 150/150
f 151/151 160/160 140/140
f 161/161 151/151 152/152
f 144/144 158/158 157/157
f 154/154 158/158 137/137
f 146/146 162/162 159/159
f 163/163 162/162 146/146
f 155/155 163/163 146/146
f 164/164 165/165 166/166
f 154/154 167/167 158/158
f 168/168 167/167 154/154
f 165/165 169/169 166/166
f 170/170 171/171 172/172
f 172/172 171/171 173/173
f 174/174 175/175 176/176
f 177/177 173/173 171/171
f 177/177 171/171 178/178
f 179/179 109/109 108/108
f 109/109 179/179 112/112
f 89/89 107/107 96/96
f 180/180 181/181 182/182
f 181/181 183/183 182/182
f 184/184 185/185 186/186
f 187/187 184/184 188/188
f 28/28 53/53 70/70
f 26/26 71/71 189/189
f 190/190 97/97 122/122
f 191/191 192/192 193/193
f 194/194 191/191 193/193
f 193/193 192/192 195/195
f 196/196 197/197 198/198
f 124/124 197/197 196/196
f 199/199 124/124 196/196
f 135/135 194/194 193/193
f 195/195 135/135 193/193
f 200/200 124/124 199/199
f 135/135 134/134 194/194
f 201/201 197/197 124/124
f 202/202 203/203 204/204
f 204/204 205/205 202/202
f 132/132 125/125 124/124
f 200/200 132/132 124/124
f 206/206 207/207 208/208
f 208/208 207/207 209/209
f 208/208 209/209 210/210
f 211/211 208/208 210/210
f 211/211 210/210 212/212
f 212/212 213/213 211/211
f 136/136 135/135 214/214
f 159/159 215/215 123/123
f 148/148 216/216 149/149
f 147/147 217/217 148/148
f 217/217 147/147 218/218
f 152/152 142/142 153/153
f 154/154 136/136 219/219
f 220/220 221/221 222/222
f 222/222 221/221 223/223
f 224/224 222/222 223/223
f 161/161 152/152 153/153
f 157/157 161/161 153/153
f 225/225 226/226 227/227
f 228/228 229/229 230/230
f 228/228 231/231 229/229
f 232/232 231/231 228/228
f 233/233 231/231 232/232
f 233/233 166/166 231/231
f 164/164 166/166 233/233
f 168/168 154/154 219/219
f 234/234 230/230 229/229
f 166/166 169/169 235/235
f 169/169 236/236 235/235
f 237/237 238/238 239/239
f 171/171 170/170 240/240
f 171/171 240/240 178/178
f 241/241 242/242 175/175
f 174/174 241/241 175/175
f 243/243 244/244 245/245
f 246/246 244/244 243/243
f 174/174 247/247 241/241
f 102/102 113/113 248/248
f 249/249 250/250 251/251
f 252/252 113/113 120/120
f 253/253 254/254 255/255
f 256/256 253/253 255/255
f 257/257 253/253 256/256
f 253/253 258/258 254/254
f 259/259 260/260 257/257
f 257/257 260/260 253/253
f 258/258 261/261 254/254
f 253/253 260/260 258/258
f 262/262 263/263 264/264
f 265/265 266/266 267/267
f 180/180 182/182 268/268
f 267/267 266/266 269/269
f 270/270 182/182 183/183
f 184/184 186/186 271/271
f 184/184 271/271 188/188
f 122/122 272/272 190/190
f 24/24 99/99 122/122
f 273/273 32/32 274/274
f 275/275 276/276 277/277
f 278/278 279/279 280/280
f 281/281 282/282 283/283
f 283/283 282/282 284/284
f 213/213 212/212 285/285
f 195/195 214/214 135/135
f 212/212 210/210 286/286
f 287/287 288/288 289/289
f 290/290 289/289 288/288
f 291/291 289/289 290/290
f 216/216 148/148 292/292
f 217/217 292/292 148/148
f 293/293 294/294 295/295
f 294/294 296/296 295/295
f 297/297 229/229 298/298
f 231/231 299/299 229/229
f 231/231 300/300 299/299
f 231/231 301/301 300/300
f 231/231 302/302 301/301
f 166/166 302/302 231/231
f 235/235 302/302 166/166
f 303/303 304/304 305/305
f 304/304 306/306 307/307
f 234/234 306/306 304/304
f 234/234 308/308 306/306
f 229/229 297/297 234/234
f 236/236 309/309 235/235
f 236/236 310/310 311/311
f 170/170 312/312 240/240
f 313/313 237/237 239/239
f 240/240 314/314 178/178
f 245/245 315/315 243/243
f 315/315 245/245 316/316
f 246/246 243/243 317/317
f 318/318 246/246 317/317
f 108/108 319/319 320/320
f 179/179 108/108 320/320
f 110/110 319/319 108/108
f 248/248 321/321 102/102
f 113/113 252/252 248/248
f 322/322 84/84 83/83
f 323/323 324/324 325/325
f 326/326 325/325 324/324
f 326/326 324/324 327/327
f 328/328 326/326 327/327
f 328/328 327/327 329/329
f 329/329 330/330 328/328
f 256/256 259/259 257/257
f 256/256 331/331 259/259
f 332/332 331/331 256/256
f 333/333 254/254 261/261
f 262/262 334/334 263/263
f 335/335 334/334 262/262
f 335/335 336/336 334/334
f 337/337 336/336 335/335
f 338/338 336/336 337/337
f 182/182 270/270 268/268
f 339/339 269/269 266/266
f 340/340 270/270 183/183
f 341/341 342/342 343/343
f 122/122 344/344 272/272
f 32/32 345/345 99/99
f 345/345 32/32 273/273
f 346/346 345/345 273/273
f 29/29 347/347 101/101
f 29/29 30/30 347/347
f 348/348 349/349 350/350
f 351/351 283/283 352/352
f 280/280 279/279 353/353
f 350/350 349/349 354/354
f 283/283 284/284 352/352
f 349/349 355/355 354/354
f 207/207 206/206 356/356
f 292/292 217/217 357/357
f 358/358 359/359 360/360
f 227/227 226/226 361/361
f 216/216 292/292 362/362
f 363/363 364/364 365/365
f 361/361 226/226 366/366
f 367/367 368/368 369/369
f 370/370 369/369 368/368
f 295/295 371/371 293/293
f 372/372 373/373 374/374
f 375/375 376/376 372/372
f 363/363 376/376 375/375
f 364/364 377/377 378/378
f 377/377 379/379 378/378
f 368/368 367/367 380/380
f 370/370 368/368 381/381
f 382/382 370/370 381/381
f 382/382 296/296 370/370
f 370/370 296/296 294/294
f 373/373 383/383 374/374
f 363/363 375/375 384/384
f 364/364 363/363 384/384
f 385/385 379/379 386/386
f 387/387 385/385 386/386
f 368/368 380/380 388/388
f 389/389 381/381 368/368
f 390/390 391/391 392/392
f 393/393 296/296 394/394
f 382/382 394/394 296/296
f 395/395 396/396 397/397
f 295/295 296/296 393/393
f 384/384 375/375 398/398
f 384/384 398/398 377/377
f 399/399 377/377 398/398
f 386/386 377/377 399/399
f 379/379 377/377 386/386
f 304/304 400/400 305/305
f 304/304 307/307 400/400
f 297/297 308/308 234/234
f 308/308 297/297 401/401
f 402/402 403/403 404/404
f 405/405 406/406 407/407
f 309/309 236/236 408/408
f 236/236 311/311 408/408
f 310/310 409/409 311/311
f 407/407 410/410 411/411
f 410/410 412/412 411/411
f 406/406 410/410 407/407
f 413/413 406/406 405/405
f 237/237 313/313 414/414
f 170/170 415/415 312/312
f 406/406 416/416 410/410
f 417/417 416/416 406/406
f 413/413 417/417 406/406
f 410/410 418/418 412/412
f 419/419 420/420 421/421
f 418/418 410/410 422/422
f 422/422 410/410 416/416
f 423/423 424/424 425/425
f 426/426 427/427 316/316
f 315/315 316/316 427/427
f 315/315 317/317 243/243
f 428/428 320/320 319/319
f 429/429 430/430 431/431
f 432/432 433/433 250/250
f 432/432 250/250 249/249
f 433/433 434/434 250/250
f 84/84 435/435 85/85
f 436/436 76/76 87/87
f 91/91 437/437 438/438
f 437/437 91/91 105/105
f 324/324 439/439 440/440
f 327/327 324/324 440/440
f 327/327 440/440 441/441
f 327/327 441/441 442/442
f 327/327 442/442 443/443
f 329/329 327/327 443/443
f 444/444 445/445 446/446
f 263/263 447/447 448/448
f 334/334 447/447 263/263
f 334/334 449/449 447/447
f 336/336 449/449 334/334
f 336/336 450/450 449/449
f 266/266 265/265 451/451
f 339/339 266/266 451/451
f 269/269 339/339 452/452
f 453/453 271/271 454/454
f 271/271 186/186 454/454
f 455/455 456/456 341/341
f 70/70 53/53 457/457
f 34/34 458/458 94/94
f 34/34 35/35 458/458
f 459/459 279/279 460/460
f 277/277 461/461 287/287
f 203/203 462/462 463/463
f 203/203 463/463 204/204
f 287/287 461/461 288/288
f 464/464 363/363 365/365
f 465/465 466/466 467/467
f 468/468 292/292 469/469
f 469/469 292/292 357/357
f 358/358 360/360 470/470
f 363/363 464/464 376/376
f 471/471 472/472 473/473
f 474/474 475/475 476/476
f 477/477 467/467 478/478
f 477/477 465/465 467/467
f 362/362 479/479 465/465
f 465/465 479/479 466/466
f 362/362 292/292 479/479
f 480/480 481/481 482/482
f 483/483 481/481 480/480
f 484/484 483/483 485/485
f 472/472 471/471 486/486
f 476/476 487/487 474/474
f 474/474 487/487 488/488
f 379/379 489/489 378/378
f 490/490 491/491 492/492
f 492/492 491/491 493/493
f 372/372 374/374 375/375
f 377/377 364/364 384/384
f 494/494 495/495 496/496
f 496/496 495/495 497/497
f 366/366 226/226 498/498
f 495/495 499/499 497/497
f 305/305 400/400 500/500
f 306/306 501/501 307/307
f 502/502 503/503 504/504
f 505/505 409/409 310/310
f 504/504 506/506 502/502
f 506/506 504/504 507/507
f 421/421 508/508 419/419
f 413/413 509/509 417/417
f 418/418 510/510 412/412
f 511/511 418/418 422/422
f 417/417 509/509 512/512
f 513/513 514/514 239/239
f 417/417 515/515 416/416
f 515/515 417/417 512/512
f 516/516 517/517 518/518
f 519/519 520/520 521/521
f 515/515 422/422 416/416
f 522/522 514/514 513/513
f 523/523 524/524 525/525
f 427/427 526/526 315/315
f 241/241 527/527 528/528
f 247/247 527/527 241/241
f 315/315 526/526 317/317
f 319/319 529/529 428/428
f 530/530 321/321 531/531
f 247/247 532/532 527/527
f 317/317 533/533 318/318
f 531/531 248/248 534/534
f 531/531 321/321 248/248
f 535/535 434/434 433/433
f 85/85 435/435 536/536
f 85/85 536/536 95/95
f 441/441 440/440 537/537
f 441/441 537/537 538/538
f 441/441 538/538 539/539
f 441/441 539/539 442/442
f 329/329 443/443 540/540
f 440/440 439/439 541/541
f 264/264 263/263 542/542
f 447/447 543/543 448/448
f 448/448 543/543 544/544
f 447/447 545/545 543/543
f 449/449 545/545 447/447
f 449/449 546/546 545/545
f 449/449 450/450 546/546
f 547/547 548/548 549/549
f 550/550 339/339 451/451
f 452/452 551/551 269/269
f 552/552 456/456 455/455
f 342/342 341/341 456/456
f 189/189 71/71 553/553
f 26/26 189/189 72/72
f 72/72 554/554 63/63
f 98/98 555/555 73/73
f 73/73 555/555 556/556
f 30/30 557/557 347/347
f 557/557 30/30 44/44
f 353/353 279/279 459/459
f 212/212 558/558 285/285
f 559/559 352/352 284/284
f 204/204 463/463 560/560
f 561/561 459/459 460/460
f 212/212 286/286 558/558
f 562/562 563/563 485/485
f 292/292 468/468 479/479
f 483/483 484/484 481/481
f 564/564 488/488 565/565
f 564/564 565/565 566/566
f 567/567 564/564 566/566
f 490/490 568/568 491/491
f 569/569 570/570 397/397
f 570/570 395/395 397/397
f 496/496 497/497 571/571
f 504/504 503/503 572/572
f 402/402 573/573 403/403
f 504/504 572/572 507/507
f 507/507 574/574 506/506
f 313/313 239/239 575/575
f 576/576 420/420 419/419
f 418/418 577/577 510/510
f 512/512 509/509 578/578
f 422/422 579/579 511/511
f 427/427 426/426 580/580
f 422/422 515/515 579/579
f 428/428 529/529 581/581
f 581/581 582/582 428/428
f 531/531 583/583 530/530
f 320/320 428/428 582/582
f 533/533 317/317 584/584
f 431/431 585/585 429/429
f 248/248 586/586 534/534
f 586/586 248/248 252/252
f 535/535 433/433 587/587
f 435/435 84/84 322/322
f 77/77 95/95 588/588
f 86/86 589/589 105/105
f 439/439 324/324 590/590
f 439/439 590/590 541/541
f 539/539 538/538 591/591
f 592/592 442/442 539/539
f 593/593 440/440 541/541
f 440/440 593/593 537/537
f 592/592 539/539 591/591
f 594/594 442/442 592/592
f 595/595 442/442 594/594
f 443/443 442/442 595/595
f 540/540 443/443 595/595
f 596/596 597/597 598/598
f 599/599 597/597 596/596
f 600/600 601/601 602/602
f 598/598 601/601 600/600
f 598/598 600/600 596/596
f 599/599 596/596 603/603
f 599/599 603/603 604/604
f 605/605 604/604 603/603
f 606/606 605/605 603/603
f 607/607 608/608 609/609
f 610/610 611/611 612/612
f 613/613 614/614 615/615
f 616/616 613/613 615/615
f 602/602 614/614 613/613
f 600/600 602/602 613/613
f 596/596 600/600 617/617
f 603/603 596/596 617/617
f 608/608 605/605 606/606
f 609/609 608/608 606/606
f 618/618 610/610 612/612
f 600/600 613/613 617/617
f 603/603 617/617 606/606
f 619/619 448/448 544/544
f 618/618 620/620 610/610
f 547/547 621/621 548/548
f 622/622 549/549 548/548
f 339/339 550/550 623/623
f 621/621 624/624 548/548
f 625/625 624/624 621/621
f 342/342 456/456 626/626
f 552/552 627/627 456/456
f 70/70 457/457 71/71
f 628/628 556/556 555/555
f 629/629 272/272 344/344
f 74/74 630/630 631/631
f 632/632 633/633 634/634
f 635/635 349/349 348/348
f 276/276 461/461 277/277
f 462/462 636/636 463/463
f 210/210 209/209 637/637
f 288/288 461/461 638/638
f 357/357 639/639 469/469
f 467/467 466/466 640/640
f 358/358 470/470 641/641
f 642/642 475/475 474/474
f 467/467 643/643 478/478
f 467/467 644/644 643/643
f 466/466 479/479 645/645
f 645/645 479/479 646/646
f 646/646 479/479 468/468
f 562/562 486/486 647/647
f 647/647 486/486 471/471
f 474/474 488/488 648/648
f 649/649 488/488 564/564
f 567/567 650/650 564/564
f 569/569 403/403 651/651
f 570/570 569/569 651/651
f 651/651 403/403 652/652
f 653/653 307/307 501/501
f 402/402 654/654 573/573
f 313/313 575/575 655/655
f 419/419 508/508 656/656
f 656/656 576/576 419/419
f 574/574 657/657 506/506
f 506/506 657/657 658/658
f 575/575 239/239 514/514
f 577/577 418/418 511/511
f 420/420 576/576 659/659
f 577/577 579/579 660/660
f 511/511 579/579 577/577
f 661/661 662/662 663/663
f 528/528 664/664 665/665
f 580/580 526/526 427/427
f 529/529 666/666 581/581
f 663/663 662/662 667/667
f 668/668 530/530 583/583
f 663/663 669/669 670/670
f 515/515 671/671 579/579
f 663/663 667/667 669/669
f 664/664 528/528 527/527
f 526/526 584/584 317/317
f 669/669 672/672 670/670
f 673/673 674/674 675/675
f 533/533 584/584 676/676
f 583/583 531/531 534/534
f 585/585 677/677 429/429
f 527/527 532/532 678/678
f 86/86 78/78 679/679
f 86/86 680/680 589/589
f 105/105 589/589 437/437
f 324/324 323/323 681/681
f 323/323 682/682 681/681
f 324/324 681/681 590/590
f 329/329 540/540 683/683
f 329/329 683/683 330/330
f 684/684 540/540 595/595
f 685/685 686/686 687/687
f 688/688 689/689 687/687
f 690/690 691/691 692/692
f 693/693 694/694 691/691
f 693/693 695/695 694/694
f 696/696 697/697 698/698
f 699/699 700/700 622/622
f 622/622 548/548 701/701
f 701/701 702/702 699/699
f 701/701 699/699 622/622
f 701/701 548/548 624/624
f 703/703 704/704 626/626
f 703/703 626/626 456/456
f 627/627 703/703 456/456
f 189/189 553/553 72/72
f 556/556 628/628 344/344
f 628/628 629/629 344/344
f 705/705 631/631 630/630
f 101/101 630/630 74/74
f 634/634 706/706 632/632
f 707/707 708/708 709/709
f 710/710 708/708 707/707
f 711/711 710/710 707/707
f 710/710 711/711 712/712
f 713/713 714/714 632/632
f 633/633 632/632 714/714
f 709/709 715/715 716/716
f 707/707 709/709 716/716
f 711/711 707/707 717/717
f 361/361 366/366 718/718
f 562/562 719/719 563/563
f 478/478 643/643 720/720
f 644/644 467/467 640/640
f 721/721 722/722 723/723
f 649/649 648/648 488/488
f 564/564 724/724 649/649
f 564/564 650/650 724/724
f 490/490 725/725 568/568
f 395/395 570/570 726/726
f 572/572 503/503 727/727
f 568/568 728/728 491/491
f 573/573 652/652 403/403
f 729/729 573/573 654/654
f 507/507 730/730 574/574
f 414/414 313/313 655/655
f 510/510 731/731 732/732
f 510/510 577/577 731/731
f 574/574 733/733 657/657
f 656/656 734/734 576/576
f 576/576 734/734 659/659
f 580/580 735/735 526/526
f 584/584 526/526 735/735
f 672/672 669/669 667/667
f 534/534 736/736 583/583
f 737/737 738/738 432/432
f 738/738 587/587 433/433
f 432/432 738/738 433/433
f 680/680 86/86 679/679
f 739/739 541/541 590/590
f 537/537 740/740 741/741
f 742/742 444/444 743/743
f 740/740 537/537 593/593
f 595/595 594/594 684/684
f 744/744 686/686 745/745
f 444/444 446/446 743/743
f 743/743 446/446 746/746
f 747/747 748/748 749/749
f 747/747 745/745 748/748
f 744/744 745/745 747/747
f 688/688 750/750 689/689
f 750/750 688/688 690/690
f 691/691 694/694 692/692
f 695/695 751/751 752/752
f 753/753 690/690 692/692
f 754/754 755/755 756/756
f 755/755 757/757 756/756
f 542/542 263/263 758/758
f 759/759 336/336 338/338
f 551/551 452/452 760/760
f 761/761 762/762 454/454
f 454/454 763/763 453/453
f 454/454 762/762 763/763
f 627/627 764/764 703/703
f 763/763 765/765 453/453
f 556/556 766/766 73/73
f 122/122 99/99 767/767
f 705/705 345/345 346/346
f 705/705 630/630 345/345
f 707/707 716/716 717/717
f 562/562 647/647 719/719
f 471/471 768/768 647/647
f 769/769 471/471 473/473
f 768/768 471/471 769/769
f 288/288 638/638 290/290
f 651/651 770/770 771/771
f 772/772 572/572 727/727
f 481/481 773/773 482/482
f 774/774 496/496 571/571
f 651/651 652/652 770/770
f 652/652 573/573 775/775
f 776/776 777/777 508/508
f 656/656 508/508 777/777
f 655/655 575/575 778/778
f 734/734 656/656 779/779
f 780/780 781/781 782/782
f 577/577 660/660 731/731
f 675/675 783/783 784/784
f 675/675 674/674 783/783
f 668/668 785/785 786/786
f 674/674 787/787 788/788
f 788/788 787/787 789/789
f 790/790 789/789 787/787
f 785/785 668/668 736/736
f 668/668 583/583 736/736
f 791/791 667/667 662/662
f 737/737 792/792 738/738
f 793/793 794/794 795/795
f 796/796 794/794 793/793
f 587/587 738/738 797/797
f 798/798 435/435 322/322
f 436/436 87/87 114/114
f 107/107 799/799 96/96
f 107/107 106/106 799/799
f 537/537 741/741 538/538
f 538/538 800/800 591/591
f 541/541 739/739 740/740
f 593/593 541/541 740/740
f 592/592 801/801 594/594
f 686/686 685/685 745/745
f 687/687 689/689 685/685
f 695/695 752/752 694/694
f 751/751 802/802 752/752
f 690/690 753/753 750/750
f 803/803 765/765 763/763
f 553/553 71/71 457/457
f 210/210 804/804 286/286
f 805/805 806/806 807/807
f 806/806 808/808 807/807
f 718/718 366/366 809/809
f 469/469 810/810 468/468
f 470/470 811/811 641/641
f 648/648 642/642 474/474
f 812/812 649/649 813/813
f 638/638 814/814 290/290
f 644/644 640/640 815/815
f 482/482 773/773 816/816
f 817/817 481/481 484/484
f 563/563 484/484 485/485
f 649/649 724/724 813/813
f 809/809 366/366 818/818
f 819/819 507/507 572/572
f 366/366 498/498 818/818
f 507/507 819/819 730/730
f 499/499 820/820 497/497
f 821/821 409/409 505/505
f 775/775 573/573 729/729
f 822/822 823/823 824/824
f 825/825 826/826 827/827
f 828/828 829/829 830/830
f 831/831 832/832 833/833
f 834/834 835/835 789/789
f 656/656 777/777 779/779
f 829/829 828/828 836/836
f 836/836 828/828 837/837
f 838/838 822/822 824/824
f 839/839 840/840 841/841
f 780/780 842/842 781/781
f 843/843 783/783 835/835
f 788/788 835/835 783/783
f 789/789 835/835 788/788
f 788/788 783/783 674/674
f 844/844 672/672 667/667
f 845/845 738/738 792/792
f 106/106 846/846 799/799
f 438/438 437/437 847/847
f 590/590 681/681 848/848
f 848/848 739/739 590/590
f 591/591 800/800 849/849
f 591/591 849/849 592/592
f 592/592 849/849 801/801
f 684/684 850/850 540/540
f 594/594 801/801 684/684
f 753/753 692/692 851/851
f 851/851 692/692 694/694
f 852/852 612/612 611/611
f 853/853 852/852 611/611
f 611/611 610/610 853/853
f 697/697 854/854 698/698
f 620/620 855/855 610/610
f 623/623 856/856 339/339
f 339/339 856/856 452/452
f 553/553 857/857 72/72
f 73/73 858/858 35/35
f 122/122 767/767 344/344
f 207/207 356/356 637/637
f 207/207 637/637 209/209
f 558/558 286/286 805/805
f 859/859 860/860 638/638
f 718/718 809/809 818/818
f 649/649 812/812 648/648
f 638/638 860/860 814/814
f 861/861 572/572 772/772
f 572/572 861/861 819/819
f 770/770 652/652 862/862
f 652/652 775/775 862/862
f 863/863 864/864 865/865
f 866/866 867/867 868/868
f 867/867 866/866 869/869
f 870/870 842/842 780/780
f 871/871 866/866 872/872
f 873/873 874/874 662/662
f 795/795 794/794 875/875
f 797/797 738/738 845/845
f 844/844 876/876 877/877
f 667/667 876/876 844/844
f 115/115 878/878 114/114
f 879/879 96/96 799/799
f 540/540 850/850 683/683
f 740/740 739/739 848/848
f 880/880 684/684 801/801
f 880/880 850/850 684/684
f 745/745 685/685 881/881
f 696/696 882/882 697/697
f 689/689 883/883 881/881
f 689/689 881/881 685/685
f 750/750 883/883 689/689
f 884/884 883/883 750/750
f 694/694 885/885 851/851
f 885/885 694/694 752/752
f 746/746 446/446 886/886
f 450/450 887/887 888/888
f 450/450 336/336 887/887
f 703/703 889/889 704/704
f 703/703 764/764 889/889
f 72/72 857/857 554/554
f 35/35 858/858 458/458
f 101/101 347/347 890/890
f 356/356 560/560 891/891
f 637/637 356/356 891/891
f 210/210 637/637 804/804
f 811/811 892/892 641/641
f 644/644 893/893 643/643
f 893/893 644/644 815/815
f 894/894 895/895 896/896
f 897/897 896/896 895/895
f 898/898 899/899 900/900
f 899/899 901/901 900/900
f 902/902 773/773 481/481
f 724/724 903/903 813/813
f 904/904 774/774 571/571
f 307/307 905/905 400/400
f 820/820 906/906 497/497
f 907/907 908/908 867/867
f 909/909 865/865 864/864
f 868/868 867/867 908/908
f 827/827 910/910 825/825
f 911/911 830/830 829/829
f 842/842 870/870 912/912
f 829/829 913/913 911/911
f 836/836 913/913 829/829
f 866/866 868/868 872/872
f 837/837 913/913 836/836
f 874/874 791/791 662/662
f 786/786 785/785 914/914
f 875/875 794/794 915/915
f 667/667 791/791 876/876
f 437/437 589/589 847/847
f 538/538 741/741 800/800
f 801/801 916/916 880/880
f 848/848 917/917 918/918
f 740/740 848/848 918/918
f 918/918 741/741 740/740
f 801/801 849/849 919/919
f 916/916 801/801 920/920
f 921/921 880/880 916/916
f 850/850 880/880 921/921
f 745/745 881/881 748/748
f 885/885 752/752 922/922
f 802/802 922/922 752/752
f 802/802 923/923 922/922
f 924/924 852/852 853/853
f 925/925 753/753 851/851
f 851/851 885/885 925/925
f 753/753 884/884 750/750
f 753/753 925/925 884/884
f 926/926 448/448 619/619
f 700/700 699/699 927/927
f 927/927 928/928 700/700
f 699/699 702/702 927/927
f 763/763 762/762 929/929
f 929/929 803/803 763/763
f 63/63 554/554 930/930
f 931/931 43/43 100/100
f 932/932 557/557 44/44
f 469/469 639/639 810/810
f 563/563 719/719 933/933
f 719/719 647/647 933/933
f 934/934 935/935 936/936
f 937/937 642/642 648/648
f 938/938 939/939 940/940
f 941/941 938/938 940/940
f 773/773 902/902 942/942
f 768/768 933/933 647/647
f 648/648 943/943 937/937
f 812/812 943/943 648/648
f 860/860 944/944 814/814
f 945/945 818/818 498/498
f 500/500 905/905 946/946
f 400/400 905/905 500/500
f 307/307 947/947 905/905
f 947/947 307/307 653/653
f 948/948 909/909 864/864
f 823/823 822/822 949/949
f 950/950 865/865 909/909
f 951/951 868/868 908/908
f 827/827 952/952 910/910
f 953/953 954/954 955/955
f 950/950 956/956 957/957
f 958/958 786/786 914/914
f 870/870 780/780 956/956
f 949/949 822/822 959/959
f 960/960 961/961 962/962
f 963/963 964/964 837/837
f 964/964 913/913 837/837
f 965/965 797/797 845/845
f 435/435 798/798 966/966
f 536/536 435/435 967/967
f 435/435 966/966 967/967
f 95/95 536/536 967/967
f 588/588 95/95 967/967
f 436/436 968/968 969/969
f 436/436 114/114 968/968
f 968/968 114/114 878/878
f 589/589 970/970 847/847
f 589/589 680/680 970/970
f 799/799 971/971 879/879
f 846/846 972/972 799/799
f 799/799 972/972 971/971
f 970/970 973/973 847/847
f 848/848 681/681 917/917
f 974/974 849/849 800/800
f 919/919 849/849 974/974
f 921/921 975/975 850/850
f 919/919 920/920 801/801
f 916/916 920/920 976/976
f 916/916 976/976 921/921
f 882/882 977/977 697/697
f 881/881 978/978 748/748
f 979/979 881/881 883/883
f 980/980 885/885 981/981
f 885/885 922/922 981/981
f 883/883 884/884 979/979
f 885/885 980/980 925/925
f 982/982 983/983 884/884
f 925/925 982/982 884/884
f 980/980 982/982 925/925
f 623/623 984/984 856/856
f 452/452 856/856 760/760
f 927/927 702/702 985/985
f 701/701 985/985 702/702
f 344/344 986/986 556/556
f 630/630 987/987 345/345
f 805/805 286/286 806/806
f 988/988 810/810 639/639
f 481/481 817/817 902/902
f 815/815 989/989 893/893
f 893/893 989/989 990/990
f 484/484 563/563 817/817
f 903/903 991/991 813/813
f 992/992 904/904 571/571
f 993/993 994/994 995/995
f 996/996 997/997 998/998
f 935/935 999/999 1000/1000
f 992/992 571/571 497/497
f 996/996 998/998 1001/1001
f 1002/1002 999/999 935/935
f 1003/1003 818/818 945/945
f 993/993 823/823 1004/1004
f 909/909 948/948 1005/1005
f 909/909 1005/1005 950/950
f 823/823 949/949 1004/1004
f 870/870 956/956 1006/1006
f 870/870 1006/1006 912/912
f 951/951 872/872 868/868
f 1007/1007 964/964 963/963
f 1008/1008 914/914 785/785
f 875/875 1009/1009 1007/1007
f 915/915 1009/1009 875/875
f 1010/1010 1011/1011 1012/1012
f 965/965 1012/1012 1011/1011
f 965/965 1011/1011 797/797
f 1013/1013 877/877 1014/1014
f 877/877 876/876 1015/1015
f 966/966 798/798 1016/1016
f 967/967 1017/1017 588/588
f 969/969 968/968 1018/1018
f 1019/1019 680/680 679/679
f 968/968 878/878 1020/1020
f 680/680 1019/1019 970/970
f 800/800 741/741 1021/1021
f 919/919 974/974 1022/1022
f 921/921 976/976 975/975
f 977/977 1023/1023 1024/1024
f 697/697 977/977 1024/1024
f 978/978 1025/1025 1026/1026
f 881/881 1025/1025 978/978
f 881/881 979/979 1025/1025
f 1027/1027 980/980 981/981
f 979/979 884/884 983/983
f 983/983 982/982 1028/1028
f 980/980 1028/1028 982/982
f 980/980 1027/1027 1028/1028
f 853/853 610/610 1029/1029
f 448/448 1030/1030 263/263
f 1030/1030 448/448 926/926
f 1031/1031 1032/1032 1033/1033
f 1031/1031 1034/1034 1032/1032
f 1035/1035 1034/1034 1031/1031
f 1035/1035 1031/1031 1036/1036
f 1034/1034 1035/1035 1037/1037
f 984/984 1038/1038 856/856
f 1038/1038 1039/1039 856/856
f 760/760 856/856 1039/1039
f 985/985 701/701 1040/1040
f 762/762 761/761 1041/1041
f 929/929 762/762 1041/1041
f 929/929 1042/1042 803/803
f 627/627 1043/1043 764/764
f 63/63 930/930 100/100
f 73/73 766/766 858/858
f 556/556 986/986 766/766
f 101/101 987/987 630/630
f 1044/1044 1045/1045 1046/1046
f 1047/1047 1048/1047 1049/1047
f 991/991 903/903 1050/1048
f 1051/1049 904/904 992/992
f 990/990 989/989 1052/1050
f 1053/1051 1054/1052 1055/1053
f 1056/1054 937/937 943/943
f 1057/1055 943/943 812/812
f 991/991 812/812 813/813
f 934/934 1002/1002 935/935
f 1000/1000 999/999 1058/1056
f 1059/1057 1060/1058 1061/1059
f 1062/1060 1059/1057 1061/1059
f 1005/1005 1063/1061 950/950
f 952/952 1064/1062 910/910
f 950/950 1063/1061 956/956
f 1006/1006 956/956 1063/1061
f 830/830 911/911 1065/1063
f 959/959 1066/1064 949/949
f 872/872 951/951 1067/1065
f 913/913 1068/1066 911/911
f 964/964 1069/1067 913/913
f 1007/1007 1069/1067 964/964
f 1070/1068 1071/1069 965/965
f 1072/1070 1073/1071 1074/1072
f 1075/1073 791/791 874/874
f 877/877 1015/1015 1014/1014
f 1075/1073 1076/1074 791/791
f 876/876 791/791 1076/1074
f 1077/1075 1078/1076 1079/1077
f 1080/1078 1081/1079 1082/1080
f 1080/1078 1083/1081 1081/1079
f 1077/1075 1018/1018 1078/1076
f 679/679 1084/1082 1019/1019
f 1084/1082 1085/1083 1019/1019
f 968/968 1020/1020 1086/1084
f 1019/1019 1085/1083 970/970
f 1087/1085 974/974 800/800
f 974/974 1088/1086 1022/1022
f 918/918 917/917 741/741
f 1021/1021 1087/1085 800/800
f 919/919 1022/1022 920/920
f 1022/1022 1089/1087 920/920
f 1090/1088 850/850 975/975
f 1091/1089 330/330 683/683
f 976/976 920/920 1089/1087
f 1090/1088 976/976 1089/1087
f 975/975 976/976 1090/1088
f 1026/1026 1092/1090 1093/1091
f 922/922 1094/1092 981/981
f 923/923 1095/1093 922/922
f 922/922 1095/1093 1094/1092
f 1025/1025 1092/1090 1026/1026
f 1096/1094 1092/1090 1025/1025
f 979/979 1096/1094 1025/1025
f 979/979 983/983 1096/1094
f 1097/1095 1027/1027 981/981
f 1098/1096 924/924 853/853
f 1098/1096 853/853 1029/1029
f 697/697 1024/1024 854/854
f 1099/1097 1100/1098 1101/1099
f 1102/1100 1101/1099 1100/1098
f 1027/1027 1103/1101 1028/1028
f 1104/1102 1101/1099 1105/1103
f 1102/1100 1105/1103 1101/1099
f 1106/1104 1107/1105 1108/1106
f 1106/1104 1109/1107 1110/1108
f 1107/1105 1111/1109 1112/1110
f 1113/1111 1106/1104 1110/1108
f 1106/1104 1114/1112 1107/1105
f 1113/1111 1114/1112 1106/1104
f 1114/1112 1111/1109 1107/1105
f 1111/1109 1115/1113 1116/1114
f 1117/1115 1111/1109 1114/1112
f 1111/1109 1117/1115 1115/1113
f 1118/1116 1119/1117 1120/1118
f 1119/1117 1121/1119 1120/1118
f 1122/1120 1123/1121 1124/1122
f 1122/1120 1125/1123 1123/1121
f 1126/1124 1121/1119 1119/1117
f 1122/1120 1127/1125 1125/1123
f 1128/1126 1127/1125 1122/1120
f 1121/1119 1126/1124 1129/1127
f 1130/1128 1127/1125 1128/1126
f 1126/1124 1131/1129 1129/1127
f 1132/1130 1125/1123 1127/1125
f 1133/1131 1134/1132 1135/1133
f 1133/1131 1136/1134 1134/1132
f 1137/1135 1136/1134 1133/1131
f 1138/1136 1136/1134 1137/1135
f 1136/1134 1139/1137 1134/1132
f 1138/1136 1139/1137 1136/1134
f 1140/1138 1033/1033 1032/1032
f 1033/1033 1036/1036 1031/1031
f 1036/1036 1141/1139 1142/1140
f 1143/1141 1144/1142 1145/1143
f 1145/1143 1144/1142 1146/1144
f 1036/1036 1142/1140 1035/1035
f 1034/1034 1037/1037 1147/1145
f 1037/1037 1035/1035 1142/1140
f 1144/1142 1148/1146 1146/1144
f 889/889 764/764 1149/1147
f 891/891 1150/1148 637/637
f 1052/1050 1151/1149 990/990
f 1152/1047 1047/1047 1049/1047
f 639/639 1153/1150 988/988
f 991/991 1050/1048 1154/1151
f 1155/1152 994/994 1156/1153
f 563/563 1157/1154 817/817
f 1158/1155 1159/1156 1160/1157
f 933/933 1157/1154 563/563
f 1154/1151 812/812 991/991
f 994/994 993/993 1161/1158
f 1156/1153 994/994 1161/1158
f 934/934 1162/1159 1002/1002
f 934/934 1163/1160 1162/1159
f 992/992 497/497 1164/1161
f 1060/1058 1059/1057 1165/1162
f 497/497 906/906 1164/1161
f 944/944 1166/1163 814/814
f 905/905 1167/1164 946/946
f 1161/1158 993/993 1004/1004
f 998/998 1168/1165 1001/1001
f 409/409 1169/1166 311/311
f 1169/1166 409/409 821/821
f 949/949 1170/1167 1004/1004
f 1171/1168 1172/1169 1173/1170
f 1174/1171 1175/1172 1176/1173
f 1174/1171 1176/1173 1177/1174
f 1177/1174 1176/1173 1178/1175
f 1066/1064 1170/1167 949/949
f 1068/1066 913/913 1069/1067
f 1007/1007 1179/1176 1069/1067
f 1009/1009 1179/1176 1007/1007
f 965/965 1071/1069 1012/1012
f 1180/1177 1181/1178 1182/1179
f 1183/1180 1182/1179 1181/1178
f 1180/1177 1182/1179 1184/1181
f 1080/1078 1082/1080 1185/1182
f 1086/1084 1186/1183 1078/1076
f 1078/1076 1018/1018 1086/1084
f 1018/1018 968/968 1086/1084
f 1187/1184 1188/1185 1189/1186
f 1085/1083 1190/1187 970/970
f 971/971 972/972 1191/1188
f 1190/1187 1192/1189 973/973
f 970/970 1190/1187 973/973
f 1193/1190 1194/1191 1195/1192
f 1196/1193 1194/1191 1193/1190
f 1196/1193 1197/1194 1194/1191
f 1197/1194 1198/1195 1194/1191
f 850/850 1090/1088 683/683
f 981/981 1094/1092 1199/1196
f 1092/1090 1200/1197 1093/1091
f 983/983 1201/1198 1096/1094
f 1199/1196 1097/1095 981/981
f 1099/1097 1101/1099 1202/1199
f 610/610 855/855 1029/1029
f 336/336 1203/1200 887/887
f 1203/1200 336/336 759/759
f 1101/1099 1104/1102 1202/1199
f 1108/1106 1204/1201 1205/1202
f 1106/1104 1108/1106 1205/1202
f 1106/1104 1205/1202 1109/1107
f 1108/1106 1107/1105 1112/1110
f 1206/1203 1108/1106 1112/1110
f 1112/1110 1111/1109 1116/1114
f 1114/1112 1113/1111 1207/1204
f 1117/1115 1114/1112 1207/1204
f 1208/1205 1116/1114 1115/1113
f 1115/1113 1209/1206 1208/1205
f 1117/1115 1209/1206 1115/1113
f 1210/1207 1209/1206 1117/1115
f 1211/1208 1212/1209 1213/1210
f 1214/1211 1213/1210 1212/1209
f 1121/1119 1215/1212 1120/1118
f 1122/1120 1216/1213 1128/1126
f 1132/1130 1127/1125 1130/1128
f 1129/1127 1131/1129 1217/1214
f 1131/1129 1218/1215 1217/1214
f 1219/1216 1220/1217 1221/1218
f 1219/1216 1221/1218 1222/1219
f 1223/1220 1224/1221 1222/1219
f 1135/1133 1134/1132 1225/1222
f 1226/1223 1137/1135 1133/1131
f 1226/1223 1227/1224 1137/1135
f 1228/1225 1137/1135 1227/1224
f 1229/1226 1225/1222 1134/1132
f 1134/1132 1139/1137 1229/1226
f 1137/1135 1228/1225 1138/1136
f 1139/1137 1230/1227 1229/1226
f 1230/1227 1139/1137 1231/1228
f 1231/1228 1139/1137 1138/1136
f 1232/1229 1231/1228 1138/1136
f 1228/1225 1232/1229 1138/1136
f 1233/1230 1234/1231 1235/1232
f 1145/1143 1236/1233 1143/1141
f 1141/1139 1036/1036 1237/1234
f 1238/1235 1239/1236 1240/1237
f 1142/1140 1141/1139 1241/1238
f 1242/1239 1240/1237 1243/1240
f 1244/1241 1245/1242 1246/1243
f 1242/1239 1247/1244 1240/1237
f 1248/1245 1249/1246 1250/1247
f 1247/1244 1251/1248 1252/1249
f 1247/1244 1242/1239 1251/1248
f 1253/1250 1249/1246 1248/1245
f 1251/1248 1254/1251 1252/1249
f 1255/1252 1256/1253 1249/1246
f 1257/1254 1256/1253 1255/1252
f 1249/1246 1258/1255 1255/1252
f 1258/1255 1249/1246 1253/1250
f 1259/1256 1251/1248 1260/1257
f 1261/1258 928/928 927/927
f 1251/1248 1262/1259 1254/1251
f 1259/1256 1262/1259 1251/1248
f 764/764 1263/1260 1149/1147
f 1262/1259 1264/1261 1265/1262
f 1266/1263 1262/1259 1267/1264
f 1268/1265 1257/1254 1255/1252
f 1266/1263 1264/1261 1262/1259
f 1266/1263 1269/1266 1264/1261
f 1269/1266 1266/1263 1270/1267
f 1271/1268 1269/1266 1270/1267
f 1268/1265 1272/1269 1273/1270
f 1273/1270 1274/1271 1275/1272
f 1274/1271 1273/1270 1272/1269
f 1276/1273 1269/1266 1271/1268
f 1272/1269 1277/1274 1274/1271
f 1276/1273 1271/1268 1278/1275
f 1279/1276 1275/1272 1274/1271
f 1275/1272 1278/1275 1271/1268
f 1279/1276 1278/1275 1275/1272
f 1279/1276 1280/1277 1278/1275
f 890/890 987/987 101/101
f 806/806 1281/1278 808/808
f 1282/1279 1283/1280 1284/1281
f 1285/1282 1286/1283 1287/1284
f 1288/1285 1289/1286 1290/1287
f 1287/1284 1291/1288 1285/1282
f 988/988 1153/1150 1292/1289
f 1293/1290 641/641 892/892
f 817/817 1157/1154 1294/1291
f 859/859 1295/1292 860/860
f 1296/1293 720/720 643/643
f 893/893 1297/1294 643/643
f 1298/1295 1289/1286 1288/1285
f 1299/1296 1300/1297 1301/1298
f 1302/1299 988/988 1292/1289
f 1056/1054 943/943 1057/1055
f 812/812 1154/1151 1057/1055
f 1303/1300 1304/1301 1305/1302
f 1306/1303 1305/1302 1304/1301
f 725/725 1307/1304 568/568
f 997/997 1308/1305 998/998
f 1309/1306 1305/1302 1306/1303
f 1158/1155 1160/1157 1060/1058
f 1060/1058 1165/1162 1310/1307
f 1311/1308 1059/1057 1062/1060
f 1062/1060 1312/1309 1311/1308
f 1005/1005 948/948 1313/1310
f 1005/1005 1314/1311 1063/1061
f 1315/1312 1316/1313 1317/1314
f 1318/1315 1319/1316 1320/1317
f 311/311 1321/1318 1322/1319
f 311/311 1169/1166 1321/1318
f 910/910 1064/1062 1323/1320
f 951/951 908/908 1324/1321
f 1318/1315 1325/1322 1319/1316
f 1326/1323 1327/1324 1328/1325
f 1315/1312 1329/1326 1316/1313
f 1328/1325 1327/1324 1330/1327
f 1331/1328 1071/1069 1332/1329
f 911/911 1333/1330 1065/1063
f 911/911 1068/1066 1333/1330
f 1331/1328 1012/1012 1071/1069
f 1074/1072 1073/1071 1334/1331
f 1335/1332 1316/1313 1329/1326
f 1069/1067 1336/1333 1068/1066
f 1331/1328 1337/1334 1010/1010
f 1331/1328 1010/1010 1012/1012
f 1014/1014 1015/1015 1338/1335
f 1339/1336 1335/1332 1329/1326
f 1338/1335 1015/1015 876/876
f 1076/1074 1338/1335 876/876
f 1315/1312 1340/1337 1329/1326
f 1325/1322 1341/1338 1319/1316
f 1341/1338 1342/1339 1319/1316
f 1340/1337 1339/1336 1329/1326
f 1340/1337 1343/1340 1339/1336
f 1343/1340 1344/1341 1339/1336
f 1345/1342 1344/1341 1343/1340
f 1340/1337 1345/1342 1343/1340
f 1340/1337 1346/1343 1345/1342
f 1341/1338 1347/1344 1342/1339
f 1341/1338 1348/1345 1347/1344
f 1349/1346 1344/1341 1345/1342
f 1350/1347 1349/1346 1345/1342
f 1346/1343 1350/1347 1345/1342
f 1349/1346 1350/1347 1351/1348
f 1346/1343 1351/1348 1350/1347
f 1348/1345 1352/1349 1347/1344
f 1353/1350 1181/1178 1180/1177
f 1354/1351 1185/1182 1082/1080
f 1355/1352 1186/1183 1086/1084
f 1189/1186 1356/1353 1357/1354
f 1356/1353 1189/1186 1188/1185
f 1358/1355 1359/1356 1360/1357
f 1361/1358 1362/1359 1363/1360
f 1363/1360 1364/1361 1361/1358
f 1364/1361 1363/1360 1365/1362
f 1363/1360 1366/1363 1365/1362
f 1365/1362 1366/1363 1367/1364
f 1367/1364 1368/1365 1365/1362
f 1365/1362 1193/1190 1364/1361
f 1368/1365 1193/1190 1365/1362
f 1193/1190 1195/1192 1364/1361
f 1194/1191 1369/1366 1370/1367
f 1370/1367 1195/1192 1194/1191
f 1196/1193 1193/1190 1368/1365
f 1194/1191 1198/1195 1369/1366
f 1371/1368 1372/1369 1373/1370
f 1088/1086 1374/1371 1022/1022
f 1095/1093 1375/1372 1094/1092
f 1376/1373 1098/1096 1029/1029
f 754/754 1377/1374 755/755
f 1103/1101 1027/1027 1097/1095
f 1378/1375 1379/1376 1380/1377
f 1104/1102 1381/1378 1202/1199
f 1382/1379 1381/1378 1104/1102
f 1383/1380 1378/1375 1380/1377
f 1104/1102 1384/1381 1382/1379
f 1104/1102 1105/1103 1385/1382
f 1384/1381 1104/1102 1385/1382
f 1105/1103 1386/1383 1385/1382
f 1383/1380 1387/1384 1378/1375
f 1384/1381 1385/1382 1388/1385
f 1385/1382 1389/1386 1388/1385
f 1386/1383 1389/1386 1385/1382
f 1386/1383 1390/1387 1389/1386
f 1389/1386 1391/1388 1388/1385
f 1389/1386 1392/1389 1391/1388
f 1390/1387 1392/1389 1389/1386
f 1393/1390 1205/1202 1204/1201
f 1394/1391 1395/1392 1396/1393
f 1397/1394 1394/1391 1396/1393
f 1398/1395 1399/1396 1400/1397
f 1207/1204 1210/1207 1117/1115
f 1401/1398 1402/1399 1209/1206
f 1212/1209 1403/1400 1214/1211
f 1214/1211 1403/1400 1404/1401
f 1120/1118 1215/1212 1405/1402
f 1406/1403 1407/1404 1408/1405
f 1409/1406 1406/1403 1408/1405
f 1216/1213 1410/1407 1128/1126
f 1410/1407 1130/1128 1128/1126
f 1121/1119 1129/1127 1411/1408
f 1215/1212 1121/1119 1411/1408
f 1217/1214 1411/1408 1129/1127
f 1130/1128 1412/1409 1132/1130
f 1217/1214 1218/1215 1413/1410
f 1414/1411 1413/1410 1218/1215
f 1415/1412 1414/1411 1218/1215
f 1415/1412 1416/1413 1414/1411
f 1414/1411 1417/1414 1413/1410
f 1416/1413 1417/1414 1414/1411
f 1417/1414 1418/1415 1413/1410
f 1417/1414 1419/1416 1418/1415
f 1416/1413 1420/1417 1417/1414
f 1420/1417 1419/1416 1417/1414
f 1220/1217 1421/1418 1221/1218
f 1223/1220 1222/1219 1221/1218
f 1227/1224 1422/1419 1228/1225
f 1230/1227 1423/1420 1229/1226
f 1230/1227 1231/1228 1424/1421
f 1424/1421 1231/1228 1425/1422
f 1425/1422 1231/1228 1232/1229
f 1426/1423 1427/1424 1428/1425
f 1429/1426 1426/1423 1428/1425
f 1430/1427 1429/1426 1428/1425
f 1425/1422 1431/1428 1424/1421
f 1425/1422 1432/1429 1431/1428
f 1433/1430 1426/1423 1429/1426
f 1430/1427 1434/1431 1429/1426
f 1434/1431 1435/1432 1429/1426
f 1432/1429 1436/1433 1431/1428
f 1437/1434 1233/1230 1235/1232
f 1033/1033 1237/1234 1036/1036
f 1438/1435 1239/1236 1238/1235
f 1237/1234 1439/1436 1141/1139
f 1440/1437 1239/1236 1438/1435
f 1439/1436 1441/1438 1141/1139
f 1442/1439 1441/1438 1439/1436
f 1145/1143 1146/1144 1443/1440
f 1243/1240 1239/1236 1440/1437
f 1442/1439 1250/1247 1441/1438
f 1444/1441 1445/1442 1446/1443
f 1141/1139 1441/1438 1447/1444
f 1443/1440 1146/1144 1448/1445
f 1447/1444 1441/1438 1449/1446
f 1240/1237 1239/1236 1243/1240
f 1146/1144 1148/1146 1448/1445
f 1450/1447 1245/1242 1244/1241
f 1250/1247 1449/1446 1441/1438
f 1247/1244 1451/1448 1240/1237
f 1452/1449 1250/1247 1442/1439
f 1453/1450 1451/1448 1252/1249
f 1451/1448 1247/1244 1252/1249
f 1454/1451 1455/1452 1456/1453
f 1449/1446 1250/1247 1256/1253
f 1452/1449 1248/1245 1250/1247
f 1250/1247 1249/1246 1256/1253
f 1457/1454 1456/1453 1455/1452
f 1248/1245 1452/1449 1458/1455
f 1453/1450 1252/1249 1459/1456
f 1252/1249 1254/1251 1459/1456
f 1253/1250 1248/1245 1458/1455
f 1242/1239 1260/1257 1251/1248
f 1257/1254 1449/1446 1256/1253
f 1457/1454 1460/1457 1461/1458
f 985/985 1261/1258 927/927
f 1254/1251 1265/1262 1459/1456
f 1254/1251 1262/1259 1265/1262
f 761/761 1462/1459 1041/1041
f 1463/1460 1464/1461 1465/1462
f 1262/1259 1259/1256 1267/1264
f 764/764 1043/1043 1263/1260
f 1265/1262 1264/1261 1466/1463
f 1267/1264 1270/1267 1266/1263
f 1257/1254 1268/1265 1467/1464
f 1255/1252 1258/1255 1268/1265
f 1468/1465 1469/1466 1463/1460
f 1268/1265 1470/1467 1467/1464
f 1268/1265 1258/1255 1471/1468
f 1253/1250 1472/1469 1258/1255
f 1472/1469 1471/1468 1258/1255
f 1268/1265 1273/1270 1470/1467
f 1264/1261 1269/1266 1473/1470
f 1270/1267 1474/1471 1271/1268
f 1268/1265 1471/1468 1272/1269
f 1275/1272 1271/1268 1474/1471
f 1475/1472 1476/1473 1477/1474
f 1478/1475 1479/1476 1480/1477
f 1279/1276 1274/1271 1277/1274
f 1276/1273 1278/1275 1280/1277
f 1481/1478 1281/1278 806/806
f 1284/1281 1482/1479 1282/1279
f 1483/1480 1484/1481 1485/1482
f 1484/1481 1486/1483 1485/1482
f 1487/1484 1304/1301 1303/1300
f 643/643 1488/1485 1296/1293
f 1151/1149 1297/1294 990/990
f 1295/1292 1489/1486 860/860
f 1486/1483 1490/1487 1485/1482
f 1303/1300 1490/1487 1486/1483
f 1482/1479 1491/1488 1282/1279
f 893/893 990/990 1297/1294
f 1492/1489 1493/1490 1494/1491
f 1495/1492 1493/1490 1492/1489
f 1496/1493 1497/1494 1498/1495
f 1499/1496 1302/1299 1500/1497
f 1302/1299 1292/1289 1500/1497
f 1294/1291 902/902 817/817
f 1501/1498 1159/1156 1158/1155
f 860/860 1489/1486 1502/1499
f 1503/1500 1156/1153 1161/1158
f 860/860 1502/1499 944/944
f 1485/1482 1504/1501 1505/1502
f 1490/1487 1504/1501 1485/1482
f 1307/1304 1506/1503 568/568
f 1309/1306 1507/1504 1305/1302
f 1508/1505 1507/1504 1309/1306
f 568/568 1506/1503 728/728
f 1005/1005 1313/1310 1314/1311
f 1161/1158 1004/1004 1509/1506
f 1320/1317 1510/1507 1318/1315
f 1511/1508 1324/1321 908/908
f 1170/1167 1512/1509 1004/1004
f 1513/1510 1334/1331 1514/1511
f 1067/1065 951/951 1324/1321
f 1334/1331 1513/1510 1074/1072
f 1515/1512 1516/1513 1334/1331
f 1318/1315 1517/1514 1325/1322
f 1334/1331 1073/1071 1515/1512
f 1518/1515 1338/1335 1519/1516
f 1520/1517 1521/1518 1522/1519
f 1076/1074 1519/1516 1338/1335
f 1523/1520 1336/1333 1069/1067
f 1179/1176 1523/1520 1069/1067
f 1335/1332 1339/1336 1344/1341
f 1517/1514 1524/1521 1341/1338
f 1325/1322 1517/1514 1341/1338
f 1341/1338 1524/1521 1348/1345
f 1524/1521 1525/1522 1348/1345
f 1348/1345 1525/1522 1352/1349
f 1526/1523 1183/1180 1181/1178
f 1186/1183 1527/1524 1078/1076
f 1528/1525 1359/1356 1358/1355
f 1529/1526 1362/1359 1361/1358
f 1530/1527 1531/1528 1532/1529
f 1532/1529 1531/1528 1533/1530
f 1531/1528 1534/1531 1533/1530
f 1535/1532 1529/1526 1361/1358
f 1361/1358 1364/1361 1535/1532
f 1533/1530 1534/1531 1536/1533
f 1364/1361 1195/1192 1535/1532
f 1535/1532 1195/1192 1370/1367
f 1534/1531 1537/1534 1536/1533
f 1537/1534 1534/1531 1538/1535
f 1536/1533 1537/1534 1372/1369
f 1537/1534 1373/1370 1372/1369
f 1021/1021 741/741 1539/1536
f 1374/1371 1089/1087 1022/1022
f 1024/1024 1540/1537 1541/1538
f 1092/1090 1542/1539 1200/1197
f 1092/1090 1096/1094 1542/1539
f 1201/1198 1543/1540 1096/1094
f 1024/1024 1541/1538 854/854
f 1384/1381 1544/1541 1382/1379
f 1545/1542 1387/1384 1383/1380
f 1384/1381 1546/1543 1544/1541
f 1387/1384 1545/1542 1547/1544
f 1391/1388 1546/1543 1384/1381
f 1548/1545 1546/1543 1391/1388
f 1384/1381 1388/1385 1391/1388
f 1392/1389 1548/1545 1391/1388
f 1206/1203 1204/1201 1108/1106
f 1206/1203 1549/1546 1204/1201
f 1205/1202 1393/1390 1550/1547
f 1205/1202 1550/1547 1109/1107
f 1110/1108 1551/1548 1207/1204
f 1552/1549 1551/1548 1110/1108
f 1394/1391 1397/1394 1553/1550
f 1397/1394 1554/1551 1553/1550
f 1208/1205 1209/1206 1555/1552
f 1209/1206 1210/1207 1401/1398
f 1209/1206 1402/1399 1555/1552
f 1556/1553 1212/1209 1211/1208
f 1216/1213 1557/1554 1410/1407
f 1558/1555 1130/1128 1410/1407
f 1411/1408 1217/1214 1559/1556
f 1560/1557 1412/1409 1130/1128
f 1561/1558 1412/1409 1560/1557
f 1217/1214 1413/1410 1562/1559
f 1562/1559 1413/1410 1418/1415
f 1561/1558 1563/1560 1564/1561
f 1418/1415 1565/1562 1562/1559
f 1418/1415 1419/1416 1565/1562
f 1566/1563 1567/1564 1568/1565
f 1564/1561 1563/1560 1569/1566
f 1220/1217 1570/1567 1421/1418
f 1223/1220 1571/1568 1224/1221
f 1572/1569 1224/1221 1571/1568
f 1573/1570 1574/1571 1575/1572
f 1227/1224 1576/1573 1422/1419
f 1225/1222 1229/1226 1423/1420
f 1422/1419 1577/1574 1228/1225
f 1578/1575 1579/1576 1580/1577
f 1423/1420 1230/1227 1581/1578
f 1232/1229 1582/1579 1425/1422
f 1580/1577 1579/1576 1583/1580
f 1583/1580 1584/1581 1585/1582
f 1586/1583 1584/1581 1583/1580
f 1429/1426 1435/1432 1433/1430
f 1584/1581 1586/1583 1587/1584
f 1587/1584 1586/1583 1588/1585
f 1586/1583 1589/1586 1588/1585
f 1590/1587 1437/1434 1591/1588
f 1592/1589 1237/1234 1033/1033
f 1593/1590 1590/1587 1591/1588
f 1237/1234 1592/1589 1594/1591
f 1237/1234 1594/1591 1439/1436
f 1594/1591 1595/1592 1439/1436
f 1591/1588 1445/1442 1593/1590
f 1591/1588 1446/1443 1445/1442
f 1442/1439 1439/1436 1595/1592
f 1141/1139 1447/1444 1241/1238
f 1596/1593 1597/1594 1598/1595
f 1454/1451 1599/1596 1600/1597
f 1601/1598 1602/1599 1603/1600
f 1447/1444 1604/1601 1241/1238
f 1454/1451 1600/1597 1605/1602
f 1241/1238 1604/1601 1142/1140
f 1606/1603 1607/1604 1608/1605
f 1442/1439 1609/1606 1452/1449
f 1450/1447 1610/1607 1245/1242
f 1452/1449 1609/1606 1611/1608
f 1612/1609 1454/1451 1605/1602
f 1246/1243 1245/1242 1613/1610
f 1614/1611 1598/1595 1615/1612
f 1598/1595 1597/1594 1615/1612
f 1454/1451 1612/1609 1455/1452
f 1616/1613 1608/1605 1607/1604
f 1611/1608 1458/1455 1452/1449
f 1617/1614 1616/1613 1607/1604
f 1455/1452 1612/1609 1618/1615
f 1455/1452 1618/1615 1457/1454
f 1615/1612 1464/1461 1614/1611
f 1458/1455 1619/1616 1253/1250
f 1619/1616 1472/1469 1253/1250
f 1457/1454 1618/1615 1460/1457
f 1614/1611 1464/1461 1620/1617
f 1449/1446 1257/1254 1621/1618
f 1622/1619 928/928 1261/1258
f 1039/1039 1623/1620 1624/1621
f 1624/1621 760/760 1039/1039
f 985/985 1040/1040 1625/1622
f 1464/1461 1463/1460 1620/1617
f 1620/1617 1463/1460 1626/1623
f 1618/1615 1627/1624 1460/1457
f 929/929 1041/1041 1628/1625
f 1462/1459 1628/1625 1041/1041
f 1257/1254 1467/1464 1621/1618
f 1629/1626 1460/1457 1627/1624
f 1630/1627 1626/1623 1463/1460
f 1463/1460 1469/1466 1630/1627
f 1460/1457 1629/1626 1631/1628
f 1472/1469 1619/1616 1632/1629
f 1633/1630 1634/1631 1635/1632
f 1472/1469 1636/1633 1471/1468
f 1632/1629 1636/1633 1472/1469
f 1269/1266 1637/1634 1473/1470
f 1633/1630 1635/1632 1475/1472
f 1269/1266 1276/1273 1637/1634
f 1478/1475 1638/1635 1479/1476
f 1636/1633 1639/1636 1471/1468
f 1471/1468 1639/1636 1272/1269
f 1476/1473 1475/1472 1635/1632
f 1639/1636 1277/1274 1272/1269
f 1276/1273 1640/1637 1637/1634
f 1276/1273 1280/1277 1640/1637
f 1279/1276 1277/1274 1280/1277
f 100/100 930/930 1641/1638
f 1641/1638 931/931 100/100
f 560/560 463/463 1642/1639
f 1643/1640 1644/1641 1645/1642
f 286/286 804/804 1646/1643
f 806/806 286/286 1646/1643
f 1647/1644 1648/1645 1649/1646
f 1650/1647 1651/1648 1648/1645
f 1652/1649 1653/1650 1654/1651
f 1655/1652 1489/1486 1295/1292
f 1656/1653 1484/1481 1657/1654
f 1484/1481 1483/1480 1657/1654
f 1658/1655 1486/1483 1656/1653
f 1486/1483 1484/1481 1656/1653
f 1487/1484 1486/1483 1658/1655
f 1303/1300 1486/1483 1487/1484
f 1287/1284 1286/1283 1659/1656
f 1660/1657 1293/1290 892/892
f 942/942 902/902 1661/1658
f 1057/1055 1154/1151 1662/1659
f 1483/1480 1485/1482 1505/1502
f 1663/1660 1664/1661 1308/1305
f 1505/1502 1504/1501 1665/1662
f 1666/1663 1504/1501 1490/1487
f 1666/1663 1490/1487 1667/1664
f 1303/1300 1667/1664 1490/1487
f 1303/1300 1305/1302 1667/1664
f 1668/1665 1308/1305 1664/1661
f 998/998 1308/1305 1668/1665
f 1060/1058 1501/1498 1158/1155
f 1669/1666 1501/1498 1060/1058
f 1502/1499 1670/1667 944/944
f 1305/1302 1507/1504 1667/1664
f 1671/1668 1003/1003 945/945
f 1506/1503 1672/1669 728/728
f 1060/1058 1310/1307 1669/1666
f 944/944 1670/1667 1166/1163
f 946/946 1167/1164 1673/1670
f 905/905 947/947 1167/1164
f 1672/1669 1674/1671 728/728
f 998/998 1668/1665 1675/1672
f 1676/1673 1316/1313 1335/1332
f 1510/1507 1677/1674 1318/1315
f 1678/1675 1323/1320 1064/1062
f 1004/1004 1512/1509 1509/1506
f 1172/1169 1679/1676 1173/1170
f 1513/1510 1514/1511 1680/1677
f 1173/1170 1679/1676 1681/1678
f 1173/1170 1681/1678 1521/1518
f 1514/1511 1334/1331 1516/1513
f 1682/1679 1521/1518 1681/1678
f 1076/1074 1075/1073 1519/1516
f 1318/1315 1677/1674 1517/1514
f 1683/1680 1068/1066 1336/1333
f 1677/1674 1684/1681 1517/1514
f 1344/1341 1685/1682 1335/1332
f 1517/1514 1684/1681 1524/1521
f 1684/1681 1686/1683 1524/1521
f 1344/1341 1349/1346 1685/1682
f 1687/1684 1685/1682 1349/1346
f 1524/1521 1686/1683 1525/1522
f 1686/1683 1688/1685 1525/1522
f 1689/1686 1353/1350 1180/1177
f 1082/1080 1525/1522 1688/1685
f 1082/1080 1688/1685 1354/1351
f 1354/1351 1690/1687 1185/1182
f 1185/1182 1690/1687 1691/1688
f 1692/1689 1357/1354 1356/1353
f 1529/1526 1693/1690 1362/1359
f 1694/1691 1692/1689 1356/1353
f 1531/1528 1538/1535 1534/1531
f 1695/1692 1693/1690 1529/1526
f 1529/1526 1535/1532 1695/1692
f 1535/1532 1370/1367 1695/1692
f 1370/1367 1369/1366 1695/1692
f 1539/1536 741/741 917/917
f 1021/1021 1539/1536 1696/1693
f 1089/1087 1374/1371 1697/1694
f 1089/1087 1697/1694 1698/1695
f 1090/1088 1089/1087 1698/1695
f 1543/1540 1542/1539 1096/1094
f 1541/1538 1699/1696 854/854
f 1700/1697 1030/1030 926/926
f 1701/1698 1383/1380 1380/1377
f 1381/1378 1382/1379 1702/1699
f 1703/1700 1704/1701 1545/1542
f 1545/1542 1704/1701 1547/1544
f 1395/1392 1705/1702 1706/1703
f 1109/1107 1552/1549 1110/1108
f 1394/1391 1553/1550 1707/1704
f 1551/1548 1210/1207 1207/1204
f 1708/1705 1709/1706 1710/1707
f 1711/1708 1712/1709 1713/1710
f 1714/1711 1715/1712 1716/1713
f 1717/1714 1713/1710 1712/1709
f 1718/1715 1719/1716 1720/1717
f 1717/1714 1721/1718 1216/1213
f 1719/1716 1722/1719 1720/1717
f 1721/1718 1557/1554 1216/1213
f 1723/1720 1724/1721 1725/1722
f 1559/1556 1217/1214 1726/1723
f 1560/1557 1727/1724 1561/1558
f 1726/1723 1217/1214 1562/1559
f 1561/1558 1727/1724 1563/1560
f 1727/1724 1728/1725 1563/1560
f 1728/1725 1729/1726 1563/1560
f 1226/1223 1576/1573 1227/1224
f 1422/1419 1730/1727 1577/1574
f 1422/1419 1576/1573 1730/1727
f 1573/1570 1731/1728 1732/1729
f 1731/1728 1573/1570 1733/1730
f 1734/1731 1579/1576 1578/1575
f 1579/1576 1735/1732 1583/1580
f 1427/1424 1426/1423 1736/1733
f 1737/1734 1736/1733 1426/1423
f 1583/1580 1735/1732 1586/1583
f 1426/1423 1433/1430 1737/1734
f 1735/1732 1738/1735 1586/1583
f 1435/1432 1739/1736 1433/1430
f 1586/1583 1738/1735 1589/1586
f 1590/1587 1233/1230 1437/1434
f 1445/1442 1740/1737 1593/1590
f 1595/1592 1609/1606 1442/1439
f 1596/1593 1598/1595 1741/1738
f 1742/1739 1743/1740 1744/1741
f 1598/1595 1745/1742 1741/1738
f 1606/1603 1608/1605 1746/1743
f 1443/1440 1448/1445 1747/1744
f 1245/1242 1610/1607 1748/1745
f 1605/1602 1749/1746 1612/1609
f 1245/1242 1750/1747 1613/1610
f 1750/1747 1245/1242 1748/1745
f 1598/1595 1614/1611 1745/1742
f 1616/1613 1751/1748 1608/1605
f 1752/1749 1458/1455 1611/1608
f 1612/1609 1749/1746 1618/1615
f 1616/1613 1617/1614 1753/1750
f 1752/1749 1754/1751 1458/1455
f 1745/1742 1614/1611 1620/1617
f 1458/1455 1754/1751 1619/1616
f 1749/1746 1755/1752 1618/1615
f 1623/1620 1039/1039 1038/1038
f 1261/1258 985/985 1756/1753
f 1753/1750 1617/1614 1757/1754
f 1755/1752 1627/1624 1618/1615
f 1617/1614 1758/1755 1757/1754
f 1043/1043 1759/1756 1263/1260
f 1627/1624 1760/1757 1629/1626
f 1758/1755 1761/1758 1757/1754
f 1754/1751 1632/1629 1619/1616
f 1762/1759 1277/1274 1639/1636
f 1280/1277 1763/1760 1640/1637
f 1277/1274 1762/1759 1280/1277
f 1764/1761 1765/1762 1766/1763
f 345/345 987/987 99/99
f 1767/1764 1768/1765 1654/1651
f 560/560 1642/1639 891/891
f 1481/1478 806/806 1646/1643
f 1281/1278 1481/1478 1649/1646
f 1648/1645 1647/1644 1650/1647
f 1651/1648 1650/1647 1769/1766
f 1651/1648 1769/1766 1653/1650
f 1769/1766 1654/1651 1653/1650
f 1770/1767 1771/1768 1772/1769
f 1772/1769 1771/1768 1773/1770
f 643/643 1297/1294 1488/1485
f 1774/1771 1291/1288 1775/1772
f 1776/1773 1772/1769 1773/1770
f 1770/1767 1661/1658 1771/1768
f 1662/1659 1154/1151 1777/1774
f 1050/1048 1777/1774 1154/1151
f 1778/1775 1491/1488 1482/1479
f 1665/1662 1779/1776 1505/1502
f 1504/1501 1666/1663 1780/1777
f 1491/1488 1778/1775 1781/1778
f 1161/1158 1509/1506 1503/1500
f 1504/1501 1780/1777 1782/1779
f 1063/1061 1314/1311 1783/1780
f 1784/1781 1785/1782 1786/1783
f 1676/1673 1335/1332 1787/1784
f 1510/1507 1788/1785 1677/1674
f 1507/1504 1508/1505 1789/1786
f 1790/1787 1791/1788 1792/1789
f 1793/1790 1792/1789 1791/1788
f 1509/1506 1512/1509 1794/1791
f 1326/1323 1328/1325 1795/1792
f 1783/1780 1796/1793 1063/1061
f 1679/1676 1674/1671 1797/1794
f 1335/1332 1685/1682 1787/1784
f 1795/1792 1328/1325 1798/1795
f 1681/1678 1679/1676 1797/1794
f 1798/1795 1328/1325 1330/1327
f 1324/1321 1799/1796 1067/1065
f 1068/1066 1800/1797 1333/1330
f 1787/1784 1685/1682 1801/1798
f 1068/1066 1683/1680 1800/1797
f 1682/1679 1522/1519 1521/1518
f 1677/1674 1788/1785 1684/1681
f 1788/1785 1802/1799 1684/1681
f 1336/1333 1803/1800 1683/1680
f 1523/1520 1803/1800 1336/1333
f 1523/1520 1179/1176 1804/1801
f 1520/1517 1522/1519 1805/1802
f 1684/1681 1802/1799 1686/1683
f 1802/1799 1806/1803 1686/1683
f 1685/1682 1687/1684 1801/1798
f 1801/1798 1687/1684 1807/1804
f 1686/1683 1806/1803 1688/1685
f 1808/1805 1689/1686 1180/1177
f 1809/1806 1808/1805 1180/1177
f 1810/1807 1354/1351 1688/1685
f 1527/1524 1186/1183 1811/1808
f 1812/1809 1186/1183 1355/1352
f 1354/1351 1813/1810 1690/1687
f 1528/1525 1814/1811 1359/1356
f 1692/1689 1694/1691 1815/1812
f 1530/1527 1816/1813 1531/1528
f 1531/1528 1816/1813 1538/1535
f 1816/1813 1817/1814 1538/1535
f 1694/1691 1818/1815 1815/1812
f 1815/1812 1818/1815 1819/1816
f 1538/1535 1817/1814 1537/1534
f 1819/1816 1818/1815 1820/1817
f 1821/1818 1820/1817 1818/1815
f 1822/1819 1537/1534 1817/1814
f 1822/1819 1373/1370 1537/1534
f 1090/1088 1823/1820 683/683
f 1824/1821 1200/1197 1825/1822
f 1200/1197 1542/1539 1825/1822
f 1199/1196 1826/1823 1827/1824
f 1199/1196 1094/1092 1826/1823
f 1375/1372 1828/1825 1094/1092
f 1827/1824 1097/1095 1199/1196
f 1829/1826 1376/1373 1029/1029
f 1701/1698 1830/1827 1383/1380
f 1383/1380 1830/1827 1545/1542
f 1545/1542 1830/1827 1831/1828
f 1544/1541 1546/1543 1832/1829
f 1545/1542 1831/1828 1703/1700
f 1831/1828 1833/1830 1703/1700
f 1546/1543 1548/1545 1832/1829
f 1703/1700 1833/1830 1704/1701
f 1833/1830 1834/1831 1704/1701
f 1550/1547 1835/1832 1836/1833
f 1109/1107 1550/1547 1836/1833
f 1109/1107 1836/1833 1837/1834
f 1395/1392 1394/1391 1705/1702
f 1109/1107 1837/1834 1552/1549
f 1707/1704 1553/1550 1838/1835
f 1553/1550 1839/1836 1838/1835
f 1839/1836 1553/1550 1554/1551
f 1839/1836 1554/1551 1840/1837
f 1841/1838 1712/1709 1711/1708
f 1554/1551 1842/1839 1840/1837
f 1843/1840 1715/1712 1714/1711
f 1844/1841 1717/1714 1712/1709
f 1845/1842 1717/1714 1844/1841
f 1721/1718 1717/1714 1845/1842
f 1720/1717 1722/1719 1846/1843
f 1722/1719 1723/1720 1846/1843
f 1723/1720 1725/1722 1846/1843
f 1410/1407 1847/1844 1558/1555
f 1560/1557 1130/1128 1848/1845
f 1848/1845 1130/1128 1558/1555
f 1560/1557 1849/1846 1727/1724
f 1849/1846 1850/1847 1727/1724
f 1850/1847 1728/1725 1727/1724
f 1851/1848 1852/1849 1853/1850
f 1728/1725 1854/1851 1729/1726
f 1852/1849 1855/1852 1853/1850
f 1576/1573 1226/1223 1856/1853
f 1574/1571 1573/1570 1732/1729
f 1735/1732 1579/1576 1857/1854
f 1858/1855 1736/1733 1737/1734
f 1857/1854 1859/1856 1735/1732
f 1735/1732 1859/1856 1738/1735
f 1737/1734 1433/1430 1860/1857
f 1433/1430 1739/1736 1860/1857
f 1738/1735 1859/1856 1589/1586
f 1861/1858 1862/1859 1863/1860
f 1864/1861 1590/1587 1593/1590
f 1740/1737 1864/1861 1593/1590
f 1865/1862 1866/1863 1867/1864
f 1745/1742 1868/1865 1741/1738
f 1869/1866 1870/1867 1871/1868
f 1608/1605 1751/1748 1746/1743
f 1865/1862 1872/1869 1866/1863
f 1868/1865 1745/1742 1873/1870
f 1874/1871 1875/1872 1876/1873
f 1745/1742 1620/1617 1873/1870
f 1877/1874 1755/1752 1749/1746
f 1623/1620 1038/1038 1878/1875
f 1623/1620 1879/1876 1624/1621
f 1879/1876 1880/1877 1624/1621
f 1620/1617 1626/1623 1873/1870
f 1873/1870 1626/1623 1881/1878
f 985/985 1625/1622 1756/1753
f 1625/1622 1882/1879 1756/1753
f 1883/1880 1628/1625 1462/1459
f 1149/1147 1263/1260 1884/1881
f 1263/1260 1759/1756 1884/1881
f 929/929 1885/1882 1042/1042
f 1759/1756 1886/1883 1887/1884
f 1628/1625 1885/1882 929/929
f 1881/1878 1626/1623 1630/1627
f 1876/1873 1875/1872 1888/1885
f 1634/1631 1889/1886 1890/1887
f 1890/1887 1635/1632 1634/1631
f 1891/1888 1892/1889 1893/1890
f 1894/1891 1895/1892 1896/1893
f 1635/1632 1890/1887 1897/1894
f 1898/1895 1893/1890 1892/1889
f 1899/1896 1893/1890 1898/1895
f 1900/1897 1638/1635 1478/1475
f 1901/1898 1900/1897 1478/1475
f 1894/1891 1896/1893 1902/1899
f 1894/1891 1902/1899 1903/1900
f 1476/1473 1635/1632 1897/1894
f 1902/1899 1904/1901 1903/1900
f 1905/1902 1899/1896 1898/1895
f 1904/1901 1902/1899 1906/1903
f 1907/1904 1899/1896 1905/1902
f 1908/1905 1909/1906 1910/1907
f 1911/1908 1912/1909 1907/1904
f 890/890 347/347 1913/1910
f 1654/1651 1914/1911 1767/1764
f 1654/1651 1769/1766 1914/1911
f 636/636 1915/1912 463/463
f 718/718 818/818 1916/1913
f 1290/1287 1289/1286 1917/1914
f 1287/1284 1918/1915 1291/1288
f 1918/1915 1287/1284 1919/1916
f 1287/1284 1659/1656 1919/1916
f 1157/1154 1920/1917 1294/1291
f 1921/1918 1159/1156 1501/1498
f 1057/1055 1922/1919 1923/1920
f 1056/1054 1057/1055 1923/1920
f 1922/1919 1057/1055 1662/1659
f 1307/1304 1924/1921 1506/1503
f 1925/1922 1506/1503 1924/1921
f 1923/1920 1926/1923 1056/1054
f 1779/1776 1665/1662 1782/1779
f 1504/1501 1782/1779 1665/1662
f 1782/1779 1780/1777 1927/1924
f 1780/1777 1666/1663 1927/1924
f 1927/1924 1666/1663 1667/1664
f 1672/1669 1506/1503 1925/1922
f 1507/1504 1789/1786 1667/1664
f 1928/1925 1929/1926 1678/1675
f 1323/1320 1678/1675 1929/1926
f 1314/1311 1930/1927 1931/1928
f 1932/1929 1933/1930 1934/1931
f 1784/1781 1935/1932 1785/1782
f 1668/1665 1664/1661 1936/1933
f 1937/1934 1938/1935 1939/1936
f 1940/1937 1941/1938 1942/1939
f 1672/1669 1797/1794 1674/1671
f 1672/1669 1925/1922 1797/1794
f 1943/1940 1935/1932 1784/1781
f 1944/1941 1939/1936 1938/1935
f 1934/1931 1933/1930 1945/1942
f 1946/1943 1947/1944 1948/1945
f 1949/1946 1950/1947 1951/1948
f 1952/1949 1795/1792 1798/1795
f 1948/1945 1947/1944 1953/1950
f 1948/1945 1953/1950 1954/1951
f 1955/1952 1956/1953 1957/1954
f 1680/1677 1514/1511 1784/1781
f 1514/1511 1943/1940 1784/1781
f 1958/1955 1959/1956 1960/1957
f 1961/1958 1945/1942 1933/1930
f 1962/1959 1945/1942 1963/1960
f 1516/1513 1943/1940 1514/1511
f 1960/1957 1943/1940 1516/1513
f 1681/1678 1964/1961 1682/1679
f 1330/1327 1965/1962 1798/1795
f 1938/1935 1966/1963 1944/1941
f 1682/1679 1967/1964 1522/1519
f 1967/1964 1968/1965 1522/1519
f 1805/1802 1522/1519 1968/1965
f 1944/1941 1966/1963 1969/1966
f 1969/1966 1966/1963 1970/1967
f 1692/1689 1971/1968 1357/1354
f 1692/1689 1815/1812 1972/1969
f 1816/1813 1973/1970 1974/1971
f 1816/1813 1530/1527 1973/1970
f 1975/1972 1976/1973 1977/1974
f 1974/1971 1817/1814 1816/1813
f 1978/1975 1817/1814 1974/1971
f 1977/1974 1979/1976 1975/1972
f 1979/1976 1980/1977 1975/1972
f 1981/1978 1817/1814 1978/1975
f 1979/1976 1982/1979 1980/1977
f 1817/1814 1981/1978 1822/1819
f 1021/1021 1696/1693 1087/1085
f 1696/1693 1983/1980 1087/1085
f 683/683 1823/1820 1984/1981
f 1091/1089 683/683 1984/1981
f 1540/1537 1985/1982 1986/1983
f 1542/1539 1987/1984 1825/1822
f 1094/1092 1828/1825 1826/1823
f 1540/1537 1986/1983 1541/1538
f 1542/1539 1988/1985 1987/1984
f 1543/1540 1989/1986 1542/1539
f 1542/1539 1989/1986 1988/1985
f 1990/1987 1827/1824 1991/1988
f 1990/1987 1097/1095 1827/1824
f 1541/1538 1986/1983 1699/1696
f 1029/1029 855/855 1829/1826
f 1992/1989 1993/1990 1994/1991
f 1995/1992 1994/1991 1993/1990
f 1996/1993 1997/1994 1995/1992
f 1998/1995 1999/1996 2000/1997
f 1999/1996 1998/1995 2001/1998
f 1996/1993 2002/1999 2003/2000
f 2003/2000 1997/1994 1996/1993
f 2004/2001 1999/1996 2001/1998
f 2005/2002 2006/2003 2007/2004
f 2008/2005 1552/1549 1837/1834
f 1394/1391 2009/2006 1705/1702
f 2008/2005 2010/2007 1552/1549
f 1552/1549 2010/2007 2011/2008
f 2011/2008 1551/1548 1552/1549
f 1394/1391 1707/1704 2009/2006
f 2012/2009 1708/1705 2013/2010
f 2012/2009 1709/1706 1708/1705
f 1841/1838 1844/1841 1712/1709
f 1718/1715 1720/1717 1846/1843
f 1558/1555 1847/1844 2014/2011
f 1558/1555 2014/2011 1848/1845
f 2015/2012 2016/2013 2017/2014
f 1724/1721 1851/1848 2018/2015
f 2018/2015 1851/1848 1853/1850
f 1853/1850 1855/1852 2019/2016
f 2020/2017 1421/1418 1570/1567
f 1571/1568 2021/2018 1572/1569
f 2022/2019 2023/2020 2024/2021
f 1732/1729 2025/2022 1574/1571
f 1734/1731 2026/2023 1857/1854
f 1734/1731 1857/1854 1579/1576
f 1857/1854 2026/2023 2027/2024
f 1858/1855 1737/1734 2028/2025
f 2029/2026 1857/1854 2027/2024
f 2030/2027 2028/2025 1737/1734
f 2031/2028 1857/1854 2029/2026
f 1857/1854 2031/2028 1859/1856
f 1737/1734 1860/1857 2030/2027
f 2031/2028 2032/2029 1859/1856
f 2032/2029 1589/1586 1859/1856
f 1739/1736 2033/2030 1860/1857
f 2034/2031 2035/2032 2036/2033
f 2037/2034 2038/2035 2039/2036
f 1869/1866 1871/1868 2040/2037
f 2041/2038 2042/2039 1871/1868
f 1871/1868 2042/2039 2040/2037
f 2043/2040 1443/1440 1747/1744
f 1744/1741 2044/2041 1742/1739
f 1605/1602 2045/2042 2046/2043
f 2047/2044 2048/2045 2049/2046
f 1749/1746 1605/1602 2046/2043
f 1750/1747 2050/2047 1613/1610
f 2051/2048 1750/1747 1748/1745
f 1751/1748 1616/1613 2052/2049
f 2053/2050 1874/1871 2054/2051
f 1749/1746 2046/2043 1877/1874
f 1874/1871 2053/2050 1875/1872
f 1868/1865 1873/1870 2055/2052
f 1616/1613 1753/1750 2052/2049
f 2055/2052 1873/1870 2056/2053
f 1755/1752 1877/1874 2057/2054
f 2052/2049 1753/1750 2058/2055
f 1622/1619 2059/2056 2060/2057
f 2056/2053 1873/1870 1881/1878
f 1622/1619 1261/1258 2059/2056
f 2057/2054 1627/1624 1755/1752
f 2057/2054 1760/1757 1627/1624
f 1883/1880 1885/1882 1628/1625
f 1753/1750 1757/1754 2058/2055
f 1759/1756 1887/1884 1884/1881
f 2061/2058 2062/2059 1891/1888
f 2058/2055 1757/1754 2063/2060
f 2064/2061 2065/2062 2066/2063
f 1761/1758 2063/2060 1757/1754
f 2061/2058 1891/1888 1893/1890
f 1638/1635 1900/1897 2067/2064
f 2068/2065 2066/2063 2069/2066
f 1893/1890 1899/1896 2070/2067
f 1899/1896 2071/2068 2070/2067
f 1899/1896 1907/1904 2071/2068
f 2071/2068 1907/1904 1912/1909
f 53/53 31/31 2072/2069
f 1647/1644 2073/2070 2074/2071
f 1650/1647 1647/1644 2074/2071
f 1650/1647 2074/2071 2075/2072
f 1769/1766 1650/1647 2075/2072
f 1769/1766 2075/2072 1914/1911
f 463/463 1915/1912 2076/2073
f 1646/1643 804/804 2077/2074
f 2078/2075 1481/1478 1646/1643
f 2079/2076 1647/1644 1649/1646
f 1297/1294 1151/1149 2080/2077
f 2081/2078 1290/1287 1917/1914
f 1482/1479 2082/2079 1778/1775
f 818/818 1003/1003 1916/1913
f 1917/1914 1289/1286 2083/2080
f 1294/1291 1920/1917 2084/2081
f 2085/2082 1296/1293 1488/1485
f 1291/1288 1918/1915 1775/1772
f 2086/2083 1776/1773 1773/1770
f 902/902 2084/2081 1661/1658
f 2084/2081 902/902 1294/1291
f 1501/1498 2087/2084 1921/1918
f 1669/1666 2087/2084 1501/1498
f 2088/2085 2089/2086 2090/2087
f 1926/1923 1923/1920 2091/2088
f 1929/1926 1928/1925 2092/2089
f 2093/2090 1313/1310 2094/2091
f 1313/1310 2093/2090 1314/1311
f 2093/2090 1930/1927 1314/1311
f 2095/2092 2096/2093 2089/2086
f 1310/1307 2097/2094 1669/1666
f 1310/1307 2098/2095 2097/2094
f 2099/2096 1311/1308 2100/2097
f 1312/1309 2100/2097 1311/1308
f 1670/1667 2101/2098 1166/1163
f 1782/1779 2102/2099 1779/1776
f 1927/1924 2103/2100 1782/1779
f 1782/1779 2103/2100 2102/2099
f 1667/1664 2104/2101 1927/1924
f 1927/1924 2104/2101 2103/2100
f 1667/1664 1789/1786 2104/2101
f 2105/2102 2106/2103 2107/2104
f 2108/2105 2109/2106 2110/2107
f 2111/2108 2112/2109 2113/2110
f 2114/2111 2096/2093 2115/2112
f 1959/1956 1935/1932 1943/1940
f 2116/2113 2117/2114 2118/2115
f 2119/2116 2120/2117 2121/2118
f 2112/2109 2119/2116 2121/2118
f 2111/2108 2119/2116 2112/2109
f 2111/2108 2122/2119 2123/2120
f 2124/2121 2125/2122 2126/2123
f 1795/1792 1952/1949 2127/2124
f 2128/2125 2110/2107 2109/2106
f 2129/2126 2120/2117 2130/2127
f 2119/2116 2130/2127 2120/2117
f 1943/1940 1960/1957 1959/1956
f 2129/2126 2130/2127 2131/2128
f 2130/2127 2119/2116 2132/2129
f 2111/2108 2132/2129 2119/2116
f 1939/1936 1944/1941 2133/2130
f 2134/2131 2117/2114 2135/2132
f 2136/2133 2134/2131 2135/2132
f 1961/1958 1963/1960 1945/1942
f 2132/2129 2137/2134 2130/2127
f 1965/1962 2138/2135 1798/1795
f 1967/1964 1682/1679 1964/1961
f 2117/2114 2134/2131 2118/2115
f 2133/2130 1944/1941 2139/2136
f 2118/2115 2134/2131 2140/2137
f 1965/1962 2141/2138 2142/2139
f 2142/2139 2141/2138 2143/2140
f 2144/2141 2145/2142 2146/2143
f 1968/1965 2147/2144 1805/1802
f 1523/1520 2148/2145 1803/1800
f 2148/2145 1523/1520 1804/1801
f 2149/2146 2134/2131 2136/2133
f 2150/2147 2134/2131 2149/2146
f 2151/2148 2134/2131 2150/2147
f 2151/2148 2150/2147 2140/2137
f 1944/1941 1969/1966 2139/2136
f 2140/2137 2150/2147 2152/2149
f 2153/2150 2150/2147 2149/2146
f 2152/2149 2150/2147 2153/2150
f 2139/2136 1969/1966 2154/2151
f 1969/1966 1970/1967 2154/2151
f 2152/2149 2153/2150 2155/2152
f 2154/2151 1970/1967 2156/2153
f 2157/2154 1808/1805 1809/1806
f 1810/1807 2158/2155 1354/1351
f 1186/1183 1812/1809 1811/1808
f 1811/1808 1812/1809 2159/2156
f 2158/2155 1813/1810 1354/1351
f 1692/1689 2160/2157 1971/1968
f 2161/2158 1359/1356 2162/2159
f 2162/2159 1359/1356 1814/1811
f 2163/2160 1976/1973 2164/2161
f 1975/1972 2165/2162 1976/1973
f 2166/2163 2165/2162 1975/1972
f 1980/1977 2166/2163 1975/1972
f 2167/2164 2168/2165 2169/2166
f 1980/1977 1982/1979 2166/2163
f 2170/2167 2167/2164 2171/2168
f 1697/1694 2172/2169 2173/2170
f 1697/1694 2174/2171 1698/1695
f 917/917 2175/2172 1539/1536
f 1090/1088 1698/1695 1823/1820
f 1825/1822 2176/2173 1824/1821
f 1376/1373 1829/1826 2177/2174
f 743/743 746/746 2178/2175
f 746/746 886/886 2178/2175
f 263/263 2179/2176 758/758
f 263/263 1030/1030 2179/2176
f 2180/2177 1992/1989 1994/1991
f 2181/2178 2182/2179 2183/2180
f 2184/2181 2183/2180 2182/2179
f 1995/1992 2185/2182 1994/1991
f 2000/1997 2182/2179 2186/2183
f 2182/2179 2000/1997 2184/2181
f 1995/1992 1997/1994 2185/2182
f 2000/1997 2186/2183 1998/1995
f 2001/1998 1998/1995 2186/2183
f 2185/2182 1997/1994 2187/2184
f 1997/1994 2003/2000 2187/2184
f 2188/2185 2005/2002 2007/2004
f 2189/2186 2190/2187 2191/2188
f 2189/2186 2192/2189 2190/2187
f 2193/2190 2194/2191 2195/2192
f 1837/1834 1836/1833 2196/2193
f 2197/2194 2198/2195 2199/2196
f 2008/2005 1837/1834 2200/2197
f 1708/1705 2201/2198 2013/2010
f 1709/1706 2012/2009 2202/2199
f 2203/2200 2204/2201 2205/2202
f 2204/2201 2206/2203 2205/2202
f 1841/1838 2207/2204 2208/2205
f 1844/1841 1841/1838 2208/2205
f 2209/2206 1843/1840 1714/1711
f 2210/2207 2211/2208 2212/2209
f 2213/2210 1845/1842 2214/2211
f 1845/1842 2213/2210 1721/1718
f 2215/2212 2216/2213 1718/1715
f 1718/1715 1846/1843 2215/2212
f 1557/1554 1721/1718 2217/2214
f 2215/2212 1846/1843 2218/2215
f 2219/2216 1410/1407 1557/1554
f 2219/2216 1557/1554 2217/2214
f 2219/2216 1847/1844 1410/1407
f 2220/2217 2221/2218 2222/2219
f 1846/1843 1725/1722 2218/2215
f 2221/2218 2220/2217 2223/2220
f 2017/2014 2016/2013 2224/2221
f 1724/1721 2018/2015 2225/2222
f 2226/2223 2227/2224 2228/2225
f 2229/2226 2230/2227 2231/2228
f 1850/1847 2232/2229 1728/1725
f 1728/1725 2232/2229 1854/1851
f 2225/2222 1853/1850 2019/2016
f 2018/2015 1853/1850 2225/2222
f 1854/1851 2232/2229 2233/2230
f 2234/2231 2020/2017 1570/1567
f 1572/1569 2021/2018 2235/2232
f 2022/2019 2024/2021 2236/2233
f 1574/1571 2025/2022 2237/2234
f 1730/1727 1576/1573 2238/2235
f 2025/2022 1732/1729 2239/2236
f 1734/1731 2240/2237 2241/2238
f 1734/1731 2241/2238 2026/2023
f 1731/1728 2239/2236 1732/1729
f 2242/2239 2243/2240 2244/2241
f 2245/2242 2246/2243 2247/2244
f 2248/2245 2245/2242 2249/2246
f 2030/2027 1860/1857 2250/2247
f 2032/2029 2029/2026 2251/2248
f 2031/2028 2029/2026 2032/2029
f 1860/1857 2033/2030 2250/2247
f 2039/2036 2038/2035 2252/2249
f 2034/2031 2253/2250 2254/2251
f 2255/2252 2254/2251 2253/2250
f 2038/2035 2256/2253 2252/2249
f 2257/2254 2258/2255 2259/2256
f 2048/2045 2255/2252 2253/2250
f 2256/2253 2260/2257 2261/2258
f 2262/2259 2263/2260 2264/2261
f 2043/2040 1747/1744 2265/2262
f 1751/1748 2266/2263 1746/1743
f 2267/2264 2268/2265 2259/2256
f 2050/2047 1750/1747 2051/2048
f 2269/2266 2048/2045 2253/2250
f 2269/2266 2049/2046 2048/2045
f 1751/1748 2052/2049 2266/2263
f 2268/2265 2267/2264 2270/2267
f 2261/2258 2260/2257 2271/2268
f 2272/2269 2271/2268 2260/2257
f 2273/2270 2049/2046 2269/2266
f 2270/2267 2274/2271 2268/2265
f 2049/2046 2273/2270 2064/2061
f 2275/2272 2052/2049 2276/2273
f 2270/2267 2277/2274 2274/2271
f 2270/2267 2278/2275 2277/2274
f 2279/2276 2278/2275 2272/2269
f 2276/2273 2058/2055 2280/2277
f 2052/2049 2058/2055 2276/2273
f 1623/1620 1878/1875 1879/1876
f 2279/2276 2062/2059 2061/2058
f 1756/1753 2059/2056 1261/1258
f 2281/2278 2059/2056 1756/1753
f 1882/1879 2281/2278 1756/1753
f 2065/2062 2273/2270 2282/2279
f 2273/2270 2065/2062 2064/2061
f 2277/2274 2278/2275 2283/2280
f 2283/2280 2278/2275 2284/2281
f 2285/2282 1884/1881 1887/1884
f 2058/2055 2063/2060 2280/2277
f 2069/2066 2065/2062 2282/2279
f 2065/2062 2069/2066 2066/2063
f 2283/2280 2284/2281 2286/2283
f 2068/2065 2069/2066 2287/2284
f 1893/1890 2070/2067 2061/2058
f 2288/2285 2070/2067 2071/2068
f 2289/2286 2290/2287 2291/2288
f 2292/2289 2289/2286 2293/2290
f 2287/2284 2294/2291 2068/2065
f 2293/2290 2289/2286 2295/2292
f 2295/2292 2289/2286 2291/2288
f 2287/2284 2296/2293 2294/2291
f 2294/2291 2296/2293 1909/1906
f 2297/2294 1910/1907 2298/2295
f 2298/2295 1910/1907 2299/2296
f 2296/2293 2299/2296 1909/1906
f 1909/1906 2299/2296 1910/1907
f 344/344 767/767 986/986
f 2073/2070 2300/2297 2074/2071
f 1649/1646 1481/1478 2079/2076
f 2073/2070 1647/1644 2079/2076
f 2075/2072 2074/2071 2300/2297
f 2301/2298 2075/2072 2300/2297
f 718/718 1916/1913 2302/2299
f 1916/1913 1003/1003 2303/2300
f 2304/2301 1297/1294 2080/2077
f 2305/2302 1917/1914 2083/2080
f 1661/1658 1773/1770 1771/1768
f 1297/1294 2304/2301 1488/1485
f 1923/1920 1922/1919 2306/2303
f 1777/1774 1050/1048 2307/2304
f 2307/2304 1050/1048 2308/2305
f 2309/2306 1051/1049 992/992
f 1164/1161 2309/2306 992/992
f 2091/2088 1923/1920 2306/2303
f 2310/2307 2311/2308 2106/2103
f 1671/1668 2303/2300 1003/1003
f 2095/2092 2089/2086 2088/2085
f 2312/2309 2313/2310 2314/2311
f 2313/2310 2315/2312 2314/2311
f 1313/1310 2316/2313 2094/2091
f 2317/2314 2115/2112 2095/2092
f 2115/2112 2096/2093 2095/2092
f 2100/2097 2318/2315 2099/2096
f 2319/2316 2320/2317 2321/2318
f 2312/2309 2322/2319 2313/2310
f 1778/1775 2323/2320 1781/1778
f 2324/2321 2325/2322 2326/2323
f 2135/2132 2327/2324 1939/1936
f 2117/2114 2327/2324 2135/2132
f 1781/1778 2323/2320 2328/2325
f 2310/2307 2106/2103 2329/2326
f 2127/2124 1952/1949 2330/2327
f 2329/2326 2106/2103 2331/2328
f 2106/2103 2105/2102 2331/2328
f 2331/2328 2105/2102 2332/2329
f 2105/2102 2129/2126 2332/2329
f 2126/2123 2333/2330 2124/2121
f 1798/1795 2334/2331 1952/1949
f 2109/2106 2335/2332 2128/2125
f 2132/2129 2111/2108 2336/2333
f 2123/2120 2336/2333 2111/2108
f 2135/2132 2133/2130 2337/2334
f 1939/1936 2133/2130 2135/2132
f 1798/1795 2138/2135 2334/2331
f 2138/2135 2338/2335 2334/2331
f 2135/2132 2337/2334 2136/2133
f 2338/2335 2138/2135 2339/2336
f 2128/2125 2335/2332 2340/2337
f 2137/2134 2131/2128 2130/2127
f 2341/2338 2137/2134 2132/2129
f 2138/2135 1965/1962 2339/2336
f 2133/2130 2139/2136 2337/2334
f 1965/1962 2142/2139 2339/2336
f 2337/2334 2139/2136 2342/2339
f 2136/2133 2337/2334 2342/2339
f 1805/1802 2147/2144 2343/2340
f 2148/2145 1804/1801 2344/2341
f 2136/2133 2342/2339 2149/2146
f 2139/2136 2154/2151 2342/2339
f 2149/2146 2342/2339 2153/2150
f 2153/2150 2342/2339 2154/2151
f 2153/2150 2154/2151 2156/2153
f 2155/2152 2153/2150 2345/2342
f 2153/2150 2156/2153 2345/2342
f 2346/2343 2155/2152 2345/2342
f 2347/2344 2348/2345 2156/2153
f 2159/2156 2349/2346 1811/1808
f 2346/2343 2345/2342 2350/2347
f 1971/1968 2160/2157 2351/2348
f 1976/1973 2352/2349 2164/2161
f 2353/2350 2164/2161 2352/2349
f 2353/2350 2352/2349 2354/2351
f 1976/1973 2165/2162 2352/2349
f 2352/2349 2165/2162 2169/2166
f 2352/2349 2169/2166 2354/2351
f 2354/2351 2169/2166 2168/2165
f 2169/2166 2165/2162 2166/2163
f 2169/2166 2166/2163 2167/2164
f 2167/2164 2166/2163 2171/2168
f 2171/2168 2166/2163 2355/2352
f 2166/2163 1982/1979 2355/2352
f 1982/1979 2356/2353 2357/2354
f 1982/1979 2357/2354 2355/2352
f 2173/2170 2174/2171 1697/1694
f 917/917 681/681 2175/2172
f 1696/1693 1539/1536 2358/2355
f 742/742 743/743 2359/2356
f 1985/1982 2360/2357 1986/1983
f 1824/1821 2176/2173 2361/2358
f 1825/1822 1987/1984 2176/2173
f 1988/1985 2362/2359 1987/1984
f 1827/1824 1826/1823 2363/2360
f 2363/2360 1991/1988 1827/1824
f 743/743 2178/2175 2359/2356
f 1989/1986 2364/2361 1988/1985
f 2178/2175 886/886 2365/2362
f 1030/1030 2366/2363 2179/2176
f 2366/2363 1030/1030 1700/1697
f 888/888 887/887 2367/2364
f 2185/2182 2368/2365 1994/1991
f 2185/2182 2186/2183 2368/2365
f 2368/2365 2186/2183 2182/2179
f 2186/2183 2185/2182 2187/2184
f 2186/2183 2187/2184 2001/1998
f 2187/2184 2003/2000 2001/1998
f 2190/2187 2005/2002 2188/2185
f 2191/2188 2190/2187 2188/2185
f 2191/2188 2369/2366 2189/2186
f 2189/2186 2369/2366 2370/2367
f 2200/2197 2371/2368 2008/2005
f 2372/2369 2195/2192 2373/2370
f 2011/2008 2010/2007 2374/2371
f 2201/2198 2375/2372 2376/2373
f 2201/2198 2376/2373 2013/2010
f 2013/2010 2377/2374 2012/2009
f 2378/2375 2373/2370 2379/2376
f 2378/2375 2379/2376 2203/2200
f 2378/2375 2203/2200 2205/2202
f 2380/2377 1709/1706 2202/2199
f 2209/2206 2381/2378 1843/1840
f 2382/2379 2381/2378 2209/2206
f 2382/2379 2383/2380 2381/2378
f 2216/2213 2215/2212 2384/2381
f 1721/1718 2213/2210 2385/2382
f 1721/1718 2385/2382 2217/2214
f 2215/2212 2218/2215 2386/2383
f 2384/2381 2215/2212 2386/2383
f 2387/2384 2388/2385 2389/2386
f 2389/2386 2390/2387 2387/2384
f 1724/1721 2225/2222 1725/1722
f 2228/2225 2227/2224 2391/2388
f 2225/2222 2231/2228 2392/2389
f 2391/2388 2227/2224 2393/2390
f 2227/2224 2017/2014 2224/2221
f 2224/2221 2016/2013 2394/2391
f 1849/1846 2395/2392 1850/1847
f 2225/2222 2019/2016 2231/2228
f 2229/2226 2231/2228 2019/2016
f 2229/2226 2019/2016 2396/2393
f 2397/2394 2020/2017 2234/2231
f 2021/2018 2397/2394 2235/2232
f 2022/2019 2236/2233 2398/2395
f 2399/2396 1730/1727 2238/2235
f 2240/2237 2400/2397 2241/2238
f 1731/1728 2401/2398 2239/2236
f 2247/2244 2249/2246 2245/2242
f 2402/2399 2403/2400 2247/2244
f 2247/2244 2403/2400 2249/2246
f 2249/2246 2403/2400 2248/2245
f 2404/2401 2251/2248 2029/2026
f 2030/2027 2250/2247 2405/2402
f 2039/2036 2406/2403 2407/2404
f 2408/2405 2032/2029 2251/2248
f 2034/2031 2036/2033 2262/2259
f 2262/2259 2253/2250 2034/2031
f 2039/2036 2252/2249 2258/2255
f 2257/2254 2039/2036 2258/2255
f 2406/2403 2039/2036 2257/2254
f 2253/2250 2262/2259 2409/2406
f 1744/1741 2408/2405 2410/2407
f 2409/2406 2262/2259 2264/2261
f 2261/2258 2252/2249 2256/2253
f 2261/2258 2258/2255 2252/2249
f 2044/2041 1744/1741 2410/2407
f 2411/2408 2412/2409 2413/2410
f 2410/2407 2414/2411 2044/2041
f 2259/2256 2258/2255 2267/2264
f 2253/2250 2409/2406 2269/2266
f 2258/2255 2261/2258 2267/2264
f 2267/2264 2261/2258 2271/2268
f 2415/2412 2409/2406 2264/2261
f 2266/2263 2052/2049 2275/2272
f 2415/2412 2264/2261 2416/2413
f 2269/2266 2409/2406 2415/2412
f 2415/2412 2416/2413 2417/2414
f 2269/2266 2415/2412 2418/2415
f 2267/2264 2271/2268 2270/2267
f 2415/2412 2417/2414 2419/2416
f 2418/2415 2415/2412 2419/2416
f 2270/2267 2271/2268 2420/2417
f 2417/2414 2416/2413 2421/2418
f 2269/2266 2418/2415 2273/2270
f 2271/2268 2272/2269 2420/2417
f 2420/2417 2272/2269 2278/2275
f 2270/2267 2420/2417 2278/2275
f 2418/2415 2419/2416 2282/2279
f 2418/2415 2282/2279 2273/2270
f 2279/2276 2061/2058 2278/2275
f 2060/2057 2422/2419 2423/2420
f 2281/2278 2422/2419 2059/2056
f 2278/2275 2061/2058 2284/2281
f 2282/2279 2419/2416 2069/2066
f 2285/2282 1887/1884 2424/2421
f 1886/1883 2424/2421 1887/1884
f 2425/2422 2424/2421 1886/1883
f 2417/2414 2421/2418 2426/2423
f 2419/2416 2417/2414 2426/2423
f 2426/2423 2421/2418 2427/2424
f 2419/2416 2426/2423 2069/2066
f 2063/2060 2428/2425 2280/2277
f 2426/2423 2427/2424 2429/2426
f 2069/2066 2426/2423 2287/2284
f 2287/2284 2426/2423 2429/2426
f 2061/2058 2070/2067 2284/2281
f 2292/2289 2429/2426 2430/2427
f 2288/2285 2284/2281 2070/2067
f 2290/2287 2431/2428 2291/2288
f 2291/2288 2431/2428 2432/2429
f 2429/2426 2292/2289 2293/2290
f 2298/2295 2291/2288 2432/2429
f 2291/2288 2298/2295 2295/2292
f 2429/2426 2293/2290 2287/2284
f 2298/2295 2432/2429 2297/2294
f 2287/2284 2293/2290 2296/2293
f 2293/2290 2295/2292 2296/2293
f 2299/2296 2295/2292 2298/2295
f 2296/2293 2295/2292 2299/2296
f 33/33 93/93 2433/2430
f 33/33 2433/2430 31/31
f 53/53 2072/2069 457/457
f 857/857 2434/2431 554/554
f 1767/1764 2435/2432 2436/2433
f 1767/1764 1914/1911 2435/2432
f 2075/2072 2435/2432 1914/1911
f 2437/2434 1482/1479 2438/2435
f 2078/2075 1646/1643 2439/2436
f 1481/1478 2078/2075 2079/2076
f 2440/2437 2441/2438 2442/2439
f 2075/2072 2301/2298 2443/2440
f 2443/2440 2435/2432 2075/2072
f 1482/1479 2437/2434 2082/2079
f 2444/2441 2445/2442 2446/2443
f 2447/2444 2081/2078 1917/1914
f 2304/2301 2080/2077 2448/2445
f 2449/2446 2450/2447 2451/2448
f 2305/2302 2447/2444 1917/1914
f 1922/1919 1662/1659 2452/2449
f 2453/2450 2088/2085 2454/2451
f 1919/1916 1775/1772 1918/1915
f 2086/2083 1773/1770 2455/2452
f 1662/1659 2456/2453 2452/2449
f 1777/1774 2456/2453 1662/1659
f 1778/1775 2082/2079 2323/2320
f 2454/2451 2088/2085 2090/2087
f 2095/2092 2088/2085 2457/2454
f 2458/2455 2095/2092 2457/2454
f 2095/2092 2458/2455 2459/2456
f 2087/2084 1669/1666 2097/2094
f 1777/1774 2307/2304 2456/2453
f 2311/2308 2310/2307 2460/2457
f 2095/2092 2459/2456 2317/2314
f 2461/2458 2091/2088 2306/2303
f 2314/2311 2315/2312 2462/2459
f 2314/2311 2462/2459 2463/2460
f 2464/2461 1929/1926 2092/2089
f 2464/2461 2465/2462 1929/1926
f 2098/2095 2466/2463 2097/2094
f 2099/2096 2318/2315 2466/2463
f 2467/2464 2468/2465 2469/2466
f 2462/2459 2470/2467 2463/2460
f 2471/2468 2325/2322 2324/2321
f 2331/2328 2472/2469 2329/2326
f 2473/2470 2474/2471 2472/2469
f 2331/2328 2473/2470 2472/2469
f 2475/2472 2473/2470 2331/2328
f 2475/2472 2331/2328 2332/2329
f 2129/2126 2131/2128 2476/2473
f 2132/2129 2477/2474 2341/2338
f 2476/2473 2332/2329 2129/2126
f 2341/2338 2131/2128 2137/2134
f 2478/2475 2479/2476 1961/1958
f 2480/2477 1963/1960 2479/2476
f 2479/2476 1963/1960 1961/1958
f 1963/1960 2480/2477 2481/2478
f 2142/2139 2143/2140 2482/2479
f 2483/2480 1803/1800 2148/2145
f 1968/1965 2484/2481 2147/2144
f 2148/2145 2485/2482 2483/2480
f 2148/2145 2344/2341 2485/2482
f 2486/2483 2156/2153 2348/2345
f 2345/2342 2156/2153 2486/2483
f 2487/2484 2486/2483 2348/2345
f 2486/2483 2350/2347 2345/2342
f 2488/2485 2350/2347 2489/2486
f 2490/2487 1971/1968 2351/2348
f 2491/2488 2489/2486 2350/2347
f 2492/2489 2351/2348 2160/2157
f 2162/2159 2493/2490 2161/2158
f 1539/1536 2175/2172 2494/2491
f 2358/2355 1539/1536 2494/2491
f 1696/1693 2358/2355 2495/2492
f 2173/2170 2172/2169 2496/2493
f 2496/2493 2174/2171 2173/2170
f 1826/1823 1828/1825 2363/2360
f 1375/1372 2497/2494 1828/1825
f 1988/1985 2498/2495 2362/2359
f 1988/1985 2364/2361 2499/2496
f 2500/2497 1991/1988 2363/2360
f 1986/1983 2501/2498 1699/1696
f 2502/2499 2503/2500 2366/2363
f 2504/2501 2182/2179 2181/2178
f 2504/2501 2180/2177 2368/2365
f 2182/2179 2504/2501 2368/2365
f 2368/2365 2180/2177 1994/1991
f 2191/2188 2188/2185 2369/2366
f 2195/2192 2505/2502 2193/2190
f 2198/2195 2506/2503 2507/2504
f 2198/2195 2507/2504 2508/2505
f 2508/2505 2199/2196 2198/2195
f 2372/2369 2505/2502 2195/2192
f 2373/2370 2378/2375 2372/2369
f 2509/2506 2013/2010 2376/2373
f 2510/2507 2375/2372 2201/2198
f 2509/2506 2377/2374 2013/2010
f 2511/2508 2378/2375 2205/2202
f 2512/2509 2216/2213 2384/2381
f 2513/2510 2512/2509 2384/2381
f 2388/2385 2514/2511 2389/2386
f 2515/2512 2386/2383 2218/2215
f 2516/2513 2223/2220 2220/2217
f 1725/1722 2515/2512 2218/2215
f 2517/2514 2221/2218 2518/2515
f 2223/2220 2518/2515 2221/2218
f 2518/2515 2223/2220 2519/2516
f 2394/2391 2520/2517 2224/2221
f 1725/1722 2225/2222 2392/2389
f 2227/2224 2521/2518 2393/2390
f 2227/2224 2224/2221 2521/2518
f 2397/2394 2234/2231 2522/2519
f 2025/2022 2523/2520 2237/2234
f 2397/2394 2522/2519 2524/2521
f 2235/2232 2397/2394 2524/2521
f 2398/2395 2236/2233 2525/2522
f 2239/2236 2526/2523 2025/2022
f 2527/2524 2528/2525 2529/2526
f 2401/2398 2526/2523 2239/2236
f 2026/2023 2530/2527 2531/2528
f 2241/2238 2530/2527 2026/2023
f 2248/2245 2403/2400 2532/2529
f 2532/2529 2533/2530 2248/2245
f 2250/2247 2043/2040 2405/2402
f 2410/2407 2251/2248 2404/2401
f 2405/2402 2043/2040 2265/2262
f 2251/2248 2410/2407 2408/2405
f 2412/2409 2534/2531 2413/2410
f 2413/2410 2534/2531 2535/2532
f 2060/2057 2059/2056 2422/2419
f 2422/2419 2536/2533 2423/2420
f 457/457 2537/2534 553/553
f 987/987 2538/2535 99/99
f 890/890 1913/1910 987/987
f 891/891 1642/1639 2539/2536
f 891/891 2539/2536 1150/1148
f 2079/2076 2078/2075 2540/2537
f 2541/2538 2542/2539 2543/2540
f 2544/2541 2444/2441 2446/2443
f 2544/2541 2545/2542 2546/2543
f 2545/2542 2544/2541 2446/2443
f 2449/2446 2547/2544 2450/2447
f 2548/2545 2081/2078 2447/2444
f 2549/2546 2446/2443 2445/2442
f 2545/2542 2446/2443 2550/2547
f 2551/2548 2546/2543 2552/2549
f 1916/1913 2303/2300 2553/2550
f 2554/2551 2458/2455 2457/2454
f 1773/1770 1661/1658 2555/2552
f 1922/1919 2452/2449 2556/2553
f 2557/2554 2558/2555 2559/2556
f 2303/2300 2560/2557 2553/2550
f 1775/1772 2561/2558 2562/2559
f 2563/2560 2564/2561 2565/2562
f 2561/2558 1775/1772 1919/1916
f 2566/2563 2086/2083 2455/2452
f 2306/2303 1922/1919 2567/2564
f 2308/2305 2568/2565 2307/2304
f 2312/2309 2569/2566 2322/2319
f 2314/2311 2570/2567 2312/2309
f 2314/2311 2463/2460 2552/2549
f 2571/2568 2471/2468 2572/2569
f 2573/2570 2574/2571 2575/2572
f 2465/2462 2464/2461 2576/2573
f 2094/2091 2557/2554 2093/2090
f 2577/2574 2578/2575 2467/2464
f 2463/2460 2470/2467 2579/2576
f 2318/2315 2097/2094 2466/2463
f 1164/1161 906/906 2580/2577
f 2467/2464 2578/2575 2468/2465
f 2579/2576 2470/2467 2581/2578
f 2471/2468 2324/2321 2582/2579
f 2583/2580 2584/2581 2126/2123
f 1169/1166 2585/2582 1321/1318
f 2126/2123 2584/2581 2586/2583
f 1952/1949 2587/2584 2330/2327
f 2126/2123 2586/2583 2333/2330
f 2334/2331 2587/2584 1952/1949
f 2477/2474 2132/2129 2336/2333
f 2477/2474 2336/2333 2588/2585
f 2473/2470 2589/2586 2474/2471
f 2590/2587 2591/2588 2592/2589
f 2590/2587 2593/2590 2591/2588
f 2476/2473 2475/2472 2332/2329
f 2341/2338 2594/2591 2131/2128
f 2591/2588 2595/2592 2596/2593
f 2593/2590 2597/2594 2591/2588
f 2595/2592 2598/2595 2596/2593
f 2339/2336 2142/2139 2482/2479
f 1967/1964 2484/2481 1968/1965
f 2482/2479 2143/2140 2599/2596
f 2343/2340 2147/2144 2600/2597
f 2601/2598 2602/2599 2603/2600
f 2604/2601 2605/2602 2606/2603
f 2606/2603 2607/2604 2604/2601
f 2348/2345 2608/2605 2487/2484
f 2350/2347 2486/2483 2487/2484
f 2487/2484 2608/2605 2491/2488
f 2487/2484 2491/2488 2350/2347
f 2609/2606 2495/2492 2610/2607
f 2609/2606 2611/2608 2172/2169
f 2610/2607 2611/2608 2609/2606
f 2611/2608 2496/2493 2172/2169
f 2175/2172 2612/2609 2494/2491
f 1698/1695 2174/2171 2613/2610
f 2614/2611 2615/2612 1823/1820
f 1823/1820 2615/2612 1984/1981
f 2612/2609 2175/2172 2616/2613
f 2174/2171 2496/2493 2613/2610
f 2614/2611 1698/1695 2613/2610
f 1823/1820 1698/1695 2614/2611
f 2176/2173 2617/2614 2361/2358
f 2618/2615 2176/2173 2362/2359
f 2362/2359 2176/2173 1987/1984
f 2618/2615 2362/2359 2619/2616
f 2362/2359 2498/2495 2619/2616
f 2620/2617 2363/2360 2621/2618
f 1828/1825 2621/2618 2363/2360
f 1828/1825 2622/2619 2621/2618
f 2623/2620 1828/1825 2497/2494
f 1988/1985 2499/2496 2498/2495
f 2364/2361 2624/2621 2499/2496
f 1991/1988 2625/2622 2626/2623
f 2626/2623 2625/2622 2624/2621
f 2625/2622 1991/1988 2500/2497
f 2363/2360 2620/2617 2500/2497
f 2623/2620 2622/2619 1828/1825
f 2626/2623 2624/2621 2364/2361
f 2177/2174 1829/1826 2627/2624
f 1829/1826 855/855 2628/2625
f 758/758 2179/2176 2629/2626
f 2630/2627 2199/2196 2508/2505
f 2008/2005 2371/2368 2631/2628
f 2631/2628 2632/2629 2008/2005
f 2008/2005 2632/2629 2010/2007
f 2374/2371 2010/2007 2632/2629
f 2633/2630 2372/2369 2378/2375
f 2633/2630 2378/2375 2511/2508
f 2012/2009 2377/2374 2202/2199
f 2634/2631 2513/2510 2384/2381
f 2384/2381 2386/2383 2634/2631
f 2515/2512 2634/2631 2386/2383
f 2515/2512 1725/1722 2392/2389
f 2635/2632 2237/2234 2523/2520
f 2525/2522 2236/2233 2636/2633
f 2523/2520 2025/2022 2637/2634
f 2638/2635 2238/2235 2639/2636
f 2637/2634 2025/2022 2526/2523
f 2640/2637 2527/2524 2641/2638
f 2638/2635 2399/2396 2238/2235
f 2642/2639 2530/2527 2241/2238
f 2400/2397 2642/2639 2241/2238
f 2533/2530 2532/2529 2534/2531
f 2412/2409 2533/2530 2534/2531
f 2533/2530 2412/2409 2411/2408
f 31/31 2433/2430 2072/2069
f 2643/2640 2644/2641 2645/2642
f 463/463 2076/2073 1642/1639
f 1645/1642 2646/2643 1643/1640
f 804/804 637/637 2647/2644
f 2078/2075 2648/2645 2540/2537
f 2545/2542 2552/2549 2546/2543
f 2645/2642 2551/2548 2643/2640
f 2542/2539 2541/2538 2649/2646
f 2549/2546 2550/2547 2446/2443
f 2571/2568 2572/2569 2650/2647
f 2455/2452 1773/1770 2555/2552
f 2084/2081 2651/2648 2652/2649
f 2084/2081 2653/2650 2651/2648
f 2653/2650 2084/2081 1920/1917
f 2654/2651 2655/2652 2656/2653
f 2657/2654 1920/1917 2658/2655
f 2656/2653 2655/2652 2659/2656
f 2569/2566 2549/2546 2660/2657
f 2660/2657 2549/2546 2661/2658
f 2569/2566 2550/2547 2549/2546
f 2545/2542 2550/2547 2570/2567
f 2552/2549 2545/2542 2570/2567
f 2551/2548 2552/2549 2463/2460
f 2463/2460 2579/2576 2551/2548
f 2082/2079 2662/2659 2323/2320
f 2084/2081 2652/2649 1661/1658
f 2655/2652 2663/2660 2659/2656
f 2663/2660 2306/2303 2567/2564
f 2567/2564 1922/1919 2556/2553
f 2456/2453 2664/2661 2452/2449
f 2456/2453 2307/2304 2664/2661
f 2664/2661 2307/2304 2568/2565
f 2665/2662 2666/2663 2309/2306
f 2569/2566 2570/2567 2550/2547
f 2667/2664 2668/2665 2669/2666
f 2309/2306 1164/1161 2665/2662
f 2665/2662 1164/1161 2580/2577
f 2569/2566 2312/2309 2570/2567
f 2552/2549 2570/2567 2314/2311
f 2581/2578 2670/2667 2579/2576
f 2671/2668 2572/2569 2471/2468
f 2672/2669 2093/2090 2557/2554
f 2667/2664 2669/2666 2673/2670
f 2306/2303 2663/2660 2461/2458
f 2471/2468 2582/2579 2671/2668
f 2674/2671 2330/2327 2587/2584
f 2675/2672 2676/2673 2677/2674
f 2678/2675 2333/2330 2586/2583
f 2596/2593 2679/2676 2680/2677
f 2592/2589 2596/2593 2680/2677
f 2591/2588 2596/2593 2592/2589
f 2590/2587 2681/2678 2593/2590
f 2131/2128 2594/2591 2476/2473
f 2594/2591 2341/2338 2682/2679
f 2477/2474 2682/2679 2341/2338
f 2596/2593 2598/2595 2679/2676
f 2593/2590 2681/2678 2597/2594
f 2683/2680 2684/2681 2685/2682
f 2685/2682 2684/2681 2686/2683
f 2683/2680 2687/2684 2688/2685
f 2689/2686 2687/2684 2683/2680
f 2685/2682 2689/2686 2683/2680
f 2339/2336 2482/2479 2690/2687
f 2691/2688 2690/2687 2482/2479
f 2484/2481 2600/2597 2147/2144
f 2692/2689 2483/2480 2485/2482
f 2343/2340 2600/2597 2693/2690
f 2694/2691 2695/2692 2696/2693
f 2694/2691 2603/2600 2695/2692
f 2697/2694 2485/2482 2344/2341
f 2695/2692 2603/2600 2602/2599
f 2606/2603 2605/2602 2698/2695
f 2699/2696 2700/2697 2701/2698
f 2702/2699 2701/2698 2700/2697
f 2607/2604 2606/2603 2703/2700
f 2704/2701 2705/2702 2702/2699
f 2706/2703 2607/2604 2707/2704
f 2707/2704 2607/2604 2703/2700
f 2708/2705 2709/2706 2710/2707
f 681/681 682/682 2711/2708
f 681/681 2711/2708 2175/2172
f 2495/2492 2358/2355 2610/2607
f 1984/1981 2615/2612 2712/2709
f 2498/2495 2499/2496 2713/2710
f 2621/2618 2622/2619 2714/2711
f 2715/2712 2369/2366 2188/2185
f 2716/2713 2630/2627 2508/2505
f 2717/2714 2631/2628 2371/2368
f 2718/2715 2507/2504 2506/2503
f 2632/2629 2631/2628 2719/2716
f 2720/2717 2372/2369 2633/2630
f 2633/2630 2721/2718 2722/2719
f 2632/2629 2723/2720 2374/2371
f 2724/2721 2385/2382 2213/2210
f 2725/2722 2513/2510 2634/2631
f 2389/2386 2514/2511 2726/2723
f 2389/2386 2727/2724 2390/2387
f 2728/2725 2515/2512 2392/2389
f 2516/2513 2519/2516 2223/2220
f 2224/2221 2729/2726 2521/2518
f 2224/2221 2520/2517 2729/2726
f 2730/2727 2236/2233 2024/2021
f 2024/2021 2731/2728 2732/2729
f 2730/2727 2024/2021 2732/2729
f 2733/2730 2734/2731 2523/2520
f 2523/2520 2734/2731 2635/2632
f 2735/2732 2398/2395 2525/2522
f 2733/2730 2523/2520 2637/2634
f 2736/2733 2733/2730 2637/2634
f 2736/2733 2637/2634 2526/2523
f 2529/2526 2737/2734 2527/2524
f 553/553 2537/2534 857/857
f 1913/1910 2738/2735 987/987
f 347/347 557/557 2739/2736
f 2302/2299 1916/1913 2553/2550
f 2644/2641 2643/2640 2670/2667
f 2437/2434 2662/2659 2082/2079
f 2563/2560 2740/2737 2564/2561
f 2741/2738 2742/2739 2743/2740
f 2551/2548 2579/2576 2643/2640
f 2650/2647 2572/2569 2671/2668
f 2744/2741 2650/2647 2671/2668
f 2451/2448 2450/2447 2745/2742
f 2746/2743 2554/2551 2457/2454
f 2651/2648 2653/2650 2747/2744
f 2567/2564 2742/2739 2741/2738
f 2672/2669 2748/2745 2093/2090
f 1920/1917 2657/2654 2653/2650
f 2663/2660 2743/2740 2659/2656
f 2743/2740 2663/2660 2741/2738
f 2567/2564 2741/2738 2663/2660
f 2740/2737 2583/2580 2564/2561
f 2670/2667 2643/2640 2579/2576
f 2584/2581 2583/2580 2740/2737
f 2671/2668 2582/2579 2749/2746
f 2678/2675 2586/2583 2750/2747
f 2751/2748 2752/2749 2680/2677
f 2680/2677 2752/2749 2592/2589
f 2753/2750 2754/2751 2755/2752
f 2756/2753 2753/2750 2755/2752
f 2757/2754 2753/2750 2756/2753
f 2680/2677 2679/2676 2751/2748
f 2758/2755 2759/2756 2760/2757
f 2475/2472 2761/2758 2473/2470
f 2475/2472 2476/2473 2762/2759
f 2762/2759 2476/2473 2594/2591
f 2477/2474 2588/2585 2682/2679
f 2763/2760 2764/2761 2765/2762
f 2594/2591 2682/2679 2766/2763
f 2688/2685 2687/2684 2767/2764
f 2768/2765 2686/2683 2769/2766
f 2479/2476 2770/2767 2480/2477
f 2768/2765 2685/2682 2686/2683
f 2480/2477 2771/2768 2481/2478
f 2771/2768 2772/2769 2481/2478
f 2482/2479 2599/2596 2773/2770
f 2484/2481 2774/2771 2600/2597
f 2599/2596 2775/2772 2773/2770
f 2776/2773 2600/2597 2774/2771
f 2693/2690 2600/2597 2776/2773
f 2698/2695 2777/2774 2606/2603
f 2606/2603 2777/2774 2703/2700
f 2701/2698 2702/2699 2778/2775
f 2703/2700 2777/2774 2779/2776
f 2702/2699 2705/2702 2778/2775
f 2707/2704 2703/2700 2780/2777
f 2781/2778 2778/2775 2705/2702
f 2707/2704 2782/2779 2783/2780
f 1984/1981 2712/2709 2784/2781
f 1091/1089 1984/1981 2784/2781
f 2496/2493 2785/2782 2613/2610
f 2625/2622 2500/2497 2786/2783
f 2787/2784 2622/2619 2623/2620
f 2620/2617 2621/2618 2714/2711
f 1986/1983 2788/2785 2789/2786
f 2631/2628 2717/2714 2790/2787
f 2715/2712 2791/2788 2369/2366
f 2792/2789 2720/2717 2793/2790
f 2790/2787 2719/2716 2631/2628
f 2719/2716 2790/2787 2794/2791
f 2505/2502 2372/2369 2720/2717
f 2722/2719 2793/2790 2720/2717
f 2720/2717 2633/2630 2722/2719
f 2509/2506 2376/2373 2795/2792
f 2723/2720 2632/2629 2719/2716
f 2795/2792 2376/2373 2375/2372
f 2375/2372 2510/2507 2796/2793
f 2797/2794 2726/2723 2514/2511
f 2798/2795 2390/2387 2727/2724
f 2799/2796 2516/2513 2220/2217
f 2634/2631 2515/2512 2728/2725
f 2725/2722 2634/2631 2728/2725
f 2800/2797 2725/2722 2728/2725
f 2800/2797 2728/2725 2801/2798
f 2802/2799 2519/2516 2516/2513
f 2636/2633 2236/2233 2730/2727
f 2636/2633 2730/2727 2803/2800
f 2804/2801 2735/2732 2525/2522
f 2639/2636 2805/2802 2638/2635
f 2527/2524 2737/2734 2641/2638
f 2399/2396 2638/2635 2806/2803
f 2807/2804 766/766 986/986
f 2077/2074 804/804 2808/2805
f 2547/2544 2745/2742 2450/2447
f 2548/2545 2447/2444 2809/2806
f 2659/2656 2810/2807 2656/2653
f 2566/2563 2811/2808 2812/2809
f 2811/2808 2566/2563 2455/2452
f 2747/2744 2652/2649 2651/2648
f 2813/2810 2814/2811 2578/2575
f 2559/2556 2815/2812 2557/2554
f 2659/2656 2743/2740 2816/2813
f 2578/2575 2814/2811 2817/2814
f 2557/2554 2815/2812 2672/2669
f 2665/2662 2580/2577 2818/2815
f 2740/2737 2819/2816 2584/2581
f 2749/2746 2820/2817 2671/2668
f 2821/2818 2582/2579 2676/2673
f 2821/2818 2676/2673 2675/2672
f 2822/2819 2756/2753 2755/2752
f 2760/2757 2759/2756 2823/2820
f 2824/2821 2825/2822 2826/2823
f 2763/2760 2765/2762 2827/2824
f 2588/2585 2828/2825 2682/2679
f 2594/2591 2766/2763 2762/2759
f 2766/2763 2682/2679 2828/2825
f 2687/2684 2689/2686 2829/2826
f 2829/2826 2689/2686 2830/2827
f 2828/2825 2831/2828 2766/2763
f 2480/2477 2770/2767 2771/2768
f 2832/2829 2771/2768 2770/2767
f 2482/2479 2773/2770 2691/2688
f 2772/2769 2771/2768 2833/2830
f 2834/2831 2774/2771 2484/2481
f 2835/2832 2836/2833 2837/2834
f 2837/2834 2699/2696 2835/2832
f 2835/2832 2699/2696 2701/2698
f 2776/2773 2838/2835 2693/2690
f 2703/2700 2779/2776 2780/2777
f 2778/2775 2781/2778 2839/2836
f 2707/2704 2780/2777 2840/2837
f 2840/2837 2782/2779 2707/2704
f 2494/2491 2841/2838 2358/2355
f 2614/2611 2712/2709 2615/2612
f 2612/2609 2616/2613 2842/2839
f 2611/2608 2610/2607 2843/2840
f 2496/2493 2611/2608 2843/2840
f 2496/2493 2843/2840 2785/2782
f 2360/2357 2844/2841 2788/2785
f 1986/1983 2360/2357 2788/2785
f 2361/2358 2845/2842 2846/2843
f 2713/2710 2847/2844 2498/2495
f 2498/2495 2848/2845 2619/2616
f 2716/2713 2508/2505 2849/2846
f 2790/2787 2717/2714 2850/2847
f 2508/2505 2507/2504 2849/2846
f 2507/2504 2851/2848 2849/2846
f 2790/2787 2850/2847 2794/2791
f 2851/2848 2507/2504 2718/2715
f 2794/2791 2852/2849 2719/2716
f 2719/2716 2853/2850 2723/2720
f 2719/2716 2852/2849 2853/2850
f 2796/2793 2854/2851 2375/2372
f 2797/2794 2855/2852 2726/2723
f 2389/2386 2726/2723 2727/2724
f 2797/2794 2514/2511 2856/2853
f 2801/2798 2857/2854 2800/2797
f 2858/2855 2518/2515 2519/2516
f 2804/2801 2525/2522 2636/2633
f 2731/2728 2859/2856 2732/2729
f 2734/2731 2733/2730 2860/2857
f 2861/2858 2862/2859 2639/2636
f 2639/2636 2862/2859 2805/2802
f 2640/2637 2641/2638 2863/2860
f 2806/2803 2638/2635 2805/2802
f 2529/2526 2864/2861 2737/2734
f 554/554 2434/2431 930/930
f 347/347 2739/2736 1913/1910
f 1646/1643 2077/2074 2865/2862
f 2302/2299 2553/2550 2866/2863
f 2867/2864 2657/2654 2658/2655
f 2868/2865 2815/2812 2869/2866
f 2815/2812 2870/2867 2672/2669
f 2871/2868 2748/2745 2672/2669
f 2653/2650 2872/2869 2747/2744
f 2653/2650 2657/2654 2872/2869
f 2743/2740 2873/2870 2816/2813
f 2818/2815 2666/2663 2665/2662
f 2820/2817 2874/2871 2671/2668
f 2817/2814 2875/2872 2578/2575
f 2578/2575 2875/2872 2468/2465
f 1321/1318 2585/2582 2876/2873
f 2819/2816 2877/2874 2584/2581
f 2821/2818 2749/2746 2582/2579
f 2584/2581 2877/2874 2586/2583
f 2878/2875 2750/2747 2586/2583
f 2879/2876 2880/2877 2881/2878
f 2760/2757 2823/2820 2882/2879
f 2883/2880 2754/2751 2884/2881
f 2883/2880 2885/2882 2754/2751
f 2885/2882 2755/2752 2754/2751
f 2822/2819 2886/2883 2756/2753
f 2757/2754 2756/2753 2887/2884
f 2751/2748 2679/2676 2888/2885
f 2679/2676 2889/2886 2888/2885
f 2822/2819 2755/2752 2885/2882
f 2757/2754 2887/2884 2890/2887
f 2891/2888 2678/2675 2892/2889
f 2892/2889 2678/2675 2750/2747
f 2887/2884 2893/2890 2890/2887
f 2894/2891 2895/2892 2896/2893
f 2891/2888 2892/2889 2897/2894
f 2687/2684 2898/2895 2767/2764
f 2687/2684 2829/2826 2898/2895
f 2899/2896 2900/2897 2901/2898
f 2685/2682 2830/2827 2689/2686
f 2902/2899 2830/2827 2685/2682
f 2766/2763 2831/2828 2762/2759
f 2762/2759 2831/2828 2903/2900
f 2904/2901 2685/2682 2768/2765
f 2905/2902 2831/2828 2828/2825
f 2691/2688 2773/2770 2906/2903
f 2771/2768 2832/2829 2833/2830
f 2906/2903 2773/2770 2775/2772
f 2907/2904 2908/2905 2909/2906
f 2907/2904 2910/2907 2908/2905
f 2835/2832 2701/2698 2911/2908
f 2778/2775 2911/2908 2701/2698
f 2780/2777 2779/2776 2912/2909
f 2782/2779 2840/2837 2913/2910
f 2914/2911 2616/2613 2175/2172
f 2358/2355 2841/2838 2915/2912
f 2916/2913 1091/1089 2784/2781
f 742/742 2359/2356 2917/2914
f 2616/2613 2918/2915 2842/2839
f 2843/2840 2610/2607 2919/2916
f 2613/2610 2785/2782 2920/2917
f 2613/2610 2920/2917 2614/2611
f 2921/2918 2712/2709 2614/2611
f 2361/2358 2617/2614 2845/2842
f 2922/2919 2713/2710 2499/2496
f 2923/2920 2922/2919 2499/2496
f 2786/2783 2500/2497 2924/2921
f 2925/2922 2500/2497 2620/2617
f 2620/2617 2714/2711 2925/2922
f 2926/2923 2622/2619 2787/2784
f 2176/2173 2618/2615 2617/2614
f 2619/2616 2927/2924 2618/2615
f 2619/2616 2848/2845 2927/2924
f 2624/2621 2923/2920 2499/2496
f 2625/2622 2928/2925 2624/2621
f 2624/2621 2928/2925 2923/2920
f 2928/2925 2625/2622 2786/2783
f 2627/2624 1829/1826 2929/2926
f 2849/2846 2930/2927 2716/2713
f 2931/2928 2716/2713 2930/2927
f 2932/2929 2793/2790 2933/2930
f 2793/2790 2722/2719 2933/2930
f 2722/2719 2721/2718 2934/2931
f 2935/2932 2936/2933 2937/2934
f 2854/2851 2796/2793 2938/2935
f 2727/2724 2726/2723 2939/2936
f 2939/2936 2798/2795 2727/2724
f 2940/2937 2725/2722 2941/2938
f 2941/2938 2725/2722 2800/2797
f 2942/2939 2943/2940 2944/2941
f 2800/2797 2857/2854 2945/2942
f 2946/2943 2521/2518 2729/2726
f 2944/2941 2943/2940 2947/2944
f 2520/2517 2948/2945 2729/2726
f 2519/2516 2802/2799 2858/2855
f 2858/2855 2802/2799 2949/2946
f 2636/2633 2803/2800 2950/2947
f 2636/2633 2950/2947 2951/2948
f 2951/2948 2804/2801 2636/2633
f 2952/2949 2953/2950 2954/2951
f 2860/2857 2733/2730 2955/2952
f 2954/2951 2953/2950 2956/2953
f 2955/2952 2736/2733 2957/2954
f 2733/2730 2736/2733 2955/2952
f 2805/2802 2862/2859 2958/2955
f 2959/2956 2956/2953 2953/2950
f 2958/2955 2806/2803 2805/2802
f 2078/2075 2439/2436 2648/2645
f 2439/2436 1646/1643 2960/2957
f 2540/2537 2648/2645 2961/2958
f 2962/2959 2810/2807 2659/2656
f 2963/2960 2814/2811 2813/2810
f 2555/2552 2964/2961 2455/2452
f 2555/2552 1661/1658 2964/2961
f 2567/2564 2965/2962 2742/2739
f 2672/2669 2870/2867 2871/2868
f 2966/2963 2812/2809 2811/2808
f 2567/2564 2556/2553 2965/2962
f 2556/2553 2967/2964 2965/2962
f 2968/2965 2666/2663 2818/2815
f 2820/2817 2969/2966 2874/2871
f 2740/2737 2970/2967 2819/2816
f 2749/2746 2971/2968 2820/2817
f 2971/2968 2749/2746 2821/2818
f 2971/2968 2821/2818 2972/2969
f 2877/2874 2878/2875 2586/2583
f 2973/2970 2974/2971 2975/2972
f 2974/2971 2976/2973 2975/2972
f 2882/2879 2823/2820 2977/2974
f 2878/2875 2978/2975 2750/2747
f 2880/2877 2979/2976 2881/2878
f 2881/2878 2979/2976 2980/2977
f 2754/2751 2981/2978 2884/2881
f 2887/2884 2756/2753 2886/2883
f 2750/2747 2978/2975 2982/2979
f 2759/2756 2758/2755 2826/2823
f 2983/2980 2984/2981 2985/2982
f 2985/2982 2984/2981 2986/2983
f 2750/2747 2982/2979 2892/2889
f 2901/2898 2985/2982 2986/2983
f 2987/2984 2901/2898 2986/2983
f 2901/2898 2900/2897 2985/2982
f 2988/2985 2904/2901 2768/2765
f 2826/2823 2825/2822 2989/2986
f 2990/2987 2991/2988 2992/2989
f 2993/2990 2991/2988 2990/2987
f 2685/2682 2904/2901 2902/2899
f 2994/2991 2831/2828 2905/2902
f 2828/2825 2995/2992 2905/2902
f 2903/2900 2831/2828 2996/2993
f 2994/2991 2996/2993 2831/2828
f 2832/2829 2770/2767 2997/2994
f 2998/2995 2836/2833 2999/2996
f 3000/2997 3001/2998 3002/2999
f 2908/2905 3003/3000 3004/3001
f 2909/2906 2908/2905 3004/3001
f 2836/2833 2835/2832 2999/2996
f 2909/2906 3005/3002 2907/2904
f 3006/3003 3007/3004 3008/3005
f 2776/2773 3009/3006 2838/2835
f 3010/3007 2838/2835 3009/3006
f 2779/2776 3011/3008 2912/2909
f 3012/3009 3011/3008 2779/2776
f 2780/2777 2912/2909 3013/3010
f 3014/3011 3015/3012 2781/2778
f 3014/3011 3016/3013 3015/3012
f 682/682 3017/3014 2711/2708
f 2175/2172 2711/2708 2914/2911
f 2494/2491 2842/2839 2841/2838
f 2612/2609 2842/2839 2494/2491
f 2610/2607 2358/2355 3018/3015
f 2358/2355 2915/2912 3018/3015
f 2616/2613 2914/2911 2918/2915
f 2610/2607 3018/3015 2919/2916
f 2921/2918 2614/2611 2920/2917
f 2847/2844 2848/2845 2498/2495
f 2924/2921 2500/2497 2925/2922
f 2714/2711 3019/3016 2925/2922
f 2622/2619 2926/2923 2714/2711
f 2714/2711 2926/2923 3019/3016
f 2617/2614 2618/2615 3020/3017
f 3020/3017 2618/2615 2927/2924
f 1829/1826 2628/2625 2929/2926
f 759/759 3021/3018 1203/1200
f 3022/3019 757/757 755/755
f 2931/2928 2930/2927 3023/3020
f 2850/2847 3024/3021 2794/2791
f 3025/3022 3026/3023 3027/3024
f 3026/3023 3025/3022 2936/2933
f 2722/2719 2934/2931 2933/2930
f 2721/2718 3028/3025 2934/2931
f 3029/3026 2938/2935 3030/3027
f 2375/2372 2854/2851 2795/2792
f 2938/2935 3029/3026 2854/2851
f 2726/2723 2855/2852 2939/2936
f 2939/2936 3031/3028 2798/2795
f 3032/3029 2943/2940 2942/2939
f 2945/2942 2941/2938 2800/2797
f 2943/2940 3033/3030 2947/2944
f 2947/2944 3033/3030 3034/3031
f 2948/2945 3035/3032 2729/2726
f 3036/3033 3037/3034 2803/2800
f 2803/2800 3037/3034 2950/2947
f 2803/2800 2732/2729 3036/3033
f 2732/2729 2803/2800 2730/2727
f 2859/2856 3038/3035 2732/2729
f 766/766 2807/2804 858/858
f 2538/2535 3039/3036 99/99
f 2870/2867 2815/2812 2868/2865
f 2455/2452 2964/2961 3040/3037
f 2743/2740 2742/2739 2873/2870
f 2556/2553 2452/2449 2967/2964
f 2659/2656 2816/2813 2962/2959
f 3041/3038 2969/2966 2820/2817
f 2820/2817 2971/2968 3041/3038
f 3042/3039 2819/2816 2970/2967
f 1321/1318 3043/3040 1322/1319
f 1321/1318 2876/2873 3043/3040
f 3042/3039 2877/2874 2819/2816
f 2973/2970 2975/2972 3044/3041
f 3042/3039 2878/2875 2877/2874
f 2975/2972 2976/2973 3045/3042
f 3046/3043 3047/3044 3045/3042
f 3048/3045 2974/2971 2973/2970
f 3049/3046 2974/2971 3048/3045
f 2827/2824 3050/3047 3051/3048
f 2981/2978 3052/3049 2884/2881
f 3053/3050 2984/2981 3054/3051
f 3046/3043 3045/3042 3055/3052
f 2886/2883 2893/2890 2887/2884
f 3056/3053 3050/3047 2827/2824
f 2984/2981 3053/3050 2986/2983
f 3045/3042 3057/3054 3055/3052
f 2826/2823 2989/2986 2759/2756
f 2982/2979 3058/3055 2892/2889
f 3053/3050 3059/3056 2986/2983
f 2827/2824 3060/3057 3056/3053
f 3059/3056 2987/2984 2986/2983
f 2765/2762 3060/3057 2827/2824
f 2767/2764 2898/2895 3061/3058
f 3062/3059 3063/3060 3057/3054
f 3057/3054 2992/2989 3062/3059
f 2825/2822 3064/3061 2989/2986
f 2992/2989 2991/2988 3062/3059
f 2991/2988 2993/2990 3065/3062
f 3066/3063 3065/3062 2993/2990
f 3067/3064 2903/2900 2996/2993
f 3065/3062 3068/3065 2991/2988
f 2994/2991 3069/3066 3070/3067
f 2905/2902 3069/3066 2994/2991
f 2905/2902 2995/2992 3069/3066
f 2994/2991 3070/3067 2996/2993
f 2996/2993 3070/3067 3067/3064
f 3071/3068 3072/3069 3073/3070
f 3074/3071 3073/3070 3072/3069
f 3075/3072 3001/2998 3076/3073
f 3077/3074 2998/2995 2999/2996
f 3001/2998 3075/3072 3002/2999
f 3002/2999 3078/3075 3000/2997
f 3079/3076 3080/3077 3081/3078
f 3082/3079 3000/2997 3078/3075
f 3083/3080 3080/3077 3079/3076
f 3084/3081 3080/3077 3083/3080
f 3084/3081 3083/3080 3085/3082
f 2999/2996 2835/2832 3086/3083
f 2835/2832 2911/2908 3086/3083
f 2911/2908 2778/2775 2839/2836
f 2839/2836 2781/2778 3015/3012
f 2912/2909 3011/3008 3087/3084
f 3013/3010 2912/2909 3088/3085
f 3087/3084 3088/3085 2912/2909
f 2840/2837 2780/2777 3013/3010
f 3014/3011 3089/3086 3016/3013
f 2840/2837 3090/3087 2913/2910
f 3013/3010 3090/3087 2840/2837
f 3088/3085 3091/3088 3013/3010
f 3090/3087 3092/3089 2913/2910
f 2843/2840 2919/2916 2785/2782
f 2713/2710 2922/2919 2847/2844
f 3093/3090 3094/3091 3095/3092
f 2928/2925 2786/2783 3096/3093
f 2848/2845 3097/3094 2927/2924
f 2927/2924 3097/3094 3020/3017
f 2928/2925 3096/3093 2923/2920
f 2923/2920 3096/3093 3098/3095
f 3099/3096 2929/2926 3100/3097
f 2929/2926 2628/2625 3100/3097
f 3101/3098 2930/2927 2849/2846
f 2932/2929 2933/2930 3102/3099
f 2854/2851 3103/3100 2795/2792
f 2943/2940 3104/3101 3033/3030
f 3105/3102 3035/3032 2948/2945
f 3036/3033 3106/3103 3037/3034
f 2732/2729 3038/3035 3036/3033
f 2959/2956 3107/3104 3108/3105
f 2737/2734 3109/3106 2641/2638
f 2864/2861 3109/3106 2737/2734
f 3110/3107 3109/3106 2864/2861
f 2870/2867 2868/2865 3111/3108
f 2814/2811 2963/2960 2817/2814
f 2868/2865 3112/3109 3111/3108
f 3113/3110 2873/2870 2742/2739
f 3113/3110 2742/2739 2965/2962
f 2870/2867 3114/3111 2871/2868
f 2455/2452 3115/3112 2811/2808
f 3044/3041 3116/3113 3117/3114
f 2973/2970 3044/3041 3118/3115
f 2875/2872 3119/3116 2468/2465
f 3044/3041 2975/2972 3116/3113
f 2876/2873 2585/2582 3120/3117
f 2971/2968 2972/2969 3121/3118
f 3045/3042 3047/3044 2975/2972
f 3042/3039 3122/3119 2878/2875
f 2823/2820 3123/3120 2977/2974
f 2878/2875 3124/3121 2978/2975
f 3122/3119 3124/3121 2878/2875
f 3046/3043 3125/3122 3047/3044
f 3126/3123 3049/3046 3048/3045
f 2979/2976 3127/3124 2980/2977
f 2881/2878 2980/2977 3128/3125
f 2759/2756 2989/2986 2823/2820
f 2823/2820 2989/2986 3123/3120
f 2978/2975 3129/3126 2982/2979
f 2981/2978 3130/3127 3052/3049
f 3058/3055 2982/2979 3129/3126
f 2987/2984 3059/3056 3131/3128
f 3055/3052 3057/3054 3063/3060
f 3132/3129 3133/3130 3066/3063
f 2892/2889 3058/3055 2897/2894
f 3058/3055 3134/3131 2897/2894
f 2898/2895 3135/3132 3061/3058
f 2989/2986 3064/3061 3136/3133
f 3137/3134 3138/3135 3063/3060
f 3063/3060 3062/3059 3137/3134
f 3064/3061 3139/3136 3140/3137
f 3141/3138 3142/3139 3143/3140
f 3142/3139 3144/3141 3145/3142
f 3146/3143 3145/3142 3147/3144
f 3145/3142 3144/3141 3147/3144
f 3137/3134 3062/3059 3148/3145
f 2991/2988 3148/3145 3062/3059
f 3068/3065 3148/3145 2991/2988
f 3149/3146 3150/3147 3072/3069
f 3144/3141 3142/3139 3151/3148
f 3152/3149 3148/3145 3068/3065
f 3150/3147 3153/3150 3072/3069
f 3151/3148 3142/3139 3141/3138
f 3077/3074 3154/3151 3155/3152
f 3072/3069 3071/3068 3149/3146
f 3079/3076 3156/3153 3083/3080
f 3085/3082 3156/3153 3157/3154
f 3085/3082 3083/3080 3156/3153
f 3009/3006 3158/3155 3159/3156
f 3009/3006 3159/3156 3010/3007
f 3160/3157 3161/3158 3162/3159
f 3090/3087 3013/3010 3091/3088
f 2915/2912 2841/2838 3163/3160
f 3018/3015 2915/2912 3164/3161
f 2919/2916 3165/3162 2785/2782
f 3164/3161 3165/3162 2919/2916
f 2842/2839 2918/2915 2914/2911
f 2841/2838 2842/2839 2914/2911
f 2919/2916 3018/3015 3164/3161
f 2920/2917 2785/2782 3165/3162
f 2921/2918 2920/2917 3165/3162
f 2712/2709 2921/2918 3165/3162
f 3166/3163 3167/3164 3168/3165
f 3167/3164 3169/3166 3168/3165
f 3170/3167 3171/3168 3093/3090
f 3171/3168 3094/3091 3093/3090
f 3170/3167 3172/3169 3171/3168
f 3173/3170 3174/3171 3175/3172
f 1377/1374 3176/3173 755/755
f 3177/3174 3178/3175 3179/3176
f 3166/3163 3178/3175 3177/3174
f 3174/3171 3180/3177 3175/3172
f 3181/3178 3182/3179 3183/3180
f 3182/3179 3180/3177 3183/3180
f 3184/3181 3182/3179 3181/3178
f 3179/3176 3178/3175 3185/3182
f 3166/3163 3168/3165 3178/3175
f 3169/3166 3186/3183 3168/3165
f 3094/3091 3186/3183 3169/3166
f 3171/3168 3186/3183 3094/3091
f 3175/3172 3187/3184 3171/3168
f 3176/3173 3022/3019 755/755
f 3168/3165 3186/3183 3178/3175
f 3171/3168 3187/3184 3186/3183
f 3180/3177 3187/3184 3175/3172
f 3182/3179 3187/3184 3180/3177
f 3188/3185 3187/3184 3182/3179
f 3184/3181 3188/3185 3182/3179
f 3178/3175 3189/3186 3185/3182
f 3190/3187 2366/2363 2503/2500
f 3186/3183 3189/3186 3178/3175
f 3191/3188 3189/3186 3186/3183
f 3187/3184 3191/3188 3186/3183
f 3188/3185 3191/3188 3187/3184
f 3192/3189 3193/3190 3194/3191
f 3195/3192 3192/3189 3194/3191
f 3100/3097 2628/2625 3196/3193
f 2367/2364 887/887 3192/3189
f 3197/3194 3023/3020 2930/2927
f 3101/3098 2849/2846 2851/2848
f 3025/3022 3027/3024 3198/3195
f 3025/3022 3199/3196 2936/2933
f 2934/2931 3028/3025 3200/3197
f 3199/3196 2937/2934 2936/2933
f 2854/2851 3029/3026 3103/3100
f 2941/2938 3201/3198 2940/2937
f 3104/3101 2943/2940 3032/3029
f 2729/2726 3035/3032 2946/2943
f 3037/3034 3202/3199 2950/2947
f 2951/2948 2950/2947 3202/3199
f 3203/3200 2952/2949 3204/3201
f 2952/2949 3203/3200 2953/2950
f 3205/3202 2860/2857 2955/2952
f 2953/2950 3203/3200 2959/2956
f 2641/2638 3109/3106 2863/2860
f 99/99 3039/3036 767/767
f 2539/2536 1642/1639 3206/3203
f 1150/1148 2539/2536 3206/3203
f 1150/1148 3206/3203 3207/3204
f 804/804 2647/2644 2808/2805
f 2077/2074 3208/3205 2865/2862
f 3209/3206 2870/2867 3111/3108
f 2867/2864 3210/3207 2657/2654
f 3211/3208 2870/2867 3209/3206
f 3211/3208 3114/3111 2870/2867
f 2811/2808 3212/3209 2966/2963
f 3040/3037 3115/3112 2455/2452
f 2962/2959 2816/2813 3213/3210
f 2816/2813 2873/2870 3213/3210
f 2664/2661 3214/3211 2452/2449
f 2664/2661 2568/2565 3214/3211
f 2969/2966 3041/3038 3215/3212
f 3216/3213 3044/3041 3117/3114
f 3118/3115 3044/3041 3216/3213
f 2970/2967 3217/3214 3042/3039
f 3118/3115 3048/3045 2973/2970
f 2971/2968 3121/3118 3041/3038
f 3116/3113 2975/2972 3218/3215
f 2975/2972 3047/3044 3218/3215
f 3219/3216 3220/3217 3221/3218
f 3125/3122 3222/3219 3047/3044
f 3220/3217 3223/3220 3224/3221
f 3224/3221 3223/3220 3225/3222
f 3124/3121 3129/3126 2978/2975
f 2980/2977 3127/3124 3226/3223
f 3127/3124 3227/3224 3226/3223
f 3128/3125 2980/2977 3226/3223
f 3228/3225 3229/3226 3230/3227
f 3049/3046 3126/3123 3132/3129
f 3223/3220 3231/3228 3225/3222
f 3132/3129 3126/3123 3133/3130
f 3230/3227 3146/3143 3228/3225
f 3135/3132 3232/3229 3061/3058
f 3064/3061 3140/3137 3136/3133
f 3133/3130 3233/3230 3066/3063
f 3138/3135 3137/3134 3234/3231
f 3066/3063 3233/3230 3065/3062
f 3235/3232 3236/3233 3150/3147
f 3143/3140 3142/3139 3237/3234
f 3145/3142 3237/3234 3142/3139
f 3238/3235 3237/3234 3145/3142
f 3146/3143 3238/3235 3145/3142
f 3068/3065 3065/3062 3239/3236
f 3155/3152 3154/3151 3240/3237
f 3150/3147 3149/3146 3235/3232
f 3241/3238 3242/3239 3243/3240
f 3239/3236 3244/3241 3068/3065
f 3241/3238 3245/3242 3242/3239
f 3152/3149 3068/3065 3244/3241
f 3244/3241 3246/3243 3152/3149
f 3246/3243 3244/3241 3247/3244
f 3154/3151 3077/3074 3248/3245
f 3249/3246 3250/3247 3251/3248
f 3252/3249 3253/3250 3254/3251
f 3137/3134 3255/3252 3234/3231
f 3255/3252 3256/3253 3234/3231
f 3257/3254 3137/3134 3148/3145
f 3152/3149 3257/3254 3148/3145
f 3086/3083 3248/3245 2999/2996
f 3248/3245 3077/3074 2999/2996
f 3250/3247 3252/3249 3254/3251
f 3258/3255 3152/3149 3246/3243
f 3259/3256 3260/3257 3261/3258
f 3252/3249 3250/3247 3262/3259
f 3263/3260 3264/3261 3265/3262
f 3266/3263 3267/3264 3262/3259
f 3265/3262 3264/3261 3268/3265
f 2911/2908 3269/3266 3086/3083
f 3159/3156 3270/3267 3010/3007
f 2911/2908 2839/2836 3269/3266
f 3269/3266 2839/2836 3271/3268
f 3271/3268 2839/2836 3015/3012
f 3270/3267 3161/3158 3160/3157
f 3161/3158 3270/3267 3272/3269
f 3271/3268 3015/3012 3273/3270
f 3015/3012 3016/3013 3273/3270
f 3274/3271 3275/3272 3276/3273
f 3273/3270 3016/3013 3089/3086
f 3277/3274 3278/3275 3275/3272
f 3276/3273 3275/3272 3278/3275
f 2841/2838 2914/2911 3163/3160
f 3165/3162 3164/3161 3279/3276
f 2712/2709 3165/3162 3279/3276
f 2712/2709 3279/3276 2784/2781
f 3193/3190 3280/3277 3190/3187
f 3193/3190 3192/3189 3280/3277
f 887/887 1203/1200 3192/3189
f 3028/3025 3281/3278 3200/3197
f 2939/2936 2855/2852 3031/3028
f 3201/3198 2941/2938 3282/3279
f 3283/3280 2945/2942 2857/2854
f 3035/3032 3284/3281 2946/2943
f 1642/1639 2076/2073 3206/3203
f 2077/2074 2808/2805 3208/3205
f 3112/3109 3285/3282 3111/3108
f 2302/2299 2866/2863 3286/3283
f 2866/2863 3287/3284 3286/3283
f 2811/2808 3115/3112 3212/3209
f 3288/3285 3115/3112 3040/3037
f 2652/2649 3289/3286 1661/1658
f 2872/2869 2657/2654 3210/3207
f 3117/3114 3290/3287 3216/3213
f 2873/2870 3113/3110 3213/3210
f 2965/2962 3291/3288 3113/3110
f 3292/3289 3293/3290 3216/3213
f 2568/2565 3294/3291 3214/3211
f 3293/3290 3118/3115 3216/3213
f 3295/3292 3296/3293 3297/3294
f 3298/3295 3215/3212 3041/3038
f 3299/3296 3300/3297 3301/3298
f 3041/3038 3121/3118 3298/3295
f 3302/3299 3303/3300 3304/3301
f 3042/3039 3217/3214 3305/3302
f 3222/3219 3218/3215 3047/3044
f 3042/3039 3305/3302 3122/3119
f 3220/3217 3306/3303 3221/3218
f 3307/3304 3306/3303 3220/3217
f 3307/3304 3220/3217 3224/3221
f 3308/3305 3307/3304 3224/3221
f 3225/3222 3309/3306 3224/3221
f 3129/3126 3124/3121 3310/3307
f 3311/3308 3230/3227 3229/3226
f 3312/3309 3313/3310 3314/3311
f 3056/3053 3060/3057 3315/3312
f 3316/3313 3317/3314 3318/3315
f 3230/3227 3319/3316 3238/3235
f 3230/3227 3238/3235 3146/3143
f 3320/3317 3321/3318 3322/3319
f 3323/3320 3318/3315 3317/3314
f 3236/3233 3235/3232 3324/3321
f 3325/3322 3236/3233 3324/3321
f 3326/3323 3243/3240 3327/3324
f 3328/3325 3136/3133 3140/3137
f 3140/3137 3329/3326 3328/3325
f 3233/3230 3133/3130 3330/3327
f 3140/3137 3331/3328 3329/3326
f 3321/3318 3332/3329 3322/3319
f 3326/3323 3241/3238 3243/3240
f 3233/3230 3239/3236 3065/3062
f 3333/3330 3322/3319 3332/3329
f 3244/3241 3239/3236 3247/3244
f 3333/3330 3332/3329 3263/3260
f 3255/3252 3137/3134 3257/3254
f 3334/3331 3335/3332 3336/3333
f 3265/3262 3333/3330 3263/3260
f 3152/3149 3258/3255 3257/3254
f 3253/3250 3252/3249 3337/3334
f 3258/3255 3246/3243 3338/3335
f 3247/3244 3338/3335 3246/3243
f 3266/3263 3262/3259 3249/3246
f 3250/3247 3249/3246 3262/3259
f 3339/3336 3158/3155 3340/3337
f 3340/3337 3158/3155 3341/3338
f 3261/3258 3342/3339 3259/3256
f 3258/3255 3343/3340 3257/3254
f 3343/3340 3258/3255 3338/3335
f 3339/3336 3159/3156 3158/3155
f 3259/3256 3342/3339 3344/3341
f 3262/3259 3267/3264 3345/3342
f 3265/3262 3268/3265 3346/3343
f 3159/3156 3347/3344 3270/3267
f 3347/3344 3272/3269 3270/3267
f 3348/3345 3274/3271 3349/3346
f 3277/3274 3275/3272 3348/3345
f 3348/3345 3275/3272 3274/3271
f 3350/3347 3351/3348 3277/3274
f 3163/3160 2914/2911 2711/2708
f 3164/3161 2915/2912 3163/3160
f 3164/3161 3163/3160 3279/3276
f 3352/3349 3353/3350 3354/3351
f 2917/2914 2359/2356 2365/2362
f 2359/2356 2178/2175 2365/2362
f 3022/3019 3176/3173 3355/3352
f 3190/3187 2179/2176 2366/2363
f 3280/3277 2179/2176 3190/3187
f 3192/3189 1203/1200 3280/3277
f 3356/3353 1203/1200 3021/3018
f 2930/2927 3101/3098 3197/3194
f 2851/2848 3357/3354 3101/3098
f 3198/3195 3027/3024 3358/3355
f 2932/2929 3102/3099 3359/3356
f 3199/3196 3025/3022 3198/3195
f 3029/3026 3360/3357 3103/3100
f 3361/3358 2937/2934 3199/3196
f 3361/3358 3362/3359 2937/2934
f 3363/3360 3104/3101 3032/3029
f 2945/2942 3364/3361 2941/2938
f 3033/3030 3365/3362 3034/3031
f 3105/3102 3366/3363 3035/3032
f 3036/3033 3038/3035 3106/3103
f 2957/2954 3367/3364 2955/2952
f 3368/3365 3367/3364 2957/2954
f 3109/3106 3369/3366 2863/2860
f 3109/3106 3370/3367 3369/3366
f 2537/2534 457/457 3371/3368
f 987/987 2738/2735 2538/2535
f 1646/1643 2865/2862 2960/2957
f 3372/3369 3373/3370 3374/3371
f 3374/3371 3373/3370 3375/3372
f 2963/2960 3376/3373 2817/2814
f 3377/3374 2969/2966 3378/3375
f 2964/2961 3379/3376 3040/3037
f 2747/2744 3289/3286 2652/2649
f 3290/3287 3117/3114 3380/3377
f 3381/3378 3382/3379 3383/3380
f 2965/2962 2967/2964 3291/3288
f 2969/2966 3215/3212 3378/3375
f 3287/3284 3299/3296 3286/3283
f 3384/3381 3217/3214 2970/2967
f 3116/3113 3385/3382 3117/3114
f 3293/3290 3386/3383 3118/3115
f 3386/3383 3387/3384 3118/3115
f 2817/2814 3376/3373 2875/2872
f 3388/3385 3389/3386 3390/3387
f 3118/3115 3387/3384 3048/3045
f 3391/3388 3306/3303 3392/3389
f 3393/3390 3392/3389 3306/3303
f 3217/3214 3394/3391 3305/3302
f 3302/3299 3306/3303 3303/3300
f 3395/3392 3396/3393 3397/3394
f 3221/3218 3302/3299 3219/3216
f 3221/3218 3306/3303 3302/3299
f 3393/3390 3306/3303 3307/3304
f 3398/3395 3122/3119 3305/3302
f 3397/3394 3316/3313 3395/3392
f 3399/3396 3393/3390 3307/3304
f 3308/3305 3399/3396 3307/3304
f 3122/3119 3398/3395 3124/3121
f 3124/3121 3398/3395 3310/3307
f 3224/3221 3400/3397 3308/3305
f 3397/3394 3401/3398 3316/3313
f 3309/3306 3400/3397 3224/3221
f 3227/3224 3127/3124 3402/3399
f 3311/3308 3403/3400 3230/3227
f 3309/3306 3225/3222 3404/3401
f 3401/3398 3317/3314 3316/3313
f 3313/3310 3312/3309 3405/3402
f 3060/3057 3320/3317 3315/3312
f 3406/3403 3238/3235 3319/3316
f 3312/3309 3240/3237 3407/3404
f 3312/3309 3407/3404 3405/3402
f 3238/3235 3406/3403 3237/3234
f 3240/3237 3154/3151 3407/3404
f 3408/3405 3409/3406 3410/3407
f 3322/3319 3333/3330 3411/3408
f 3407/3404 3154/3151 3248/3245
f 3410/3407 3412/3409 3336/3333
f 3408/3405 3410/3407 3335/3332
f 3335/3332 3410/3407 3336/3333
f 3247/3244 3239/3236 3413/3410
f 3255/3252 3257/3254 3414/3411
f 3338/3335 3247/3244 3413/3410
f 3262/3259 3415/3412 3252/3249
f 3345/3342 3415/3412 3262/3259
f 3252/3249 3415/3412 3337/3334
f 3415/3412 3416/3413 3337/3334
f 3417/3414 3418/3415 3419/3416
f 3420/3417 3346/3343 3268/3265
f 3344/3341 3342/3339 3421/3418
f 3421/3418 3422/3419 3344/3341
f 3345/3342 3267/3264 3423/3420
f 3424/3421 3425/3422 3426/3423
f 3423/3420 3427/3424 3428/3425
f 3425/3422 3429/3426 3426/3423
f 3350/3347 3277/3274 3348/3345
f 3430/3427 3431/3428 3432/3429
f 3430/3427 3432/3429 3433/3430
f 3434/3431 3435/3432 3433/3430
f 3435/3432 3434/3431 3353/3350
f 3434/3431 3354/3351 3353/3350
f 2917/2914 2365/2362 3436/3433
f 3436/3433 2365/2362 3437/3434
f 3355/3352 3438/3435 3022/3019
f 2629/2626 2179/2176 3439/3436
f 3440/3437 3439/3436 2179/2176
f 3280/3277 3440/3437 2179/2176
f 1203/1200 3440/3437 3280/3277
f 3356/3353 3440/3437 1203/1200
f 3198/3195 3358/3355 3441/3438
f 3198/3195 3442/3439 3199/3196
f 3102/3099 2933/2930 2934/2931
f 3361/3358 3199/3196 3442/3439
f 3360/3357 3443/3440 3103/3100
f 3032/3029 3444/3441 3363/3360
f 3104/3101 3365/3362 3033/3030
f 3035/3032 3366/3363 3284/3281
f 3037/3034 3106/3103 3202/3199
f 3106/3103 3445/3442 3202/3199
f 3203/3200 3107/3104 2959/2956
f 3370/3367 3109/3106 3110/3107
f 858/858 3446/3443 458/458
f 858/858 2807/2804 3446/3443
f 2439/2436 3447/3444 2648/2645
f 3207/3204 3206/3203 3448/3445
f 2867/2864 3449/3446 3210/3207
f 3450/3447 3449/3446 2867/2864
f 3209/3206 3451/3448 3452/3449
f 3040/3037 3379/3376 3288/3285
f 2964/2961 1661/1658 3379/3376
f 3379/3376 1661/1658 3289/3286
f 3453/3450 2967/2964 2452/2449
f 3214/3211 3453/3450 2452/2449
f 3209/3206 3452/3449 3211/3208
f 3212/3209 3115/3112 3454/3451
f 3385/3382 3381/3378 3383/3380
f 3455/3452 3291/3288 2967/2964
f 3453/3450 3455/3452 2967/2964
f 3456/3453 3217/3214 3384/3381
f 3381/3378 3385/3382 3116/3113
f 3378/3375 3215/3212 3457/3454
f 3394/3391 3217/3214 3456/3453
f 3116/3113 3218/3215 3381/3378
f 3215/3212 3298/3295 3457/3454
f 3299/3296 3301/3298 3458/3455
f 3298/3295 3459/3456 3457/3454
f 3306/3303 3391/3388 3303/3300
f 3392/3389 3393/3390 3460/3457
f 3222/3219 3461/3458 3218/3215
f 3399/3396 3460/3457 3393/3390
f 3399/3396 3308/3305 3462/3459
f 3308/3305 3400/3397 3462/3459
f 3311/3308 3463/3460 3403/3400
f 3309/3306 3464/3461 3400/3397
f 3405/3402 3465/3462 3466/3463
f 3403/3400 3467/3464 3230/3227
f 3050/3047 3056/3053 3468/3465
f 3468/3465 3056/3053 3315/3312
f 3467/3464 3469/3466 3319/3316
f 3467/3464 3319/3316 3230/3227
f 3470/3467 3471/3468 3409/3406
f 3406/3403 3470/3467 3409/3406
f 3469/3466 3406/3403 3319/3316
f 3405/3402 3407/3404 3472/3469
f 3471/3468 3410/3407 3409/3406
f 3412/3409 3410/3407 3471/3468
f 3239/3236 3473/3470 3413/3410
f 3265/3262 3474/3471 3333/3330
f 3473/3470 3475/3472 3413/3410
f 3476/3473 3477/3474 3478/3475
f 3476/3473 3479/3476 3477/3474
f 3419/3416 3337/3334 3416/3413
f 3265/3262 3346/3343 3474/3471
f 3257/3254 3480/3477 3414/3411
f 3481/3478 3482/3479 3478/3475
f 3419/3416 3416/3413 3417/3414
f 3343/3340 3480/3477 3257/3254
f 3477/3474 3481/3478 3478/3475
f 3415/3412 3483/3480 3416/3413
f 3483/3480 3417/3414 3416/3413
f 3415/3412 3345/3342 3483/3480
f 3417/3414 3483/3480 3418/3415
f 3484/3481 3485/3482 3486/3483
f 3483/3480 3345/3342 3487/3484
f 3487/3484 3345/3342 3428/3425
f 3159/3156 3488/3485 3347/3344
f 3425/3422 3487/3484 3428/3425
f 3425/3422 3424/3421 3487/3484
f 3428/3425 3345/3342 3423/3420
f 3425/3422 3428/3425 3429/3426
f 3429/3426 3428/3425 3427/3424
f 3433/3430 3432/3429 3489/3486
f 3433/3430 3489/3486 3434/3431
f 3354/3351 3434/3431 3490/3487
f 3489/3486 3432/3429 3491/3488
f 3491/3488 3432/3429 3492/3489
f 3434/3431 3489/3486 3491/3488
f 3490/3487 3434/3431 3491/3488
f 3493/3490 3441/3438 3494/3491
f 3493/3490 3198/3195 3441/3438
f 3200/3197 3102/3099 2934/2931
f 3495/3492 3201/3198 3282/3279
f 3363/3360 3496/3493 3104/3101
f 2941/2938 3364/3361 3282/3279
f 2945/2942 3283/3280 3364/3361
f 3365/3362 3104/3101 3497/3494
f 3038/3035 3498/3495 3106/3103
f 3204/3201 3499/3496 3203/3200
f 3203/3200 3500/3497 3107/3104
f 3501/3498 2961/2958 2648/2645
f 2808/2805 2647/2644 3502/3499
f 2808/2805 3502/3499 3208/3205
f 3503/3500 3504/3501 3505/3502
f 3454/3451 3506/3503 3507/3504
f 3506/3503 3454/3451 3115/3112
f 3214/3211 3508/3505 3453/3450
f 3214/3211 3294/3291 3508/3505
f 3391/3388 3503/3500 3509/3506
f 3286/3283 3299/3296 3510/3507
f 3511/3508 3381/3378 3218/3215
f 3512/3509 3513/3510 3396/3393
f 3510/3507 3299/3296 3458/3455
f 3391/3388 3509/3506 3303/3300
f 3218/3215 3461/3458 3511/3508
f 3509/3506 3514/3511 3303/3300
f 3515/3512 3516/3513 3517/3514
f 3515/3512 3518/3515 3516/3513
f 3460/3457 3399/3396 3519/3516
f 3520/3517 3521/3518 3463/3460
f 3222/3219 3522/3519 3461/3458
f 3463/3460 3521/3518 3403/3400
f 3222/3219 3523/3520 3522/3519
f 3467/3464 3403/3400 3524/3521
f 3521/3518 3524/3521 3403/3400
f 3400/3397 3464/3461 3462/3459
f 3405/3402 3472/3469 3465/3462
f 3525/3522 3471/3468 3470/3467
f 3469/3466 3470/3467 3406/3403
f 3526/3523 3322/3319 3411/3408
f 3330/3327 3527/3524 3233/3230
f 3233/3230 3527/3524 3239/3236
f 3474/3471 3411/3408 3333/3330
f 3474/3471 3346/3343 3528/3525
f 3482/3479 3481/3478 3529/3526
f 3420/3417 3528/3525 3346/3343
f 3342/3339 3530/3527 3421/3418
f 3531/3528 3532/3529 3533/3530
f 3487/3484 3534/3531 3483/3480
f 3487/3484 3424/3421 3534/3531
f 3198/3195 3493/3490 3442/3439
f 3200/3197 3535/3532 3102/3099
f 3361/3358 3442/3439 3536/3533
f 3282/3279 3537/3534 3495/3492
f 3538/3535 3364/3361 3539/3536
f 3539/3536 3364/3361 3283/3280
f 3106/3103 3498/3495 3445/3442
f 3540/3537 3499/3496 3204/3201
f 3205/3202 2955/2952 3541/3538
f 3367/3364 3541/3538 2955/2952
f 986/986 767/767 3542/3539
f 1913/1910 3543/3540 2738/2735
f 2076/2073 1915/1912 3544/3541
f 2076/2073 3544/3541 3545/3542
f 3206/3203 2076/2073 3448/3445
f 2439/2436 2960/2957 3447/3444
f 3546/3543 3376/3373 2963/2960
f 3379/3376 3547/3544 3288/3285
f 2747/2744 3548/3545 3289/3286
f 2747/2744 2872/2869 3548/3545
f 3453/3450 3549/3546 3455/3452
f 3294/3291 3550/3547 3508/3505
f 3551/3548 2968/2965 2818/2815
f 3503/3500 3505/3502 3509/3506
f 3552/3549 3553/3550 3554/3551
f 3552/3549 3555/3552 3553/3550
f 3551/3548 2818/2815 3556/3553
f 2875/2872 3376/3373 3557/3554
f 3509/3506 3505/3502 3514/3511
f 2818/2815 2580/2577 3556/3553
f 3510/3507 3458/3455 3558/3555
f 2875/2872 3557/3554 3119/3116
f 3559/3556 3520/3517 3554/3551
f 3519/3516 3399/3396 3560/3557
f 3399/3396 3462/3459 3560/3557
f 3464/3461 3560/3557 3462/3459
f 3469/3466 3561/3558 3470/3467
f 3469/3466 3524/3521 3561/3558
f 3562/3559 3467/3464 3524/3521
f 3563/3560 3525/3522 3470/3467
f 3227/3224 3402/3399 3564/3561
f 3469/3466 3467/3464 3562/3559
f 3401/3398 3565/3562 3317/3314
f 3315/3312 3566/3563 3567/3564
f 3565/3562 3323/3320 3317/3314
f 3565/3562 3568/3565 3323/3320
f 3315/3312 3320/3317 3566/3563
f 3322/3319 3526/3523 3320/3317
f 3473/3470 3239/3236 3527/3524
f 3481/3478 3477/3474 3569/3566
f 3532/3529 3570/3567 3533/3530
f 3359/3356 3102/3099 3535/3532
f 3359/3356 3535/3532 3571/3568
f 3282/3279 3364/3361 3537/3534
f 3538/3535 3537/3534 3364/3361
f 3496/3493 3497/3494 3104/3101
f 3541/3538 3572/3569 3573/3570
f 3367/3364 3572/3569 3541/3538
f 3499/3496 3574/3571 3203/3200
f 3575/3572 3572/3569 3367/3364
f 3500/3497 3203/3200 3574/3571
f 3368/3365 3575/3572 3367/3364
f 3576/3573 3575/3572 3368/3365
f 2076/2073 3545/3542 3448/3445
f 3577/3574 3578/3575 3579/3576
f 3580/3577 3581/3578 3582/3579
f 3583/3580 3584/3581 3585/3582
f 3453/3450 3508/3505 3549/3546
f 3578/3575 3577/3574 3586/3583
f 3587/3584 3553/3550 3555/3552
f 3581/3578 3588/3585 3589/3586
f 3590/3587 3581/3578 3589/3586
f 3591/3588 3396/3393 3513/3510
f 3592/3589 3593/3590 3594/3591
f 3554/3551 3553/3550 3559/3556
f 3589/3586 3595/3592 3590/3587
f 3591/3588 3397/3394 3396/3393
f 3518/3515 3596/3593 3597/3594
f 3559/3556 3553/3550 3598/3595
f 3516/3513 3518/3515 3597/3594
f 3599/3596 3460/3457 3519/3516
f 3559/3556 3521/3518 3520/3517
f 3559/3556 3598/3595 3521/3518
f 3598/3595 3561/3558 3524/3521
f 3521/3518 3598/3595 3524/3521
f 3600/3597 3563/3560 3561/3558
f 3601/3598 3602/3599 3603/3600
f 3604/3601 3401/3398 3397/3394
f 3561/3558 3563/3560 3470/3467
f 3605/3602 3606/3603 3607/3604
f 3468/3465 3315/3312 3608/3605
f 3526/3523 3566/3563 3320/3317
f 3566/3563 3526/3523 3609/3606
f 3526/3523 3411/3408 3609/3606
f 3610/3607 3479/3476 3611/3608
f 3529/3526 3481/3478 3612/3609
f 457/457 2072/2069 3613/3610
f 3542/3539 2807/2804 986/986
f 767/767 3039/3036 3542/3539
f 3447/3444 3501/3498 2648/2645
f 2302/2299 3286/3283 3614/3611
f 3507/3504 3615/3612 3616/3613
f 3617/3614 3506/3503 3115/3112
f 3618/3615 3619/3616 3592/3589
f 3619/3616 3618/3615 3587/3584
f 3587/3584 3618/3615 3620/3617
f 3587/3584 3620/3617 3553/3550
f 3513/3510 3621/3618 3591/3588
f 3620/3617 3618/3615 3594/3591
f 3594/3591 3618/3615 3592/3589
f 3591/3588 3604/3601 3397/3394
f 3597/3594 3622/3619 3516/3513
f 3596/3593 3623/3620 3597/3594
f 3553/3550 3620/3617 3598/3595
f 3624/3621 2876/2873 3120/3117
f 3620/3617 3594/3591 3600/3597
f 3620/3617 3600/3597 3598/3595
f 3601/3598 3625/3622 3626/3623
f 3626/3623 3595/3592 3601/3598
f 3598/3595 3600/3597 3561/3558
f 3601/3598 3603/3600 3625/3622
f 3402/3399 3627/3624 3564/3561
f 3323/3320 3568/3565 3628/3625
f 3609/3606 3411/3408 3474/3471
f 3629/3626 3474/3471 3528/3525
f 3477/3474 3479/3476 3569/3566
f 3528/3525 3630/3627 3629/3626
f 3529/3526 3612/3609 3631/3628
f 2738/2735 3632/3629 2538/2535
f 2738/2735 3633/3630 3632/3629
f 2647/2644 3207/3204 3634/3631
f 3208/3205 3502/3499 3635/3632
f 3208/3205 3635/3632 2865/2862
f 2960/2957 2865/2862 3636/3633
f 3546/3543 3637/3634 3376/3373
f 3616/3613 3615/3612 3638/3635
f 3639/3636 3615/3612 3507/3504
f 3640/3637 3547/3544 3379/3376
f 3641/3638 3616/3613 3638/3635
f 3506/3503 3639/3636 3507/3504
f 3289/3286 3640/3637 3379/3376
f 3289/3286 3548/3545 3640/3637
f 3642/3639 3549/3546 3643/3640
f 3508/3505 3644/3641 3549/3546
f 3549/3546 3644/3641 3643/3640
f 3550/3547 3644/3641 3508/3505
f 3645/3642 3551/3548 3556/3553
f 3637/3634 3557/3554 3376/3373
f 3597/3594 3623/3620 3622/3619
f 3626/3623 3590/3587 3595/3592
f 3646/3643 3647/3644 3648/3645
f 3608/3605 3315/3312 3567/3564
f 3568/3565 3649/3646 3628/3625
f 3611/3608 3650/3647 3651/3648
f 3652/3649 3611/3608 3651/3648
f 3610/3607 3611/3608 3652/3649
f 3609/3606 3474/3471 3629/3626
f 3481/3478 3653/3650 3612/3609
f 3481/3478 3569/3566 3653/3650
f 457/457 3613/3610 3371/3368
f 2738/2735 3543/3540 3654/3651
f 3655/3652 3656/3653 3657/3654
f 1915/1912 3658/3655 3544/3541
f 2647/2644 3634/3631 3659/3656
f 3659/3656 3502/3499 2647/2644
f 3502/3499 3660/3657 3635/3632
f 2865/2862 3635/3632 3661/3658
f 3662/3659 3663/3660 3664/3661
f 3665/3662 3666/3663 3667/3664
f 3617/3614 3639/3636 3506/3503
f 3617/3614 3115/3112 3288/3285
f 3119/3116 3557/3554 3668/3665
f 3623/3620 3669/3666 3622/3619
f 2876/2873 3624/3621 3043/3040
f 3670/3667 3624/3621 3120/3117
f 3671/3668 3648/3645 3672/3669
f 3673/3670 3646/3643 3671/3668
f 3674/3671 3646/3643 3673/3670
f 3646/3643 3674/3671 3675/3672
f 3646/3643 3648/3645 3671/3668
f 3676/3673 3677/3674 3678/3675
f 3679/3676 3678/3675 3677/3674
f 3648/3645 3647/3644 3680/3677
f 3604/3601 3681/3678 3401/3398
f 3564/3561 3627/3624 3682/3679
f 3564/3561 3682/3679 3683/3680
f 3401/3398 3681/3678 3565/3562
f 3479/3476 3610/3607 3684/3681
f 3542/3539 3685/3682 2807/2804
f 2807/2804 3685/3682 3686/3683
f 3687/3684 2538/2535 3632/3629
f 3688/3685 3689/3686 3690/3687
f 2738/2735 3654/3651 3633/3630
f 3633/3630 3654/3651 3691/3688
f 3692/3689 3693/3690 3694/3691
f 3695/3692 3696/3693 3697/3694
f 3688/3685 3698/3695 3689/3686
f 3695/3692 3657/3654 3696/3693
f 3699/3696 3655/3652 3657/3654
f 3695/3692 3699/3696 3657/3654
f 3636/3633 2865/2862 3700/3697
f 3701/3698 3698/3695 3546/3543
f 3664/3661 3702/3699 3662/3659
f 3667/3664 3666/3663 3703/3700
f 3704/3701 3705/3702 3706/3703
f 3286/3283 3510/3507 3614/3611
f 3579/3576 3707/3704 3577/3574
f 3641/3638 3638/3635 3708/3705
f 3709/3706 3640/3637 3548/3545
f 3642/3639 3643/3640 3710/3707
f 3577/3574 3711/3708 3586/3583
f 3711/3708 3712/3709 3586/3583
f 3671/3668 3713/3710 3673/3670
f 3714/3711 3715/3712 3674/3671
f 3557/3554 3637/3634 3668/3665
f 3591/3588 3716/3713 3604/3601
f 3558/3555 3717/3714 3510/3507
f 3675/3672 3674/3671 3715/3712
f 3672/3669 3648/3645 3718/3715
f 3718/3715 3648/3645 3719/3716
f 3625/3622 3603/3600 3720/3717
f 3648/3645 3680/3677 3719/3716
f 3678/3675 3721/3718 3676/3673
f 3722/3719 3608/3605 3567/3564
f 3647/3644 3723/3720 3680/3677
f 3676/3673 3724/3721 3725/3722
f 3721/3718 3724/3721 3676/3673
f 3726/3723 3565/3562 3681/3678
f 3726/3723 3568/3565 3565/3562
f 857/857 2537/2534 3727/3724
f 2538/2535 3728/3725 3039/3036
f 1913/1910 2739/2736 3543/3540
f 3729/3726 3730/3727 3731/3728
f 3732/3729 3729/3726 3731/3728
f 3733/3730 3729/3726 3732/3729
f 3694/3691 3693/3690 3734/3731
f 3729/3726 3735/3732 3730/3727
f 3736/3733 3735/3732 3729/3726
f 3736/3733 3729/3726 3733/3730
f 3636/3633 3700/3697 3737/3734
f 3734/3731 3693/3690 3738/3735
f 3739/3736 3740/3737 3741/3738
f 3742/3739 3659/3656 3743/3740
f 2865/2862 3661/3658 3700/3697
f 3702/3699 3664/3661 3744/3741
f 3745/3742 3615/3612 3639/3636
f 3548/3545 3746/3743 3709/3706
f 3711/3708 3577/3574 3707/3704
f 3639/3636 3747/3744 3745/3742
f 3582/3579 3581/3578 3748/3745
f 3710/3707 3643/3640 3749/3746
f 3643/3640 3644/3641 3749/3746
f 3750/3747 3645/3642 3556/3553
f 3673/3670 3714/3711 3674/3671
f 3621/3618 3751/3748 3591/3588
f 3750/3747 3556/3553 2580/2577
f 3713/3710 3671/3668 3752/3749
f 3752/3749 3671/3668 3672/3669
f 2580/2577 906/906 3753/3750
f 3717/3714 3754/3751 3510/3507
f 3755/3752 3669/3666 3756/3753
f 3718/3715 3757/3754 3672/3669
f 3604/3601 3716/3713 3681/3678
f 3567/3564 3566/3563 3722/3719
f 3726/3723 3758/3755 3568/3565
f 3566/3563 3609/3606 3759/3756
f 3568/3565 3758/3755 3649/3646
f 3760/3757 3761/3758 3762/3759
f 3760/3757 3762/3759 3763/3760
f 3763/3760 3764/3761 3765/3762
f 3764/3761 3766/3763 3765/3762
f 3610/3607 3767/3764 3684/3681
f 3684/3681 3569/3566 3479/3476
f 3569/3566 3768/3765 3653/3650
f 3612/3609 3653/3650 3769/3766
f 3728/3725 2538/2535 3687/3684
f 3654/3651 3770/3767 3691/3688
f 3771/3768 3772/3769 3773/3770
f 3774/3771 3773/3770 3772/3769
f 3688/3685 3775/3772 3698/3695
f 3698/3695 3775/3772 3546/3543
f 3614/3611 3510/3507 3776/3773
f 3777/3774 3711/3708 3707/3704
f 3638/3635 3778/3775 3708/3705
f 3713/3710 3779/3776 3780/3777
f 3713/3710 3780/3777 3781/3778
f 3745/3742 3638/3635 3615/3612
f 3747/3744 3639/3636 3617/3614
f 3748/3745 3581/3578 3782/3779
f 3783/3780 3642/3639 3710/3707
f 3644/3641 3784/3781 3749/3746
f 3673/3670 3713/3710 3781/3778
f 3714/3711 3673/3670 3781/3778
f 3782/3779 3581/3578 3590/3587
f 3591/3588 3751/3748 3785/3782
f 3786/3783 3787/3784 3752/3749
f 3788/3785 3789/3786 3790/3787
f 3782/3779 3590/3587 3791/3788
f 3785/3782 3716/3713 3591/3588
f 3776/3773 3510/3507 3754/3751
f 3786/3783 3752/3749 3672/3669
f 3792/3789 2580/2577 3753/3750
f 3669/3666 3755/3752 3622/3619
f 3793/3790 3794/3791 3795/3792
f 3790/3787 3796/3793 3797/3794
f 3718/3715 3798/3795 3757/3754
f 3790/3787 3797/3794 3799/3796
f 3625/3622 3800/3797 3626/3623
f 3801/3798 3798/3795 3718/3715
f 3801/3798 3718/3715 3719/3716
f 3797/3794 3802/3799 3799/3796
f 3720/3717 3800/3797 3625/3622
f 3680/3677 3803/3800 3719/3716
f 3678/3675 3724/3721 3721/3718
f 3681/3678 3804/3801 3726/3723
f 3680/3677 3805/3802 3803/3800
f 3805/3802 3680/3677 3723/3720
f 3759/3756 3722/3719 3566/3563
f 3759/3756 3609/3606 3806/3803
f 3764/3761 3762/3759 3807/3804
f 3763/3760 3762/3759 3764/3761
f 3768/3765 3569/3566 3684/3681
f 3808/3805 3653/3650 3768/3765
f 3809/3806 3629/3626 3630/3627
f 3653/3650 3808/3805 3769/3766
f 857/857 3727/3724 2434/2431
f 3686/3683 3810/3807 2807/2804
f 3685/3682 3542/3539 3811/3808
f 3542/3539 3039/3036 3811/3808
f 3812/3809 3728/3725 3687/3684
f 3771/3768 3773/3770 3813/3810
f 3814/3811 3815/3812 3816/3813
f 3815/3812 3817/3814 3816/3813
f 3694/3691 3734/3731 3818/3815
f 3816/3813 3817/3814 3819/3816
f 3688/3685 3820/3817 3775/3772
f 3544/3541 3821/3818 3545/3542
f 3773/3770 3774/3771 3822/3819
f 3742/3739 3635/3632 3660/3657
f 3742/3739 3661/3658 3635/3632
f 3744/3741 3823/3820 3702/3699
f 3824/3821 3825/3822 3667/3664
f 3824/3821 3667/3664 3703/3700
f 3823/3820 3826/3823 3702/3699
f 3824/3821 3703/3700 3827/3824
f 3614/3611 3776/3773 3828/3825
f 3705/3702 3829/3826 3830/3827
f 3705/3702 3830/3827 3706/3703
f 3778/3775 3831/3828 3708/3705
f 3747/3744 3617/3614 3832/3829
f 3713/3710 3752/3749 3779/3776
f 3788/3785 3833/3830 3789/3786
f 3750/3747 2580/2577 3792/3789
f 3789/3786 3796/3793 3790/3787
f 3626/3623 3791/3788 3590/3587
f 3716/3713 3785/3782 3834/3831
f 3622/3619 3835/3832 3836/3833
f 3622/3619 3755/3752 3835/3832
f 3795/3792 3794/3791 3837/3834
f 3838/3835 3839/3836 3840/3837
f 3797/3794 3841/3838 3802/3799
f 3842/3839 3843/3840 3844/3841
f 3841/3838 3845/3842 3802/3799
f 3801/3798 3719/3716 3846/3843
f 3627/3624 3847/3844 3682/3679
f 3719/3716 3803/3800 3848/3845
f 3678/3675 3849/3846 3724/3721
f 3678/3675 3850/3847 3849/3846
f 3848/3845 3803/3800 3851/3848
f 3851/3848 3803/3800 3805/3802
f 3852/3849 3853/3850 3725/3722
f 3724/3721 3852/3849 3725/3722
f 3761/3758 3854/3851 3762/3759
f 3762/3759 3855/3852 3807/3804
f 3856/3853 3764/3761 3807/3804
f 3764/3761 3856/3853 3766/3763
f 3609/3606 3629/3626 3806/3803
f 3767/3764 3857/3854 3684/3681
f 3857/3854 3858/3855 3684/3681
f 3769/3766 3859/3856 3612/3609
f 3690/3687 3820/3817 3688/3685
f 3818/3815 3734/3731 3860/3857
f 3734/3731 3861/3858 3860/3857
f 3700/3697 3862/3859 3737/3734
f 3658/3655 3863/3860 3544/3541
f 3544/3541 3863/3860 3821/3818
f 3742/3739 3743/3740 3661/3658
f 3700/3697 3661/3658 3862/3859
f 3637/3634 3546/3543 3775/3772
f 3864/3861 3865/3862 3866/3863
f 3832/3829 3617/3614 3288/3285
f 3867/3864 3779/3776 3868/3865
f 3869/3866 3832/3829 3288/3285
f 3869/3866 3288/3285 3547/3544
f 3640/3637 3869/3866 3547/3544
f 3869/3866 3640/3637 3870/3867
f 3640/3637 3709/3706 3870/3867
f 3871/3868 3872/3869 3873/3870
f 3872/3869 3874/3871 3873/3870
f 3777/3774 3875/3872 3711/3708
f 3876/3873 3877/3874 3878/3875
f 3868/3865 3779/3776 3752/3749
f 3879/3876 3871/3868 3880/3877
f 3881/3878 3882/3879 3883/3880
f 3884/3881 3883/3880 3882/3879
f 3789/3786 3833/3830 3885/3882
f 3879/3876 3886/3883 3887/3884
f 3880/3877 3886/3883 3879/3876
f 3888/3885 3880/3877 3873/3870
f 3873/3870 3880/3877 3871/3868
f 3889/3886 3883/3880 3884/3881
f 3890/3887 3889/3886 3884/3881
f 3891/3888 3889/3886 3890/3887
f 3885/3882 3796/3793 3789/3786
f 3892/3889 3893/3890 3894/3891
f 3895/3892 3889/3886 3891/3888
f 3896/3893 3835/3832 3755/3752
f 3889/3886 3897/3894 3883/3880
f 3895/3892 3897/3894 3889/3886
f 3891/3888 3898/3895 3895/3892
f 3624/3621 3899/3896 3043/3040
f 3900/3897 3624/3621 3670/3667
f 3901/3898 3902/3899 3837/3834
f 3903/3900 3793/3790 3795/3792
f 3904/3901 3905/3902 3906/3903
f 3794/3791 3901/3898 3837/3834
f 3907/3904 3901/3898 3794/3791
f 3834/3831 3908/3905 3716/3713
f 3797/3794 3909/3906 3841/3838
f 3796/3793 3909/3906 3797/3794
f 3908/3905 3804/3801 3716/3713
f 3910/3907 3845/3842 3841/3838
f 3911/3908 3683/3680 3912/3909
f 3716/3713 3804/3801 3681/3678
f 3682/3679 3847/3844 3912/3909
f 3912/3909 3683/3680 3682/3679
f 3846/3843 3719/3716 3848/3845
f 3724/3721 3849/3846 3913/3910
f 3914/3911 3722/3719 3759/3756
f 3915/3912 3916/3913 3917/3914
f 3918/3915 3919/3916 3920/3917
f 3852/3849 3724/3721 3913/3910
f 3921/3918 3759/3756 3806/3803
f 3809/3806 3806/3803 3629/3626
f 3809/3806 3922/3919 3923/3920
f 3809/3806 3630/3627 3922/3919
f 3769/3766 3808/3805 3924/3921
f 3925/3922 3926/3923 3922/3919
f 3926/3923 3925/3922 3927/3924
f 3769/3766 3924/3921 3928/3925
f 2807/2804 3810/3807 3446/3443
f 3654/3651 3929/3926 3770/3767
f 3654/3651 3543/3540 3929/3926
f 3817/3814 3930/3927 3819/3816
f 3207/3204 3448/3445 3931/3928
f 3207/3204 3931/3928 3634/3631
f 3775/3772 3932/3929 3637/3634
f 3932/3929 3668/3665 3637/3634
f 3754/3751 3933/3930 3776/3773
f 3796/3793 3885/3882 3934/3931
f 3894/3891 3935/3932 3892/3889
f 3936/3933 3902/3899 3901/3898
f 3894/3891 3937/3934 3935/3932
f 3894/3891 3893/3890 3938/3935
f 3939/3936 3940/3937 3941/3938
f 3043/3040 3899/3896 3942/3939
f 3899/3896 3624/3621 3900/3897
f 3837/3834 3903/3900 3795/3792
f 3904/3901 3906/3903 3943/3940
f 3944/3941 3904/3901 3943/3940
f 3945/3942 3946/3943 3947/3944
f 3839/3836 3838/3835 3948/3945
f 3949/3946 3842/3839 3844/3841
f 3838/3835 3840/3837 3950/3947
f 3909/3906 3910/3907 3841/3838
f 3951/3948 3952/3949 3953/3950
f 3951/3948 3953/3950 3954/3951
f 3912/3909 3955/3952 3911/3908
f 3910/3907 3956/3953 3845/3842
f 3914/3911 3957/3954 3722/3719
f 3952/3949 3915/3912 3953/3950
f 3953/3950 3915/3912 3958/3955
f 3726/3723 3804/3801 3959/3956
f 3915/3912 3917/3914 3958/3955
f 3921/3918 3914/3911 3759/3756
f 3959/3956 3758/3755 3726/3723
f 3960/3957 3917/3914 3961/3958
f 3962/3959 3963/3960 3964/3961
f 3854/3851 3855/3852 3762/3759
f 3963/3960 3965/3962 3964/3961
f 3806/3803 3809/3806 3966/3963
f 3684/3681 3858/3855 3768/3765
f 3967/3964 3808/3805 3768/3765
f 3808/3805 3968/3965 3924/3921
f 3969/3966 3691/3688 3770/3767
f 3970/3967 3971/3968 3972/3969
f 3973/3970 3974/3971 3975/3972
f 3976/3973 3975/3972 3977/3974
f 3978/3975 3979/3976 3980/3977
f 3981/3978 3975/3972 3974/3971
f 3977/3974 3975/3972 3981/3978
f 3972/3969 3982/3979 3983/3980
f 3984/3981 3985/3982 3986/3983
f 3987/3984 3741/3738 3740/3737
f 3987/3984 3740/3737 3988/3985
f 3862/3859 3661/3658 3989/3986
f 3990/3987 3828/3825 3776/3773
f 3932/3929 3991/3988 3668/3665
f 3933/3930 3990/3987 3776/3773
f 3992/3989 3936/3933 3901/3898
f 3993/3990 3941/3938 3940/3937
f 3901/3898 3994/3991 3995/3992
f 3796/3793 3934/3931 3996/3993
f 3939/3936 3942/3939 3940/3937
f 3796/3793 3996/3993 3909/3906
f 3997/3994 3947/3944 3946/3943
f 3838/3835 3998/3995 3948/3945
f 3950/3947 3998/3995 3838/3835
f 3911/3908 3955/3952 3999/3996
f 3954/3951 3953/3950 4000/3997
f 3910/3907 4001/3998 3956/3953
f 3957/3954 3914/3911 4002/3999
f 4003/4000 3804/3801 3908/3905
f 4000/3997 3953/3950 3958/3955
f 4001/3998 4004/4001 3956/3953
f 3914/3911 4005/4002 4002/3999
f 3958/3955 3917/3914 4006/4003
f 4006/4003 3917/3914 3960/3957
f 3852/3849 3913/3910 4007/4004
f 3959/3956 4008/4005 3758/3755
f 4009/4006 3856/3853 3807/3804
f 4009/4006 3807/3804 3855/3852
f 4009/4006 4010/4007 3856/3853
f 3965/3962 4011/4008 4012/4009
f 4011/4008 4013/4010 4012/4009
f 4014/4011 3768/3765 3858/3855
f 3967/3964 3768/3765 4014/4011
f 3967/3964 3968/3965 3808/3805
f 3926/3923 4015/4012 3923/3920
f 3926/3923 3923/3920 3922/3919
f 4016/4013 4017/4014 4018/4015
f 4019/4016 4018/4015 4020/4017
f 4018/4015 4017/4014 4020/4017
f 3371/3368 3727/3724 2537/2534
f 4021/4018 3972/3969 3971/3968
f 3812/3809 4022/4019 3728/3725
f 3728/3725 4022/4019 3770/3767
f 4022/4019 3969/3966 3770/3767
f 3972/3969 4021/4018 3982/3979
f 3983/3980 4023/4020 3972/3969
f 4024/4021 3821/3818 3863/3860
f 4025/4022 3821/3818 4024/4021
f 3634/3631 3931/3928 4026/4023
f 3740/3737 4027/4024 3988/3985
f 3974/3971 4028/4025 4029/4026
f 3981/3978 3974/3971 4029/4026
f 4030/4027 3981/3978 4029/4026
f 4031/4028 3981/3978 4032/4029
f 4031/4028 3977/3974 3981/3978
f 4033/4030 4034/4031 4035/4032
f 3992/3989 3901/3898 3995/3992
f 4036/4033 4035/4032 4037/4034
f 4035/4032 4034/4031 4037/4034
f 3894/3891 4038/4035 3937/3934
f 3937/3934 4038/4035 4039/4036
f 3938/3935 4038/4035 3894/3891
f 4040/4037 4041/4038 4042/4039
f 3946/3943 4043/4040 4044/4041
f 3946/3943 4045/4042 4043/4040
f 3940/3937 4046/4043 3993/3990
f 4047/4044 4048/4045 4049/4046
f 4050/4047 4051/4048 4052/4049
f 3934/3931 4053/4050 3996/3993
f 4041/4038 4054/4051 4055/4052
f 3940/3937 4056/4053 4046/4043
f 3942/3939 4056/4053 3940/3937
f 3942/3939 3899/3896 4056/4053
f 3901/3898 3907/3904 3994/3991
f 3949/3946 4055/4052 4054/4051
f 4057/4054 4058/4055 4047/4044
f 4048/4045 4047/4044 4058/4055
f 4044/4041 3997/3994 3946/3943
f 4059/4056 3948/3945 3998/3995
f 3954/3951 4052/4049 4060/4057
f 3954/3951 4061/4058 4052/4049
f 3909/3906 4001/3998 3910/3907
f 3844/3841 4062/4059 3949/3946
f 4061/4058 3954/3951 4000/3997
f 3955/3952 3912/3909 4063/4060
f 3947/3944 3997/3994 4064/4061
f 3914/3911 4065/4062 4005/4002
f 3804/3801 4003/4000 3959/3956
f 4065/4062 3914/3911 3921/3918
f 3964/3961 4066/4063 3962/3959
f 3960/3957 4067/4064 4006/4003
f 3854/3851 4068/4065 3855/3852
f 3855/3852 4068/4065 4069/4066
f 4009/4006 3855/3852 4069/4066
f 4070/4067 4010/4007 4009/4006
f 4071/4068 3923/3920 4015/4012
f 4072/4069 4073/4070 4074/4071
f 4072/4069 4075/4072 4076/4073
f 3926/3923 4077/4074 4015/4012
f 4017/4014 4078/4075 4020/4017
f 4078/4075 4079/4076 4020/4017
f 3926/3923 4080/4077 4077/4074
f 3927/3924 4080/4077 3926/3923
f 4081/4078 4082/4079 3984/3981
f 3984/3981 4082/4079 3985/3982
f 4082/4079 4083/4080 3985/3982
f 3985/3982 4083/4080 4084/4081
f 4083/4080 4085/4082 4084/4081
f 4084/4081 4030/4027 4029/4026
f 4085/4082 4030/4027 4084/4081
f 4030/4027 4032/4029 3981/3978
f 4086/4083 4082/4079 4081/4078
f 4085/4082 4083/4080 4087/4084
f 4032/4029 4030/4027 4088/4085
f 4081/4078 4089/4086 4090/4087
f 4087/4084 4082/4079 4091/4088
f 4083/4080 4082/4079 4087/4084
f 4085/4082 4087/4084 4092/4089
f 4093/4090 4030/4027 4085/4082
f 4088/4085 4030/4027 4094/4091
f 4094/4091 4030/4027 4093/4090
f 4089/4086 4095/4092 4090/4087
f 4086/4083 4081/4078 4090/4087
f 4082/4079 4086/4083 4091/4088
f 4092/4089 4087/4084 4096/4093
f 4093/4090 4085/4082 4092/4089
f 4032/4029 4088/4085 4097/4094
f 4087/4084 4091/4088 4098/4095
f 4096/4093 4087/4084 4098/4095
f 4099/4096 4092/4089 4096/4093
f 4093/4090 4092/4089 4040/4037
f 4043/4040 4093/4090 4040/4037
f 4100/4097 4093/4090 4043/4040
f 4094/4091 4093/4090 4100/4097
f 4032/4029 4097/4094 4101/4098
f 4032/4029 4101/4098 4031/4028
f 4098/4095 4091/4088 4102/4099
f 4092/4089 4099/4096 4103/4100
f 4040/4037 4092/4089 4103/4100
f 4043/4040 4040/4037 4042/4039
f 4104/4101 4105/4102 4106/4103
f 4088/4085 4094/4091 4107/4104
f 4097/4094 4088/4085 4107/4104
f 3995/3992 4108/4105 3992/3989
f 4033/4030 4109/4106 4034/4031
f 4090/4087 4095/4092 4110/4107
f 4111/4108 4090/4087 4110/4107
f 4112/4109 4113/4110 4114/4111
f 4096/4093 4098/4095 4115/4112
f 4099/4096 4096/4093 4115/4112
f 4045/4042 4100/4097 4043/4040
f 4105/4102 4116/4113 4106/4103
f 4037/4034 4034/4031 4117/4114
f 4102/4099 4118/4115 4119/4116
f 4114/4111 4113/4110 4120/4117
f 4121/4118 4115/4112 4119/4116
f 4099/4096 4115/4112 4121/4118
f 4103/4100 4099/4096 4121/4118
f 4054/4051 4103/4100 4121/4118
f 4041/4038 4103/4100 4054/4051
f 4040/4037 4103/4100 4041/4038
f 4044/4041 4043/4040 4042/4039
f 4097/4094 4107/4104 4122/4119
f 4101/4098 4097/4094 4123/4120
f 4123/4120 4097/4094 4122/4119
f 4047/4044 4124/4121 4125/4122
f 4124/4121 4047/4044 4049/4046
f 4050/4047 4052/4049 4126/4123
f 4055/4052 4042/4039 4041/4038
f 4127/4124 4044/4041 4042/4039
f 4126/4123 4052/4049 4061/4058
f 4128/4125 4001/3998 3909/3906
f 4127/4124 3997/3994 4044/4041
f 4129/4126 4055/4052 3949/3946
f 4130/4127 3997/3994 4127/4124
f 3949/3946 4062/4059 4129/4126
f 4131/4128 4132/4129 4003/4000
f 3999/3996 3955/3952 4133/4130
f 4002/3999 4005/4002 4134/4131
f 4135/4132 4000/3997 3958/3955
f 4005/4002 4065/4062 4136/4133
f 4137/4134 4066/4063 4138/4135
f 4001/3998 4139/4136 4004/4001
f 4139/4136 4140/4137 4004/4001
f 3921/3918 4141/4138 4065/4062
f 4142/4139 4143/4140 4144/4141
f 3964/3961 4138/4135 4066/4063
f 4145/4142 4069/4066 4068/4065
f 3965/3962 4146/4143 3964/3961
f 4012/4009 4146/4143 3965/3962
f 4009/4006 4069/4066 4070/4067
f 4073/4070 4147/4144 4074/4071
f 4074/4071 4075/4072 4072/4069
f 4148/4145 4149/4146 4150/4147
f 4077/4074 4080/4077 4151/4148
f 4090/4087 4111/4108 4086/4083
f 4152/4149 4153/4150 3995/3992
f 4108/4105 3995/3992 4153/4150
f 4154/4151 4111/4108 4110/4107
f 4091/4088 4086/4083 4118/4115
f 4118/4115 4086/4083 4155/4152
f 4091/4088 4118/4115 4102/4099
f 3994/3991 4152/4149 3995/3992
f 4156/4153 4110/4107 4157/4154
f 4154/4151 4110/4107 4156/4153
f 4057/4054 4047/4044 4125/4122
f 4158/4155 3948/3945 4159/4156
f 4160/4157 3909/3906 3996/3993
f 4055/4052 4161/4158 4042/4039
f 4161/4158 4127/4124 4042/4039
f 4059/4056 4159/4156 3948/3945
f 4128/4125 3909/3906 4160/4157
f 4162/4159 4161/4158 4055/4052
f 4161/4158 4130/4127 4127/4124
f 4163/4160 4164/4161 4063/4060
f 3955/3952 4063/4060 4164/4161
f 3955/3952 4164/4161 4165/4162
f 4129/4126 4162/4159 4055/4052
f 3955/3952 4165/4162 4133/4130
f 4133/4130 4165/4162 4166/4163
f 4167/4164 4133/4130 4166/4163
f 4168/4165 4167/4164 4166/4163
f 4135/4132 3958/3955 4006/4003
f 4169/4166 4170/4167 4171/4168
f 4144/4141 4169/4166 4171/4168
f 4172/4169 4173/4170 4137/4134
f 4138/4135 4172/4169 4137/4134
f 4003/4000 4174/4171 3959/3956
f 4006/4003 4067/4064 4175/4172
f 4176/4173 4177/4174 4178/4175
f 4141/4138 4136/4133 4065/4062
f 4171/4168 4142/4139 4144/4141
f 4179/4176 3959/3956 4174/4171
f 4138/4135 3964/3961 4146/4143
f 4138/4135 4146/4143 4172/4169
f 3854/3851 4180/4177 4068/4065
f 3959/3956 4179/4176 4008/4005
f 4181/4178 4182/4179 4145/4142
f 4068/4065 4181/4178 4145/4142
f 4182/4179 4183/4180 4145/4142
f 4182/4179 4184/4181 4183/4180
f 4145/4142 4183/4180 4185/4182
f 4145/4142 4185/4182 4186/4183
f 4145/4142 4186/4183 4069/4066
f 4187/4184 4146/4143 4188/4185
f 4185/4182 4183/4180 4147/4144
f 4186/4183 4185/4182 4147/4144
f 4188/4185 4146/4143 4012/4009
f 4183/4180 4189/4186 4074/4071
f 4147/4144 4183/4180 4074/4071
f 4190/4187 4191/4188 4192/4189
f 4074/4071 4189/4186 4193/4190
f 4189/4186 4194/4191 4193/4190
f 4069/4066 4186/4183 4070/4067
f 4147/4144 4073/4070 4186/4183
f 4070/4067 4186/4183 4073/4070
f 4192/4189 4195/4192 4196/4193
f 4075/4072 4074/4071 4193/4190
f 4195/4192 4197/4194 4196/4193
f 3371/3368 3613/3610 4198/4195
f 4108/4105 4153/4150 4199/4196
f 4154/4151 4155/4152 4111/4108
f 4111/4108 4155/4152 4086/4083
f 4125/4122 4200/4197 4057/4054
f 4201/4198 4118/4115 4155/4152
f 4000/3997 4202/4199 4061/4058
f 4202/4199 4203/4200 4061/4058
f 4204/4201 4205/4202 4167/4164
f 4205/4202 4204/4201 4206/4203
f 4207/4204 4205/4202 4206/4203
f 4163/4160 4208/4205 4164/4161
f 4204/4201 4167/4164 4168/4165
f 4209/4206 4207/4204 4210/4207
f 4209/4206 4210/4207 4211/4208
f 4000/3997 4135/4132 4202/4199
f 4128/4125 4139/4136 4001/3998
f 4132/4129 4212/4209 4003/4000
f 4212/4209 4174/4171 4003/4000
f 4175/4172 4135/4132 4006/4003
f 4173/4170 4172/4169 4213/4210
f 4214/4211 4215/4212 4216/4213
f 4179/4176 4174/4171 4217/4214
f 4213/4210 4172/4169 4218/4215
f 4182/4179 4181/4178 4219/4216
f 4180/4177 4181/4178 4068/4065
f 4218/4215 4172/4169 4146/4143
f 4220/4217 4221/4218 4222/4219
f 4196/4193 4190/4187 4192/4189
f 4223/4220 4220/4217 4224/4221
f 4223/4220 4149/4146 4220/4217
f 4150/4147 4149/4146 4223/4220
f 3728/3725 4225/4222 3039/3036
f 4034/4031 4109/4106 4226/4223
f 4226/4223 4117/4114 4034/4031
f 4227/4224 4228/4225 4158/4155
f 4229/4226 4200/4197 4125/4122
f 4159/4156 4227/4224 4158/4155
f 4159/4156 4059/4056 4230/4227
f 4154/4151 4201/4198 4155/4152
f 4157/4154 4231/4228 4232/4229
f 4232/4229 4156/4153 4157/4154
f 4233/4230 4201/4198 4154/4151
f 4234/4231 4206/4203 4204/4201
f 4235/4232 4233/4230 4178/4175
f 4234/4231 4166/4163 4165/4162
f 4168/4165 4166/4163 4234/4231
f 4204/4201 4168/4165 4234/4231
f 4206/4203 4236/4233 4207/4204
f 4210/4207 4207/4204 4236/4233
f 4212/4209 4132/4129 4237/4234
f 4202/4199 4135/4132 4203/4200
f 4178/4175 4233/4230 4176/4173
f 4176/4173 4232/4229 4238/4235
f 4134/4131 4005/4002 4239/4236
f 4005/4002 4136/4133 4239/4236
f 4240/4237 4171/4168 4170/4167
f 4214/4211 4216/4213 4241/4238
f 4220/4217 4222/4219 4224/4221
f 4196/4193 4197/4194 4242/4239
f 4243/4240 4244/4241 4078/4075
f 4245/4242 4242/4239 4197/4194
f 4244/4241 4079/4076 4078/4075
f 4246/4243 4199/4196 4153/4150
f 4246/4243 4153/4150 4152/4149
f 4159/4156 4230/4227 4227/4224
f 4156/4153 4232/4229 4233/4230
f 4156/4153 4233/4230 4154/4151
f 4201/4198 4233/4230 4235/4232
f 4208/4205 4247/4244 4164/4161
f 4247/4244 4165/4162 4164/4161
f 4234/4231 4165/4162 4247/4244
f 4206/4203 4234/4231 4248/4245
f 4236/4233 4206/4203 4248/4245
f 4232/4229 4176/4173 4233/4230
f 4134/4131 4239/4236 4249/4246
f 4136/4133 4141/4138 4250/4247
f 4171/4168 4251/4248 4252/4249
f 4240/4237 4251/4248 4171/4168
f 4214/4211 4241/4238 4240/4237
f 4240/4237 4241/4238 4251/4248
f 4142/4139 4171/4168 4252/4249
f 4253/4250 4196/4193 4242/4239
f 4190/4187 4196/4193 4253/4250
f 4243/4240 4254/4251 4244/4241
f 3811/3808 4255/4252 3810/3807
f 4109/4106 4256/4253 4257/4254
f 4257/4254 4226/4223 4109/4106
f 4258/4255 4229/4226 4259/4256
f 4260/4257 4261/4258 4262/4259
f 4258/4255 4200/4197 4229/4226
f 4228/4225 4227/4224 4263/4260
f 4247/4244 4248/4245 4234/4231
f 4248/4245 4264/4261 4236/4233
f 4247/4244 4208/4205 4265/4262
f 4248/4245 4247/4244 4265/4262
f 4236/4233 4264/4261 4266/4263
f 4236/4233 4266/4263 4210/4207
f 4237/4234 4267/4264 4212/4209
f 4212/4209 4267/4264 4268/4265
f 4239/4236 4269/4266 4249/4246
f 4212/4209 4268/4265 4174/4171
f 4136/4133 4250/4247 4239/4236
f 4241/4238 4216/4213 4270/4267
f 4174/4171 4268/4265 4217/4214
f 4271/4268 4253/4250 4242/4239
f 458/458 4272/4269 94/94
f 458/458 3446/3443 4272/4269
f 4260/4257 4273/4270 4274/4271
f 4262/4259 4273/4270 4260/4257
f 4275/4272 4227/4224 4230/4227
f 4265/4262 4264/4261 4248/4245
f 4276/4273 4265/4262 4208/4205
f 4277/4274 4278/4275 4279/4276
f 4277/4274 4280/4277 4281/4278
f 4281/4278 4280/4277 4282/4279
f 4283/4280 4281/4278 4282/4279
f 4284/4281 4252/4249 4285/4282
f 4251/4248 4285/4282 4252/4249
f 4286/4283 4285/4282 4251/4248
f 4241/4238 4286/4283 4251/4248
f 4270/4267 4286/4283 4241/4238
f 4287/4284 4270/4267 4216/4213
f 3728/3725 3929/3926 4225/4222
f 3770/3767 3929/3926 3728/3725
f 4274/4271 4273/4270 4288/4285
f 4227/4224 4275/4272 4263/4260
f 4289/4286 4200/4197 4258/4255
f 4277/4274 4279/4276 4280/4277
f 3810/3807 4255/4252 3446/3443
f 3929/3926 3543/3540 4290/4287
f 4291/4288 4288/4285 4273/4270
f 4291/4288 4273/4270 4262/4259
f 4292/4289 4263/4260 4275/4272
f 4258/4255 4293/4290 4289/4286
f 3039/3036 4225/4222 3811/3808
f 4293/4290 4258/4255 4259/4256
f 3613/3610 2072/2069 4198/4195
f 3543/3540 2739/2736 4290/4287
f 3811/3808 4225/4222 4255/4252
f 3371/3368 4198/4195 3727/3724
f 3929/3926 4290/4287 4225/4222
f 2739/2736 4294/4291 4290/4287
f 2739/2736 557/557 4294/4291
f 93/93 4295/4292 2433/2430
f 94/94 4272/4269 4296/4293
f 2433/2430 4295/4292 4297/4294
f 2433/2430 4297/4294 2072/2069
f 930/930 2434/2431 4298/4295
f 2072/2069 4297/4294 4299/4296
f 2072/2069 4299/4296 4198/4195
f 930/930 4298/4295 1641/1638
f 3727/3724 4198/4195 4300/4297
f 3446/3443 4301/4298 4272/4269
f 3446/3443 4255/4252 4301/4298
f 4225/4222 4302/4299 4255/4252
f 3727/3724 4300/4297 2434/2431
f 1641/1638 4298/4295 4303/4300
f 4303/4300 931/931 1641/1638
f 557/557 4304/4301 4294/4291
f 4304/4301 557/557 932/932
f 4272/4269 4305/4302 4296/4293
f 4272/4269 4301/4298 4305/4302
f 4198/4195 4299/4296 4300/4297
f 4306/4303 931/931 4303/4300
f 4290/4287 4307/4304 4225/4222
f 4308/4305 4304/4301 932/932
f 4300/4297 4299/4296 4309/4306
f 2434/2431 4300/4297 4298/4295
f 4225/4222 4307/4304 4302/4299
f 4298/4295 4300/4297 4309/4306
f 4302/4299 4301/4298 4255/4252
f 4290/4287 4294/4291 4307/4304
f 4297/4294 4295/4292 4310/4307
f 4309/4306 4299/4296 4297/4294
f 4309/4306 4297/4294 4311/4308
f 4309/4306 4311/4308 4312/4309
f 4298/4295 4309/4306 4312/4309
f 4303/4300 4298/4295 4306/4303
f 4298/4295 4312/4309 4306/4303
f 4305/4302 4313/4310 4296/4293
f 4301/4298 4314/4311 4305/4302
f 4302/4299 4314/4311 4301/4298
f 4302/4299 4315/4312 4314/4311
f 4307/4304 4315/4312 4302/4299
f 4294/4291 4315/4312 4307/4304
f 4294/4291 4316/4313 4315/4312
f 4304/4301 4308/4305 4294/4291
f 4294/4291 4308/4305 4316/4313
f 4297/4294 4310/4307 4311/4308
f 4310/4307 4317/4314 4311/4308
f 4311/4308 4317/4314 4312/4309
f 4317/4314 4306/4303 4312/4309
f 4314/4311 4313/4310 4305/4302
f 4318/4315 4313/4310 4314/4311
f 4315/4312 4318/4315 4314/4311
f 4308/4305 4318/4315 4315/4312
f 4316/4313 4308/4305 4315/4312
# Vertices: 4318, normals: 0, texture coordinates: 4315, faces: 5000

