# File generated by FabConvert.com - Free Image and 3D model conversion tools

mtllib asset_gSxoqYAzCG9UBmGQaFFZDCr9.mtl

o obj1
v -0.98824501 -0.444098 0.000949
v -0.98508602 -0.444011 -0.053289
v -0.97930199 -0.451184 0.000558
v -0.97828299 -0.44415501 -0.126846
v -0.97443998 -0.44998899 -0.103899
v -0.97810298 -0.45080501 -0.068065
v -0.97778898 -0.45059201 0.069338
v -0.98020399 -0.44438401 0.109733
v -0.98508602 -0.444011 -0.053289
v -0.972435 -0.43923801 -0.105664
v -0.97828299 -0.44415501 -0.126846
v -0.97808599 -0.43938601 -0.077752
v -0.97969198 -0.43918899 -0.001489
v -0.98824501 -0.444098 0.000949
v -0.97715199 -0.43921399 0.070977
v -0.98020399 -0.44438401 0.109733
v -0.97159398 -0.44413099 -0.177496
v -0.96985799 -0.450293 -0.15957899
v -0.95914799 -0.45083001 0.034813
v -0.97098398 -0.45084399 0.113619
v -0.97664601 -0.44418499 0.133255
v -0.97027898 -0.44924399 0.15463801
v -0.970191 -0.444056 0.17090601
v -0.96991497 -0.43899399 -0.157217
v -0.97159398 -0.44413099 -0.177496
v -0.970716 -0.438898 0.125185
v -0.97664601 -0.44418499 0.133255
v -0.96557403 -0.43913099 0.16207001
v -0.970191 -0.444056 0.17090601
v -0.96329999 -0.4434 -0.208635
v -0.96021199 -0.45054299 -0.194813
v -0.96301901 -0.45077401 -0.16759899
v -0.96315902 -0.45074299 0.16478001
v -0.95807302 -0.45044401 0.196183
v -0.95790499 -0.444442 0.222719
v -0.963745 -0.43887699 -0.169797
v -0.96329999 -0.4434 -0.208635
v -0.94638401 -0.43935999 -0.105058
v -0.92624903 -0.43935701 0.099873
v -0.95989102 -0.439105 0.189905
v -0.95790499 -0.444442 0.222719
v -0.95705903 -0.444143 -0.24137899
v -0.95306402 -0.450405 -0.227193
v -0.95561397 -0.43883699 -0.211904
v -0.95705903 -0.444143 -0.24137899
v -0.91245902 -0.43936801 0.190696
v -0.95074701 -0.43902901 0.22811501
v -0.94751698 -0.44386601 -0.28208101
v -0.94517499 -0.45007101 -0.262449
v -0.95075601 -0.44185901 -0.262692
v -0.89910501 -0.451336 -0.206642
v -0.901272 -0.45140699 -0.011284
v -0.89110398 -0.451379 0.17566
v -0.94178998 -0.45052499 0.25464401
v -0.9483 -0.44583899 0.26831999
v -0.94591898 -0.43884099 -0.242034
v -0.95075601 -0.44185901 -0.262692
v -0.91965997 -0.439356 -0.165289
v -0.9483 -0.44583899 0.26831999
v -0.93542302 -0.44411701 -0.32371801
v -0.93664998 -0.450414 -0.29967201
v -0.94048703 -0.44562799 0.30132499
v -0.939053 -0.43874201 -0.291926
v -0.93542302 -0.44411701 -0.32371801
v -0.94751698 -0.44386601 -0.28208101
v -0.93919599 -0.43881199 0.28044501
v -0.94048703 -0.44562799 0.30132499
v -0.926157 -0.45048201 -0.33192
v -0.93179601 -0.450564 0.30097699
v -0.92289001 -0.450425 0.33383799
v -0.926404 -0.44446099 0.34205499
v -0.92925102 -0.43877199 -0.31850299
v -0.92653799 -0.438651 0.32251701
v -0.926404 -0.44446099 0.34205499
v -0.921561 -0.43972301 -0.35379699
v -0.91803098 -0.44406399 -0.37363699
v -0.926157 -0.45048201 -0.33192
v -0.921561 -0.43972301 -0.35379699
v -0.921561 -0.43972301 -0.35379699
v -0.89089602 -0.43924099 -0.309654
v -0.91803098 -0.44406399 -0.37363699
v -0.91112602 -0.45062399 -0.372008
v -0.87363303 -0.45112601 0.34470299
v -0.912543 -0.43878299 0.361563
v -0.91144902 -0.44356599 0.38668099
v -0.90828103 -0.44521201 -0.402542
v -0.90774298 -0.45056301 0.37553301
v -0.91144902 -0.44356599 0.38668099
v -0.91803098 -0.44406399 -0.37363699
v -0.90778899 -0.43887401 -0.38662899
v -0.90828103 -0.44521201 -0.402542
v -0.852229 -0.439293 0.41483501
v -0.89779902 -0.44332901 -0.42664301
v -0.895567 -0.45042801 -0.412512
v -0.90100598 -0.445829 0.41094199
v -0.89376903 -0.43880999 -0.41675499
v -0.89779902 -0.44332901 -0.42664301
v -0.89743298 -0.43873599 0.403061
v -0.90100598 -0.445829 0.41094199
v -0.885575 -0.45006201 -0.436555
v -0.80431998 -0.45096999 -0.43629399
v -0.889386 -0.45053899 0.42158899
v -0.88259798 -0.438705 0.437002
v -0.887923 -0.444087 0.44127801
v -0.88574803 -0.44423699 -0.45328599
v -0.76719201 -0.450973 0.53318697
v -0.887923 -0.444087 0.44127801
v -0.87843603 -0.43895799 -0.45022801
v -0.88574803 -0.44423699 -0.45328599
v -0.82325602 -0.43940499 -0.061003
v -0.739999 -0.43939099 0.25657001
v -0.87000501 -0.450064 -0.47213501
v -0.82177502 -0.450923 -0.473203
v -0.87038201 -0.450295 0.46429101
v -0.87304503 -0.44153601 0.470844
v -0.87488502 -0.44244301 -0.474664
v -0.87488502 -0.44244301 -0.474664
v -0.81727302 -0.439325 -0.471109
v -0.87304503 -0.44153601 0.470844
v -0.86676103 -0.438961 -0.47682801
v -0.86049998 -0.443919 -0.50177002
v -0.85639799 -0.450358 -0.49422801
v -0.85677898 -0.44393301 0.50014699
v -0.85667598 -0.439037 -0.49594301
v -0.86049998 -0.443919 -0.50177002
v -0.67796999 -0.43932801 -0.38280201
v -0.85114503 -0.450037 -0.50754601
v -0.84654701 -0.450239 0.50643998
v -0.84999502 -0.43871 0.49895099
v -0.85677898 -0.44393301 0.50014699
v -0.83950102 -0.443616 -0.53595901
v -0.84276998 -0.450041 -0.51827103
v -0.84298199 -0.438844 -0.51629198
v -0.83950102 -0.443616 -0.53595901
v -0.83135402 -0.45027599 -0.53895301
v -0.83111602 -0.43908301 -0.53870898
v -0.83310401 -0.438831 0.52563202
v -0.83271599 -0.44418201 0.53973502
v -0.83271599 -0.44418201 0.53973502
v -0.822721 -0.44406301 -0.56273597
v -0.65436101 -0.45115501 -0.17242999
v -0.61247498 -0.450957 0.38607699
v -0.82894498 -0.45052099 0.53428
v -0.822721 -0.44406301 -0.56273597
v -0.80732501 -0.43886399 0.56618297
v -0.81478697 -0.443335 -0.57331997
v -0.80384803 -0.45019299 -0.57931697
v -0.812953 -0.450578 -0.55843502
v -0.79610199 -0.45027101 0.58088899
v -0.810763 -0.44501701 0.571217
v -0.81336999 -0.43883801 -0.55811
v -0.81478697 -0.443335 -0.57331997
v -0.810763 -0.44501701 0.571217
v -0.80069798 -0.43890199 -0.58234799
v -0.79810703 -0.44477201 -0.59637702
v -0.79810703 -0.44477201 -0.59637702
v -0.78716099 -0.438925 -0.58668602
v -0.78759098 -0.45030501 -0.59221202
v -0.76749903 -0.443526 -0.633286
v -0.78676701 -0.43897799 -0.60117197
v -0.76749903 -0.443526 -0.633286
v -0.76310998 -0.450508 -0.628317
v -0.77605599 -0.44413701 0.61536503
v -0.74821001 -0.43923801 0.56825101
v -0.77605599 -0.44413701 0.61536503
v -0.70776802 -0.450901 -0.60825503
v -0.76489699 -0.45067099 0.61879098
v -0.76044899 -0.43861699 0.62646401
v -0.73830301 -0.44398499 0.66024101
v -0.75843298 -0.449857 0.63250101
v -0.76194 -0.43886799 -0.62857699
v -0.73830301 -0.44398499 0.66024101
v -0.72061998 -0.444038 -0.68707901
v -0.75213802 -0.45032701 -0.646016
v -0.54250097 -0.439513 0.002498
v -0.72061998 -0.444038 -0.68707901
v -0.74909699 -0.43893301 -0.64901203
v -0.74329102 -0.43917099 -0.62386501
v -0.53485 -0.45128101 0.020828
v -0.71348703 -0.450683 0.67751002
v -0.71232402 -0.43875501 0.679124
v -0.71701699 -0.450546 -0.68156999
v -0.71837598 -0.43893799 -0.68043703
v -0.62276697 -0.45065799 0.71073401
v -0.70891601 -0.439289 -0.69231498
v -0.69228899 -0.43928501 -0.710347
v -0.70980603 -0.44994599 -0.69066298
v -0.72061998 -0.444038 -0.68707901
v -0.70980603 -0.44994599 -0.69066298
v -0.70190299 -0.44461599 0.70204902
v -0.70891601 -0.439289 -0.69231498
v -0.70040798 -0.45010999 -0.70012599
v -0.70190299 -0.44461599 0.70204902
v -0.68633199 -0.44457 -0.72320098
v -0.70040798 -0.45010999 -0.70012599
v -0.56018901 -0.45094499 -0.477696
v -0.64502001 -0.439325 -0.67476797
v -0.69228899 -0.43928501 -0.710347
v -0.68633199 -0.44457 -0.72320098
v -0.68411398 -0.45053399 -0.713965
v -0.669137 -0.450609 0.72211701
v -0.66743499 -0.438692 0.723373
v -0.64968401 -0.443609 0.74800998
v -0.64968401 -0.443609 0.74800998
v -0.62359399 -0.439289 0.66275901
v -0.64537901 -0.443499 -0.75890398
v -0.66727901 -0.45060101 -0.73191297
v -0.670533 -0.450504 -0.71969497
v -0.68633199 -0.44457 -0.72320098
v -0.67367399 -0.438795 -0.72452199
v -0.64537901 -0.443499 -0.75890398
v -0.45687899 -0.43936801 0.49584299
v -0.64890897 -0.43883899 -0.74833298
v -0.63277102 -0.45015001 -0.76199102
v -0.63604701 -0.45025501 0.75240999
v -0.62880999 -0.44424099 -0.77240503
v -0.62459999 -0.43888301 -0.76372802
v -0.62880999 -0.44424099 -0.77240503
v -0.60879701 -0.43873 0.77412701
v -0.61712801 -0.45053399 -0.766348
v -0.58846599 -0.443885 -0.804932
v -0.61341 -0.45057401 -0.778225
v -0.58812201 -0.45028999 0.79120302
v -0.59180599 -0.44402999 0.79568201
v -0.60857701 -0.43895501 -0.782906
v -0.58846599 -0.443885 -0.804932
v -0.59180599 -0.44402999 0.79568201
v -0.59004903 -0.45025399 -0.79463899
v -0.51449502 -0.45083201 0.78100902
v -0.51477998 -0.45083699 -0.8096
v -0.495368 -0.43927199 0.80943298
v -0.567644 -0.43882701 0.805758
v -0.58126497 -0.43873799 -0.79942
v -0.57041401 -0.450349 -0.81153101
v -0.33480701 -0.45129699 0.28311899
v -0.52666998 -0.439356 -0.80794603
v -0.55649602 -0.44008601 -0.82470798
v -0.55649602 -0.44008601 -0.82470798
v -0.54450601 -0.44420499 0.828655
v -0.54450601 -0.44420499 0.828655
v -0.53865099 -0.45053601 0.82497299
v -0.53226298 -0.44424799 -0.84093499
v -0.53462499 -0.45038801 -0.83237797
v -0.338853 -0.451184 0.61863297
v -0.53440899 -0.438831 0.82823098
v -0.52714902 -0.43891501 -0.835639
v -0.53226298 -0.44424799 -0.84093499
v -0.502639 -0.450396 -0.85257697
v -0.503793 -0.45038599 0.84519899
v -0.50911802 -0.441021 0.84870899
v -0.50219202 -0.44030601 -0.85814297
v -0.50911802 -0.441021 0.84870899
v -0.48339 -0.45047101 0.85301
v -0.50219202 -0.44030601 -0.85814297
v -0.475869 -0.45065501 -0.86101699
v -0.48107901 -0.44378999 -0.87134397
v -0.48229 -0.44262701 0.86405998
v -0.48220301 -0.438885 -0.86296499
v -0.48107901 -0.44378999 -0.87134397
v -0.26498601 -0.43937001 -0.441614
v -0.48229 -0.44262701 0.86405998
v -0.477642 -0.438577 0.85570902
v -0.46762499 -0.45010099 -0.87229598
v -0.47000501 -0.44548699 0.87137002
v -0.32072699 -0.439713 -0.050134
v -0.38719201 -0.43898699 0.90040499
v -0.43885601 -0.45065501 0.879668
v -0.44823 -0.44122899 -0.88865101
v -0.45103699 -0.43880501 -0.87308198
v -0.47000501 -0.44548699 0.87137002
v -0.344677 -0.45123899 0.84724998
v -0.44676 -0.44590399 0.88358098
v -0.44823 -0.44122899 -0.88865101
v -0.452075 -0.438685 0.87340099
v -0.44676 -0.44590399 0.88358098
v -0.442027 -0.450133 -0.88679701
v -0.287359 -0.439529 0.17236701
v -0.29407099 -0.45129201 -0.83501703
v -0.43416101 -0.438802 0.882815
v -0.37636101 -0.45104599 -0.87753701
v -0.333065 -0.45118901 -0.62452501
v -0.35302699 -0.43930799 -0.87028998
v -0.42399999 -0.44506299 0.89451301
v -0.286982 -0.45159599 -0.107951
v -0.42399999 -0.44506299 0.89451301
v -0.41111001 -0.439035 -0.89864498
v -0.44823 -0.44122899 -0.88865101
v -0.41111001 -0.439035 -0.89864498
v -0.41619599 -0.450023 -0.89718199
v -0.41619599 -0.450023 -0.89718199
v -0.399551 -0.44598201 -0.90987098
v -0.40332901 -0.439055 0.89595801
v -0.39408901 -0.44458199 0.90585601
v -0.399551 -0.44598201 -0.90987098
v -0.39025301 -0.45056 -0.90255898
v -0.39408901 -0.44458199 0.90585601
v -0.37757701 -0.43894899 -0.91247499
v -0.30800599 -0.45126 -0.37375
v -0.37148699 -0.45052201 0.90859902
v -0.37252301 -0.44509801 -0.92202902
v -0.37757701 -0.43894899 -0.91247499
v -0.37252301 -0.44509801 -0.92202902
v -0.18574101 -0.43941599 0.38722801
v -0.35917401 -0.44132301 0.92033702
v -0.35229799 -0.45069799 -0.92197299
v -0.262952 -0.45163301 0.028288
v -0.35917401 -0.44132301 0.92033702
v -0.28981099 -0.439273 0.88912398
v -0.343207 -0.444561 -0.93555498
v -0.37252301 -0.44509801 -0.92202902
v -0.34969899 -0.439042 -0.92434698
v -0.343207 -0.444561 -0.93555498
v -0.335594 -0.45079899 0.92352498
v -0.32747301 -0.44467899 0.933801
v -0.324339 -0.43888599 0.92779601
v -0.32747301 -0.44467899 0.933801
v -0.32362899 -0.45074901 -0.93429798
v -0.31566501 -0.438835 -0.93690199
v -0.142932 -0.43929601 -0.71543097
v -0.305015 -0.44360301 -0.94864202
v -0.29921699 -0.45095399 0.935525
v -0.305015 -0.44360301 -0.94864202
v -0.225401 -0.43945801 -0.19316199
v -0.293589 -0.450771 -0.93965
v -0.200817 -0.43936899 -0.899791
v -0.226069 -0.43970701 0.055279
v -0.28799599 -0.438912 0.938999
v -0.294011 -0.224819 0.025204
v -0.29572499 -0.202108 0.035332
v -0.30265099 -0.21077 0.009337
v -0.29906499 -0.185445 0.023924
v -0.30744401 -0.192185 0.043028
v -0.29906499 -0.185445 0.023924
v -0.29572499 -0.202108 0.035332
v -0.30272499 -0.16164701 0.029281
v -0.300704 -0.19375101 0.060214
v -0.296303 -0.165849 0.053668
v -0.303132 0.40760201 -0.053808
v -0.30302101 0.35975 -0.053761
v -0.29852 0.35549 -0.031156
v -0.2784 -0.44511899 -0.95586902
v -0.27943099 -0.450555 -0.94813401
v -0.28110901 -0.443003 0.94781297
v -0.28110901 -0.443003 0.94781297
v -0.30265099 -0.21077 0.009337
v -0.30099401 -0.18725801 -0.000458
v -0.27851099 -0.220926 0.003967
v -0.29598501 -0.210033 0.049927
v -0.30744401 -0.192185 0.043028
v -0.29598501 -0.210033 0.049927
v -0.300704 -0.19375101 0.060214
v -0.30099401 -0.18725801 -0.000458
v -0.30265099 -0.21077 0.009337
v -0.27646899 -0.151141 0.009915
v -0.29508901 0.167309 -0.05673
v -0.30401599 0.174326 -0.05588
v -0.29314899 0.17407601 -0.068172
v -0.29314899 0.17407601 -0.068172
v -0.30401599 0.174326 -0.05588
v -0.28804499 0.191742 -0.065763
v -0.29620701 0.185958 -0.035689
v -0.29631001 0.20114 -0.049309
v -0.30401599 0.174326 -0.05588
v -0.29631001 0.20114 -0.049309
v -0.29061401 0.201206 -0.025265
v -0.289693 0.30796799 -0.03838
v -0.28537399 0.304454 -0.021686
v -0.30302101 0.35975 -0.053761
v -0.303132 0.40760201 -0.053808
v -0.287 0.39401799 -0.078809
v -0.27875099 0.414684 -0.078223
v -0.295517 0.421904 -0.03749
v -0.153257 -0.451047 -0.590985
v -0.26785901 -0.438867 -0.95140302
v -0.2784 -0.44511899 -0.95586902
v -0.28002599 -0.23151 0.015686
v -0.294011 -0.224819 0.025204
v -0.27767 -0.212505 0.054954
v -0.268096 -0.217649 0.072312
v -0.275967 -0.190442 -0.018325
v -0.28873599 -0.205351 0.037583
v -0.29572499 -0.202108 0.035332
v -0.28873599 -0.205351 0.037583
v -0.29598501 -0.210033 0.049927
v -0.27767 -0.212505 0.054954
v -0.300704 -0.19375101 0.060214
v -0.275556 -0.185974 0.067705
v -0.296303 -0.165849 0.053668
v -0.27213401 -0.16298699 -0.022067
v -0.29508901 0.167309 -0.05673
v -0.281896 0.311479 -0.064611
v -0.27606201 0.33570099 -0.079596
v -0.281896 0.311479 -0.064611
v -0.28164101 0.400922 -0.026394
v -0.29852 0.35549 -0.031156
v -0.28625 0.36377299 -0.022951
v -0.295517 0.421904 -0.03749
v -0.28162 0.43491501 -0.056523
v -0.295517 0.421904 -0.03749
v -0.059695 -0.45108801 -0.72952503
v -0.251508 -0.45061901 0.949193
v -0.26590699 -0.241064 0.029854
v -0.261022 -0.23534 0.038586
v -0.278115 -0.196808 0.040802
v -0.28873599 -0.205351 0.037583
v -0.26186901 -0.218183 0.028334
v -0.27572501 -0.19757301 0.074656
v -0.27572501 -0.19757301 0.074656
v -0.27213401 -0.16298699 -0.022067
v -0.27313399 -0.15306699 0.031206
v -0.27313399 -0.15306699 0.031206
v -0.27553201 0.17557199 -0.054537
v -0.28804499 0.191742 -0.065763
v -0.25867799 0.171618 -0.015105
v -0.26787001 0.20681 -0.057718
v -0.29061401 0.201206 -0.025265
v -0.27227601 0.216821 -0.039496
v -0.2728 0.27501801 -0.033753
v -0.28537399 0.304454 -0.021686
v -0.275565 0.322954 -0.013233
v -0.27189201 0.432935 -0.027665
v -0.28162 0.43491501 -0.056523
v -0.243117 -0.443046 0.95810401
v -0.25951001 -0.23377299 0.024188
v -0.26590699 -0.241064 0.029854
v -0.28873599 -0.205351 0.037583
v -0.261022 -0.23534 0.038586
v -0.26186901 -0.218183 0.028334
v -0.278115 -0.196808 0.040802
v -0.26347399 -0.209207 0.08328
v -0.27235401 -0.18938001 0.091022
v -0.27194899 -0.19760101 0.058308
v -0.27811101 -0.18606199 0.082998
v -0.27572501 -0.19757301 0.074656
v -0.271359 -0.181191 0.07079
v -0.275556 -0.185974 0.067705
v -0.27811101 -0.18606199 0.082998
v -0.27986199 -0.17493001 0.083381
v -0.27986199 -0.17493001 0.083381
v -0.274811 -0.15940601 0.093937
v -0.26434299 -0.175935 0.045513
v -0.27051499 -0.161512 0.065433
v -0.274811 -0.15940601 0.093937
v -0.26075199 -0.143722 0.023981
v -0.25867799 0.171618 -0.015105
v -0.25717899 0.190844 0.006609
v -0.261123 0.218325 -0.012336
v -0.261724 0.272329 -0.006124
v -0.26827499 0.291958 -0.006531
v -0.261724 0.272329 -0.006124
v -0.275565 0.322954 -0.013233
v -0.26476699 0.32992801 -0.016298
v -0.28625 0.36377299 -0.022951
v -0.27189901 0.38213101 -0.03035
v -0.28164101 0.400922 -0.026394
v -0.264258 0.41431099 -0.024577
v -0.21104901 -0.45140401 -0.00925
v -0.2493 -0.43999499 -0.013235
v -0.227051 -0.43983999 -0.04433
v -0.25951001 -0.23377299 0.024188
v -0.27851099 -0.220926 0.003967
v -0.26186901 -0.218183 0.028334
v -0.268096 -0.217649 0.072312
v -0.25640899 -0.217666 0.072044
v -0.275967 -0.190442 -0.018325
v -0.257824 -0.201574 -0.009523
v -0.27851099 -0.220926 0.003967
v -0.250938 -0.193387 0.034878
v -0.275556 -0.185974 0.067705
v -0.256228 -0.19822299 0.08085
v -0.256547 -0.180562 0.099208
v -0.26434299 -0.175935 0.045513
v -0.26434299 -0.175935 0.045513
v -0.271359 -0.181191 0.07079
v -0.27194899 -0.19760101 0.058308
v -0.26434299 -0.175935 0.045513
v -0.275556 -0.185974 0.067705
v -0.27051499 -0.161512 0.065433
v -0.25106999 -0.18689799 0.08077
v -0.26089799 -0.157952 0.10557
v -0.242964 -0.15943199 -0.044516
v -0.25907201 -0.16142 0.044667
v -0.26075199 -0.143722 0.023981
v -0.257027 -0.139704 -0.025552
v -0.25431201 -0.132899 -0.006351
v -0.253097 -0.141537 0.052189
v -0.25907201 -0.16142 0.044667
v -0.25878799 -0.138373 0.086517
v -0.274811 -0.15940601 0.093937
v -0.26089799 -0.157952 0.10557
v -0.25878799 -0.138373 0.086517
v -0.25591001 0.170045 -0.032459
v -0.25867799 0.171618 -0.015105
v -0.256726 0.177284 0.004101
v -0.25717899 0.190844 0.006609
v -0.24783599 0.180289 -0.051085
v -0.255532 0.264548 -0.055978
v -0.26827499 0.291958 -0.006531
v -0.252195 0.30137199 -0.004985
v -0.240771 0.342603 -0.097415
v -0.25841701 0.35599801 -0.035206
v -0.25374401 0.396128 -0.04288
v -0.264258 0.41431099 -0.024577
v -0.244303 0.44307199 -0.050966
v -0.24322 -0.45059001 -0.95591599
v -0.236516 -0.43904099 0.95117801
v -0.243117 -0.443046 0.95810401
v -0.25951001 -0.23377299 0.024188
v -0.261022 -0.23534 0.038586
v -0.26590699 -0.241064 0.029854
v -0.25951001 -0.23377299 0.024188
v -0.26186901 -0.218183 0.028334
v -0.250258 -0.20552599 0.015237
v -0.250258 -0.20552599 0.015237
v -0.26347399 -0.209207 0.08328
v -0.25640899 -0.217666 0.072044
v -0.256228 -0.19822299 0.08085
v -0.25640899 -0.217666 0.072044
v -0.256547 -0.180562 0.099208
v -0.25695601 -0.174753 0.050752
v -0.27051499 -0.161512 0.065433
v -0.25695601 -0.174753 0.050752
v -0.25106999 -0.18689799 0.08077
v -0.249323 -0.162535 0.104176
v -0.25695601 -0.174753 0.050752
v -0.25907201 -0.16142 0.044667
v -0.25119501 -0.125669 -0.022824
v -0.244018 -0.124687 0.012161
v -0.25667101 -0.082682 -0.093427
v -0.26620901 -0.068764 -0.075341
v -0.232465 -0.072219 -0.096465
v -0.25556299 -0.098324 -0.049854
v -0.26337799 -0.062346 -0.047727
v -0.247738 -0.067816 -0.02233
v -0.24250899 -0.050674 -0.066053
v -0.25717899 0.190844 0.006609
v -0.23397601 0.224548 -0.013119
v -0.236094 0.24850801 0.003257
v -0.240086 0.281286 0.00419
v -0.261724 0.272329 -0.006124
v -0.237404 0.26381299 0.010302
v -0.23982701 0.28621301 -0.084656
v -0.255532 0.264548 -0.055978
v -0.24866 0.40333501 -0.090182
v -0.23841099 0.428532 -0.077908
v -0.21915001 0.44145301 -0.038204
v -0.248566 -0.44367599 -0.96430802
v -0.168014 -0.451276 -0.30116299
v -0.155956 -0.45154899 -0.116233
v -0.182227 -0.45128801 0.90570498
v -0.248566 -0.44367599 -0.96430802
v -0.22864801 -0.195586 0.024705
v -0.25106999 -0.18689799 0.08077
v -0.242964 -0.15943199 -0.044516
v -0.23806299 -0.18144 0.054672
v -0.25106999 -0.18689799 0.08077
v -0.23806299 -0.18144 0.054672
v -0.238493 -0.181361 0.077644
v -0.242964 -0.15943199 -0.044516
v -0.24522801 -0.145521 0.09533
v -0.249323 -0.162535 0.104176
v -0.248808 -0.133212 -0.047452
v -0.248098 -0.126288 0.033995
v -0.238377 -0.134923 0.062116
v -0.248098 -0.126288 0.033995
v -0.253097 -0.141537 0.052189
v -0.240527 -0.097563 -0.010605
v -0.23841099 -0.117128 -0.0784
v -0.252886 0.058502 0.0004
v -0.25030401 0.056324 0.013184
v -0.25390199 0.06493 0.014512
v -0.252886 0.058502 0.0004
v -0.25390199 0.06493 0.014512
v -0.241877 0.081441 0.019638
v -0.28804499 0.191742 -0.065763
v -0.26787001 0.20681 -0.057718
v -0.24783599 0.180289 -0.051085
v -0.236268 0.20070399 -0.05458
v -0.240926 0.198909 0.022922
v -0.261123 0.218325 -0.012336
v -0.240926 0.198909 0.022922
v -0.235255 0.217629 0.009309
v -0.21332601 0.215022 -0.040407
v -0.23377 0.24030399 -0.040369
v -0.241311 0.30703199 -0.020372
v -0.226459 0.40415299 -0.029876
v -0.244303 0.44307199 -0.050966
v -0.221127 -0.44458801 -0.97113901
v -0.23184 -0.45031101 -0.96222699
v -0.17459799 -0.451763 0.042962
v -0.131997 -0.45155799 0.132285
v -0.23252501 -0.43891999 -0.96050298
v -0.238584 -0.43656999 -0.016025
v -0.232025 -0.43916899 0.001732
v -0.21454 -0.19131599 -0.00608
v -0.256547 -0.180562 0.099208
v -0.25106999 -0.18689799 0.08077
v -0.238493 -0.181361 0.077644
v -0.229077 -0.16798 -0.046584
v -0.249323 -0.162535 0.104176
v -0.230187 -0.15729199 0.086712
v -0.24522801 -0.145521 0.09533
v -0.227952 -0.122545 0.053747
v -0.238775 -0.093313 -0.105317
v -0.247738 -0.067816 -0.02233
v -0.23580299 -0.05117 -0.030722
v -0.26337799 -0.062346 -0.047727
v -0.24250899 -0.050674 -0.066053
v -0.22789 0.073972 0.03988
v -0.23654801 0.067414 0.003969
v -0.22789 0.073972 0.03988
v -0.241877 0.081441 0.019638
v -0.25390199 0.06493 0.014512
v -0.231462 0.090207 0.044911
v -0.230831 0.085857 0.010266
v -0.23768 0.095443 0.000102
v -0.23012801 0.099905 -0.017162
v -0.23457099 0.086313 -0.011697
v -0.24478 0.10979 0.050566
v -0.23006 0.106801 0.01755
v -0.23814499 0.097362 0.036156
v -0.240686 0.13634101 0.009709
v -0.242838 0.138299 -0.033787
v -0.25591001 0.170045 -0.032459
v -0.242838 0.138299 -0.033787
v -0.227466 0.13509201 -0.056154
v -0.25591001 0.170045 -0.032459
v -0.231622 0.172951 0.036795
v -0.236094 0.24850801 0.003257
v -0.21109401 0.25278899 -0.078091
v -0.220157 0.32610801 -0.100201
v -0.22064701 0.38480401 -0.045946
v -0.222589 0.39515901 -0.044992
v -0.25374401 0.396128 -0.04288
v -0.222589 0.39515901 -0.044992
v -0.226459 0.40415299 -0.029876
v -0.226459 0.40415299 -0.029876
v -0.22587299 0.41453701 -0.018832
v -0.221127 -0.44458801 -0.97113901
v -0.22250099 -0.43933201 0.040765
v -0.227438 -0.42208001 -0.03184
v -0.238584 -0.43656999 -0.016025
v -0.23151299 -0.421249 -0.012031
v -0.23151299 -0.421249 -0.012031
v -0.217319 -0.17931101 0.059036
v -0.227043 -0.129857 -0.077615
v -0.227043 -0.129857 -0.077615
v -0.218219 -0.108349 0.016837
v -0.244018 -0.124687 0.012161
v -0.240527 -0.097563 -0.010605
v -0.20014501 -0.087166 0.013821
v -0.22273 -0.026842 -0.040734
v -0.217803 -0.031869 -0.022627
v -0.252886 0.058502 0.0004
v -0.23654801 0.067414 0.003969
v -0.25030401 0.056324 0.013184
v -0.21545 0.0627 0.027889
v -0.233806 0.068889 -0.040593
v -0.229219 0.071277 -0.051099
v -0.23786201 0.052791 -0.050733
v -0.229408 0.079661 0.053604
v -0.231462 0.090207 0.044911
v -0.22789 0.073972 0.03988
v -0.237882 0.071004 0.074397
v -0.230855 0.083131 0.081227
v -0.235754 0.084562 0.06987
v -0.23814499 0.097362 0.036156
v -0.226818 0.098778 0.070445
v -0.230831 0.085857 0.010266
v -0.23814499 0.097362 0.036156
v -0.22069401 0.116927 -0.01376
v -0.22313599 0.118273 -0.002176
v -0.23814499 0.097362 0.036156
v -0.227082 0.109668 0.073612
v -0.24478 0.10979 0.050566
v -0.223711 0.13560399 0.030213
v -0.223711 0.13560399 0.030213
v -0.24478 0.10979 0.050566
v -0.22748899 0.12652799 0.067947
v -0.228764 0.122199 -0.018351
v -0.227466 0.13509201 -0.056154
v -0.22313599 0.118273 -0.002176
v -0.223711 0.13560399 0.030213
v -0.225512 0.157882 -0.067232
v -0.222708 0.192637 0.038133
v -0.21332601 0.215022 -0.040407
v -0.21254601 0.27422401 -0.012986
v -0.209584 0.318894 -0.019664
v -0.208969 0.36136901 -0.099258
v -0.225658 0.418293 -0.085805
v -0.20903 -0.450546 0.96156698
v -0.195732 -0.43996701 -0.070216
v -0.216583 -0.43840599 0.018108
v -0.212428 -0.43821999 0.000769
v -0.173114 -0.43925199 0.072397
v -0.145274 -0.43941799 0.923796
v -0.218284 -0.418201 -0.005341
v -0.21414299 -0.401813 -0.026713
v -0.22864801 -0.195586 0.024705
v -0.217319 -0.17931101 0.059036
v -0.214938 -0.172675 0.066276
v -0.202939 -0.142497 -0.07156
v -0.215748 -0.141451 0.064902
v -0.216086 -0.109802 -0.11413
v -0.206798 -0.055905 0.001156
v -0.218072 -0.043594 -0.090691
v -0.224746 -0.031352 -0.070534
v -0.224746 -0.031352 -0.070534
v -0.208848 -0.027693 -0.051843
v -0.21545 0.0627 0.027889
v -0.223546 0.07851 0.004604
v -0.22104201 0.071054 0.078138
v -0.217297 0.091399 -0.032305
v -0.223546 0.07851 0.004604
v -0.223546 0.07851 0.004604
v -0.226818 0.098778 0.070445
v -0.230855 0.083131 0.081227
v -0.217803 0.084192 0.09031
v -0.22748899 0.12652799 0.067947
v -0.24478 0.10979 0.050566
v -0.227082 0.109668 0.073612
v -0.210482 0.120657 -0.030543
v -0.22069401 0.116927 -0.01376
v -0.21494401 0.16272099 0.045
v -0.21539301 0.18685 -0.067373
v -0.222708 0.192637 0.038133
v -0.20886999 0.23082399 -0.013006
v -0.21109401 0.25278899 -0.078091
v -0.18808299 0.42568401 -0.018346
v -0.208643 -0.450187 -0.96893001
v -0.19110499 -0.443766 0.97358501
v -0.208112 -0.439035 -0.968247
v -0.205814 -0.437475 -0.053518
v -0.21136899 -0.436416 0.047962
v -0.19110499 -0.443766 0.97358501
v -0.205814 -0.437475 -0.053518
v -0.20858701 -0.416096 -0.049993
v -0.21414299 -0.401813 -0.026713
v -0.19413 -0.19165599 0.051403
v -0.20677499 -0.17012499 -0.034884
v -0.215748 -0.141451 0.064902
v -0.196071 -0.110326 0.018143
v -0.214178 -0.070248 -0.109848
v -0.21658701 -0.034307 -0.078742
v -0.21658701 -0.034307 -0.078742
v -0.212376 0.057215 -0.024893
v -0.23786201 0.052791 -0.050733
v -0.218439 0.057914 -0.046824
v -0.229219 0.071277 -0.051099
v -0.218439 0.057914 -0.046824
v -0.23786201 0.052791 -0.050733
v -0.212376 0.057215 -0.024893
v -0.233806 0.068889 -0.040593
v -0.23786201 0.052791 -0.050733
v -0.212496 0.067718 -0.008621
v -0.21545 0.0627 0.027889
v -0.21288 0.05934 0.041234
v -0.214889 0.050537 0.051194
v -0.210109 0.084217 -0.050084
v -0.21512 0.082489 -0.014093
v -0.21150599 0.069603 -0.003581
v -0.217297 0.091399 -0.032305
v -0.21150599 0.069603 -0.003581
v -0.23457099 0.086313 -0.011697
v -0.21512 0.082489 -0.014093
v -0.217803 0.084192 0.09031
v -0.210109 0.084217 -0.050084
v -0.21512 0.082489 -0.014093
v -0.23012801 0.099905 -0.017162
v -0.227082 0.109668 0.073612
v -0.201545 0.127231 0.122599
v -0.217803 0.084192 0.09031
v -0.21195599 0.14492901 -0.060748
v -0.21494401 0.16272099 0.045
v -0.206983 0.205723 0.02984
v -0.208362 0.216424 0.009107
v -0.205606 0.218301 -0.022071
v -0.199867 0.223307 -0.033548
v -0.198993 0.29864299 -0.097543
v -0.150279 -0.439877 -0.080004
v -0.13432699 -0.439812 0.088551
v -0.184892 -0.43900901 0.96769297
v -0.188509 -0.43780199 -0.063729
v -0.20557299 -0.41211101 0.006024
v -0.20458899 -0.41505101 -0.006489
v -0.20796201 -0.413133 0.025855
v -0.20171501 -0.199018 0.025658
v -0.19413 -0.19165599 0.051403
v -0.213788 -0.192119 0.083305
v -0.214938 -0.172675 0.066276
v -0.217319 -0.17931101 0.059036
v -0.206113 -0.175633 0.085329
v -0.20177899 -0.187599 0.088655
v -0.204078 -0.160006 0.064891
v -0.216086 -0.109802 -0.11413
v -0.19656301 -0.12878001 -0.090993
v -0.200543 -0.122943 0.050084
v -0.20987 -0.062384 -0.105769
v -0.206184 -0.036543 -0.075237
v -0.20987 -0.062384 -0.105769
v -0.218072 -0.043594 -0.090691
v -0.21658701 -0.034307 -0.078742
v -0.206184 -0.036543 -0.075237
v -0.21982101 0.038562 0.065809
v -0.20370799 0.047123 0.042951
v -0.215244 0.046432 -0.01118
v -0.210021 0.041347 -0.016612
v -0.21199299 0.035939 0.02608
v -0.197878 0.055484 -0.034749
v -0.21982101 0.038562 0.065809
v -0.207002 0.049003 0.073451
v -0.214889 0.050537 0.051194
v -0.215244 0.046432 -0.01118
v -0.20872 0.052677 0.002198
v -0.2024 0.054239 0.012849
v -0.207002 0.049003 0.073451
v -0.20317701 0.059117 0.084386
v -0.223546 0.07851 0.004604
v -0.23457099 0.086313 -0.011697
v -0.21150599 0.069603 -0.003581
v -0.2024 0.054239 0.012849
v -0.210482 0.120657 -0.030543
v -0.19409899 0.086659 -0.063856
v -0.200332 0.098552 0.122994
v -0.210482 0.120657 -0.030543
v -0.20223001 0.134627 -0.04502
v -0.198937 0.14883199 -0.051163
v -0.204919 0.175759 0.07098
v -0.189816 0.176911 0.097365
v -0.204502 0.196073 0.040439
v -0.204502 0.196073 0.040439
v -0.193707 0.23477 -0.067393
v -0.196329 0.23625501 0.007474
v -0.196329 0.23625501 0.007474
v -0.193056 0.25063899 0.015646
v -0.195279 0.26390201 0.004883
v -0.190557 0.39185899 -0.091884
v -0.204476 0.43625301 -0.060944
v -0.204476 0.43625301 -0.060944
v -0.194085 -0.44406599 -0.97988701
v -0.069912 -0.451309 -0.90409899
v -0.194085 -0.44406599 -0.97988701
v -0.110597 -0.43942401 -0.38107899
v -0.188509 -0.43780199 -0.063729
v -0.19799601 -0.438649 0.044329
v -0.113486 -0.439686 0.107311
v -0.21136899 -0.436416 0.047962
v -0.19799601 -0.438649 0.044329
v -0.18881901 -0.413661 0.028847
v -0.20796201 -0.413133 0.025855
v -0.19249199 -0.398283 -0.039208
v -0.187472 -0.40400699 -0.022128
v -0.186243 -0.19010501 0.07604
v -0.213788 -0.192119 0.083305
v -0.204078 -0.160006 0.064891
v -0.185385 -0.150673 0.058745
v -0.185385 -0.150673 0.058745
v -0.20033599 -0.117411 -0.124029
v -0.20033599 -0.117411 -0.124029
v -0.20033599 -0.117411 -0.124029
v -0.214178 -0.070248 -0.109848
v -0.19817901 -0.090685 -0.114615
v -0.195134 -0.074647 -0.100236
v -0.199595 -0.053481 -0.09142
v -0.19764601 -0.038855 -0.010756
v -0.197322 -0.020749 -0.044423
v -0.215244 0.046432 -0.01118
v -0.210021 0.041347 -0.016612
v -0.19093101 0.034293 -0.008634
v -0.20872 0.052677 0.002198
v -0.20370799 0.047123 0.042951
v -0.21199299 0.035939 0.02608
v -0.189542 0.039367 0.031495
v -0.207002 0.049003 0.073451
v -0.21982101 0.038562 0.065809
v -0.186285 0.064962 -0.049225
v -0.19004899 0.065332 0.11517
v -0.186047 0.072002 -0.060794
v -0.186047 0.072002 -0.060794
v -0.186047 0.072002 -0.060794
v -0.20223001 0.134627 -0.04502
v -0.19764 0.174753 -0.056059
v -0.204919 0.175759 0.07098
v -0.198889 0.194865 -0.050347
v -0.198273 0.205146 0.069734
v -0.204502 0.196073 0.040439
v -0.198273 0.205146 0.069734
v -0.198889 0.194865 -0.050347
v -0.200578 0.214794 0.02532
v -0.199867 0.223307 -0.033548
v -0.199471 0.223396 -0.01218
v -0.199471 0.223396 -0.01218
v -0.186195 0.27078301 -0.013134
v -0.19044299 0.37559301 -0.036883
v -0.19044299 0.37559301 -0.036883
v -0.185133 0.380458 -0.027958
v -0.222589 0.39515901 -0.044992
v -0.226459 0.40415299 -0.029876
v -0.19779401 0.39866799 -0.013655
v -0.22587299 0.41453701 -0.018832
v -0.19779401 0.39866799 -0.013655
v -0.171299 0.409594 -0.005836
v -0.182229 -0.45073399 -0.97100103
v -0.143612 -0.45181501 -0.022427
v 0.055928 -0.45120499 0.75956398
v -0.165058 -0.45097399 0.969607
v -0.177073 -0.439138 -0.97656101
v -0.17399999 -0.43377301 0.026777
v -0.181759 -0.41689301 -0.062105
v -0.182107 -0.39842701 -0.002402
v -0.19249199 -0.398283 -0.039208
v -0.173741 -0.184907 0.011327
v -0.17430501 -0.188031 0.032958
v -0.18371999 -0.163435 0.081979
v -0.179013 -0.14214601 -0.056025
v -0.191292 -0.116453 -0.117014
v -0.191292 -0.116453 -0.117014
v -0.195134 -0.074647 -0.100236
v -0.18749 -0.095649 -0.100777
v -0.19817901 -0.090685 -0.114615
v -0.20014501 -0.087166 0.013821
v -0.189622 -0.073506 0.003649
v -0.206798 -0.055905 0.001156
v -0.19764601 -0.038855 -0.010756
v -0.193859 0.033093 -0.098418
v -0.192099 0.03738 -0.082352
v -0.199655 0.041407 -0.094062
v -0.197878 0.055484 -0.034749
v -0.17962 0.035418 -0.015538
v -0.2024 0.054239 0.012849
v -0.189638 0.037593 0.067454
v -0.183597 0.043821 0.080818
v -0.192099 0.03738 -0.082352
v -0.18521699 0.064284 -0.064819
v -0.199655 0.041407 -0.094062
v -0.20317701 0.059117 0.084386
v -0.200845 0.067571 -0.12341
v -0.19359399 0.075317 -0.12938
v -0.19276901 0.060207 -0.119987
v -0.19004899 0.065332 0.11517
v -0.184626 0.104029 -0.076519
v -0.198937 0.14883199 -0.051163
v -0.185187 0.152467 -0.089171
v -0.180659 0.152467 0.122513
v -0.180627 0.21480601 0.091004
v -0.198889 0.194865 -0.050347
v -0.205606 0.218301 -0.022071
v -0.199867 0.223307 -0.033548
v -0.200578 0.214794 0.02532
v -0.18697999 0.22697701 -0.063318
v -0.193056 0.25063899 0.015646
v -0.18697999 0.22697701 -0.063318
v -0.196329 0.23625501 0.007474
v -0.199471 0.223396 -0.01218
v -0.18373799 0.328989 -0.09819
v -0.17136399 0.38912299 0.002046
v -0.17928 0.41767201 -0.075696
v -0.170535 0.429483 -0.032272
v -0.150032 -0.44376001 -0.98671699
v -0.16621201 -0.450629 -0.97839803
v -0.150032 -0.44376001 -0.98671699
v -0.17399999 -0.43377301 0.026777
v -0.169825 -0.43941599 0.036011
v -0.182107 -0.39842701 -0.002402
v -0.167245 -0.39895099 -0.044448
v -0.20177899 -0.187599 0.088655
v -0.186243 -0.19010501 0.07604
v -0.18371999 -0.163435 0.081979
v -0.20177899 -0.187599 0.088655
v -0.176871 -0.151921 -0.022143
v -0.185385 -0.150673 0.058745
v -0.200543 -0.122943 0.050084
v -0.185385 -0.150673 0.058745
v -0.169972 -0.156363 0.052019
v -0.180884 -0.131116 -0.0888
v -0.168743 -0.13187701 0.019994
v -0.196071 -0.110326 0.018143
v -0.17843799 -0.098734 0.001588
v -0.158233 -0.061081 -0.093757
v -0.19764601 -0.038855 -0.010756
v -0.189622 -0.073506 0.003649
v -0.16347399 -0.04825 0.020308
v -0.15174299 -0.02353 -0.071614
v -0.145704 -0.005782 -0.04718
v -0.160099 -0.014241 -0.000438
v -0.188262 0.020919 -0.003355
v -0.19545101 0.013023 -0.016941
v -0.168771 0.010639 0.000558
v -0.17619 0.012245 -0.015449
v -0.186058 0.025769 -0.042654
v -0.196344 0.018253 -0.058499
v -0.18325201 0.016391 -0.054394
v -0.186058 0.025769 -0.042654
v -0.18725701 0.033913 -0.050903
v -0.196344 0.018253 -0.058499
v -0.19093101 0.034293 -0.008634
v -0.17962 0.035418 -0.015538
v -0.19545101 0.013023 -0.016941
v -0.19093101 0.034293 -0.008634
v -0.182212 0.04368 -0.0343
v -0.18289 0.033299 0.005062
v -0.168516 0.048733 -0.060016
v -0.182212 0.04368 -0.0343
v -0.17962 0.035418 -0.015538
v -0.18289 0.033299 0.005062
v -0.17654 0.028373 0.048839
v -0.16714101 0.050948 -0.103058
v -0.193859 0.033093 -0.098418
v -0.199655 0.041407 -0.094062
v -0.16530401 0.047289 -0.068184
v -0.18521699 0.064284 -0.064819
v -0.17746399 0.069124 -0.100471
v -0.19004899 0.065332 0.11517
v -0.178343 0.070783 -0.121146
v -0.17746399 0.069124 -0.100471
v -0.180555 0.080185 -0.086716
v -0.182927 0.079789 -0.106082
v -0.200845 0.067571 -0.12341
v -0.19276901 0.060207 -0.119987
v -0.186285 0.064962 -0.049225
v -0.186047 0.072002 -0.060794
v -0.18521699 0.064284 -0.064819
v -0.170693 0.095954 0.149812
v -0.17116199 0.139098 -0.116405
v -0.171049 0.124826 0.15013701
v -0.19764 0.174753 -0.056059
v -0.18778899 0.19585 -0.076207
v -0.18134999 0.25328001 0.079834
v -0.18134999 0.25328001 0.079834
v -0.179491 0.27133 0.045738
v -0.18444601 0.26909199 0.015581
v -0.16290499 0.27022099 -0.084862
v -0.183512 0.26524001 -0.002398
v -0.195279 0.26390201 0.004883
v -0.18444601 0.26909199 0.015581
v -0.183512 0.26524001 -0.002398
v -0.195279 0.26390201 0.004883
v -0.16661701 0.334598 -0.022687
v -0.167822 0.36921099 -0.092009
v -0.170399 0.36040899 -0.026614
v -0.175947 0.37342101 -0.006099
v -0.15543801 0.422039 -0.051503
v -0.15543801 0.422039 -0.051503
v -0.05753 -0.45123801 0.33535999
v -0.091359 -0.43937501 0.78929597
v -0.16764399 -0.40235701 -0.012114
v -0.168037 -0.4057 0.005162
v -0.164875 -0.40424699 -0.031187
v -0.167245 -0.39895099 -0.044448
v -0.170311 -0.178913 0.067013
v -0.170311 -0.178913 0.067013
v -0.177266 -0.114552 -0.088508
v -0.16919 -0.117559 -0.001943
v -0.172869 -0.093591 0.00366
v -0.17843799 -0.098734 0.001588
v -0.145704 -0.005782 -0.04718
v -0.18325201 0.016391 -0.054394
v -0.196344 0.018253 -0.058499
v -0.176954 0.030976 -0.058333
v -0.169412 0.023942 -0.044758
v -0.17619 0.012245 -0.015449
v -0.167146 0.016989 0.027292
v -0.178222 0.012858 0.06709
v -0.166455 0.041028 -0.089025
v -0.176954 0.030976 -0.058333
v -0.166741 0.023569 -0.030602
v -0.182212 0.04368 -0.0343
v -0.166455 0.041028 -0.089025
v -0.166741 0.023569 -0.030602
v -0.168516 0.048733 -0.060016
v -0.161272 0.042931 0.111019
v -0.173255 0.06332 0.128842
v -0.18521699 0.064284 -0.064819
v -0.168516 0.048733 -0.060016
v -0.178343 0.070783 -0.121146
v -0.182927 0.079789 -0.106082
v -0.19276901 0.060207 -0.119987
v -0.171942 0.088373 -0.123881
v -0.173255 0.06332 0.128842
v -0.182927 0.079789 -0.106082
v -0.176001 0.105603 -0.096417
v -0.200845 0.067571 -0.12341
v -0.17746399 0.069124 -0.100471
v -0.176001 0.105603 -0.096417
v -0.200845 0.067571 -0.12341
v -0.16938099 0.10931 -0.111913
v -0.171942 0.088373 -0.123881
v -0.200845 0.067571 -0.12341
v -0.171942 0.088373 -0.123881
v -0.19359399 0.075317 -0.12938
v -0.161844 0.188362 -0.128176
v -0.166712 0.236306 -0.096515
v -0.180287 0.231804 -0.072907
v -0.180287 0.231804 -0.072907
v -0.193707 0.23477 -0.067393
v -0.168024 0.254538 -0.081928
v -0.180287 0.231804 -0.072907
v -0.17201 0.27407801 -0.00245
v -0.186195 0.27078301 -0.013134
v -0.173489 0.293001 0.016131
v -0.170399 0.36040899 -0.026614
v -0.175947 0.37342101 -0.006099
v -0.159584 -0.43766901 0.015328
v -0.173114 -0.43925199 0.072397
v -0.167667 -0.41446999 0.049497
v -0.169825 -0.43941599 0.036011
v -0.15771 -0.415539 -0.071442
v -0.169844 -0.39930499 -0.057996
v -0.16764399 -0.40235701 -0.012114
v -0.167245 -0.39895099 -0.044448
v -0.172373 -0.377491 -0.046117
v -0.169844 -0.39930499 -0.057996
v -0.164607 -0.38099399 -0.083449
v -0.169434 -0.277078 -0.03126
v -0.162273 -0.29453099 -0.058788
v -0.17185301 -0.31254601 -0.028094
v -0.165843 -0.31744301 -0.004334
v -0.163996 -0.28311199 0.007089
v -0.167913 -0.168943 0.057379
v -0.170311 -0.178913 0.067013
v -0.167913 -0.168943 0.057379
v -0.16126201 -0.13728499 0.002436
v -0.169837 -0.136861 -0.05517
v -0.16170099 -0.12285 -0.040411
v -0.16584601 -0.11045 -0.011565
v -0.16584601 -0.11045 -0.011565
v -0.18749 -0.095649 -0.100777
v -0.157243 -0.085025 -0.094034
v -0.157243 -0.085025 -0.094034
v -0.156104 -0.065276 0.024844
v -0.13178501 -0.030726 -0.075343
v -0.144647 0.010303 -0.017532
v -0.169412 0.023942 -0.044758
v -0.17619 0.012245 -0.015449
v -0.167146 0.016989 0.027292
v -0.16409899 0.033226 0.07983
v -0.15976299 0.031005 -0.056364
v -0.168516 0.048733 -0.060016
v -0.170399 0.069551 -0.108377
v -0.17746399 0.069124 -0.100471
v -0.170399 0.069551 -0.108377
v -0.178343 0.070783 -0.121146
v -0.158381 0.100443 -0.124921
v -0.151068 0.125257 0.158714
v -0.16443899 0.193322 0.097647
v -0.168024 0.254538 -0.081928
v -0.165525 0.23065101 0.096769
v -0.161467 0.26999199 0.102068
v -0.163995 0.289469 0.090756
v -0.163995 0.289469 0.090756
v -0.165538 0.293143 -0.012102
v -0.17201 0.27407801 -0.00245
v -0.18444601 0.26909199 0.015581
v -0.173489 0.293001 0.016131
v -0.165448 0.29693201 -0.004984
v -0.16662499 0.30227199 0.029535
v -0.165538 0.293143 -0.012102
v -0.148609 0.28644899 -0.084815
v -0.18771701 0.32810801 0.011739
v -0.16662499 0.30227199 0.029535
v -0.18771701 0.32810801 0.011739
v -0.16662499 0.30227199 0.029535
v -0.168284 0.33493999 0.029879
v -0.168319 0.35686499 0.016513
v -0.161267 0.34297699 -0.01883
v -0.168319 0.35686499 0.016513
v -0.17075799 0.35008499 -0.003438
v -0.154967 0.40112099 -0.076722
v -0.072753 -0.451343 0.90248001
v -0.053668 -0.43928599 -0.949256
v -0.15716299 -0.422667 0.015983
v -0.159584 -0.43766901 0.015328
v -0.159584 -0.43766901 0.015328
v -0.15894 -0.42404699 0.010193
v -0.173114 -0.43925199 0.072397
v -0.15953 -0.42752099 0.073666
v -0.167667 -0.41446999 0.049497
v -0.155627 -0.393457 -0.097151
v -0.162424 -0.38334599 -0.019668
v -0.15983801 -0.36572 -0.055893
v -0.164607 -0.38099399 -0.083449
v -0.172373 -0.377491 -0.046117
v -0.155156 -0.36300901 -0.029008
v -0.155156 -0.36300901 -0.029008
v -0.163968 -0.32478201 -0.056773
v -0.163599 -0.26464999 -0.011804
v -0.15209199 -0.260483 0.01702
v -0.161663 -0.16105101 0.022295
v -0.161663 -0.16105101 0.022295
v -0.16126201 -0.13728499 0.002436
v -0.16022 -0.137227 -0.022589
v -0.16022 -0.137227 -0.022589
v -0.16170099 -0.12285 -0.040411
v -0.15166 -0.11053 -0.069503
v -0.13558 -0.074036 0.030815
v -0.160099 -0.014241 -0.000438
v -0.140212 0.002478 -0.020043
v -0.144647 0.010303 -0.017532
v -0.166741 0.023569 -0.030602
v -0.14359701 0.018074 0.039028
v -0.158207 0.025488 0.063628
v -0.15283599 0.032634 -0.089175
v -0.15976299 0.031005 -0.056364
v -0.171942 0.088373 -0.123881
v -0.15253399 0.079591 -0.130724
v -0.141802 0.080297 0.15592
v -0.148003 0.151228 -0.14037099
v -0.15204901 0.118996 -0.134973
v -0.158912 0.168357 -0.13285001
v -0.15757801 0.164324 0.11551
v -0.151287 0.141932 0.14356899
v -0.16380499 0.17111699 -0.154063
v -0.154147 0.160941 -0.14487299
v -0.164116 0.173636 -0.142207
v -0.165538 0.293143 -0.012102
v -0.14397299 0.32752699 0.035443
v -0.153236 0.306521 0.066391
v -0.160206 0.324756 -0.012119
v -0.160206 0.324756 -0.012119
v -0.139571 0.30170301 -0.083607
v -0.161267 0.34297699 -0.01883
v -0.141893 0.40643299 0.000155
v -0.14115401 -0.43882599 0.062798
v -0.14115401 -0.43882599 0.062798
v -0.125989 -0.439271 0.97481
v -0.150279 -0.439877 -0.080004
v -0.152924 -0.437179 0.007348
v -0.14888699 -0.43781501 -0.01255
v -0.153549 -0.41373101 -0.010433
v -0.15894 -0.42404699 0.010193
v -0.152924 -0.437179 0.007348
v -0.15894 -0.42404699 0.010193
v -0.15716299 -0.422667 0.015983
v -0.15771 -0.415539 -0.071442
v -0.164875 -0.40424699 -0.031187
v -0.167667 -0.41446999 0.049497
v -0.148058 -0.400112 0.027127
v -0.15716299 -0.422667 0.015983
v -0.150179 -0.40777701 0.058681
v -0.148058 -0.400112 0.027127
v -0.164875 -0.40424699 -0.031187
v -0.151345 -0.35640901 -0.067975
v -0.151345 -0.35640901 -0.067975
v -0.14446101 -0.33494601 0.016329
v -0.14836501 -0.30156299 0.029316
v -0.162273 -0.29453099 -0.058788
v -0.169434 -0.277078 -0.03126
v -0.147158 -0.261103 -0.060863
v -0.138423 -0.28051299 0.040375
v -0.14731 -0.2339 -0.034148
v -0.147158 -0.261103 -0.060863
v -0.135236 -0.107567 -0.050931
v -0.136971 -0.111434 -0.038652
v -0.16584601 -0.11045 -0.011565
v -0.13680699 -0.103587 -0.007599
v -0.132598 -0.088173 0.019941
v -0.13554899 -0.046007 0.034302
v -0.16347399 -0.04825 0.020308
v -0.137731 -0.026093 0.027394
v -0.160099 -0.014241 -0.000438
v -0.14077 -0.012917 -0.062183
v -0.13928001 0.00752 0.004334
v -0.145376 0.010465 0.027631
v -0.14127301 0.016958 -0.044974
v -0.15976299 0.031005 -0.056364
v -0.152495 0.02347 -0.084993
v -0.139899 0.051305 -0.109652
v -0.132737 0.044148 0.134974
v -0.15253399 0.079591 -0.130724
v -0.171942 0.088373 -0.123881
v -0.158381 0.100443 -0.124921
v -0.14860301 0.197632 0.113384
v -0.145776 0.27193999 0.109373
v -0.151916 0.271597 -0.088531
v -0.151916 0.271597 -0.088531
v -0.139493 0.30496201 0.11365
v -0.13510901 0.32229 0.103979
v -0.13510901 0.32229 0.103979
v -0.132238 0.30682299 -0.081827
v -0.13754 0.36538601 -0.080455
v -0.14353 0.37888601 0.022151
v -0.13914999 0.41523999 -0.029212
v -0.101185 -0.45223501 -0.101416
v -0.132548 -0.45171601 0.06289
v -0.119906 -0.439105 -0.98308802
v -0.127055 -0.43759501 -0.092405
v -0.12204 -0.439749 -0.107114
v -0.141306 -0.40894401 -0.021264
v -0.133384 -0.419186 -0.01018
v -0.152924 -0.437179 0.007348
v -0.155627 -0.393457 -0.097151
v -0.132072 -0.41329801 -0.090964
v -0.141306 -0.40894401 -0.021264
v -0.13745999 -0.39911199 0.030917
v -0.130688 -0.40494701 -0.011709
v -0.143701 -0.384619 -0.002875
v -0.121343 -0.38066599 -0.113775
v -0.155627 -0.393457 -0.097151
v -0.13003699 -0.35986501 -0.087322
v -0.13481399 -0.36614999 -0.00662
v -0.15983801 -0.36572 -0.055893
v -0.151345 -0.35640901 -0.067975
v -0.13003699 -0.35986501 -0.087322
v -0.163968 -0.32478201 -0.056773
v -0.134249 -0.27922201 -0.078464
v -0.13874499 -0.28785801 -0.074689
v -0.13445701 -0.220945 0.013695
v -0.15017299 -0.207939 -0.025293
v -0.139716 -0.20670401 -0.06559
v -0.137862 -0.21706501 -0.056803
v -0.143443 -0.218072 -0.023243
v -0.141215 -0.208335 0.021868
v -0.149232 -0.17612401 -0.032835
v -0.146072 -0.16298801 0.011677
v -0.146212 -0.15355501 -0.029349
v -0.143778 -0.15282799 -0.000205
v -0.152491 -0.13393199 -0.024965
v -0.15107401 -0.13512 -0.003016
v -0.144088 -0.131835 -0.053959
v -0.142993 -0.116869 0.010563
v -0.132598 -0.088173 0.019941
v -0.124581 -0.063409 -0.08047
v -0.12632699 -0.082134 -0.075166
v -0.137731 -0.026093 0.027394
v -0.13939799 0.003514 -0.003135
v -0.140212 0.002478 -0.020043
v -0.14463501 0.021933 -0.066402
v -0.149629 0.002576 -0.104732
v -0.138503 0.007652 -0.076099
v -0.152495 0.02347 -0.084993
v -0.14359701 0.018074 0.039028
v -0.15283599 0.032634 -0.089175
v -0.128728 0.074162 -0.13199601
v -0.126183 0.098038 0.166517
v -0.132292 0.110582 0.167408
v -0.14830901 0.123882 -0.149454
v -0.135947 0.15386 0.12554
v -0.16380499 0.17111699 -0.154063
v -0.135978 0.163846 -0.15452699
v -0.154147 0.160941 -0.14487299
v -0.135296 0.198219 -0.151398
v -0.133922 0.245295 0.099833
v -0.133973 0.240344 -0.13426501
v -0.12924699 0.33957899 0.030717
v -0.14397299 0.32752699 0.035443
v -0.118889 -0.44971299 -0.98565298
v -0.116101 -0.45002201 0.97775602
v -0.13545799 -0.43683901 -0.019294
v -0.14888699 -0.43781501 -0.01255
v -0.11238 -0.44327399 0.982916
v -0.127055 -0.43759501 -0.092405
v -0.13545799 -0.43683901 -0.019294
v -0.13545799 -0.43683901 -0.019294
v -0.133384 -0.419186 -0.01018
v -0.128455 -0.41092801 0.046663
v -0.123732 -0.402587 -1.6E-05
v -0.123732 -0.402587 -1.6E-05
v -0.13212401 -0.315366 0.03892
v -0.124767 -0.224794 0.03114
v -0.137862 -0.21706501 -0.056803
v -0.123918 -0.24859799 -0.093432
v -0.13692699 -0.15992001 -0.061554
v -0.125605 -0.148672 -0.069465
v -0.146212 -0.15355501 -0.029349
v -0.144088 -0.131835 -0.053959
v -0.127573 -0.14356899 0.051217
v -0.139697 -0.10796 0.028535
v -0.136971 -0.111434 -0.038652
v -0.13499901 -0.121627 -0.070064
v -0.13378 -0.11019 -0.006311
v -0.132598 -0.088173 0.019941
v -0.12632699 -0.082134 -0.075166
v -0.129731 -0.097644 -0.061935
v -0.13705 -0.087198 0.042679
v -0.13558 -0.074036 0.030815
v -0.134313 -0.022615 -0.072396
v -0.13554899 -0.046007 0.034302
v -0.143251 -0.021965 0.04607
v -0.139165 -0.011719 0.01629
v -0.14422999 -4.9E-05 0.030807
v -0.140101 -0.00083 0.045163
v -0.13928001 0.00752 0.004334
v -0.134326 0.005119 -0.104495
v -0.14026301 0.002486 -0.055021
v -0.14026301 0.002486 -0.055021
v -0.145704 -0.005782 -0.04718
v -0.145376 0.010465 0.027631
v -0.14127301 0.016958 -0.044974
v -0.144647 0.010303 -0.017532
v -0.135536 0.023279 -0.098729
v -0.134326 0.005119 -0.104495
v -0.149629 0.002576 -0.104732
v -0.152495 0.02347 -0.084993
v -0.132737 0.044148 0.134974
v -0.128065 0.085399 -0.140294
v -0.128065 0.085399 -0.140294
v -0.15204901 0.118996 -0.134973
v -0.12741201 0.115959 -0.15229601
v -0.15204901 0.118996 -0.134973
v -0.14830901 0.123882 -0.149454
v -0.135978 0.163846 -0.15452699
v -0.13339201 0.18012699 -0.15759
v -0.135978 0.163846 -0.15452699
v -0.16380499 0.17111699 -0.154063
v -0.135296 0.198219 -0.151398
v -0.12797099 0.211925 0.131822
v -0.119455 0.185215 0.142783
v -0.124741 0.241605 0.106647
v -0.125563 0.28178099 -0.115678
v -0.132916 0.29990101 -0.086375
v -0.132916 0.29990101 -0.086375
v -0.12924699 0.33957899 0.030717
v -0.118444 0.38817 -0.050579
v -0.11238 -0.44327399 0.982916
v -0.118198 -0.43691 0.093639
v -0.128012 -0.43758899 0.063336
v -0.116877 -0.39170101 -0.11598
v -0.119479 -0.32558 0.041702
v -0.113972 -0.35787201 -0.091853
v -0.12606899 -0.214826 -0.076893
v -0.139716 -0.20670401 -0.06559
v -0.120025 -0.168354 0.059384
v -0.13692699 -0.15992001 -0.061554
v -0.117828 -0.16148899 -0.083431
v -0.122515 -0.156497 0.051383
v -0.13499901 -0.121627 -0.070064
v -0.118116 -0.094884 0.072091
v -0.125485 -0.101673 -0.062927
v -0.126039 -0.107434 -0.080074
v -0.135236 -0.107567 -0.050931
v -0.135236 -0.107567 -0.050931
v -0.13680699 -0.103587 -0.007599
v -0.136825 -0.054893 0.05711
v -0.130555 -0.026532 0.066075
v -0.122249 -0.008754 -0.084419
v -0.13208801 0.003035 -0.067681
v -0.111496 0.01147 0.062153
v -0.125313 0.008696 -0.078257
v -0.125313 0.008696 -0.078257
v -0.13208801 0.003035 -0.067681
v -0.138503 0.007652 -0.076099
v -0.128196 0.010735 -0.065575
v -0.138503 0.007652 -0.076099
v -0.13208801 0.003035 -0.067681
v -0.128196 0.010735 -0.065575
v -0.14127301 0.016958 -0.044974
v -0.128196 0.010735 -0.065575
v -0.128442 0.020633 -0.046265
v -0.128442 0.020633 -0.046265
v -0.111322 0.021168 0.109348
v -0.110481 0.05553 -0.13445
v -0.127545 0.062421 -0.13980301
v -0.130376 0.069704 -0.156077
v -0.13406099 0.052184 -0.15525
v -0.128728 0.074162 -0.13199601
v -0.122248 0.072911 0.15333299
v -0.114934 0.089567 -0.153293
v -0.114934 0.089567 -0.153293
v -0.111026 0.131449 0.165858
v -0.110197 0.143382 0.15233199
v -0.096192 0.27230799 -0.143995
v -0.121169 0.278032 0.113236
v -0.10681 0.30492201 0.13358399
v -0.116345 0.33754599 0.074157
v -0.117751 0.32246101 -0.075798
v -0.119098 0.34536001 0.025304
v -0.116857 0.37848401 0.010216
v -0.13914999 0.41523999 -0.029212
v -0.114795 0.39168099 -0.01043
v -0.083151 -0.45192 0.043854
v -0.08817 -0.444166 -0.992621
v -0.128012 -0.43758899 0.063336
v -0.122977 -0.41725799 0.073801
v -0.118198 -0.43691 0.093639
v -0.116877 -0.39170101 -0.11598
v -0.11618 -0.40507099 0.019635
v -0.123732 -0.402587 -1.6E-05
v -0.123732 -0.402587 -1.6E-05
v -0.096087 -0.39092699 0.010457
v -0.143701 -0.384619 -0.002875
v -0.11018 -0.36934301 0.00378
v -0.13481399 -0.36614999 -0.00662
v -0.113972 -0.35787201 -0.091853
v -0.119479 -0.32558 0.041702
v -0.113351 -0.312076 -0.081968
v -0.110795 -0.293075 0.054315
v -0.110597 -0.30375201 -0.084031
v -0.11365 -0.27286699 -0.104189
v -0.105397 -0.230132 0.05182
v -0.103446 -0.214194 0.069804
v -0.112631 -0.199641 -0.094571
v -0.109483 -0.124108 -0.088096
v -0.129731 -0.097644 -0.061935
v -0.121843 -0.086728 -0.079984
v -0.117402 -0.032309 -0.088023
v -0.114967 0.004182 -0.083418
v -0.112208 0.008305 -0.09134
v -0.125313 0.008696 -0.078257
v -0.116981 0.016036 -0.120212
v -0.111496 0.01147 0.062153
v -0.111496 0.01147 0.062153
v -0.107528 0.026405 -0.13109399
v -0.13406099 0.052184 -0.15525
v -0.130376 0.069704 -0.156077
v -0.120726 0.056598 -0.156582
v -0.13406099 0.052184 -0.15525
v -0.120726 0.056598 -0.156582
v -0.127545 0.062421 -0.13980301
v -0.110481 0.05553 -0.13445
v -0.128728 0.074162 -0.13199601
v -0.083514 0.050871 0.16767
v -0.114934 0.089567 -0.153293
v -0.114934 0.089567 -0.153293
v -0.128065 0.085399 -0.140294
v -0.107676 0.13792799 -0.169276
v -0.112446 0.14937299 0.13548701
v -0.105033 0.21413399 -0.163045
v -0.133973 0.240344 -0.13426501
v -0.102006 0.32588401 0.125728
v -0.119098 0.34536001 0.025304
v -0.105342 0.33768201 -0.061445
v -0.114795 0.39168099 -0.01043
v -0.08817 -0.444166 -0.992621
v -0.078925 -0.43946099 -0.106812
v -0.10378 -0.42651001 -0.104047
v -0.105344 -0.40217599 0.066008
v -0.104839 -0.41093001 -0.100866
v -0.103117 -0.39641401 0.039058
v -0.088831 -0.336804 0.04127
v -0.098895 -0.357025 -0.092257
v -0.102892 -0.208924 -0.095104
v -0.108793 -0.134413 0.077606
v -0.114724 -0.082737 -0.091659
v -0.0945 -0.10983 0.087608
v -0.100774 -0.03841 0.085223
v -0.114967 0.004182 -0.083418
v -0.106487 -0.005992 -0.089978
v -0.122249 -0.008754 -0.084419
v -0.106692 0.007828 -0.113881
v -0.106692 0.007828 -0.113881
v -0.112208 0.008305 -0.09134
v -0.113447 0.066605 -0.14861
v -0.113447 0.066605 -0.14861
v -0.110468 0.086404 0.15745801
v -0.099791 0.114732 0.167487
v -0.096192 0.27230799 -0.143995
v -0.107493 0.25085101 0.113581
v -0.096097 0.278539 0.13268401
v -0.092719 0.28648499 0.14035399
v -0.132916 0.29990101 -0.086375
v -0.117751 0.32246101 -0.075798
v -0.125563 0.28178099 -0.115678
v -0.102006 0.32588401 0.125728
v -0.098572 0.33963799 0.10774
v -0.13510901 0.32229 0.103979
v -0.105042 0.34920001 0.05703
v -0.057021 -0.45061001 -0.98692697
v 0.06217 -0.45124701 -0.37052399
v -0.12204 -0.439749 -0.107114
v -0.107017 -0.43654099 0.096163
v -0.107017 -0.43654099 0.096163
v -0.09763 -0.40991399 0.002622
v -0.080002 -0.37773201 0.0043
v -0.098895 -0.357025 -0.092257
v -0.110795 -0.293075 0.054315
v -0.084884 -0.31419 0.051904
v -0.091689 -0.297079 -0.113177
v -0.090413 -0.25143099 0.059619
v -0.105397 -0.230132 0.05182
v -0.094725 -0.244028 -0.112933
v -0.086003 -0.19301701 -0.110927
v -0.087558 -0.16057999 0.085174
v -0.114724 -0.082737 -0.091659
v -0.117402 -0.032309 -0.088023
v -0.102475 -0.038345 -0.095206
v -0.097005 0.005061 0.075126
v -0.130555 -0.026532 0.066075
v -0.100774 -0.03841 0.085223
v -0.111496 0.01147 0.062153
v -0.116031 0.001288 -0.14306501
v -0.102241 0.001654 -0.141222
v -0.106487 -0.005992 -0.089978
v -0.116981 0.016036 -0.120212
v -0.100961 -0.000447 -0.102832
v -0.116981 0.016036 -0.120212
v -0.107528 0.026405 -0.13109399
v -0.116031 0.001288 -0.14306501
v -0.093699 0.010726 0.08285
v -0.093177 0.031354 0.14632501
v -0.083514 0.050871 0.16767
v -0.113447 0.066605 -0.14861
v -0.085629 0.057023 -0.15058801
v -0.088309 0.195795 -0.175079
v -0.088123 0.20567399 0.148453
v -0.094566 0.230847 0.133432
v -0.083133 0.24341799 0.123207
v -0.091416 0.272558 0.116239
v -0.105342 0.33768201 -0.061445
v -0.086507 0.33027801 -0.09179
v -0.116345 0.33754599 0.074157
v -0.109351 0.350474 0.015179
v -0.099438 0.35179999 -0.034383
v -0.109351 0.350474 0.015179
v -0.101236 0.353562 0.000665
v -0.101236 0.353562 0.000665
v -0.114795 0.39168099 -0.01043
v -0.116857 0.37848401 0.010216
v -0.086845 -0.43978101 0.08575
v 0.078656 -0.43961799 0.175778
v -0.056853 -0.43896699 0.97914702
v -0.07974 -0.41382501 -0.100795
v -0.093104 -0.38388401 -0.114781
v -0.09763 -0.40991399 0.002622
v -0.093104 -0.38388401 -0.114781
v -0.090153 -0.169754 0.087454
v -0.091736 -0.161257 -0.100752
v -0.083089 -0.15061 -0.100832
v -0.109483 -0.124108 -0.088096
v -0.083904 -0.075561 -0.105232
v -0.092751 -0.006785 -0.150925
v -0.096724 -0.007357 -0.123593
v -0.100961 -0.000447 -0.102832
v -0.097005 0.005061 0.075126
v -0.116031 0.001288 -0.14306501
v -0.107528 0.026405 -0.13109399
v -0.102241 0.001654 -0.141222
v -0.102241 0.001654 -0.141222
v -0.098767 0.025477 -0.129264
v -0.082686 0.017056 0.12504201
v -0.092847 0.03857 -0.138486
v -0.085903 0.093298 -0.16738801
v -0.094674 0.116926 0.16847201
v -0.086315 0.14348499 0.15898199
v -0.085679 0.15069801 0.141626
v -0.072454 0.162297 -0.183441
v -0.089743 0.16935401 0.147539
v -0.083738 0.308231 -0.122088
v -0.096192 0.27230799 -0.143995
v -0.082891 0.35003099 0.08021
v -0.094009 0.347415 -0.046051
v -0.099438 0.35179999 -0.034383
v -0.105042 0.34920001 0.05703
v -0.095009 0.35761601 0.030744
v -0.101236 0.353562 0.000665
v -0.099438 0.35179999 -0.034383
v -0.078925 -0.43946099 -0.106812
v -0.093085 -0.43595099 0.078581
v 0.068178 -0.43981001 0.056784
v -0.105344 -0.40217599 0.066008
v -0.093085 -0.43595099 0.078581
v -0.082464 -0.41203699 0.040723
v -0.107017 -0.43654099 0.096163
v -0.078441 -0.40456101 -0.097499
v -0.09763 -0.40991399 0.002622
v -0.103117 -0.39641401 0.039058
v -0.083641 -0.41677499 0.013314
v -0.077292 -0.35242301 0.026522
v -0.077113 -0.35653299 -0.086588
v -0.077113 -0.35653299 -0.086588
v -0.086093 -0.321426 -0.075241
v -0.078085 -0.319626 -0.100882
v -0.110597 -0.30375201 -0.084031
v -0.091689 -0.297079 -0.113177
v -0.078958 -0.280406 0.056512
v -0.075606 -0.27320299 -0.127589
v -0.080887 -0.048617 -0.108213
v -0.080833 -0.032008 -0.110327
v -0.078239 -0.013281 -0.10787
v -0.084694 -0.032272 0.086837
v -0.087882 -0.012761 -0.132076
v -0.078239 -0.013281 -0.10787
v -0.083231 0.013572 -0.144061
v -0.092751 -0.006785 -0.150925
v -0.083231 0.013572 -0.144061
v -0.098767 0.025477 -0.129264
v -0.089912 0.027844 -0.136517
v -0.092847 0.03857 -0.138486
v -0.073503 0.074017 0.175466
v -0.088266 0.09696 0.16575301
v -0.068525 0.116471 -0.179075
v -0.082445 0.266251 0.123143
v -0.091416 0.272558 0.116239
v -0.082445 0.266251 0.123143
v -0.096097 0.278539 0.13268401
v -0.089387 0.35620201 0.004402
v -0.073083 0.35817501 0.045392
v -0.095009 0.35761601 0.030744
v -0.0326 -0.45146701 -0.149354
v -0.05234 -0.43901199 -0.98742801
v 0.041623 -0.43966001 -0.099282
v -0.078558 -0.439336 0.04123
v -0.078558 -0.439336 0.04123
v -0.085099 -0.415014 -0.007039
v -0.085099 -0.415014 -0.007039
v -0.078085 -0.319626 -0.100882
v -0.086093 -0.321426 -0.075241
v -0.110597 -0.30375201 -0.084031
v -0.059468 -0.225045 0.083736
v -0.068907 -0.20367201 -0.109118
v -0.103446 -0.214194 0.069804
v -0.069561 -0.150984 0.094428
v -0.0945 -0.10983 0.087608
v -0.108793 -0.134413 0.077606
v -0.083089 -0.15061 -0.100832
v -0.071907 -0.114706 0.091399
v -0.082546 -0.078663 0.090842
v -0.079115 -0.005844 -0.143915
v -0.079478 -0.007705 -0.11418
v -0.079478 -0.007705 -0.11418
v -0.070525 -0.005771 0.074954
v -0.092751 -0.006785 -0.150925
v -0.083231 0.013572 -0.144061
v -0.079115 -0.005844 -0.143915
v -0.086979 0.027818 -0.15886199
v -0.081016 0.020774 -0.173669
v -0.082942 0.020529 -0.147349
v -0.076767 0.027953 -0.176468
v -0.08242 0.042346 -0.15296
v -0.08242 0.042346 -0.15296
v -0.07141 0.049746 -0.151787
v -0.087958 0.102146 0.179548
v -0.077124 0.122489 0.191695
v -0.077516 0.090433 0.192435
v -0.077181 0.14350501 0.18034901
v -0.068768 0.15850399 0.143931
v -0.068369 0.23449101 0.129756
v -0.047764 0.25532201 -0.16971301
v -0.06345 0.30050001 0.149756
v -0.069416 0.35251501 -0.056484
v -0.084927 0.369073 0.027011
v -0.055786 -0.438306 -0.091019
v -0.070958 -0.43687299 -0.022714
v -0.07949 -0.436167 0.001833
v -0.073718 -0.439807 0.007511
v -0.07949 -0.436167 0.001833
v -0.070958 -0.43687299 -0.022714
v -0.055485 -0.40468901 -0.004825
v -0.062512 -0.373523 0.001985
v -0.069505 -0.33599901 -0.069057
v -0.086093 -0.321426 -0.075241
v -0.00772 -0.298289 -0.150887
v -0.063518 -0.27525699 0.059518
v -0.061564 -0.242193 -0.125498
v -0.061334 -0.217871 0.096331
v -0.103446 -0.214194 0.069804
v -0.061334 -0.217871 0.096331
v -0.090153 -0.169754 0.087454
v -0.064015 -0.165411 0.100916
v -0.087558 -0.16057999 0.085174
v -0.051706 -0.15448201 -0.113149
v -0.091736 -0.161257 -0.100752
v -0.074513 -0.082841 0.097925
v -0.070174 -0.036999 0.101079
v -0.069803 0.022231 -0.13623101
v -0.066205 0.004155 0.079069
v -0.066205 0.004155 0.079069
v -0.044379 0.004175 0.103234
v -0.082942 0.020529 -0.147349
v -0.081016 0.020774 -0.173669
v -0.068634 0.027307 -0.152925
v -0.026704 0.025592 0.173765
v -0.076767 0.027953 -0.176468
v -0.069036 0.165705 0.14323901
v -0.043524 0.203951 -0.185643
v -0.064411 0.223749 0.136875
v -0.053118 0.25142199 0.158609
v -0.052057 0.32442701 0.12622
v -0.06345 0.30050001 0.149756
v -0.060611 0.33738199 0.107476
v -0.069113 0.35551101 0.074977
v -0.076674 0.35771099 -0.003235
v -0.084927 0.369073 0.027011
v -0.071946 0.38432401 0.014859
v -0.065081 -0.445411 -0.995368
v -0.052604 -0.45050201 0.979294
v -0.065081 -0.445411 -0.995368
v -0.05903 -0.43958601 -0.020384
v -0.055786 -0.438306 -0.091019
v -0.059568 -0.40544999 -0.088499
v -0.067431 -0.42164499 -0.026315
v -0.056173 -0.379996 -0.090766
v -0.056173 -0.379996 -0.090766
v -0.062194 -0.333361 0.032477
v -0.008479 -0.32386699 -0.120401
v -0.0516 -0.29744899 0.04206
v -0.086003 -0.19301701 -0.110927
v -0.046722 -0.14527699 0.097444
v -0.061164 -0.108464 0.104806
v -0.074513 -0.082841 0.097925
v -0.064272 -0.067196 0.098806
v -0.070174 -0.036999 0.101079
v -0.066375 0.003138 -0.130263
v -0.066375 0.003138 -0.130263
v -0.076767 0.027953 -0.176468
v -0.07141 0.049746 -0.151787
v -0.032692 0.045228 0.191725
v -0.036885 0.084031 -0.174238
v -0.058376 0.088832 0.206778
v -0.055047 0.106126 0.208388
v -0.061672 0.150929 0.195228
v -0.05328 0.167439 0.162416
v -0.066251 0.20374499 0.143921
v -0.06381 0.245599 0.150764
v -0.06381 0.245599 0.150764
v -0.042871 0.29679599 -0.148268
v -0.046528 0.32349399 -0.122548
v -0.058262 0.36581799 0.000175
v -0.057931 0.372821 0.018865
v -0.055335 0.36888599 0.061865
v -0.071946 0.38432401 0.014859
v 0.112966 -0.45181 0.092025
v -0.05692 -0.444354 0.98833299
v -0.048266 -0.44113001 -0.99426502
v 0.143589 -0.43934199 -0.49280801
v -0.034588 -0.43972099 -0.074076
v -0.05692 -0.444354 0.98833299
v -0.067431 -0.42164499 -0.026315
v -0.040195 -0.40357801 -0.021243
v -0.048357 -0.36647701 -0.006552
v -0.05963 -0.329335 -0.076385
v -0.069505 -0.33599901 -0.069057
v -0.041323 -0.333893 -0.049211
v -0.078958 -0.280406 0.056512
v -0.0516 -0.29744899 0.04206
v -0.063518 -0.27525699 0.059518
v -0.045284 -0.27604201 -0.145836
v -0.031832 -0.266406 0.08973
v -0.052949 -0.20043699 0.112623
v -0.050394 -0.225949 0.10887
v -0.042656 -0.188012 -0.123258
v -0.068907 -0.20367201 -0.109118
v -0.064015 -0.165411 0.100916
v -0.052525 -0.15276401 0.098888
v -0.069561 -0.150984 0.094428
v -0.037708 -0.138202 -0.10827
v -0.046722 -0.14527699 0.097444
v -0.061164 -0.108464 0.104806
v -0.057254 -0.078148 0.105695
v -0.044481 -0.087755 -0.112483
v -0.025421 -0.084284 -0.11705
v -0.050324 -0.047993 0.097305
v -0.055433 -0.03441 0.104423
v -0.054565 -0.014265 0.104752
v -0.054565 -0.014265 0.104752
v -0.079478 -0.007705 -0.11418
v -0.053962 -0.005293 -0.114519
v -0.05019 -0.001322 0.096578
v -0.066375 0.003138 -0.130263
v -0.059055 0.001611 -0.127489
v -0.054695 0.022955 -0.12893
v -0.055344 0.039819 -0.14681201
v -0.068634 0.027307 -0.152925
v -0.07141 0.049746 -0.151787
v -0.055344 0.039819 -0.14681201
v -0.044489 0.062321 0.192237
v -0.032692 0.045228 0.191725
v -0.055344 0.039819 -0.14681201
v -0.057976 0.074812 0.198512
v -0.077516 0.090433 0.192435
v -0.073503 0.074017 0.175466
v -0.058376 0.088832 0.206778
v -0.042651 0.12588 0.203216
v -0.05917 0.172681 0.144537
v -0.059488 0.213992 0.144153
v -0.015736 0.35560301 -0.087895
v -0.054448 0.364732 -0.035716
v -0.058262 0.36581799 0.000175
v -0.007994 -0.444076 -0.99770999
v -0.044351 -0.441475 0.98622203
v -0.008176 -0.44409001 0.98950601
v -0.047958 -0.43467 -0.055341
v -0.059568 -0.40544999 -0.088499
v -0.044963 -0.42096201 -0.075416
v -0.055786 -0.438306 -0.091019
v -0.047958 -0.43467 -0.055341
v -0.046342 -0.41864201 -0.045125
v -0.062512 -0.373523 0.001985
v -0.040195 -0.40357801 -0.021243
v -0.040157 -0.388989 -0.032504
v -0.048357 -0.36647701 -0.006552
v -0.040081 -0.32957101 0.005753
v -0.062194 -0.333361 0.032477
v -0.044144 -0.344661 -0.038728
v -0.04396 -0.31196699 0.028259
v -0.04396 -0.31196699 0.028259
v -0.045284 -0.27604201 -0.145836
v -0.034367 -0.288028 0.07455
v -0.045695 -0.240218 -0.143896
v -0.044239 -0.21939801 -0.120926
v -0.050394 -0.225949 0.10887
v -0.024644 -0.20045801 -0.114441
v -0.024644 -0.20045801 -0.114441
v -0.047828 -0.185165 0.124952
v -0.053319 -0.160941 0.113844
v -0.053319 -0.160941 0.113844
v -0.048924 -0.12467 0.106173
v -0.059055 0.001611 -0.127489
v -0.05164 -0.004063 -0.14837
v -0.051756 -0.012707 -0.13733
v -0.053962 -0.005293 -0.114519
v -0.053692 0.011365 -0.133863
v -0.044379 0.004175 0.103234
v -0.054695 0.022955 -0.12893
v -0.059055 0.001611 -0.127489
v -0.030095 0.003991 0.109997
v -0.044489 0.062321 0.192237
v -0.042701 0.169728 0.17767
v -0.045212 0.168192 0.202861
v -0.028885 0.156791 -0.19102301
v -0.050213 0.175777 0.15856899
v -0.052458 0.205091 0.15507901
v -0.042871 0.29679599 -0.148268
v -0.03891 0.29914299 0.144457
v -0.046337 0.38812101 0.030251
v -0.057931 0.372821 0.018865
v -0.045032 0.40361801 0.006572
v -0.058262 0.36581799 0.000175
v -0.046337 0.38812101 0.030251
v -0.032333 0.39079699 0.04593
v -0.039952 0.38090101 -0.006569
v 0.066613 -0.45185801 0.034821
v -0.036634 -0.44848901 0.986314
v -0.008176 -0.44409001 0.98950601
v -0.045298 -0.43634799 -0.070782
v -0.047958 -0.43467 -0.055341
v -0.038516 -0.43964601 -0.047644
v -0.045298 -0.43634799 -0.070782
v -0.047958 -0.43467 -0.055341
v -0.046342 -0.41864201 -0.045125
v -0.03952 -0.40081099 -0.057114
v -0.056173 -0.379996 -0.090766
v -0.036587 -0.377716 -0.056493
v -0.044144 -0.344661 -0.038728
v -0.069505 -0.33599901 -0.069057
v -0.040458 -0.36263901 -0.025006
v -0.037904 -0.33373299 -0.010651
v -0.034367 -0.288028 0.07455
v -0.022134 -0.23565499 0.099087
v -0.028608 -0.214615 -0.130145
v -0.007856 -0.148268 -0.116422
v -0.029681 -0.054051 0.10984
v -0.031005 -0.03439 0.10828
v -0.021694 -0.018788 -0.114751
v -0.051756 -0.012707 -0.13733
v -0.042504 -0.008809 -0.15260001
v -0.035736 -0.01233 -0.13236
v -0.042504 -0.008809 -0.15260001
v -0.042849 -0.008785 -0.117694
v -0.042849 -0.008785 -0.117694
v -0.053962 -0.005293 -0.114519
v -0.05164 -0.004063 -0.14837
v -0.053692 0.011365 -0.133863
v -0.042504 -0.008809 -0.15260001
v -0.054695 0.022955 -0.12893
v -0.027966 0.016313 -0.147026
v -0.032652 0.077042 0.213277
v -0.035721 0.13466001 0.21820401
v -0.036477 0.18736801 0.161369
v -0.053118 0.25142199 0.158609
v -0.029178 0.246612 0.159822
v -0.06345 0.30050001 0.149756
v -0.019569 0.344594 0.109334
v -0.039952 0.38090101 -0.006569
v -0.035348 0.40922499 0.000266
v 0.06186 -0.43930101 0.94925898
v -0.005305 -0.333601 -0.077951
v -0.040081 -0.32957101 0.005753
v -0.032212 -0.327544 0.007321
v -0.04396 -0.31196699 0.028259
v -0.021796 -0.2322 -0.15954
v -0.024514 -0.21300399 -0.151281
v -0.020138 -0.22567999 0.11708
v -0.016461 -0.206452 -0.12173
v -0.027443 -0.169295 0.12235
v -0.023007 -0.16091999 0.129768
v -0.030792 -0.15285 0.117466
v -0.029851 -0.145015 0.104544
v -0.046722 -0.14527699 0.097444
v -0.029851 -0.145015 0.104544
v -0.048924 -0.12467 0.106173
v -0.01881 -0.06799 0.102482
v -0.02566 -0.021777 0.106094
v -0.020431 -0.010868 -0.122015
v -0.05019 -0.001322 0.096578
v -0.027966 0.016313 -0.147026
v -0.026015 0.003612 -0.14244001
v -0.015054 0.030125 -0.14673699
v -0.058376 0.088832 0.206778
v -0.032652 0.077042 0.213277
v -0.055047 0.106126 0.208388
v -0.006475 0.13553099 -0.190368
v -0.014944 0.15857901 0.219863
v -0.0127 0.32031599 0.13311499
v -0.023773 0.38690099 -0.037354
v -0.045032 0.40361801 0.006572
v -0.046337 0.38812101 0.030251
v -0.029648 0.39539701 0.021016
v -0.032333 0.39079699 0.04593
v -0.029648 0.39539701 0.021016
v -0.046337 0.38812101 0.030251
v -0.035348 0.40922499 0.000266
v -0.007994 -0.444076 -0.99770999
v -0.002595 -0.45060599 -0.99430001
v -0.005533 -0.439224 0.98617703
v -0.012113 -0.33419499 -0.038008
v -0.037904 -0.33373299 -0.010651
v -0.008479 -0.32386699 -0.120401
v -0.005205 -0.32887599 0.018469
v -0.019298 -0.308743 0.05863
v 0.004176 -0.31212199 -0.14575499
v -0.020138 -0.22567999 0.11708
v -0.026468 -0.18480401 0.126499
v -0.023007 -0.16091999 0.129768
v -0.020431 -0.010868 -0.122015
v -0.030095 0.003991 0.109997
v -0.030095 0.003991 0.109997
v -0.011899 0.059845 0.20195299
v -0.011899 0.059845 0.20195299
v -0.024891 0.106692 0.21616
v -0.012481 0.17640001 0.204946
v -0.004002 0.180171 0.171012
v -0.009017 0.22694001 -0.183561
v -0.03891 0.29914299 0.144457
v 0.007686 0.27839199 -0.16492
v -0.003793 0.31707901 -0.13782001
v -0.003793 0.31707901 -0.13782001
v -0.00754 0.37728801 -0.054947
v -0.015701 0.395017 -0.010345
v -0.026121 0.40107301 0.004878
v -0.026121 0.40107301 0.004878
v -0.039952 0.38090101 -0.006569
v -0.035348 0.40922499 0.000266
v -0.026121 0.40107301 0.004878
v 0.059579 -0.452079 -0.097315
v 0.041547 -0.45068601 0.97908801
v 0.000591 -0.45032901 0.98648202
v -0.004506 -0.43906099 -0.994304
v 0.037705 -0.43958801 -0.058585
v -0.021796 -0.2322 -0.15954
v -0.001755 -0.244534 -0.16384999
v -0.009231 -0.191716 0.12122
v 0.007393 -0.186032 -0.124226
v 0.000631 -0.120811 -0.107923
v 0.00412 -0.104143 0.109
v -0.004464 -0.049422 0.110911
v -0.003634 -0.006551 0.10374
v -0.016231 -0.005002 -0.152849
v -0.026015 0.003612 -0.14244001
v -0.017831 0.008667 -0.15421499
v -0.027966 0.016313 -0.147026
v -0.002581 0.03365 0.188178
v 0.008095 0.039472 -0.152108
v -0.024891 0.106692 0.21616
v -0.016036 0.118512 0.227158
v -0.045212 0.168192 0.202861
v -0.012481 0.17640001 0.204946
v -0.042701 0.169728 0.17767
v 0.001919 0.19890501 0.164459
v -0.036477 0.18736801 0.161369
v 0.001919 0.19890501 0.164459
v -0.01665 0.39736199 -0.025369
v 0.001718 -0.28363001 0.089629
v 0.001718 -0.28363001 0.089629
v -0.00221 -0.197098 -0.16966601
v 0.015089 -0.23021699 0.099263
v 0.013035 -0.22467101 0.120565
v -0.006356 -0.19727901 -0.13268501
v -0.024514 -0.21300399 -0.151281
v -0.028608 -0.214615 -0.130145
v -0.016461 -0.206452 -0.12173
v -0.002891 -0.165915 -0.15800101
v 0.016999 -0.192857 -0.114362
v 0.007958 -0.16053499 0.13427299
v 0.01019 -0.15020899 0.112769
v 0.011793 -0.127987 0.104229
v 0.013738 -0.108249 -0.112195
v -0.002215 -0.063061 0.113127
v -0.013407 -0.010729 -0.178486
v 0.006845 0.004393 0.105401
v 0.006845 0.004393 0.105401
v -0.017831 0.008667 -0.15421499
v -0.001697 0.051831 0.200379
v -0.011899 0.059845 0.20195299
v -0.032692 0.045228 0.191725
v -0.001369 0.073386 0.215506
v -0.000484 0.096318 0.221402
v -0.016036 0.118512 0.227158
v -0.004002 0.180171 0.171012
v -0.050213 0.175777 0.15856899
v 0.017111 0.26153001 0.15690599
v 0.000209 0.35879001 0.091761
v -0.000402 0.404845 0.039233
v -0.003684 0.41292301 -0.009621
v -0.001327 0.41898099 0.017781
v 0.073038 -0.451242 -0.91382003
v 0.068612 -0.451289 0.925264
v 0.004176 -0.31212199 -0.14575499
v 0.026567 -0.326051 -0.123039
v 0.009558 -0.312657 0.057883
v 0.016118 -0.26089799 0.096835
v -0.00221 -0.197098 -0.16966601
v 0.013035 -0.22467101 0.120565
v 0.019173 -0.20055901 -0.113589
v -0.016461 -0.206452 -0.12173
v -0.002891 -0.165915 -0.15800101
v 0.012799 -0.201681 0.12610801
v 0.033601 -0.13908599 -0.104207
v 0.01019 -0.15020899 0.112769
v 0.010996 -0.091363 0.114051
v -0.016231 -0.005002 -0.152849
v -0.013407 -0.010729 -0.178486
v -0.00295 -0.013651 -0.17851099
v -0.003041 -0.00748 -0.140736
v -0.026015 0.003612 -0.14244001
v 0.011088 -0.012685 -0.13574199
v -0.020431 -0.010868 -0.122015
v -0.013407 -0.010729 -0.178486
v 0.001178 0.007033 -0.16785499
v -0.00295 -0.013651 -0.17851099
v 0.003625 0.019052 -0.156763
v 0.028756 0.019204 0.15606
v -0.002581 0.03365 0.188178
v -0.001369 0.073386 0.215506
v 0.014063 0.112904 -0.184643
v 0.013572 0.17816401 -0.190405
v 0.012585 0.327907 0.125918
v 0.005787 0.40643099 -0.058347
v -0.001327 0.41898099 0.017781
v 0.160492 -0.451096 0.59456599
v 0.026794 -0.32883 -0.035106
v 0.021217 -0.27671099 -0.15522499
v 0.010642 -0.206403 -0.122394
v 0.010642 -0.206403 -0.122394
v 0.005072 -0.163132 -0.153852
v 0.004323 -0.164967 -0.16257399
v 0.007958 -0.16053499 0.13427299
v 0.004323 -0.164967 -0.16257399
v 0.00712 -0.027939 0.101664
v 0.021255 -0.0139 -0.111601
v 0.021255 -0.0139 -0.111601
v 0.018357 -0.004972 0.10582
v 0.011327 -0.001401 -0.153413
v 0.013348 0.027279 -0.162962
v 0.020427 0.060101 0.19606701
v 0.020427 0.060101 0.19606701
v 0.022762 0.138468 0.22138201
v -0.014944 0.15857901 0.219863
v 0.029683 0.162018 0.211422
v 0.029683 0.162018 0.211422
v 0.02085 0.173853 0.170191
v 0.03113 0.252379 -0.17218
v 0.029746 0.30206901 0.142111
v -0.0127 0.32031599 0.13311499
v -0.00754 0.37728801 -0.054947
v 0.016927 0.36811399 -0.063049
v -0.015736 0.35560301 -0.087895
v 0.02238 0.368056 0.074107
v 0.010377 0.406183 -0.031218
v -0.01665 0.39736199 -0.025369
v 0.013767 0.39682901 -0.013297
v 0.010377 0.406183 -0.031218
v -0.015701 0.395017 -0.010345
v -0.003684 0.41292301 -0.009621
v 0.013767 0.39682901 -0.013297
v -0.015701 0.395017 -0.010345
v 0.047754 -0.439805 -0.017688
v 0.016378 -0.211707 -0.164827
v 0.010642 -0.206403 -0.122394
v 0.015376 -0.187088 -0.146816
v 0.005072 -0.163132 -0.153852
v 0.004323 -0.164967 -0.16257399
v 0.053722 -0.18301199 -0.115949
v 0.030786 -0.11967 -0.104799
v 0.019986 -0.098818 0.108529
v 0.018315 -0.05838 0.102459
v 0.027543 -0.048099 0.105912
v 0.030812 -0.016075 0.105024
v 0.011327 -0.001401 -0.153413
v 0.011327 -0.001401 -0.153413
v 0.001178 0.007033 -0.16785499
v 0.003625 0.019052 -0.156763
v 0.021153 0.015734 -0.162416
v 0.035901 0.080967 0.209024
v 0.043727 0.096787 -0.176828
v 0.022347 0.113092 0.212864
v 0.029209 0.171472 0.197276
v 0.029683 0.162018 0.211422
v 0.039069 0.31756601 -0.128704
v 0.021539 0.38205001 -0.050659
v -0.00754 0.37728801 -0.054947
v 0.018285 0.395713 -0.068075
v 0.021539 0.38205001 -0.050659
v 0.018285 0.395713 -0.068075
v 0.022573 0.42583501 0.017236
v 0.01631 0.42997 0.001353
v 0.01631 0.42997 0.001353
v 0.045191 -0.44974801 -0.990435
v 0.123499 -0.45153499 -0.13887
v 0.064299 -0.443362 -0.99430001
v 0.031461 -0.32573301 0.006468
v 0.009558 -0.312657 0.057883
v 0.039923 -0.292247 0.06209
v 0.036707 -0.25514001 -0.149206
v 0.02499 -0.21421599 0.10304
v 0.012799 -0.201681 0.12610801
v 0.031836 -0.217219 -0.122796
v 0.026954 -0.21108299 -0.15148599
v 0.016378 -0.211707 -0.164827
v 0.027023 -0.21489599 -0.13056
v 0.02344 -0.17158601 0.111404
v 0.004323 -0.164967 -0.16257399
v 0.007958 -0.16053499 0.13427299
v 0.022097 -0.156461 0.111582
v 0.026924 -0.082097 0.108002
v 0.034 -0.069539 0.098266
v 0.042314 -0.052827 -0.11163
v 0.027028 -0.008763 -0.163358
v 0.011327 -0.001401 -0.153413
v 0.021153 0.015734 -0.162416
v 0.027028 -0.008763 -0.163358
v 0.003625 0.019052 -0.156763
v 0.03275 0.044574 0.186509
v 0.03275 0.044574 0.186509
v -0.004002 0.180171 0.171012
v 0.02085 0.173853 0.170191
v 0.032645 0.202406 -0.185579
v 0.040511 0.226523 0.15943301
v 0.012585 0.327907 0.125918
v 0.038551 0.34057301 0.105025
v 0.038309 0.37510699 -0.045072
v 0.018285 0.395713 -0.068075
v 0.005787 0.40643099 -0.058347
v 0.024422 0.40277001 -0.059933
v 0.023255 0.395226 -0.022928
v 0.033563 0.40981799 -0.013838
v 0.036359 0.423657 -0.019783
v 0.024368 0.396887 0.036938
v 0.036359 0.423657 -0.019783
v 0.064299 -0.443362 -0.99430001
v 0.079238 -0.43903801 -0.986471
v 0.133251 -0.43935201 0.86516798
v 0.035604 -0.43906701 0.98031002
v 0.028219 -0.32718399 -0.076545
v 0.037649 -0.31307399 0.038853
v 0.039923 -0.292247 0.06209
v 0.037927 -0.232463 -0.141544
v 0.031836 -0.217219 -0.122796
v 0.044127 -0.122764 0.099123
v 0.035434 -0.088194 0.096816
v 0.032662 -0.018065 -0.155595
v 0.0304 0.010794 -0.15085
v 0.027028 -0.008763 -0.163358
v 0.021153 0.015734 -0.162416
v 0.013348 0.027279 -0.162962
v 0.032852 0.02529 -0.155719
v 0.008095 0.039472 -0.152108
v 0.04359 0.037411 -0.143601
v 0.035901 0.080967 0.209024
v 0.048735 0.105412 0.206367
v 0.031812 0.124974 0.201525
v 0.041838 0.15487 -0.18678699
v 0.038714 0.18272001 0.157754
v 0.043558 0.27934501 0.157011
v 0.055006 0.32882601 0.122915
v 0.02977 0.38128799 -0.039491
v 0.034734 0.37827301 0.051297
v 0.023255 0.395226 -0.022928
v 0.021539 0.38205001 -0.050659
v 0.018285 0.395713 -0.068075
v 0.024422 0.40277001 -0.059933
v 0.023255 0.395226 -0.022928
v 0.033563 0.40981799 -0.013838
v 0.023255 0.395226 -0.022928
v 0.013767 0.39682901 -0.013297
v 0.032773 0.43586501 -0.008883
v 0.032773 0.43586501 -0.008883
v 0.19047099 -0.45104799 -0.65167302
v 0.056926 -0.44431701 0.98615098
v 0.18441799 -0.43930599 -0.79888099
v 0.130079 -0.43936101 0.50191402
v 0.056926 -0.44431701 0.98615098
v 0.034352 -0.39388701 -0.031048
v 0.036962 -0.393121 -0.064714
v 0.033677 -0.414085 -0.016024
v 0.038673 -0.361698 -0.05683
v 0.032108 -0.33439299 -0.018256
v 0.040606 -0.35209599 0.014298
v 0.042725 -0.326065 -0.071998
v 0.042362 -0.33440599 -0.060527
v 0.042362 -0.33440599 -0.060527
v 0.026794 -0.32883 -0.035106
v 0.031461 -0.32573301 0.006468
v 0.057602 -0.29973501 -0.13431901
v 0.026567 -0.326051 -0.123039
v 0.036707 -0.25514001 -0.149206
v 0.04383 -0.231831 -0.12647299
v 0.051773 -0.20014501 -0.111333
v 0.046188 -0.1644 0.099674
v 0.038682 -0.10517 -0.110297
v 0.038861 -0.014967 -0.107716
v 0.021255 -0.0139 -0.111601
v 0.032662 -0.018065 -0.155595
v 0.034734 -0.008997 -0.116096
v 0.038861 -0.014967 -0.107716
v 0.04893 -0.012736 0.092401
v 0.04142 -0.009943 -0.15841401
v 0.039615 -0.004099 0.076126
v 0.052692 0.003432 0.08428
v 0.018357 -0.004972 0.10582
v 0.039615 -0.004099 0.076126
v 0.006845 0.004393 0.105401
v 0.066896 0.012605 0.120533
v 0.036639 0.032329 -0.14304499
v 0.04359 0.037411 -0.143601
v 0.036639 0.032329 -0.14304499
v 0.032852 0.02529 -0.155719
v 0.041531 0.075261 0.201656
v 0.04752 0.151351 0.20043001
v 0.040385 0.166642 0.165731
v 0.06795 0.22755601 -0.171005
v 0.055006 0.32882601 0.122915
v 0.042855 0.35984299 -0.058741
v 0.024368 0.396887 0.036938
v 0.038967 0.39618 0.014493
v 0.043543 0.42730799 0.005236
v 0.043543 0.42730799 0.005236
v 0.105991 -0.45060799 -0.97951502
v 0.044927 -0.43762499 -0.079557
v 0.037705 -0.43958801 -0.058585
v 0.041363 -0.42652401 -0.059196
v 0.044927 -0.43762499 -0.079557
v 0.047895 -0.42949301 -0.027255
v 0.047399 -0.41124299 -0.074547
v 0.046126 -0.409253 0.008206
v 0.043424 -0.390091 -0.000474
v 0.055767 -0.38771799 -0.094375
v 0.057429 -0.32242399 0.047965
v 0.061108 -0.312163 -0.091283
v 0.057429 -0.32242399 0.047965
v 0.056818 -0.264579 0.074217
v 0.062128 -0.192001 -0.106415
v 0.06096 -0.14728101 -0.096127
v 0.055337 -0.129226 -0.105064
v 0.057293 -0.085233 0.092671
v 0.049153 -0.05803 0.093003
v 0.032662 -0.018065 -0.155595
v 0.04142 -0.009943 -0.15841401
v 0.046925 0.008386 -0.12702601
v 0.043712 0.002495 -0.110629
v 0.043712 0.002495 -0.110629
v 0.064399 -0.013967 -0.091854
v 0.04893 -0.012736 0.092401
v 0.046925 0.008386 -0.12702601
v 0.044636 0.023758 -0.12759
v 0.04359 0.037411 -0.143601
v 0.056974 0.05136 -0.15119199
v 0.060402 0.064648 0.176434
v 0.060402 0.064648 0.176434
v 0.052926 0.13583 0.196191
v 0.040385 0.166642 0.165731
v 0.052602 0.223712 0.138455
v 0.070125 0.285882 -0.143062
v 0.053502 0.37024301 0.053481
v 0.038309 0.37510699 -0.045072
v 0.02977 0.38128799 -0.039491
v 0.056779 0.39329401 -0.04969
v 0.045628 0.38858601 0.02893
v 0.046642 0.38773501 0.012219
v 0.045628 0.38858601 0.02893
v 0.045067 0.410476 -0.004065
v 0.046647 0.413077 -0.013062
v 0.05057 0.43480799 -0.023208
v 0.05057 0.43480799 -0.023208
v 0.055708 -0.436391 -0.021507
v 0.072076 -0.43961799 0.050773
v 0.055708 -0.436391 -0.021507
v 0.064974 -0.40211201 0.021653
v 0.060528 -0.38263199 0.023936
v 0.062805 -0.36006701 -0.082563
v 0.061807 -0.30906299 -0.120142
v 0.059587 -0.29982299 0.060209
v 0.06984 -0.26474601 -0.122641
v 0.05578 -0.218732 0.079458
v 0.04383 -0.231831 -0.12647299
v 0.06767 -0.20427901 0.084853
v 0.061487 -0.147732 0.096847
v 0.05409 -0.06461 -0.108889
v 0.069808 -0.038388 0.083877
v 0.054661 -0.004581 0.078838
v 0.039615 -0.004099 0.076126
v 0.054661 -0.004581 0.078838
v 0.052692 0.003432 0.08428
v 0.036639 0.032329 -0.14304499
v 0.04359 0.037411 -0.143601
v 0.044636 0.023758 -0.12759
v 0.073917 0.027279 -0.13157099
v 0.066181 0.081125 0.172639
v 0.041531 0.075261 0.201656
v 0.058884 0.148866 0.18490601
v 0.04752 0.151351 0.20043001
v 0.056214 0.16111 0.14675801
v 0.074385 0.186095 -0.178342
v 0.058533 0.254228 0.15180799
v 0.056478 0.30300099 0.148131
v 0.06349 0.278644 0.152282
v 0.066096 0.347426 0.083793
v 0.051783 0.37159199 -0.031499
v 0.05836 0.37466401 0.03084
v 0.062889 0.39820001 -0.009401
v 0.059886 0.40834501 -0.039475
v 0.046647 0.413077 -0.013062
v 0.05057 0.43480799 -0.023208
v 0.074578 -0.409067 -0.094172
v 0.064144 -0.325993 -0.080217
v 0.064144 -0.325993 -0.080217
v 0.061807 -0.30906299 -0.120142
v 0.059587 -0.29982299 0.060209
v 0.068392 -0.111774 0.085687
v 0.069308 -0.06592 -0.094851
v 0.05409 -0.06461 -0.108889
v 0.064399 -0.013967 -0.091854
v 0.060578 -0.014259 0.082268
v 0.064399 -0.013967 -0.091854
v 0.043712 0.002495 -0.110629
v 0.064435 -0.004341 -0.108927
v 0.060578 -0.014259 0.082268
v 0.067382 0.007752 -0.133316
v 0.046925 0.008386 -0.12702601
v 0.087209 0.030389 0.141794
v 0.060648 0.038645 -0.149269
v 0.075393 0.052388 -0.14979801
v 0.066174 0.089213 0.18954
v 0.071895 0.104019 0.189191
v 0.088179 0.14570799 -0.17430601
v 0.058884 0.148866 0.18490601
v 0.075553 0.139901 0.159796
v 0.073327 0.185885 0.15163
v 0.058533 0.254228 0.15180799
v 0.052602 0.223712 0.138455
v 0.056449 0.23924699 0.130822
v 0.040511 0.226523 0.15943301
v 0.065442 0.261401 0.128153
v 0.074187 0.27061 0.14248601
v 0.080467 0.31499001 -0.109241
v 0.080177 0.33984101 0.105816
v 0.042855 0.35984299 -0.058741
v 0.051783 0.37159199 -0.031499
v 0.069001 0.357517 -0.01516
v 0.054368 0.38054499 -0.013203
v 0.058051 0.372803 -0.008804
v 0.038309 0.37510699 -0.045072
v 0.070623 0.394063 -0.0437
v 0.051783 0.37159199 -0.031499
v 0.056779 0.39329401 -0.04969
v 0.070623 0.394063 -0.0437
v 0.05836 0.37466401 0.03084
v 0.046647 0.413077 -0.013062
v 0.060417 0.428725 -0.017006
v 0.060417 0.428725 -0.017006
v 0.060417 0.428725 -0.017006
v 0.192779 -0.43946201 -0.225987
v 0.070035 -0.43734801 -0.098546
v 0.072244 -0.43635499 0.008198
v 0.108655 -0.43972099 0.977305
v 0.072244 -0.43635499 0.008198
v 0.072455 -0.419532 0.005044
v 0.055708 -0.436391 -0.021507
v 0.070035 -0.43734801 -0.098546
v 0.047895 -0.42949301 -0.027255
v 0.072455 -0.419532 0.005044
v 0.046126 -0.409253 0.008206
v 0.047895 -0.42949301 -0.027255
v 0.062805 -0.36006701 -0.082563
v 0.083779 -0.381823 -0.108971
v 0.055767 -0.38771799 -0.094375
v 0.057429 -0.32242399 0.047965
v 0.083053 -0.33310601 0.056227
v 0.074364 -0.29311401 -0.107621
v 0.057602 -0.29973501 -0.13431901
v 0.036707 -0.25514001 -0.149206
v 0.06984 -0.26474601 -0.122641
v 0.079207 -0.234412 -0.115392
v 0.08275 -0.205761 -0.102022
v 0.079408 -0.169799 0.080605
v 0.075736 -0.156204 0.078957
v 0.077123 -0.140754 -0.093495
v 0.073395 -0.099539 -0.098494
v 0.08257 -0.103033 0.074204
v 0.073395 -0.099539 -0.098494
v 0.060648 0.038645 -0.149269
v 0.060648 0.038645 -0.149269
v 0.071788 0.021594 -0.162181
v 0.073917 0.027279 -0.13157099
v 0.081081 0.048096 0.160835
v 0.087209 0.030389 0.141794
v 0.060648 0.038645 -0.149269
v 0.056974 0.05136 -0.15119199
v 0.075393 0.052388 -0.14979801
v 0.082651 0.12373 0.169695
v 0.056214 0.16111 0.14675801
v 0.077174 0.225518 0.13902099
v 0.093357 0.32158101 0.129591
v 0.077772 0.294599 0.144822
v 0.103313 0.32762599 -0.0707
v 0.066156 0.35931101 0.028936
v 0.066156 0.35931101 0.028936
v 0.075349 0.40736201 -0.055845
v 0.067439 0.40525001 -0.029602
v 0.059886 0.40834501 -0.039475
v 0.169542 -0.43928301 -0.943277
v 0.106199 -0.43978801 0.107001
v 0.081904 -0.41180199 0.02668
v 0.078852 -0.41150901 0.052716
v 0.072076 -0.43961799 0.050773
v 0.064974 -0.40211201 0.021653
v 0.074578 -0.409067 -0.094172
v 0.055767 -0.38771799 -0.094375
v 0.095505 -0.406744 -0.095917
v 0.094483 -0.39425001 0.031798
v 0.060528 -0.38263199 0.023936
v 0.064144 -0.325993 -0.080217
v 0.061108 -0.312163 -0.091283
v 0.093928 -0.318039 -0.088144
v 0.095648 -0.31224701 0.064087
v 0.074364 -0.29311401 -0.107621
v 0.101188 -0.29285699 -0.092781
v 0.061807 -0.30906299 -0.120142
v 0.083731 -0.26405701 0.067278
v 0.084326 -0.236972 0.068415
v 0.079557 -0.20689601 0.068837
v 0.08099 -0.184825 -0.100958
v 0.076199 -0.098058 -0.085503
v 0.09338 -0.125129 -0.086199
v 0.089877 -0.030897 -0.086605
v 0.09143 -0.003851 -0.093247
v 0.084079 0.004241 0.062111
v 0.075708 0.028615 -0.164873
v 0.071788 0.021594 -0.162181
v 0.08043 0.099761 0.161726
v 0.082651 0.12373 0.169695
v 0.056449 0.23924699 0.130822
v 0.083517 0.244248 0.120072
v 0.065442 0.261401 0.128153
v 0.07339 0.269802 0.119531
v 0.074187 0.27061 0.14248601
v 0.088418 0.34538499 -0.031179
v 0.083081 0.350052 -0.007181
v 0.075349 0.40736201 -0.055845
v 0.075349 0.40736201 -0.055845
v 0.106985 -0.449431 -0.986009
v 0.238259 -0.45073801 -0.95543098
v 0.102253 -0.449839 0.97793901
v 0.110937 -0.439668 -0.106621
v 0.085548 -0.43623701 0.071463
v 0.104095 -0.43593499 -0.099981
v 0.070035 -0.43734801 -0.098546
v 0.085548 -0.43623701 0.071463
v 0.081904 -0.41180199 0.02668
v 0.095505 -0.406744 -0.095917
v 0.055767 -0.38771799 -0.094375
v 0.083779 -0.381823 -0.108971
v 0.094001 -0.34697899 -0.088776
v 0.092312 -0.26813599 -0.11114
v 0.088434 -0.205033 0.061239
v 0.090763 -0.15554699 -0.091913
v 0.09338 -0.125129 -0.086199
v 0.084815 -0.134234 0.076171
v 0.09404 -0.141524 0.062859
v 0.09202 -0.090042 -0.073249
v 0.10112 -0.033941 0.06529
v 0.098063 -0.016261 -0.08294
v 0.098063 -0.016261 -0.08294
v 0.100401 -0.014658 0.063696
v 0.081491 -0.004303 -0.144647
v 0.095257 -0.001626 -0.1309
v 0.084021 0.004941 -0.15043899
v 0.084668 0.008233 -0.119533
v 0.084021 0.004941 -0.15043899
v 0.095257 -0.001626 -0.1309
v 0.075708 0.028615 -0.164873
v 0.084158 0.030996 -0.139156
v 0.071788 0.021594 -0.162181
v 0.073917 0.027279 -0.13157099
v 0.109059 0.085954 -0.152969
v 0.099371 0.06327 -0.142304
v 0.082804 0.110139 0.16830701
v 0.090406 0.147027 0.140285
v 0.09333 0.16662399 -0.185838
v 0.090406 0.147027 0.140285
v 0.095943 0.206715 0.144144
v 0.097267 0.24401601 0.114342
v 0.096594 0.27241799 0.10973
v 0.070125 0.285882 -0.143062
v 0.080467 0.31499001 -0.109241
v 0.111679 0.279755 -0.121544
v 0.095738 0.34116501 -0.048841
v 0.093357 0.32158101 0.129591
v 0.106002 0.33553699 0.093724
v 0.089272 0.351888 0.041101
v 0.17432199 -0.451276 0.29508799
v 0.104095 -0.43593499 -0.099981
v 0.092058 -0.41548499 0.075507
v 0.098873 -0.372924 0.030876
v 0.112027 -0.38082001 -0.109912
v 0.095423 -0.22811501 0.068816
v 0.094257 -0.192413 -0.097526
v 0.099039 -0.178214 0.074098
v 0.103234 -0.158087 0.078697
v 0.109192 -0.125908 -0.060112
v 0.096739 -0.109876 -0.067962
v 0.090194 -0.08797 -0.057112
v 0.089351 -0.106547 -0.037475
v 0.097746 -0.082841 -0.051194
v 0.097106 -0.057289 -0.072708
v 0.081491 -0.004303 -0.144647
v 0.095379 -0.000122 -0.136429
v 0.114 0.001652 -0.096166
v 0.119047 0.016835 0.075455
v 0.084079 0.004241 0.062111
v 0.094438 0.012994 -0.134657
v 0.084021 0.004941 -0.15043899
v 0.086046 0.028457 -0.122097
v 0.113725 0.042866 0.13972899
v 0.095727 0.054459 -0.133882
v 0.075393 0.052388 -0.14979801
v 0.099371 0.06327 -0.142304
v 0.098573 0.189089 -0.16947
v 0.111499 0.24534 -0.142913
v 0.07339 0.269802 0.119531
v 0.095738 0.34116501 -0.048841
v 0.083081 0.350052 -0.007181
v 0.149581 -0.45177901 0.000622
v 0.12819999 -0.43878901 -0.97946697
v 0.113338 -0.436129 0.100447
v 0.097484 -0.40271699 0.03003
v 0.104476 -0.39878601 0.062895
v 0.097484 -0.40271699 0.03003
v 0.112137 -0.358181 -0.085295
v 0.112027 -0.38082001 -0.109912
v 0.094001 -0.34697899 -0.088776
v 0.11016 -0.331305 0.054721
v 0.11259 -0.240199 -0.091255
v 0.103661 -0.24994101 0.071439
v 0.104787 -0.214534 -0.084972
v 0.094257 -0.192413 -0.097526
v 0.090763 -0.15554699 -0.091913
v 0.096165 -0.15390299 -0.085421
v 0.095425 -0.173325 0.12692399
v 0.103365 -0.15139399 0.108478
v 0.10032 -0.167634 0.096091
v 0.09404 -0.141524 0.062859
v 0.103234 -0.158087 0.078697
v 0.106962 -0.14892 0.061264
v 0.107323 -0.145624 -0.051565
v 0.084815 -0.134234 0.076171
v 0.108529 -0.125604 0.033562
v 0.094211 -0.115794 -0.026874
v 0.1131 -0.13027599 0.00018
v 0.095683 -0.111841 0.002604
v 0.098828 -0.107058 0.045359
v 0.08257 -0.103033 0.074204
v 0.10131 -0.110028 -0.022967
v 0.10131 -0.110028 -0.022967
v 0.089351 -0.106547 -0.037475
v 0.098601 -0.100815 -0.039664
v 0.08998 -0.10504 0.023347
v 0.100017 -0.105759 0.010468
v 0.097746 -0.082841 -0.051194
v 0.095822 -0.07765 0.037855
v 0.096565 -0.079997 0.054718
v 0.101188 -0.056147 0.045941
v 0.10112 -0.033941 0.06529
v 0.098548 -0.057695 -0.057229
v 0.098548 -0.057695 -0.057229
v 0.097746 -0.082841 -0.051194
v 0.090194 -0.08797 -0.057112
v 0.09143 -0.003851 -0.093247
v 0.103558 0.003243 -0.074836
v 0.095379 -0.000122 -0.136429
v 0.101112 0.0339 -0.119285
v 0.117264 0.066758 0.15163501
v 0.115171 0.113156 0.170642
v 0.115171 0.113156 0.170642
v 0.105993 0.16154 -0.16955701
v 0.088179 0.14570799 -0.17430601
v 0.09333 0.16662399 -0.185838
v 0.101771 0.179786 0.144833
v 0.111499 0.24534 -0.142913
v 0.096594 0.27241799 0.10973
v 0.108411 0.28157499 0.122631
v 0.129289 0.30008 0.117348
v 0.088418 0.34538499 -0.031179
v 0.097672 0.349767 -0.028937
v 0.095738 0.34116501 -0.048841
v 0.083081 0.350052 -0.007181
v 0.104641 0.344944 0.014539
v 0.097672 0.349767 -0.028937
v 0.127918 -0.450654 0.97148699
v 0.124288 -0.438844 0.97131503
v 0.113338 -0.436129 0.100447
v 0.111193 -0.41744399 0.089344
v 0.097484 -0.40271699 0.03003
v 0.117452 -0.41269901 0.036826
v 0.116967 -0.40372601 0.015438
v 0.112027 -0.38082001 -0.109912
v 0.116967 -0.40372601 0.015438
v 0.120092 -0.29197499 0.059032
v 0.108008 -0.270217 0.063128
v 0.113182 -0.257687 0.068011
v 0.12617999 -0.24067 0.044742
v 0.12617999 -0.24067 0.044742
v 0.115615 -0.21738499 0.035475
v 0.088434 -0.205033 0.061239
v 0.105269 -0.196182 0.042166
v 0.117215 -0.207009 -0.069436
v 0.104787 -0.214534 -0.084972
v 0.106243 -0.186143 0.053666
v 0.106243 -0.186143 0.053666
v 0.099039 -0.178214 0.074098
v 0.104627 -0.18733799 0.091438
v 0.10032 -0.167634 0.096091
v 0.107248 -0.17735399 0.101942
v 0.106423 -0.178872 0.127389
v 0.095425 -0.173325 0.12692399
v 0.099039 -0.178214 0.074098
v 0.103234 -0.158087 0.078697
v 0.109066 -0.14617901 0.042266
v 0.115161 -0.13042399 -0.01607
v 0.114306 -0.130733 -0.044065
v 0.12354 -0.094916 -0.057318
v 0.101188 -0.056147 0.045941
v 0.095822 -0.07765 0.037855
v 0.121455 -0.068969 0.040345
v 0.103207 -0.036011 -0.052494
v 0.111095 -0.013903 -0.071493
v 0.108367 -0.026979 0.038494
v 0.105941 -0.022 -0.04656
v 0.11109 -0.008848 0.044669
v 0.100401 -0.014658 0.063696
v 0.111865 0.001678 -0.12273
v 0.108735 0.005244 0.042663
v 0.115518 0.028182 -0.110974
v 0.111865 0.001678 -0.12273
v 0.118166 0.005534 -0.107481
v 0.108735 0.005244 0.042663
v 0.124159 0.032748 0.117897
v 0.11181 0.063687 -0.159886
v 0.109059 0.085954 -0.152969
v 0.121765 0.133376 -0.15599
v 0.120747 0.154598 0.128117
v 0.119798 0.146851 0.13597199
v 0.120817 0.208979 0.12853099
v 0.108411 0.28157499 0.122631
v 0.118692 0.30520499 -0.085881
v 0.111076 0.319076 -0.076815
v 0.111076 0.319076 -0.076815
v 0.124111 0.32278201 0.102142
v 0.116518 0.37586701 -0.052785
v 0.104641 0.344944 0.014539
v 0.114155 0.378162 -0.009856
v 0.15430699 -0.452007 -0.023085
v 0.13402499 -0.45132199 0.068383
v 0.247557 -0.439491 0.32679099
v 0.12813 -0.41009 -0.081333
v 0.104476 -0.39878601 0.062895
v 0.11936 -0.410005 0.072489
v 0.111193 -0.41744399 0.089344
v 0.124975 -0.383194 0.022721
v 0.134679 -0.34298599 0.033939
v 0.112137 -0.358181 -0.085295
v 0.127556 -0.30740699 -0.082459
v 0.119014 -0.270549 -0.083191
v 0.121249 -0.216049 -0.05447
v 0.11624 -0.188831 0.024315
v 0.12845901 -0.190272 0.076199
v 0.106243 -0.186143 0.053666
v 0.116134 -0.180556 0.105529
v 0.115498 -0.158227 -0.053211
v 0.125642 -0.204666 -0.048509
v 0.106423 -0.178872 0.127389
v 0.117963 -0.159472 0.123137
v 0.095425 -0.173325 0.12692399
v 0.106962 -0.14892 0.061264
v 0.112296 -0.139662 0.085756
v 0.121769 -0.139716 0.102526
v 0.103365 -0.15139399 0.108478
v 0.117454 -0.145276 -0.013925
v 0.113152 -0.149445 0.021002
v 0.121769 -0.139716 0.102526
v 0.129812 -0.122868 -0.032378
v 0.123198 -0.121693 -0.009982
v 0.100017 -0.105759 0.010468
v 0.127234 -0.104615 0.021911
v 0.095822 -0.07765 0.037855
v 0.12354 -0.094916 -0.057318
v 0.124043 -0.068928 -0.062017
v 0.129694 -0.048844 -0.05826
v 0.103207 -0.036011 -0.052494
v 0.110416 -0.016163 0.02808
v 0.113957 -0.000945 -0.064539
v 0.111236 -0.00121 -0.034183
v 0.112828 -0.007664 -0.027329
v 0.116305 0.001446 0.031161
v 0.112082 -0.002453 0.004491
v 0.103558 0.003243 -0.074836
v 0.113957 -0.000945 -0.064539
v 0.126063 0.005025 -0.074735
v 0.110662 0.005283 -0.020836
v 0.111977 0.005468 0.005907
v 0.108735 0.005244 0.042663
v 0.118166 0.005534 -0.107481
v 0.113725 0.042866 0.13972899
v 0.099371 0.06327 -0.142304
v 0.11181 0.063687 -0.159886
v 0.122223 0.046443 -0.155908
v 0.114989 0.052216 -0.12952
v 0.114989 0.052216 -0.12952
v 0.095727 0.054459 -0.133882
v 0.13579001 0.12796301 0.159188
v 0.120747 0.154598 0.128117
v 0.105993 0.16154 -0.16955701
v 0.09333 0.16662399 -0.185838
v 0.098573 0.189089 -0.16947
v 0.098573 0.189089 -0.16947
v 0.12611599 0.21004 -0.147191
v 0.119359 0.232602 0.106051
v 0.11898 0.34383199 -0.077441
v 0.111076 0.319076 -0.076815
v 0.103313 0.32762599 -0.0707
v 0.089272 0.351888 0.041101
v 0.122925 0.33382899 0.029754
v 0.104641 0.344944 0.014539
v 0.138707 0.313548 0.068416
v 0.106002 0.33553699 0.093724
v 0.103313 0.32762599 -0.0707
v 0.142157 -0.450634 -0.97897798
v 0.108655 -0.43972099 0.977305
v 0.056926 -0.44431701 0.98615098
v 0.102253 -0.449839 0.97793901
v 0.124811 -0.43957299 0.098771
v 0.113338 -0.436129 0.100447
v 0.124811 -0.43957299 0.098771
v 0.127235 -0.41942501 0.057764
v 0.12813 -0.41009 -0.081333
v 0.129877 -0.40016899 0.011614
v 0.137743 -0.365365 0.00971
v 0.127556 -0.30740699 -0.082459
v 0.119014 -0.270549 -0.083191
v 0.12338 -0.27009299 -0.075001
v 0.12934799 -0.26449299 0.048711
v 0.11259 -0.240199 -0.091255
v 0.12587599 -0.24334601 0.029235
v 0.117577 -0.22518501 0.024714
v 0.121946 -0.211704 0.018407
v 0.121851 -0.184733 0.012462
v 0.11624 -0.188831 0.024315
v 0.130495 -0.20183299 0.028303
v 0.126478 -0.17681301 0.109321
v 0.123787 -0.15544 -0.009606
v 0.126478 -0.17681301 0.109321
v 0.113152 -0.149445 0.021002
v 0.109066 -0.14617901 0.042266
v 0.121373 -0.145092 0.028592
v 0.11735 -0.13784499 -0.022121
v 0.12363 -0.14048199 -0.015544
v 0.123787 -0.15544 -0.009606
v 0.117454 -0.145276 -0.013925
v 0.12363 -0.14048199 -0.015544
v 0.125273 -0.131519 0.079134
v 0.1131 -0.13027599 0.00018
v 0.122828 -0.125101 0.020409
v 0.124711 -0.117977 0.009904
v 0.124711 -0.117977 0.009904
v 0.127234 -0.104615 0.021911
v 0.108367 -0.026979 0.038494
v 0.143765 -0.048262 0.030433
v 0.105941 -0.022 -0.04656
v 0.112828 -0.007664 -0.027329
v 0.131993 -0.005507 -0.100644
v 0.126063 0.005025 -0.074735
v 0.130458 0.013613 -0.060073
v 0.113957 -0.000945 -0.064539
v 0.120294 0.003778 -0.040036
v 0.111236 -0.00121 -0.034183
v 0.110662 0.005283 -0.020836
v 0.110662 0.005283 -0.020836
v 0.120294 0.003778 -0.040036
v 0.13442799 0.010533 -0.027183
v 0.125928 0.007163 -0.016381
v 0.111977 0.005468 0.005907
v 0.12647 0.009316 -0.110348
v 0.114989 0.052216 -0.12952
v 0.122223 0.046443 -0.155908
v 0.127838 0.061892 -0.126472
v 0.12756 0.0549 -0.15668701
v 0.11181 0.063687 -0.159886
v 0.109059 0.085954 -0.152969
v 0.124567 0.078653 -0.135158
v 0.12756 0.0549 -0.15668701
v 0.14098801 0.117424 0.161823
v 0.13579001 0.12796301 0.159188
v 0.139116 0.170873 -0.149395
v 0.13522799 0.181283 0.11902
v 0.131126 0.247087 0.099072
v 0.13783599 0.26467499 0.107478
v 0.13564099 0.28756899 -0.085902
v 0.093357 0.32158101 0.129591
v 0.129289 0.30008 0.117348
v 0.124111 0.32278201 0.102142
v 0.11898 0.34383199 -0.077441
v 0.131182 0.39718401 -0.017761
v 0.13967501 -0.444094 -0.986314
v 0.256136 -0.45121601 0.80329901
v 0.141801 -0.444208 0.97820902
v 0.141801 -0.444208 0.97820902
v 0.13967501 -0.444094 -0.986314
v 0.149037 -0.436795 -0.071137
v 0.127498 -0.43891901 0.06064
v 0.117452 -0.41269901 0.036826
v 0.139338 -0.40199101 0.051036
v 0.116967 -0.40372601 0.015438
v 0.127235 -0.41942501 0.057764
v 0.140774 -0.392122 -0.092434
v 0.14739899 -0.38317099 0.005294
v 0.143511 -0.377417 -0.089284
v 0.13801201 -0.35695699 -0.064861
v 0.142702 -0.31341299 -0.07095
v 0.136574 -0.309522 0.047442
v 0.135162 -0.25189301 -0.046546
v 0.12934799 -0.26449299 0.048711
v 0.123494 -0.22446001 0.000543
v 0.149112 -0.27067101 0.026553
v 0.12716199 -0.22646201 -0.016572
v 0.125101 -0.216297 -0.012547
v 0.129299 -0.208012 -0.012406
v 0.124211 -0.19255801 0.006343
v 0.124307 -0.17940199 -0.000518
v 0.142794 -0.19934 0.068204
v 0.121851 -0.184733 0.012462
v 0.124211 -0.19255801 0.006343
v 0.131556 -0.163285 -0.005911
v 0.124307 -0.17940199 -0.000518
v 0.123787 -0.15544 -0.009606
v 0.132695 -0.130658 -0.023772
v 0.137107 -0.145679 -0.034236
v 0.12363 -0.14048199 -0.015544
v 0.139189 -0.154534 0.100827
v 0.123198 -0.121693 -0.009982
v 0.130418 -0.13400701 0.035775
v 0.132695 -0.130658 -0.023772
v 0.136145 -0.106902 0.027291
v 0.146744 -0.092326 0.029343
v 0.12647 0.009316 -0.110348
v 0.130458 0.013613 -0.060073
v 0.138679 -0.001671 -0.045249
v 0.133059 0.006144 0.009698
v 0.138476 0.00389 0.026076
v 0.116305 0.001446 0.031161
v 0.140441 0.031579 -0.087923
v 0.146121 0.05171 -0.102596
v 0.122223 0.046443 -0.155908
v 0.12756 0.0549 -0.15668701
v 0.16030499 0.071894 0.138018
v 0.127838 0.061892 -0.126472
v 0.13676199 0.102798 0.16315199
v 0.132994 0.158981 0.121834
v 0.139116 0.170873 -0.149395
v 0.105993 0.16154 -0.16955701
v 0.13609201 0.19047099 -0.15308701
v 0.13609201 0.19047099 -0.15308701
v 0.13986699 0.21017601 -0.135142
v 0.14168499 0.241023 -0.115472
v 0.13564099 0.28756899 -0.085902
v 0.118692 0.30520499 -0.085881
v 0.12694401 0.31143799 -0.083517
v 0.145528 0.315101 0.032162
v 0.15266301 0.39261499 -0.080152
v 0.122925 0.33382899 0.029754
v 0.13726801 0.37436301 0.018822
v 0.13613001 0.39963299 -0.050396
v 0.149037 -0.436795 -0.071137
v 0.15348201 -0.40789199 -0.057785
v 0.143957 -0.40819499 -0.016818
v 0.129877 -0.40016899 0.011614
v 0.143511 -0.377417 -0.089284
v 0.13801201 -0.35695699 -0.064861
v 0.15176 -0.28550801 -0.048393
v 0.14315 -0.20049299 0.009031
v 0.124307 -0.17940199 -0.000518
v 0.14315 -0.20049299 0.009031
v 0.161126 -0.19103099 0.088411
v 0.13997699 -0.17808101 0.102731
v 0.13997699 -0.17808101 0.102731
v 0.139247 -0.152123 -0.028849
v 0.123787 -0.15544 -0.009606
v 0.131556 -0.163285 -0.005911
v 0.125273 -0.131519 0.079134
v 0.15509699 -0.132782 0.053653
v 0.130418 -0.13400701 0.035775
v 0.149767 -0.13665099 0.077049
v 0.136145 -0.106902 0.027291
v 0.136145 -0.106902 0.027291
v 0.16553301 -0.075608 0.028038
v 0.161504 -0.052015 -0.050168
v 0.110416 -0.016163 0.02808
v 0.164162 -0.044071 0.014183
v 0.112082 -0.002453 0.004491
v 0.16044401 -0.029378 -0.007094
v 0.14414801 0.001851 -0.103854
v 0.131993 -0.005507 -0.100644
v 0.14067499 0.006328 -0.086189
v 0.14376999 0.007093 0.043935
v 0.14195301 0.021217 -0.080477
v 0.12647 0.009316 -0.110348
v 0.115518 0.028182 -0.110974
v 0.145247 0.014597 -0.094299
v 0.146383 0.023761 0.07105
v 0.140441 0.031579 -0.087923
v 0.14020801 0.029434 -0.056968
v 0.124159 0.032748 0.117897
v 0.146121 0.05171 -0.102596
v 0.147844 0.066226 -0.121785
v 0.140466 0.095753 -0.129518
v 0.132994 0.158981 0.121834
v 0.139037 0.216884 0.098874
v 0.164947 0.20616201 0.095639
v 0.15074 0.29700601 0.093605
v 0.14585599 0.40195701 -0.011871
v 0.144233 0.384179 0.009286
v 0.176626 -0.450542 0.96786797
v 0.168732 -0.43977699 -0.067763
v 0.141801 -0.444208 0.97820902
v 0.127498 -0.43891901 0.06064
v 0.160574 -0.43713301 0.087738
v 0.156277 -0.42221999 -0.000837
v 0.143957 -0.40819499 -0.016818
v 0.147011 -0.412379 0.003986
v 0.129877 -0.40016899 0.011614
v 0.15712599 -0.40929201 0.07327
v 0.153575 -0.399046 0.039677
v 0.15539999 -0.39943099 -0.020279
v 0.150426 -0.36588201 -0.048935
v 0.15627301 -0.30956 -0.045153
v 0.13801201 -0.35695699 -0.064861
v 0.142702 -0.31341299 -0.07095
v 0.15191799 -0.30948901 0.026652
v 0.149112 -0.27067101 0.026553
v 0.15216 -0.26696399 -0.013908
v 0.161707 -0.196439 0.09943
v 0.149581 -0.210767 0.118015
v 0.13370401 -0.194519 0.123086
v 0.13997699 -0.17808101 0.102731
v 0.13370401 -0.194519 0.123086
v 0.14244799 -0.17949399 0.12197
v 0.144354 -0.16748101 0.102232
v 0.144354 -0.16748101 0.102232
v 0.164059 -0.159787 -0.030035
v 0.139247 -0.152123 -0.028849
v 0.15923899 -0.128056 -0.047837
v 0.15923899 -0.128056 -0.047837
v 0.144291 -0.108693 0.036372
v 0.146744 -0.092326 0.029343
v 0.158968 -0.074982 -0.061234
v 0.160253 -0.033361 -0.028622
v 0.160253 -0.033361 -0.028622
v 0.14414801 0.001851 -0.103854
v 0.170111 -0.001007 -0.009993
v 0.14414801 0.001851 -0.103854
v 0.145247 0.014597 -0.094299
v 0.15228 0.002527 -0.04355
v 0.144429 0.026332 -0.034935
v 0.15228 0.002527 -0.04355
v 0.130458 0.013613 -0.060073
v 0.142846 0.014214 -0.025494
v 0.13442799 0.010533 -0.027183
v 0.144429 0.026332 -0.034935
v 0.144429 0.026332 -0.034935
v 0.13442799 0.010533 -0.027183
v 0.15228 0.002527 -0.04355
v 0.142846 0.014214 -0.025494
v 0.155525 0.001758 0.059053
v 0.14195301 0.021217 -0.080477
v 0.144429 0.026332 -0.034935
v 0.17814501 0.040452 0.071948
v 0.154774 0.109655 -0.117013
v 0.154917 0.161494 0.120646
v 0.156216 0.16609401 -0.127555
v 0.154917 0.161494 0.120646
v 0.15459099 0.17656501 0.105008
v 0.139116 0.170873 -0.149395
v 0.13609201 0.19047099 -0.15308701
v 0.156922 0.178977 -0.152751
v 0.159922 0.18560199 -0.146989
v 0.162543 0.23403101 0.096787
v 0.16259401 0.36563301 -0.095099
v 0.15266301 0.39261499 -0.080152
v 0.187684 -0.45066199 -0.97140098
v 0.183226 -0.451621 0.082383
v 0.184342 -0.43901101 -0.97351098
v 0.21793699 -0.43908 0.95523697
v 0.189218 -0.43906301 0.963651
v 0.188728 -0.44226301 0.97155398
v 0.15806 -0.43654701 0.00435
v 0.153575 -0.399046 0.039677
v 0.15931401 -0.38901901 -0.072925
v 0.15931401 -0.38901901 -0.072925
v 0.143511 -0.377417 -0.089284
v 0.157098 -0.37827 -0.074401
v 0.140774 -0.392122 -0.092434
v 0.157098 -0.37827 -0.074401
v 0.147755 -0.35751101 -0.03617
v 0.147376 -0.36280501 -0.018622
v 0.137743 -0.365365 0.00971
v 0.147376 -0.36280501 -0.018622
v 0.155544 -0.329285 0.004504
v 0.147755 -0.35751101 -0.03617
v 0.158263 -0.32286501 -0.017908
v 0.134679 -0.34298599 0.033939
v 0.15191799 -0.30948901 0.026652
v 0.15681 -0.287824 0.0151
v 0.175853 -0.213798 0.047677
v 0.149581 -0.210767 0.118015
v 0.163021 -0.181702 0.12730201
v 0.13370401 -0.194519 0.123086
v 0.17910101 -0.174344 -0.012697
v 0.13370401 -0.194519 0.123086
v 0.163021 -0.181702 0.12730201
v 0.14244799 -0.17949399 0.12197
v 0.162678 -0.15878201 0.114909
v 0.158722 -0.14674801 -0.051778
v 0.161552 -0.14523301 0.083271
v 0.158722 -0.14674801 -0.051778
v 0.162237 -0.115163 0.041206
v 0.177404 -0.118695 -0.057318
v 0.144291 -0.108693 0.036372
v 0.16689999 -0.089842 0.037938
v 0.177404 -0.118695 -0.057318
v 0.16044401 -0.029378 -0.007094
v 0.171323 0.004384 -0.022297
v 0.163572 0.017975 0.025824
v 0.155525 0.001758 0.059053
v 0.159646 0.0201 0.063046
v 0.146383 0.023761 0.07105
v 0.14195301 0.021217 -0.080477
v 0.15676101 0.031595 -0.085009
v 0.15676101 0.031595 -0.085009
v 0.158861 0.049268 -0.051599
v 0.17003 0.058042 0.116793
v 0.127838 0.061892 -0.126472
v 0.147844 0.066226 -0.121785
v 0.15271901 0.060047 -0.108047
v 0.15271901 0.060047 -0.108047
v 0.146121 0.05171 -0.102596
v 0.127838 0.061892 -0.126472
v 0.168358 0.080754 -0.124144
v 0.165135 0.112 0.14862999
v 0.163857 0.173324 -0.145815
v 0.158859 0.181133 -0.133882
v 0.158859 0.181133 -0.133882
v 0.139116 0.170873 -0.149395
v 0.163857 0.173324 -0.145815
v 0.156922 0.178977 -0.152751
v 0.159922 0.18560199 -0.146989
v 0.13986699 0.21017601 -0.135142
v 0.158859 0.181133 -0.133882
v 0.16737799 0.184268 -0.106386
v 0.154755 0.251118 -0.087922
v 0.157399 0.26284599 -0.084099
v 0.154755 0.251118 -0.087922
v 0.162062 0.265396 0.094972
v 0.162062 0.265396 0.094972
v 0.182932 0.29280099 -0.098189
v 0.16586 0.27634999 0.065269
v 0.162136 0.33581999 0.027767
v 0.122925 0.33382899 0.029754
v 0.145528 0.315101 0.032162
v 0.13726801 0.37436301 0.018822
v 0.15688799 0.36658299 0.015827
v 0.144233 0.384179 0.009286
v 0.165794 0.397652 -0.006049
v 0.161017 0.41519201 -0.035112
v 0.21972699 -0.45056701 -0.96269202
v 0.21873 -0.45107999 0.91446
v 0.21789099 -0.450403 0.95705497
v 0.127498 -0.43891901 0.06064
v 0.160574 -0.43713301 0.087738
v 0.15348201 -0.40789199 -0.057785
v 0.16991501 -0.437987 0.027049
v 0.16681699 -0.417777 0.028167
v 0.156277 -0.42221999 -0.000837
v 0.15539999 -0.39943099 -0.020279
v 0.143957 -0.40819499 -0.016818
v 0.17375 -0.415959 0.062619
v 0.162185 -0.40088499 -0.035937
v 0.15348201 -0.40789199 -0.057785
v 0.16434599 -0.38037601 -0.026613
v 0.14739899 -0.38317099 0.005294
v 0.15539999 -0.39943099 -0.020279
v 0.166069 -0.380759 -0.050182
v 0.16434599 -0.38037601 -0.026613
v 0.15813699 -0.318701 0.000894
v 0.160546 -0.295232 -0.001609
v 0.150984 -0.240812 0.065593
v 0.159408 -0.25146899 0.071966
v 0.16539501 -0.236903 0.086381
v 0.16187599 -0.21385901 0.070044
v 0.162678 -0.15878201 0.114909
v 0.161552 -0.14523301 0.083271
v 0.173976 -0.134606 0.053646
v 0.19148199 -0.109031 -0.059365
v 0.17544299 0.014332 -0.001013
v 0.164185 0.022232 0.011347
v 0.16242599 0.020759 0.046449
v 0.14376999 0.007093 0.043935
v 0.16242599 0.020759 0.046449
v 0.155525 0.001758 0.059053
v 0.156776 0.026662 -0.032332
v 0.171323 0.004384 -0.022297
v 0.17814501 0.040452 0.071948
v 0.15676101 0.031595 -0.085009
v 0.146121 0.05171 -0.102596
v 0.17563 0.024954 -0.097949
v 0.158861 0.049268 -0.051599
v 0.17003 0.058042 0.116793
v 0.146121 0.05171 -0.102596
v 0.15271901 0.060047 -0.108047
v 0.170149 0.059818 -0.08768
v 0.16868 0.058584 -0.111473
v 0.15271901 0.060047 -0.108047
v 0.16868 0.058584 -0.111473
v 0.166299 0.069645 -0.107881
v 0.166299 0.069645 -0.107881
v 0.17157599 0.061331 -0.128811
v 0.147844 0.066226 -0.121785
v 0.168358 0.080754 -0.124144
v 0.175208 0.127168 -0.084615
v 0.164463 0.1349 0.14080399
v 0.13579001 0.12796301 0.159188
v 0.164463 0.1349 0.14080399
v 0.173464 0.168834 0.10355
v 0.163857 0.173324 -0.145815
v 0.17156599 0.22933599 -0.075613
v 0.174262 0.23555499 -0.074974
v 0.17156599 0.22933599 -0.075613
v 0.161079 0.29476801 -0.000689
v 0.1604 0.287404 -0.013702
v 0.153281 0.30507499 -0.011404
v 0.1604 0.287404 -0.013702
v 0.157741 0.32522899 -0.020632
v 0.153281 0.30507499 -0.011404
v 0.16622899 0.29396299 0.014844
v 0.162136 0.33581999 0.027767
v 0.191147 0.330953 -0.106196
v 0.157741 0.32522899 -0.020632
v 0.16005699 0.33796701 -0.011648
v 0.153281 0.30507499 -0.011404
v 0.161079 0.29476801 -0.000689
v 0.165261 0.34781501 -0.022265
v 0.167098 0.34106901 0.022095
v 0.165794 0.397652 -0.006049
v 0.187271 0.42302299 -0.063824
v 0.183475 -0.44577 -0.98040402
v 0.185573 -0.451094 0.021409
v 0.183475 -0.44577 -0.98040402
v 0.186442 -0.436454 0.021176
v 0.15806 -0.43654701 0.00435
v 0.172277 -0.42143199 0.082115
v 0.15712599 -0.40929201 0.07327
v 0.172277 -0.42143199 0.082115
v 0.188778 -0.398801 -0.000267
v 0.162185 -0.40088499 -0.035937
v 0.15539999 -0.39943099 -0.020279
v 0.166069 -0.380759 -0.050182
v 0.171821 -0.22736099 0.073949
v 0.16695701 -0.21974599 0.084166
v 0.16187599 -0.21385901 0.070044
v 0.170866 -0.225628 0.109366
v 0.17414699 -0.200537 0.095595
v 0.196288 -0.18885399 0.018439
v 0.175853 -0.213798 0.047677
v 0.176709 -0.195921 0.102836
v 0.17414699 -0.200537 0.095595
v 0.182726 -0.18415301 0.117438
v 0.19684701 -0.179719 0.000142
v 0.184815 -0.149417 -0.057544
v 0.17674001 -0.15783 0.108454
v 0.18869001 -0.050516 -0.023855
v 0.159646 0.0201 0.063046
v 0.17563 0.024954 -0.097949
v 0.17080501 0.039399 -0.07384
v 0.15676101 0.031595 -0.085009
v 0.17742001 0.027333 -0.008933
v 0.171323 0.004384 -0.022297
v 0.156776 0.026662 -0.032332
v 0.177316 0.036369 -0.101876
v 0.17563 0.024954 -0.097949
v 0.17763799 0.038749 -0.015956
v 0.17763799 0.038749 -0.015956
v 0.156776 0.026662 -0.032332
v 0.17248 0.036842 -0.035606
v 0.159646 0.0201 0.063046
v 0.158861 0.049268 -0.051599
v 0.174459 0.049653 -0.042739
v 0.17248 0.036842 -0.035606
v 0.17037401 0.052149 -0.048866
v 0.17037401 0.052149 -0.048866
v 0.181749 0.047523 -0.122443
v 0.181749 0.047523 -0.122443
v 0.16648699 0.103102 -0.091907
v 0.17078599 0.094288 -0.080516
v 0.186327 0.092766 0.126112
v 0.156922 0.178977 -0.152751
v 0.162543 0.23403101 0.096787
v 0.183709 0.219161 0.072811
v 0.18349899 0.25287601 0.005478
v 0.171509 0.25844401 -0.004011
v 0.173948 0.27621299 0.021889
v 0.172456 0.30881599 -0.02055
v 0.176994 0.257429 -0.013346
v 0.161079 0.29476801 -0.000689
v 0.1604 0.287404 -0.013702
v 0.176994 0.257429 -0.013346
v 0.176273 0.33005601 0.017692
v 0.17719901 0.320353 0.006236
v 0.16935199 0.34994301 0.001633
v 0.167098 0.34106901 0.022095
v 0.165261 0.34781501 -0.022265
v 0.16935199 0.34994301 0.001633
v 0.18086 0.378254 -0.007198
v 0.18914799 0.42480901 -0.049152
v 0.25088501 -0.45125201 -0.30106601
v 0.26104999 -0.45156601 -0.003677
v 0.194029 -0.43696901 -0.047461
v 0.186442 -0.436454 0.021176
v 0.15806 -0.43654701 0.00435
v 0.178525 -0.43979001 0.024192
v 0.16991501 -0.437987 0.027049
v 0.18369199 -0.43945 0.095463
v 0.18369199 -0.43945 0.095463
v 0.194029 -0.43696901 -0.047461
v 0.180106 -0.438806 0.065275
v 0.197437 -0.420118 -0.039848
v 0.18934301 -0.41507399 0.019525
v 0.188778 -0.398801 -0.000267
v 0.18092801 -0.246729 0.084014
v 0.16539501 -0.236903 0.086381
v 0.159408 -0.25146899 0.071966
v 0.170866 -0.225628 0.109366
v 0.171821 -0.22736099 0.073949
v 0.177117 -0.214048 0.110772
v 0.176709 -0.195921 0.102836
v 0.182726 -0.18415301 0.117438
v 0.18365 -0.168198 0.115903
v 0.189239 -0.137722 -0.073961
v 0.177404 -0.118695 -0.057318
v 0.189239 -0.137722 -0.073961
v 0.180106 -0.106636 0.037226
v 0.208857 -0.0998 -0.053472
v 0.189339 -0.061411 -0.041337
v 0.18869001 -0.050516 -0.023855
v 0.202775 -0.064583 -0.001163
v 0.187903 0.007866 -0.015143
v 0.187903 0.007866 -0.015143
v 0.17544299 0.014332 -0.001013
v 0.17742001 0.027333 -0.008933
v 0.164185 0.022232 0.011347
v 0.17876901 0.040033 0.013407
v 0.17876901 0.040033 0.013407
v 0.17876901 0.040033 0.013407
v 0.184728 0.0359 -0.095294
v 0.17478199 0.046546 -0.080011
v 0.17837 0.076174 -0.079317
v 0.181716 0.060817 -0.121801
v 0.181716 0.060817 -0.121801
v 0.168358 0.080754 -0.124144
v 0.181927 0.10056 -0.06585
v 0.17078599 0.094288 -0.080516
v 0.18082599 0.107015 -0.062359
v 0.18082599 0.107015 -0.062359
v 0.192404 0.12977301 0.117142
v 0.164463 0.1349 0.14080399
v 0.165135 0.112 0.14862999
v 0.173464 0.168834 0.10355
v 0.164947 0.20616201 0.095639
v 0.17921101 0.200224 0.087821
v 0.198038 0.26906899 -0.0194
v 0.16622899 0.29396299 0.014844
v 0.176273 0.33005601 0.017692
v 0.181275 0.354202 -0.035228
v 0.16935199 0.34994301 0.001633
v 0.176245 0.36366999 -0.027707
v 0.176245 0.36366999 -0.027707
v 0.213291 0.39594501 -0.098747
v 0.184577 0.41523901 -0.023984
v 0.208157 -0.44449201 -0.973517
v 0.188728 -0.44226301 0.97155398
v 0.208157 -0.44449201 -0.973517
v 0.180106 -0.438806 0.065275
v 0.18369199 -0.43945 0.095463
v 0.19188 -0.400978 -0.02379
v 0.159408 -0.25146899 0.071966
v 0.150984 -0.240812 0.065593
v 0.193846 -0.23859601 0.074894
v 0.18092801 -0.246729 0.084014
v 0.159408 -0.25146899 0.071966
v 0.193846 -0.23859601 0.074894
v 0.171821 -0.22736099 0.073949
v 0.176709 -0.195921 0.102836
v 0.19004899 -0.17860501 0.089179
v 0.194639 -0.14687601 0.052277
v 0.189239 -0.137722 -0.073961
v 0.20741899 -0.081751 0.024565
v 0.187903 0.007866 -0.015143
v 0.184728 0.0359 -0.095294
v 0.17478199 0.046546 -0.080011
v 0.18978401 0.044184 0.045582
v 0.19244 0.041298 -0.04258
v 0.181749 0.047523 -0.122443
v 0.18476599 0.062143 -0.069572
v 0.18476599 0.062143 -0.069572
v 0.196459 0.052518 0.073083
v 0.19349501 0.070213 -0.053972
v 0.19814 0.060065 -0.03304
v 0.17037401 0.052149 -0.048866
v 0.19349501 0.070213 -0.053972
v 0.206104 0.075939 0.083799
v 0.17837 0.076174 -0.079317
v 0.17078599 0.094288 -0.080516
v 0.19665501 0.076115 -0.080093
v 0.19665501 0.076115 -0.080093
v 0.187683 0.12912001 -0.054853
v 0.186327 0.092766 0.126112
v 0.184737 0.157745 -0.063415
v 0.193725 0.172317 0.07366
v 0.18519001 0.202457 -0.054421
v 0.18297701 0.217291 -0.052069
v 0.199321 0.23303699 -0.068604
v 0.18297701 0.217291 -0.052069
v 0.18499599 0.243873 0.013024
v 0.187996 0.371337 -0.038854
v 0.18086 0.378254 -0.007198
v 0.19884101 0.39609799 -0.015884
v 0.224718 0.42292601 -0.079075
v 0.204173 -0.439551 -0.045252
v 0.209159 -0.222591 0.078096
v 0.201498 -0.237674 0.087744
v 0.194626 -0.21940599 0.109852
v 0.209159 -0.222591 0.078096
v 0.177117 -0.214048 0.110772
v 0.177117 -0.214048 0.110772
v 0.194626 -0.21940599 0.109852
v 0.199331 -0.197842 0.102534
v 0.176709 -0.195921 0.102836
v 0.19004899 -0.17860501 0.089179
v 0.191893 -0.166774 0.079081
v 0.202189 -0.111103 0.028236
v 0.211882 -0.115516 -0.06383
v 0.18869001 -0.050516 -0.023855
v 0.199875 0.034969 -0.035846
v 0.199875 0.034969 -0.035846
v 0.19246399 0.0454 -0.002356
v 0.17876901 0.040033 0.013407
v 0.19379 0.060346 0.011907
v 0.19501001 0.060527 0.029061
v 0.18978401 0.044184 0.045582
v 0.208222 0.048698 0.053226
v 0.19244 0.041298 -0.04258
v 0.196459 0.052518 0.073083
v 0.18476599 0.062143 -0.069572
v 0.20835599 0.073161 -0.077652
v 0.191696 0.089016 -0.049996
v 0.181927 0.10056 -0.06585
v 0.191696 0.089016 -0.049996
v 0.193682 0.121874 -0.041857
v 0.19235601 0.14787 -0.055907
v 0.192277 0.180439 -0.058279
v 0.193864 0.205485 -0.041571
v 0.19425 0.18822999 0.041108
v 0.191264 0.20647299 0.024656
v 0.19285201 0.21506301 -0.009257
v 0.19285201 0.21506301 -0.009257
v 0.18613601 0.22706001 0.006926
v 0.196162 0.221138 -0.022392
v 0.196162 0.221138 -0.022392
v 0.176245 0.36366999 -0.027707
v 0.199467 0.38480899 -0.021952
v 0.18086 0.378254 -0.007198
v 0.187996 0.371337 -0.038854
v 0.211138 0.40887001 -0.020856
v 0.213291 0.39594501 -0.098747
v 0.211138 0.40887001 -0.020856
v 0.30984899 -0.45116901 -0.88177198
v 0.219032 -0.41822401 0.024084
v 0.21638601 -0.41233301 -0.000603
v 0.201498 -0.237674 0.087744
v 0.209159 -0.222591 0.078096
v 0.210499 -0.19800501 0.048862
v 0.207976 -0.180519 0.015162
v 0.21151701 -0.191121 0.091625
v 0.206875 -0.156323 -0.022653
v 0.199705 -0.13873 -0.069223
v 0.199705 -0.13873 -0.069223
v 0.199875 0.034969 -0.035846
v 0.19246399 0.0454 -0.002356
v 0.208222 0.048698 0.053226
v 0.197116 0.066617 -0.002756
v 0.197116 0.066617 -0.002756
v 0.19379 0.060346 0.011907
v 0.19246399 0.0454 -0.002356
v 0.206475 0.066571 0.038942
v 0.20835599 0.073161 -0.077652
v 0.200637 0.079441 -0.025461
v 0.202553 0.06496 0.025473
v 0.20835599 0.073161 -0.077652
v 0.191696 0.089016 -0.049996
v 0.19786 0.097041 -0.026027
v 0.197024 0.117729 -0.031159
v 0.20867801 0.113327 -0.007826
v 0.213 0.100559 0.081237
v 0.19780201 0.125918 -0.041627
v 0.197024 0.117729 -0.031159
v 0.193682 0.121874 -0.041857
v 0.209989 0.126597 0.082542
v 0.19235601 0.14787 -0.055907
v 0.209429 0.123457 -0.046616
v 0.207331 0.157304 -0.067488
v 0.192277 0.180439 -0.058279
v 0.20387299 0.183467 -0.064746
v 0.20307399 0.16170999 0.044089
v 0.20387299 0.183467 -0.064746
v 0.192277 0.180439 -0.058279
v 0.193864 0.205485 -0.041571
v 0.209699 0.199719 0.027407
v 0.18613601 0.22706001 0.006926
v 0.20985501 0.234981 0.00538
v 0.18499599 0.243873 0.013024
v 0.22237299 0.27306399 -0.089434
v 0.18349899 0.25287601 0.005478
v 0.24119399 0.30664799 -0.030718
v 0.19884101 0.39609799 -0.015884
v 0.233954 0.42647901 -0.038685
v 0.22269499 -0.44334 0.96172202
v 0.22621401 -0.43882999 -0.95955098
v 0.221148 -0.436443 -0.00555
v 0.22921699 -0.44019201 -0.007076
v 0.21548501 -0.43924499 0.036418
v 0.26283801 -0.439632 0.140037
v 0.22269499 -0.44334 0.96172202
v 0.219032 -0.41822401 0.024084
v 0.209159 -0.222591 0.078096
v 0.212585 -0.213616 0.095563
v 0.212585 -0.213616 0.095563
v 0.209563 -0.164684 -0.004241
v 0.206104 -0.157434 0.046757
v 0.220428 -0.117569 -0.061255
v 0.21407001 -0.132763 0.024549
v 0.220428 -0.117569 -0.061255
v 0.21815801 -0.084385 -0.035717
v 0.213881 -0.07304 -0.009485
v 0.19379 0.060346 0.011907
v 0.207017 0.063625 0.004405
v 0.213799 0.053357 0.011742
v 0.197116 0.066617 -0.002756
v 0.19379 0.060346 0.011907
v 0.213799 0.053357 0.011742
v 0.202553 0.06496 0.025473
v 0.22018 0.064977 0.070035
v 0.223435 0.085291 -0.010942
v 0.206104 0.075939 0.083799
v 0.215349 0.101898 -0.006323
v 0.22020601 0.116111 0.067051
v 0.21298 0.13390701 0.049602
v 0.20307399 0.16170999 0.044089
v 0.21481401 0.182098 0.037405
v 0.19425 0.18822999 0.041108
v 0.21481401 0.182098 0.037405
v 0.222964 0.195336 -0.054247
v 0.235302 0.21226101 -0.006208
v 0.196162 0.221138 -0.022392
v 0.18297701 0.217291 -0.052069
v 0.22653501 0.234146 -0.036287
v 0.18613601 0.22706001 0.006926
v 0.20985501 0.234981 0.00538
v 0.219919 0.24989 0.005631
v 0.234871 0.312812 -0.100802
v 0.216812 0.37235999 -0.050824
v 0.21504299 0.38169399 -0.048672
v 0.21504299 0.38169399 -0.048672
v 0.33269 -0.45126399 0.211973
v 0.27325901 -0.43978101 -0.040416
v 0.26185101 -0.43895999 0.93955302
v 0.221148 -0.436443 -0.00555
v 0.21548501 -0.43924499 0.036418
v 0.201498 -0.237674 0.087744
v 0.212585 -0.213616 0.095563
v 0.218007 -0.189495 0.071067
v 0.21151701 -0.191121 0.091625
v 0.209264 -0.16575199 0.039648
v 0.21545599 -0.167761 0.021626
v 0.206104 -0.157434 0.046757
v 0.218007 -0.189495 0.071067
v 0.220064 -0.139796 -0.000587
v 0.21407001 -0.132763 0.024549
v 0.21972699 -0.138382 -0.018388
v 0.22470801 -0.105989 0.00545
v 0.213881 -0.07304 -0.009485
v 0.22961 -0.080554 0.004047
v 0.22826201 0.048113 0.055193
v 0.206475 0.066571 0.038942
v 0.22826201 0.048113 0.055193
v 0.206475 0.066571 0.038942
v 0.216748 0.073812 0.049706
v 0.22826201 0.048113 0.055193
v 0.197116 0.066617 -0.002756
v 0.21421801 0.079476 0.001044
v 0.207017 0.063625 0.004405
v 0.21858899 0.068369 0.026306
v 0.223435 0.085291 -0.010942
v 0.214816 0.088188 0.060622
v 0.206104 0.075939 0.083799
v 0.22018 0.064977 0.070035
v 0.213 0.100559 0.081237
v 0.21650299 0.102426 0.01089
v 0.21421801 0.079476 0.001044
v 0.213735 0.125361 0.019869
v 0.197024 0.117729 -0.031159
v 0.209429 0.123457 -0.046616
v 0.221544 0.120496 -0.017186
v 0.20867801 0.113327 -0.007826
v 0.213735 0.125361 0.019869
v 0.213735 0.125361 0.019869
v 0.210153 0.147053 0.039289
v 0.22645199 0.13172001 -0.046184
v 0.19285201 0.21506301 -0.009257
v 0.236615 0.21111199 -0.029699
v 0.24061801 0.248491 -0.056733
v 0.22653501 0.234146 -0.036287
v 0.23582999 0.242429 -0.010415
v 0.22298101 0.26921901 -0.001924
v 0.243798 0.39649001 -0.037152
v 0.25938499 -0.450771 0.94233602
v 0.23062199 -0.43978 0.031207
v 0.22470801 -0.105989 0.00545
v 0.22552299 -0.102559 -0.053445
v 0.233403 -0.081739 -0.016669
v 0.22961301 0.046962 0.0118
v 0.233134 0.05063 0.00256
v 0.22961301 0.046962 0.0118
v 0.225177 0.055869 0.019509
v 0.21858899 0.068369 0.026306
v 0.233134 0.05063 0.00256
v 0.22826201 0.048113 0.055193
v 0.216748 0.073812 0.049706
v 0.22018 0.064977 0.070035
v 0.216748 0.073812 0.049706
v 0.21858899 0.068369 0.026306
v 0.222341 0.076377 0.014401
v 0.222864 0.082073 0.03026
v 0.214816 0.088188 0.060622
v 0.222341 0.076377 0.014401
v 0.222864 0.082073 0.03026
v 0.225867 0.095307 0.042398
v 0.235356 0.094672 0.070052
v 0.213 0.100559 0.081237
v 0.214816 0.088188 0.060622
v 0.233099 0.104902 0.029514
v 0.223588 0.103754 0.052116
v 0.22020601 0.116111 0.067051
v 0.213 0.100559 0.081237
v 0.235356 0.094672 0.070052
v 0.233099 0.104902 0.029514
v 0.22645199 0.13172001 -0.046184
v 0.230184 0.131274 0.001541
v 0.210153 0.147053 0.039289
v 0.22605801 0.14879 0.024616
v 0.241335 0.166318 -0.048785
v 0.22605801 0.14879 0.024616
v 0.210153 0.147053 0.039289
v 0.25311899 0.19891299 -0.002435
v 0.235302 0.21226101 -0.006208
v 0.23582999 0.242429 -0.010415
v 0.243798 0.39649001 -0.037152
v 0.378463 -0.45115301 -0.51319098
v 0.40175399 -0.45113999 0.442862
v 0.34499401 -0.451179 0.64421099
v 0.31123301 -0.45093399 0.92259997
v 0.24962801 -0.445712 -0.96116602
v 0.23062199 -0.43978 0.031207
v 0.23062199 -0.43978 0.031207
v 0.236458 -0.092222 -0.016508
v 0.234639 -0.095569 -0.033262
v 0.22552299 -0.102559 -0.053445
v 0.234639 -0.095569 -0.033262
v 0.233403 -0.081739 -0.016669
v 0.23591501 0.056557 0.013362
v 0.222341 0.076377 0.014401
v 0.23591501 0.056557 0.013362
v 0.23591501 0.056557 0.013362
v 0.225177 0.055869 0.019509
v 0.235356 0.094672 0.070052
v 0.214816 0.088188 0.060622
v 0.223588 0.103754 0.052116
v 0.222864 0.082073 0.03026
v 0.233099 0.104902 0.029514
v 0.24007 0.094391 0.02645
v 0.22020601 0.116111 0.067051
v 0.235356 0.094672 0.070052
v 0.223588 0.103754 0.052116
v 0.24867401 0.16834401 0.003923
v 0.222964 0.195336 -0.054247
v 0.25311899 0.19891299 -0.002435
v 0.26434401 0.19371399 -0.053963
v 0.249698 0.268188 -0.071555
v 0.246273 0.36467701 -0.103624
v 0.261949 0.42956799 -0.059781
v 0.24962801 -0.445712 -0.96116602
v 0.26847401 -0.45078 -0.947519
v 0.28381199 -0.438739 -0.94308603
v 0.254125 -0.43893301 0.946558
v 0.22961 -0.080554 0.004047
v 0.233403 -0.081739 -0.016669
v 0.22961301 0.046962 0.0118
v 0.24007 0.094391 0.02645
v 0.24544901 0.15344299 -0.021934
v 0.241335 0.166318 -0.048785
v 0.24867401 0.16834401 0.003923
v 0.246052 0.18528999 -0.056837
v 0.24867401 0.16834401 0.003923
v 0.27874801 0.18151399 -0.019512
v 0.26951799 0.20088901 -0.038997
v 0.25092 0.264698 -0.01035
v 0.25273699 0.296922 -0.088937
v 0.248346 0.28384399 -0.010612
v 0.25087601 0.34136099 -0.04621
v 0.245823 0.38345399 -0.055891
v 0.245823 0.38345399 -0.055891
v 0.28055999 0.40686199 -0.041663
v 0.26864201 -0.44361499 -0.95662498
v 0.364914 -0.43933299 0.85162199
v 0.246052 0.18528999 -0.056837
v 0.24061801 0.248491 -0.056733
v 0.26924399 0.27395099 -0.032557
v 0.25727299 0.31217599 -0.025733
v 0.28457299 -0.450629 0.938124
v 0.27181399 -0.445355 0.94864601
v 0.27181399 -0.445355 0.94864601
v 0.269566 0.161451 -0.026787
v 0.26924399 0.27395099 -0.032557
v 0.25861999 0.374282 -0.055465
v 0.26979601 0.40072399 -0.094501
v 0.26979601 0.40072399 -0.094501
v 0.27182099 0.422912 -0.076476
v 0.267252 0.42464501 -0.045109
v 0.267252 0.42464501 -0.045109
v 0.26864201 -0.44361499 -0.95662498
v 0.303137 -0.45076701 -0.93889397
v 0.27265999 0.158558 -0.056883
v 0.27265999 0.158558 -0.056883
v 0.26951799 0.20088901 -0.038997
v 0.26924399 0.27395099 -0.032557
v 0.27153599 0.28555 -0.063636
v 0.268525 0.30423099 -0.023372
v 0.28090501 0.36357901 -0.092744
v 0.27079201 0.38350999 -0.045479
v 0.40835401 -0.45124999 -0.18224899
v 0.388569 -0.43916601 -0.88398498
v 0.28310001 -0.438934 0.93803501
v 0.28712001 0.18255 -0.054524
v 0.26924399 0.27395099 -0.032557
v 0.27153599 0.28555 -0.063636
v 0.28948799 0.313173 -0.053504
v 0.28295401 0.325993 -0.079064
v 0.27434 0.341084 -0.035745
v 0.28607199 -0.45050001 -0.945315
v 0.43065599 -0.45102599 -0.72766101
v 0.295517 -0.44303799 -0.94915903
v 0.288854 0.150824 -0.054821
v 0.286466 0.16486201 -0.066171
v 0.27874801 0.18151399 -0.019512
v 0.286466 0.16486201 -0.066171
v 0.284641 0.32019499 -0.037296
v 0.284502 0.37460601 -0.043403
v 0.297564 0.40151301 -0.07649
v 0.29061401 0.41701299 -0.057345
v 0.295517 -0.44303799 -0.94915903
v 0.298949 -0.443598 0.93980801
v 0.298949 -0.443598 0.93980801
v 0.288854 0.150824 -0.054821
v 0.28712001 0.18255 -0.054524
v 0.28948799 0.313173 -0.053504
v 0.28948799 0.313173 -0.053504
v 0.297564 0.40151301 -0.07649
v 0.296435 0.40392801 -0.052656
v 0.29061401 0.41701299 -0.057345
v 0.30057499 -0.45041999 0.93303901
v 0.30669799 -0.438932 0.930071
v 0.29630899 0.162558 -0.056252
v 0.29630899 0.162558 -0.056252
v 0.29630899 0.162558 -0.056252
v 0.29630899 0.162558 -0.056252
v 0.296693 0.35050201 -0.053333
v 0.298603 0.35887 -0.069829
v 0.53989398 -0.43946001 -0.237923
v 0.398523 -0.43959501 0.008786
v 0.298603 0.35887 -0.069829
v 0.297564 0.40151301 -0.07649
v 0.33217001 -0.44480699 -0.936086
v 0.32683 -0.45076099 -0.93054003
v 0.33127201 -0.43895301 -0.92934102
v 0.33217001 -0.44480699 -0.936086
v 0.47810701 -0.43940699 0.639292
v 0.33142099 -0.438916 0.92107099
v 0.35571599 -0.43901801 0.911686
v 0.32255399 -0.44368601 0.93272901
v 0.32255399 -0.44368601 0.93272901
v 0.42894799 -0.43941799 -0.62690198
v 0.53148401 -0.43917501 -0.80301899
v 0.33432499 -0.450569 0.920573
v 0.355537 -0.45102999 0.86985499
v 0.348748 -0.44415799 0.922346
v 0.348748 -0.44415799 0.922346
v 0.35750201 -0.44328201 -0.92640299
v 0.35264999 -0.45028701 0.91321701
v 0.358356 -0.450679 -0.91542602
v 0.35750201 -0.44328201 -0.92640299
v 0.39662901 -0.44381201 -0.90825802
v 0.37793401 -0.45035601 -0.90981901
v 0.39604199 -0.450441 0.89412701
v 0.37155101 -0.449828 0.90698701
v 0.39340699 -0.43874899 -0.90242702
v 0.49301201 -0.45138901 0.045707
v 0.39662901 -0.44381201 -0.90825802
v 0.62340301 -0.43941799 0.25754401
v 0.39714801 -0.43903601 0.89383602
v 0.39257899 -0.44399101 0.90319502
v 0.39257899 -0.44399101 0.90319502
v 0.40011299 -0.450385 -0.90034997
v 0.41216999 -0.450791 -0.89221501
v 0.421792 -0.445979 0.89053202
v 0.43716499 -0.45050099 0.87636399
v 0.443434 -0.43887299 0.87231702
v 0.43292701 -0.44487 -0.89274597
v 0.46561599 -0.450701 -0.86096299
v 0.51836997 -0.450914 -0.78206497
v 0.441277 -0.43863001 -0.88100898
v 0.43292701 -0.44487 -0.89274597
v 0.421792 -0.445979 0.89053202
v 0.44665101 -0.450611 -0.87776703
v 0.65048897 -0.45098001 -0.29581699
v 0.56128103 -0.45076799 0.73758501
v 0.45320901 -0.45053601 0.866983
v 0.45478499 -0.44397101 0.87403798
v 0.590123 -0.43940601 0.000908
v 0.45478499 -0.44397101 0.87403798
v 0.56861502 -0.45110601 0.24790099
v 0.471807 -0.44352901 -0.87099802
v 0.61562097 -0.450946 0.56539202
v 0.484723 -0.450555 0.845303
v 0.47415501 -0.45040101 0.85639298
v 0.471807 -0.44352901 -0.87099802
v 0.54799199 -0.43899399 0.80297202
v 0.47071201 -0.43875599 0.856592
v 0.476271 -0.45014 -0.86262298
v 0.47750801 -0.43872401 -0.86097801
v 0.50066203 -0.43875 0.83792698
v 0.50288498 -0.450524 -0.84607899
v 0.47691399 -0.44421899 0.86227202
v 0.48452699 -0.43877199 0.85051203
v 0.47691399 -0.44421899 0.86227202
v 0.52930498 -0.45057201 -0.829548
v 0.62096202 -0.45089501 -0.62292397
v 0.51407599 -0.44395 -0.84644699
v 0.49286801 -0.444231 0.85437602
v 0.51407599 -0.44395 -0.84644699
v 0.505696 -0.44224 0.84629202
v 0.49286801 -0.444231 0.85437602
v 0.50464499 -0.44984201 0.83970201
v 0.505696 -0.44224 0.84629202
v 0.52776498 -0.438595 -0.83038199
v 0.52668798 -0.45039701 0.82550001
v 0.52870899 -0.438748 0.82578403
v 0.552185 -0.44439 0.81723303
v 0.61099601 -0.438954 0.76423001
v 0.552185 -0.44439 0.81723303
v 0.720007 -0.439316 -0.61741698
v 0.54117799 -0.45005101 -0.82480198
v 0.63485003 -0.450991 0.39281401
v 0.561113 -0.45045301 0.80400801
v 0.54117799 -0.45005101 -0.82480198
v 0.51407599 -0.44395 -0.84644699
v 0.55591202 -0.44290701 -0.82195997
v 0.562289 -0.45039901 -0.81067801
v 0.698659 -0.45119101 -0.085259
v 0.55591202 -0.44290701 -0.82195997
v 0.562289 -0.45039901 -0.81067801
v 0.57295299 -0.43907201 0.79530698
v 0.58235103 -0.45009699 0.78785902
v 0.57844001 -0.44427601 0.79880202
v 0.57844001 -0.44427601 0.79880202
v 0.58081198 -0.44405001 -0.803451
v 0.59021598 -0.43875 -0.78933698
v 0.617064 -0.43932301 0.66518998
v 0.59419298 -0.43891299 0.78013802
v 0.58311898 -0.450344 -0.79283798
v 0.60445702 -0.45032099 0.76801801
v 0.58081198 -0.44405001 -0.803451
v 0.58311898 -0.450344 -0.79283798
v 0.61914402 -0.44417301 -0.773673
v 0.61809599 -0.45046601 -0.76725203
v 0.60777003 -0.44610199 0.77531099
v 0.61914402 -0.44417301 -0.773673
v 0.64142501 -0.438759 -0.74762201
v 0.60777003 -0.44610199 0.77531099
v 0.71657503 -0.451262 0.18209299
v 0.63274002 -0.45051801 0.72871
v 0.61362797 -0.45055601 0.75835401
v 0.628286 -0.43878901 0.75182301
v 0.61970198 -0.44443199 0.76725298
v 0.63035703 -0.450142 0.75203401
v 0.61970198 -0.44443199 0.76725298
v 0.75279701 -0.45092899 -0.55440301
v 0.657736 -0.438732 0.72513801
v 0.70748699 -0.45071101 0.64133102
v 0.670035 -0.45063201 -0.72136998
v 0.61809599 -0.45046601 -0.76725203
v 0.670035 -0.45063201 -0.72136998
v 0.65831399 -0.45050201 0.72331101
v 0.703453 -0.438555 -0.68766201
v 0.73692602 -0.439426 0.471562
v 0.665007 -0.43875399 0.71675903
v 0.695656 -0.43876201 0.68014401
v 0.68060201 -0.443584 -0.72018999
v 0.66432899 -0.44411701 0.72723001
v 0.68060201 -0.443584 -0.72018999
v 0.73733598 -0.438972 0.62964499
v 0.67588001 -0.43884 0.707726
v 0.66432899 -0.44411701 0.72723001
v 0.70024902 -0.45049101 0.6832
v 0.68467402 -0.45052499 0.69127399
v 0.67209798 -0.45060799 0.70355397
v 0.66416299 -0.450663 0.71132302
v 0.66416299 -0.45056301 0.71918303
v 0.82889098 -0.439419 -0.227808
v 0.672023 -0.45062199 0.71132302
v 0.672023 -0.44569099 0.71918303
v 0.68985802 -0.44408399 0.70412397
v 0.68985802 -0.44408399 0.70412397
v 0.69697303 -0.45051 -0.69586599
v 0.68817598 -0.44948399 0.69972199
v 0.679883 -0.446807 0.71132302
v 0.69222897 -0.43892601 0.69158399
v 0.81168699 -0.45094699 0.46182299
v 0.71758002 -0.444186 -0.68119502
v 0.69697303 -0.45051 -0.69586599
v 0.73688799 -0.45084301 0.572317
v 0.71197402 -0.45053199 0.67144603
v 0.70896697 -0.43878099 0.67397797
v 0.70960999 -0.44299901 0.682688
v 0.70960999 -0.44299901 0.682688
v 0.71758002 -0.444186 -0.68119502
v 0.73141801 -0.43857601 0.65101999
v 0.75276703 -0.45043299 0.62604803
v 0.74275798 -0.44405901 0.64661902
v 0.74275798 -0.44405901 0.64661902
v 0.75097603 -0.43860799 -0.63511902
v 0.77554798 -0.43875101 0.59863299
v 0.78704399 -0.438952 0.57974601
v 0.75679398 -0.43871099 0.61846501
v 0.76539302 -0.450443 -0.616072
v 0.76539302 -0.450443 -0.616072
v 0.91277498 -0.43936399 0.074945
v 0.76383299 -0.44415599 -0.62765998
v 0.86041099 -0.45115599 0.32776001
v 0.765652 -0.45031601 0.60910499
v 0.76383299 -0.44415599 -0.62765998
v 0.82039303 -0.450764 0.52305502
v 0.76652998 -0.44407201 0.61706197
v 0.78635299 -0.43868199 -0.58839601
v 0.76652998 -0.44407201 0.61706197
v 0.80122 -0.450497 0.56425202
v 0.783113 -0.45039001 0.58055598
v 0.82049602 -0.438963 -0.54332399
v 0.80596101 -0.43891999 0.54647398
v 0.79286802 -0.44390601 -0.591322
v 0.79286802 -0.44390601 -0.591322
v 0.803204 -0.43887699 0.56159401
v 0.80805898 -0.45032099 -0.56370598
v 0.87899297 -0.451444 0.19945
v 0.79136997 -0.44407699 0.58712101
v 0.824265 -0.438932 0.52549601
v 0.79136997 -0.44407699 0.58712101
v 0.80805898 -0.45032099 -0.56370598
v 0.81410599 -0.44382599 0.55633801
v 0.81410599 -0.44382599 0.55633801
v 0.82356602 -0.44373301 -0.55113
v 0.85958803 -0.45111799 -0.369479
v 0.81441098 -0.44992101 0.54781502
v 0.82356602 -0.44373301 -0.55113
v 0.85181999 -0.439127 0.46728301
v 0.82813197 -0.45017499 -0.53149003
v 0.84325999 -0.45056999 -0.50165898
v 0.86657298 -0.45057201 -0.459519
v 0.89232498 -0.45146701 -0.15023699
v 0.88548303 -0.451538 0.028073
v 0.82990998 -0.442449 0.530837
v 0.82813197 -0.45017499 -0.53149003
v 0.83426601 -0.45042899 0.51296997
v 0.866283 -0.43914899 -0.394721
v 0.82990998 -0.442449 0.530837
v 0.84911901 -0.438757 -0.49608999
v 0.84911901 -0.438757 -0.49608999
v 0.88043201 -0.439051 0.35829401
v 0.92001301 -0.43920401 0.194242
v 0.850761 -0.43878001 0.48441899
v 0.84014702 -0.438766 0.50382203
v 0.85139799 -0.44610199 -0.50378501
v 0.85784698 -0.45048001 -0.47896799
v 0.84915501 -0.45029101 0.486316
v 0.86106801 -0.45032701 0.46465099
v 0.82813197 -0.45017499 -0.53149003
v 0.84911901 -0.438757 -0.49608999
v 0.85139799 -0.44610199 -0.50378501
v 0.854321 -0.44417399 0.49283299
v 0.86499602 -0.44404599 -0.48005101
v 0.872922 -0.43884701 -0.44765201
v 0.854321 -0.44417399 0.49283299
v 0.86499602 -0.44404599 -0.48005101
v 0.87523401 -0.45048499 0.43650699
v 0.866768 -0.44257799 0.46832401
v 0.86675203 -0.43872401 0.44376099
v 0.866768 -0.44257799 0.46832401
v 0.88073599 -0.45038301 -0.43139899
v 0.89651 -0.45051399 -0.39754501
v 0.88313699 -0.45059201 0.410184
v 0.872922 -0.43884701 -0.44765201
v 0.87656897 -0.443001 0.44940001
v 0.88758898 -0.44374999 -0.43165901
v 0.90599197 -0.450598 -0.36954001
v 0.87656897 -0.443001 0.44940001
v 0.88758898 -0.44374999 -0.43165901
v 0.89130801 -0.438741 -0.408692
v 0.87761497 -0.43872899 0.42806399
v 0.88823497 -0.43871501 0.404082
v 0.88907403 -0.44421801 0.42281201
v 0.89130801 -0.438741 -0.408692
v 0.93560803 -0.43922099 -0.15552001
v 0.88907403 -0.44421801 0.42281201
v 0.90835202 -0.45069101 -0.34861901
v 0.96163702 -0.45080999 0.140755
v 0.92585403 -0.45049599 0.29970601
v 0.91314298 -0.45051599 0.33937901
v 0.90177602 -0.45025501 0.36968499
v 0.89868301 -0.44599801 0.39856499
v 0.91633099 -0.43876201 0.32344201
v 0.90283602 -0.43872699 0.36663201
v 0.90328002 -0.44423699 -0.39566299
v 0.90328002 -0.44423699 -0.39566299
v 0.90477699 -0.43887401 -0.369611
v 0.91924697 -0.438669 -0.32328001
v 0.89868301 -0.44599801 0.39856499
v 0.91298002 -0.449848 -0.350945
v 0.93955898 -0.4506 -0.230573
v 0.91237801 -0.44388899 0.36034301
v 0.90477699 -0.43887401 -0.369611
v 0.91237801 -0.44388899 0.36034301
v 0.91634202 -0.442781 -0.355286
v 0.92155898 -0.45033899 -0.322382
v 0.91634202 -0.442781 -0.355286
v 0.91924697 -0.438669 -0.32328001
v 0.92382002 -0.43873301 0.28585199
v 0.92483902 -0.44263899 -0.33122799
v 0.93045098 -0.450326 -0.29749501
v 0.971277 -0.45095101 0.01815
v 0.93597698 -0.450427 0.255236
v 0.92418599 -0.445741 0.32489499
v 0.92483902 -0.44263899 -0.33122799
v 0.93142498 -0.43872201 -0.28645799
v 0.92387998 -0.438802 0.30719501
v 0.92418599 -0.445741 0.32489499
v 0.93548298 -0.44380099 -0.29823899
v 0.93674701 -0.450066 -0.26787499
v 0.94543201 -0.45044899 0.214636
v 0.93243402 -0.443248 0.301732
v 0.93548298 -0.44380099 -0.29823899
v 0.93142498 -0.43872201 -0.28645799
v 0.93916303 -0.438889 -0.247811
v 0.93530899 -0.43905699 0.257947
v 0.93243402 -0.443248 0.301732
v 0.94448203 -0.44986001 -0.232767
v 0.95172697 -0.45046401 -0.197703
v 0.953933 -0.45055801 0.17848
v 0.93989599 -0.44419 0.27120301
v 0.93916303 -0.438889 -0.247811
v 0.96116698 -0.43893301 0.14380001
v 0.944408 -0.43915999 0.220388
v 0.93989599 -0.44419 0.27120301
v 0.94691199 -0.44376901 -0.24383
v 0.962973 -0.45084301 -0.118346
v 0.94702202 -0.44412199 0.234552
v 0.94691199 -0.44376901 -0.24383
v 0.95149499 -0.43882501 -0.191696
v 0.95149499 -0.43882501 -0.191696
v 0.96651298 -0.439163 0.08295
v 0.97184497 -0.439123 0.006643
v 0.95235002 -0.439107 0.18478499
v 0.94702202 -0.44412199 0.234552
v 0.95848203 -0.44391501 -0.194795
v 0.96103299 -0.450241 -0.16159999
v 0.97079903 -0.45091301 -0.046927
v 0.96812397 -0.450755 0.076118
v 0.95511699 -0.44412899 0.198819
v 0.95848203 -0.44391501 -0.194795
v 0.96240902 -0.43895701 -0.14262401
v 0.95511699 -0.44412899 0.198819
v 0.96869701 -0.450039 -0.091416
v 0.96318698 -0.44410801 0.16641501
v 0.96947497 -0.43933299 -0.077305
v 0.96318698 -0.44410801 0.16641501
v 0.97069502 -0.44397801 -0.122347
v 0.97082299 -0.44432899 0.11522
v 0.96240902 -0.43895701 -0.14262401
v 0.97069502 -0.44397801 -0.122347
v 0.97069502 -0.44397801 -0.122347
v 0.97082299 -0.44432899 0.11522
v 0.97787303 -0.44408 -0.043538
v 0.98173302 -0.44432899 -0.003021
v 0.97817498 -0.444094 0.029293
v 0.97787303 -0.44408 -0.043538
v 0.97817498 -0.444094 0.029293
v 0.98173302 -0.44432899 -0.003021
vt 0.00095 0.26963
vt 0.00321 0.25363
vt 0.00432 0.26981
vt 0.0073 0.23212
vt 0.00849 0.23913
vt 0.00654 0.24961
vt 0.00299 0.29009
vt 0.00045 0.30192
vt 0.62084 0.98559
vt 0.607 0.97767
vt 0.60038 0.97819
vt 0.61457 0.98128
vt 0.63612 0.98744
vt 0.63609 0.99045
vt 0.65692 0.99207
vt 0.66762 0.99637
vt 0.01074 0.21742
vt 0.01153 0.22294
vt 0.00933 0.28043
vt 0.00371 0.30331
vt 0.00079 0.309
vt 0.00287 0.31541
vt 0.00166 0.32029
vt 0.59258 0.97299
vt 0.58647 0.9725
vt 0.67281 0.99428
vt 0.67461 0.9971
vt 0.68369 0.99555
vt 0.68583 0.99804
vt 0.0137 0.20828
vt 0.01517 0.21275
vt 0.01363 0.2207
vt 0.00464 0.3186
vt 0.00529 0.32799
vt 0.00394 0.33593
vt 0.58942 0.9704
vt 0.5782 0.96776
vt 0.60912 0.97023
vt 0.6689 0.97967
vt 0.69202 0.99598
vt 0.70148 0.9985
vt 0.01671 0.19888
vt 0.01813 0.2034
vt 0.57803 0.96495
vt 0.56937 0.96353
vt 0.69576 0.98247
vt 0.70357 0.99622
vt 0.02053 0.18711
vt 0.02138 0.1932
vt 0.01853 0.19257
vt 0.03339 0.21091
vt 0.02751 0.26842
vt 0.02544 0.32377
vt 0.00845 0.34567
vt 0.00587 0.34958
vt 0.57016 0.95995
vt 0.56384 0.96002
vt 0.59395 0.95812
vt 0.71517 0.99943
vt 0.02517 0.17513
vt 0.02493 0.18248
vt 0.00721 0.35952
vt 0.55649 0.95425
vt 0.54743 0.95134
vt 0.55842 0.95787
vt 0.71932 0.99678
vt 0.72518 0.99954
vt 0.02884 0.17326
vt 0.01015 0.35959
vt 0.01187 0.36952
vt 0.00991 0.37201
vt 0.54964 0.94951
vt 0.73222 0.99628
vt 0.73784 0.99836
vt 0.00227 0.78538
vt 0.00499 0.77965
vt 0.00499 0.79243
vt 0.02879 0.16587
vt 0.54015 0.94469
vt 0.55499 0.93918
vt 0.03166 0.16086
vt 0.03433 0.16186
vt 0.026 0.37405
vt 0.74436 0.9952
vt 0.75163 0.99715
vt 0.03558 0.15273
vt 0.01518 0.38221
vt 0.013 0.38562
vt 0.5344 0.94272
vt 0.53183 0.9383
vt 0.52682 0.93784
vt 0.76397 0.98188
vt 0.039 0.14573
vt 0.03997 0.15035
vt 0.01578 0.39296
vt 0.52429 0.93206
vt 0.52094 0.93275
vt 0.75728 0.99394
vt 0.7594 0.99647
vt 0.04354 0.14353
vt 0.06733 0.14581
vt 0.01932 0.39628
vt 0.76803 0.99222
vt 0.76895 0.99462
vt 0.04339 0.13828
vt 0.05209 0.43248
vt 0.0185 0.40238
vt 0.51589 0.92519
vt 0.51418 0.92742
vt 0.63073 0.93827
vt 0.72723 0.93802
vt 0.04907 0.13347
vt 0.06321 0.13446
vt 0.02374 0.40938
vt 0.02145 0.41179
vt 0.04674 0.13198
vt 0.50903 0.92255
vt 0.51447 0.90613
vt 0.7784 0.99215
vt 0.50919 0.91986
vt 0.05202 0.12457
vt 0.05364 0.12732
vt 0.02599 0.42067
vt 0.5045 0.91556
vt 0.50221 0.91657
vt 0.54988 0.87282
vt 0.05556 0.12357
vt 0.02957 0.42245
vt 0.78806 0.98749
vt 0.78806 0.99004
vt 0.05901 0.11493
vt 0.05826 0.12059
vt 0.4997 0.91013
vt 0.49404 0.90797
vt 0.06221 0.11484
vt 0.49422 0.90505
vt 0.7969 0.98464
vt 0.03203 0.43301
vt 0.80111 0.98607
vt 0.06491 0.10767
vt 0.10413 0.22762
vt 0.10136 0.39332
vt 0.03398 0.43112
vt 0.48769 0.90113
vt 0.81034 0.98027
vt 0.0673 0.10456
vt 0.07137 0.10373
vt 0.06808 0.10957
vt 0.04234 0.44576
vt 0.0378 0.44281
vt 0.48999 0.89855
vt 0.48532 0.89802
vt 0.8118 0.98237
vt 0.48414 0.89309
vt 0.07313 0.0985
vt 0.47989 0.89156
vt 0.48379 0.88891
vt 0.07641 0.10029
vt 0.47174 0.87989
vt 0.47978 0.88757
vt 0.08275 0.08805
vt 0.08459 0.0903
vt 0.04659 0.45695
vt 0.81529 0.96351
vt 0.82692 0.97561
vt 0.10024 0.09776
vt 0.05047 0.45777
vt 0.83094 0.97133
vt 0.05643 0.47122
vt 0.05209 0.46192
vt 0.47389 0.87862
vt 0.84246 0.96803
vt 0.09802 0.0736
vt 0.08835 0.08549
vt 0.66953 0.86266
vt 0.45967 0.86277
vt 0.46893 0.87324
vt 0.47646 0.87362
vt 0.13392 0.28781
vt 0.06392 0.47646
vt 0.84948 0.96149
vt 0.09949 0.07594
vt 0.4622 0.8623
vt 0.0896 0.48871
vt 0.97051 0.94299
vt 0.97051 0.95063
vt 0.96695 0.94243
vt 0.96907 0.93932
vt 0.10182 0.07341
vt 0.06624 0.48437
vt 0.4595 0.85871
vt 0.96688 0.94658
vt 0.85704 0.96068
vt 0.96887 0.95484
vt 0.10484 0.0709
vt 0.13993 0.14023
vt 0.46921 0.84171
vt 0.4556 0.85262
vt 0.10935 0.06407
vt 0.11001 0.06732
vt 0.07572 0.4908
vt 0.86538 0.95193
vt 0.87397 0.9491
vt 0.08004 0.49961
vt 0.85138 0.93489
vt 0.12206 0.05435
vt 0.11552 0.06249
vt 0.11413 0.06594
vt 0.45185 0.85023
vt 0.45293 0.84624
vt 0.44483 0.83579
vt 0.8162 0.87479
vt 0.44799 0.83739
vt 0.12634 0.05458
vt 0.08459 0.50062
vt 0.12751 0.05104
vt 0.44535 0.8293
vt 0.44214 0.83004
vt 0.88415 0.93894
vt 0.13103 0.05364
vt 0.14004 0.04241
vt 0.13259 0.05034
vt 0.09758 0.51336
vt 0.09583 0.51518
vt 0.44116 0.82324
vt 0.43591 0.81607
vt 0.89189 0.93613
vt 0.13972 0.04605
vt 0.1194 0.51235
vt 0.16215 0.04367
vt 0.9026 0.90912
vt 0.89619 0.92952
vt 0.43841 0.81424
vt 0.14594 0.04168
vt 0.18543 0.37051
vt 0.44003 0.79796
vt 0.43305 0.80525
vt 0.14943 0.03631
vt 0.90484 0.92507
vt 0.10886 0.52619
vt 0.11116 0.52464
vt 0.15756 0.03327
vt 0.15693 0.03642
vt 0.17521 0.46927
vt 0.90504 0.92169
vt 0.4321 0.79604
vt 0.42972 0.79725
vt 0.16686 0.03137
vt 0.12081 0.53152
vt 0.1183 0.53371
vt 0.42751 0.78723
vt 0.91276 0.916
vt 0.12655 0.53443
vt 0.16637 0.02801
vt 0.17492 0.02956
vt 0.17343 0.02582
vt 0.12607 0.53843
vt 0.42766 0.78114
vt 0.42494 0.78026
vt 0.56365 0.75023
vt 0.91926 0.90965
vt 0.91709 0.90749
vt 0.17773 0.02651
vt 0.12978 0.54051
vt 0.67098 0.79532
vt 0.9365 0.88493
vt 0.13889 0.54347
vt 0.18318 0.02072
vt 0.42705 0.77148
vt 0.9226 0.90697
vt 0.16734 0.53648
vt 0.13624 0.54476
vt 0.42277 0.7695
vt 0.92399 0.90145
vt 0.92799 0.90134
vt 0.18554 0.02294
vt 0.73662 0.80227
vt 0.22745 0.04215
vt 0.92799 0.89704
vt 0.20451 0.0274
vt 0.21037 0.10312
vt 0.4351 0.74363
vt 0.93265 0.89544
vt 0.20996 0.25658
vt 0.14257 0.54873
vt 0.42274 0.75814
vt 0.01859 0.15465
vt 0.0177 0.16648
vt 0.02132 0.1647
vt 0.19335 0.02053
vt 0.02106 0.17102
vt 0.934 0.8892
vt 0.93799 0.88763
vt 0.19849 0.01694
vt 0.2011 0.01963
vt 0.15096 0.55302
vt 0.01818 0.1777
vt 0.21096 0.17769
vt 0.15784 0.55384
vt 0.02132 0.1802
vt 0.42128 0.74752
vt 0.20667 0.01395
vt 0.80531 0.78911
vt 0.94427 0.87839
vt 0.21276 0.01495
vt 0.21333 0.29737
vt 0.16043 0.55894
vt 0.94049 0.85621
vt 0.21562 0.01062
vt 0.41824 0.74547
vt 0.41995 0.73866
vt 0.41674 0.73603
vt 0.16795 0.5592
vt 0.16977 0.56308
vt 0.94896 0.86895
vt 0.95096 0.87065
vt 0.22147 0.01213
vt 0.41889 0.72799
vt 0.49469 0.69497
vt 0.22718 0.00773
vt 0.17828 0.56371
vt 0.41594 0.7241
vt 0.63732 0.75733
vt 0.2304 0.01131
vt 0.43792 0.69786
vt 0.70768 0.7761
vt 0.95482 0.8594
vt 0.01293 0.79315
vt 0.01991 0.79725
vt 0.01134 0.79943
vt 0.02042 0.80246
vt 0.90809 0.33043
vt 0.90247 0.33027
vt 0.90611 0.32646
vt 0.90296 0.33583
vt 0.91228 0.33213
vt 0.90817 0.33793
vt 0.76178 0.23674
vt 0.77639 0.23886
vt 0.77872 0.23208
vt 0.2352 0.00648
vt 0.2348 0.00925
vt 0.18286 0.56883
vt 0.95813 0.85824
vt 0.95654 0.96762
vt 0.95508 0.97518
vt 0.96465 0.96738
vt 0.91013 0.32504
vt 0.44419 0.85173
vt 0.43753 0.8527
vt 0.44187 0.85678
vt 0.89675 0.32728
vt 0.90153 0.32254
vt 0.8955 0.33959
vt 0.28494 0.69136
vt 0.2863 0.68841
vt 0.2817 0.68939
vt 0.1284 0.85259
vt 0.12408 0.84991
vt 0.12572 0.85777
vt 0.67905 0.31242
vt 0.67502 0.31706
vt 0.67287 0.3084
vt 0.11938 0.85752
vt 0.68258 0.31706
vt 0.79294 0.23602
vt 0.79509 0.23118
vt 0.09078 0.96265
vt 0.09169 0.97771
vt 0.08297 0.97353
vt 0.08139 0.97936
vt 0.75817 0.23065
vt 0.26212 0.11787
vt 0.41828 0.71323
vt 0.41554 0.71593
vt 0.96441 0.96273
vt 0.95923 0.96128
vt 0.43282 0.85599
vt 0.43007 0.86147
vt 0.96377 0.97878
vt 0.02042 0.79481
vt 0.90699 0.43112
vt 0.90554 0.42918
vt 0.90195 0.43203
vt 0.89922 0.42698
vt 0.21135 0.88367
vt 0.21771 0.87823
vt 0.20826 0.87542
vt 0.96118 0.98685
vt 0.67451 0.3052
vt 0.79185 0.2442
vt 0.07868 0.95691
vt 0.08151 0.94846
vt 0.22539 0.60235
vt 0.23785 0.61136
vt 0.23252 0.61183
vt 0.22646 0.59392
vt 0.0856 0.98721
vt 0.09392 0.98482
vt 0.29324 0.07959
vt 0.19188 0.56906
vt 0.96839 0.95757
vt 0.017 0.78239
vt 0.95685 0.28367
vt 0.9568 0.28786
vt 0.96545 0.2848
vt 0.43625 0.86347
vt 0.22005 0.88162
vt 0.88724 0.33429
vt 0.21048 0.86513
vt 0.90093 0.34254
vt 0.28038 0.69599
vt 0.2764 0.69017
vt 0.69115 0.30638
vt 0.12376 0.86574
vt 0.11231 0.86004
vt 0.11763 0.86635
vt 0.80373 0.23629
vt 0.24274 0.62753
vt 0.23606 0.62502
vt 0.2186 0.59542
vt 0.22177 0.58724
vt 0.19372 0.57291
vt 0.97051 0.96026
vt 0.01329 0.78312
vt 0.61933 0.0771
vt 0.61933 0.06431
vt 0.61479 0.06851
vt 0.90542 0.42502
vt 0.43083 0.86575
vt 0.43688 0.86889
vt 0.90045 0.42227
vt 0.43914 0.86682
vt 0.9336 0.3316
vt 0.9275 0.33827
vt 0.92726 0.33459
vt 0.93512 0.33897
vt 0.93329 0.34456
vt 0.44218 0.86853
vt 0.44419 0.87398
vt 0.2176 0.8701
vt 0.92088 0.34658
vt 0.93349 0.3547
vt 0.89776 0.34601
vt 0.2863 0.70757
vt 0.69646 0.31353
vt 0.11039 0.87107
vt 0.80768 0.22855
vt 0.23901 0.63486
vt 0.24132 0.64097
vt 0.85634 0.22252
vt 0.85785 0.21874
vt 0.86947 0.22308
vt 0.87446 0.21748
vt 0.88056 0.22009
vt 0.21822 0.60121
vt 0.22954 0.28772
vt 0.68694 0.77768
vt 0.67971 0.76891
vt 0.60209 0.33622
vt 0.59301 0.3329
vt 0.60209 0.33075
vt 0.8933 0.42486
vt 0.89156 0.42181
vt 0.26227 0.9886
vt 0.26393 0.9818
vt 0.27303 0.98503
vt 0.96216 0.27684
vt 0.9026 0.4182
vt 0.89472 0.41625
vt 0.43552 0.87456
vt 0.95469 0.27656
vt 0.90695 0.4176
vt 0.9024 0.41611
vt 0.33711 0.81615
vt 0.32895 0.81414
vt 0.33711 0.81159
vt 0.90699 0.41195
vt 0.89609 0.41279
vt 0.44139 0.87861
vt 0.97051 0.99316
vt 0.21698 0.86545
vt 0.21073 0.85994
vt 0.88242 0.34113
vt 0.88699 0.34588
vt 0.90789 0.3535
vt 0.90954 0.34334
vt 0.92245 0.3636
vt 0.03957 0.89188
vt 0.0457 0.8917
vt 0.04256 0.88314
vt 0.28185 0.70492
vt 0.93429 0.40414
vt 0.93835 0.40864
vt 0.94245 0.40782
vt 0.27541 0.703
vt 0.80816 0.24391
vt 0.8464 0.22288
vt 0.84773 0.21724
vt 0.06771 0.96051
vt 0.86635 0.21375
vt 0.8781 0.21024
vt 0.88521 0.2151
vt 0.21029 0.58848
vt 0.2456 0.00789
vt 0.9621 0.84558
vt 0.96382 0.84812
vt 0.33258 0.70849
vt 0.32895 0.70552
vt 0.33258 0.70484
vt 0.61496 0.06341
vt 0.27541 0.97643
vt 0.26896 0.97561
vt 0.96869 0.27957
vt 0.33167 0.99607
vt 0.32806 0.99954
vt 0.32844 0.9931
vt 0.42695 0.86307
vt 0.33167 0.98586
vt 0.95488 0.27421
vt 0.02132 0.89224
vt 0.0174 0.8985
vt 0.01044 0.89097
vt 0.43792 0.88002
vt 0.22005 0.86877
vt 0.02132 0.89972
vt 0.88109 0.34598
vt 0.89049 0.35214
vt 0.86061 0.35058
vt 0.86309 0.35437
vt 0.85526 0.35201
vt 0.87094 0.3502
vt 0.86692 0.35882
vt 0.87445 0.36078
vt 0.85972 0.35984
vt 0.10059 0.86836
vt 0.11272 0.87897
vt 0.81838 0.22772
vt 0.84032 0.21526
vt 0.84008 0.22308
vt 0.83489 0.21571
vt 0.06609 0.94376
vt 0.07271 0.9337
vt 0.0723 0.97714
vt 0.07105 0.98537
vt 0.20331 0.593
vt 0.24413 0.0046
vt 0.25 0.20287
vt 0.24855 0.25769
vt 0.21334 0.5581
vt 0.41563 0.70676
vt 0.96814 0.27213
vt 0.32623 0.98982
vt 0.24712 0.98507
vt 0.01185 0.90009
vt 0.94964 0.26946
vt 0.95841 0.2695
vt 0.9524 0.2663
vt 0.87709 0.33385
vt 0.04812 0.88464
vt 0.04982 0.89093
vt 0.87493 0.3412
vt 0.89782 0.3552
vt 0.04596 0.87303
vt 0.03975 0.86526
vt 0.03979 0.87249
vt 0.88106 0.35539
vt 0.86506 0.34226
vt 0.49864 0.0625
vt 0.4947 0.06202
vt 0.49528 0.0591
vt 0.103 0.55338
vt 0.1075 0.55433
vt 0.10978 0.5604
vt 0.39519 0.8864
vt 0.39596 0.87797
vt 0.40663 0.87786
vt 0.40346 0.87105
vt 0.94679 0.41383
vt 0.94964 0.4004
vt 0.09935 0.87905
vt 0.10624 0.88023
vt 0.12217 0.88301
vt 0.81818 0.24057
vt 0.85049 0.21193
vt 0.88435 0.20284
vt 0.07509 0.99407
vt 0.25235 0.00333
vt 0.24913 0.00638
vt 0.2388 0.30409
vt 0.24887 0.33157
vt 0.41829 0.70244
vt 0.68725 0.77429
vt 0.69247 0.77409
vt 0.2571 0.97023
vt 0.39213 0.66743
vt 0.38884 0.66244
vt 0.39085 0.65858
vt 0.24657 0.98022
vt 0.39854 0.66628
vt 0.39955 0.65788
vt 0.40336 0.66311
vt 0.0479 0.86755
vt 0.8575 0.34688
vt 0.03422 0.83982
vt 0.0363 0.83388
vt 0.02677 0.83572
vt 0.02846 0.8275
vt 0.48442 0.05611
vt 0.10335 0.55904
vt 0.85174 0.43841
vt 0.84814 0.44571
vt 0.84165 0.44448
vt 0.85617 0.44161
vt 0.10688 0.56395
vt 0.24317 0.75335
vt 0.23903 0.74925
vt 0.24359 0.74876
vt 0.24605 0.76962
vt 0.2413 0.75977
vt 0.24683 0.76358
vt 0.92794 0.41615
vt 0.92202 0.40496
vt 0.93098 0.40009
vt 0.41767 0.8864
vt 0.42178 0.87912
vt 0.40732 0.8848
vt 0.94059 0.42052
vt 0.83036 0.21777
vt 0.05653 0.93386
vt 0.06132 0.95667
vt 0.87306 0.20089
vt 0.87622 0.20076
vt 0.57668 0.11907
vt 0.56836 0.1136
vt 0.5667 0.11907
vt 0.20779 0.60761
vt 0.20635 0.60315
vt 0.4155 0.6984
vt 0.70354 0.77402
vt 0.20952 0.84502
vt 0.20281 0.84847
vt 0.20368 0.84278
vt 0.68851 0.76999
vt 0.96026 0.2634
vt 0.23314 0.9861
vt 0.86509 0.33776
vt 0.04618 0.85511
vt 0.03762 0.85928
vt 0.03664 0.84897
vt 0.05069 0.84776
vt 0.03916 0.82652
vt 0.04267 0.82976
vt 0.0794 0.74954
vt 0.08502 0.74888
vt 0.07997 0.74564
vt 0.48321 0.0625
vt 0.24373 0.73812
vt 0.24137 0.73551
vt 0.24708 0.73331
vt 0.03798 0.68728
vt 0.04166 0.68519
vt 0.04157 0.68894
vt 0.03065 0.68657
vt 0.02946 0.68494
vt 0.03388 0.68357
vt 0.85542 0.44571
vt 0.03611 0.67897
vt 0.24634 0.75549
vt 0.1157 0.56432
vt 0.23402 0.75242
vt 0.23538 0.75574
vt 0.04564 0.68464
vt 0.03699 0.67564
vt 0.0454 0.67853
vt 0.23469 0.76681
vt 0.6685 0.32607
vt 0.65653 0.32525
vt 0.65944 0.33395
vt 0.91904 0.41232
vt 0.91461 0.40111
vt 0.91998 0.41783
vt 0.9295 0.42372
vt 0.41614 0.87446
vt 0.94696 0.42127
vt 0.40285 0.86177
vt 0.83934 0.20562
vt 0.85184 0.20197
vt 0.05968 0.96697
vt 0.06686 0.98252
vt 0.204 0.57384
vt 0.67459 0.75796
vt 0.69766 0.77193
vt 0.69451 0.77062
vt 0.71651 0.76217
vt 0.96106 0.81743
vt 0.69133 0.76757
vt 0.21183 0.8377
vt 0.26694 0.96825
vt 0.39085 0.64951
vt 0.39364 0.65026
vt 0.23339 0.97768
vt 0.05372 0.87229
vt 0.85372 0.3405
vt 0.04826 0.83797
vt 0.85133 0.35867
vt 0.85456 0.3636
vt 0.03233 0.82108
vt 0.03953 0.82178
vt 0.09029 0.74042
vt 0.09002 0.74954
vt 0.03097 0.6918
vt 0.23661 0.7432
vt 0.10365 0.56432
vt 0.24909 0.75241
vt 0.38835 0.69662
vt 0.39416 0.6948
vt 0.3961 0.69936
vt 0.07783 0.56767
vt 0.08666 0.57304
vt 0.08232 0.56388
vt 0.91243 0.41121
vt 0.91732 0.41513
vt 0.67312 0.33483
vt 0.41094 0.86855
vt 0.09573 0.88565
vt 0.82714 0.23401
vt 0.81963 0.25379
vt 0.1949 0.60111
vt 0.25607 0.00502
vt 0.2087 0.57861
vt 0.41789 0.69487
vt 0.67872 0.76203
vt 0.70634 0.77141
vt 0.97221 0.83444
vt 0.21849 0.85076
vt 0.21743 0.84413
vt 0.68617 0.76364
vt 0.96719 0.25902
vt 0.24651 0.97258
vt 0.40336 0.64953
vt 0.05297 0.85403
vt 0.84988 0.35056
vt 0.85203 0.36226
vt 0.03211 0.81773
vt 0.90788 0.24617
vt 0.91037 0.25684
vt 0.90591 0.2527
vt 0.91144 0.95898
vt 0.91024 0.96396
vt 0.91606 0.96316
vt 0.98852 0.01956
vt 0.98809 0.02842
vt 0.9823 0.02874
vt 0.9942 0.01841
vt 0.04646 0.69147
vt 0.04329 0.69433
vt 0.04014 0.69696
vt 0.90463 0.95757
vt 0.99682 0.02251
vt 0.99564 0.01763
vt 0.99674 0.02874
vt 0.61071 0.28513
vt 0.60935 0.29451
vt 0.61388 0.28963
vt 0.02578 0.68978
vt 0.23469 0.73733
vt 0.24272 0.74331
vt 0.61388 0.29699
vt 0.38612 0.69936
vt 0.07098 0.5516
vt 0.08662 0.55532
vt 0.42126 0.87318
vt 0.93885 0.42655
vt 0.10093 0.88988
vt 0.10795 0.88818
vt 0.11725 0.88664
vt 0.82937 0.24075
vt 0.05427 0.94954
vt 0.67513 0.74419
vt 0.72401 0.75224
vt 0.97061 0.83203
vt 0.22497 0.85054
vt 0.69534 0.76493
vt 0.69218 0.76415
vt 0.7002 0.76581
vt 0.26252 0.96209
vt 0.26628 0.95532
vt 0.36045 0.59626
vt 0.36751 0.59989
vt 0.36887 0.59708
vt 0.36152 0.60152
vt 0.35798 0.60004
vt 0.39798 0.64703
vt 0.22066 0.9886
vt 0.22584 0.97918
vt 0.05522 0.86378
vt 0.84891 0.35281
vt 0.19369 0.67231
vt 0.20255 0.67688
vt 0.19624 0.6768
vt 0.19293 0.67499
vt 0.03478 0.81606
vt 0.03518 0.70027
vt 0.04403 0.69894
vt 0.91062 0.24165
vt 0.90808 0.24076
vt 0.05072 0.69851
vt 0.90267 0.2463
vt 0.08997 0.8864
vt 0.08666 0.89097
vt 0.09392 0.89097
vt 0.9892 0.01422
vt 0.99372 0.01263
vt 0.99668 0.01049
vt 0.03336 0.69951
vt 0.02883 0.69825
vt 0.04799 0.6827
vt 0.04847 0.67629
vt 0.05303 0.68407
vt 0.05308 0.69144
vt 0.22937 0.74861
vt 0.22964 0.73341
vt 0.0778 0.5479
vt 0.4333 0.8769
vt 0.4277 0.87191
vt 0.42345 0.86871
vt 0.67252 0.34429
vt 0.05812 0.56174
vt 0.94964 0.42629
vt 0.09675 0.89123
vt 0.82736 0.25131
vt 0.83076 0.22765
vt 0.8226 0.20762
vt 0.82673 0.20455
vt 0.83186 0.20345
vt 0.05596 0.97648
vt 0.0616 0.99255
vt 0.19786 0.58713
vt 0.26057 0.00157
vt 0.29495 0.02787
vt 0.41515 0.68998
vt 0.59228 0.71052
vt 0.67705 0.75635
vt 0.70669 0.76725
vt 0.73092 0.74762
vt 0.91606 0.20921
vt 0.91951 0.2065
vt 0.92658 0.21201
vt 0.92291 0.21626
vt 0.21963 0.83639
vt 0.68981 0.75847
vt 0.96283 0.25244
vt 0.95531 0.25663
vt 0.36825 0.60509
vt 0.4012 0.64097
vt 0.06307 0.86969
vt 0.21665 0.98435
vt 0.8493 0.33659
vt 0.21708 0.67803
vt 0.20447 0.67838
vt 0.21044 0.67577
vt 0.20576 0.67313
vt 0.19983 0.67263
vt 0.0494 0.83112
vt 0.0442 0.821
vt 0.35132 0.88103
vt 0.3519 0.87967
vt 0.34967 0.87691
vt 0.34873 0.88134
vt 0.34048 0.88121
vt 0.3433 0.88257
vt 0.3427 0.87858
vt 0.33521 0.88273
vt 0.33725 0.88549
vt 0.89698 0.2487
vt 0.0186 0.70027
vt 0.89469 0.25204
vt 0.89882 0.96396
vt 0.23246 0.73012
vt 0.22293 0.74763
vt 0.41634 0.86482
vt 0.06214 0.56978
vt 0.41078 0.8618
vt 0.68047 0.34896
vt 0.68277 0.33965
vt 0.05413 0.57296
vt 0.1284 0.88821
vt 0.10389 0.89188
vt 0.12104 0.88797
vt 0.11504 0.88966
vt 0.83069 0.23458
vt 0.83624 0.1985
vt 0.86787 0.19253
vt 0.15037 0.61588
vt 0.14705 0.61508
vt 0.15109 0.6273
vt 0.14595 0.62906
vt 0.14123 0.6203
vt 0.14145 0.63002
vt 0.19872 0.60923
vt 0.19011 0.6073
vt 0.26387 0.0051
vt 0.24964 0.28566
vt 0.287 0.52149
vt 0.21664 0.57737
vt 0.41783 0.68537
vt 0.92845 0.20497
vt 0.22648 0.84366
vt 0.69467 0.75813
vt 0.68553 0.75808
vt 0.25451 0.95828
vt 0.25884 0.95513
vt 0.36121 0.60917
vt 0.23347 0.96892
vt 0.21731 0.98119
vt 0.21702 0.67518
vt 0.20644 0.97385
vt 0.21284 0.97488
vt 0.2098 0.97918
vt 0.63558 0.21416
vt 0.6326 0.21935
vt 0.63838 0.22405
vt 0.63586 0.23038
vt 0.65073 0.31068
vt 0.65204 0.30565
vt 0.64837 0.30821
vt 0.35526 0.87712
vt 0.35037 0.87486
vt 0.34672 0.88109
vt 0.33583 0.87852
vt 0.3326 0.87836
vt 0.23853 0.72099
vt 0.2333 0.72936
vt 0.23576 0.71762
vt 0.33233 0.88371
vt 0.54764 0.09526
vt 0.55051 0.09784
vt 0.54962 0.09221
vt 0.08666 0.54277
vt 0.22262 0.73339
vt 0.21833 0.74902
vt 0.2095 0.74064
vt 0.06197 0.55167
vt 0.04765 0.56738
vt 0.20805 0.75837
vt 0.20832 0.76962
vt 0.20466 0.76772
vt 0.69015 0.33903
vt 0.19745 0.7611
vt 0.70104 0.34271
vt 0.83052 0.25036
vt 0.69866 0.33815
vt 0.69858 0.33092
vt 0.05113 0.95899
vt 0.19012 0.614
vt 0.05359 0.98551
vt 0.18947 0.59725
vt 0.27367 0.00046
vt 0.26877 0.00342
vt 0.41649 0.67682
vt 0.70301 0.75914
vt 0.70638 0.75856
vt 0.93509 0.21761
vt 0.22738 0.83443
vt 0.95677 0.25267
vt 0.63082 0.17537
vt 0.63557 0.18212
vt 0.63641 0.1729
vt 0.242 0.96236
vt 0.36887 0.61177
vt 0.63838 0.19843
vt 0.63366 0.18985
vt 0.62832 0.18925
vt 0.22442 0.97446
vt 0.62511 0.20084
vt 0.63325 0.20744
vt 0.62741 0.21292
vt 0.20489 0.66306
vt 0.04673 0.03813
vt 0.04617 0.02667
vt 0.03479 0.03054
vt 0.19473 0.6579
vt 0.05577 0.80976
vt 0.06138 0.82406
vt 0.01659 0.9061
vt 0.01276 0.90283
vt 0.01431 0.9125
vt 0.01098 0.90824
vt 0.5817 0.35015
vt 0.57577 0.35265
vt 0.5772 0.3484
vt 0.06579 0.84659
vt 0.06233 0.84556
vt 0.06224 0.85173
vt 0.4343 0.55771
vt 0.43421 0.55368
vt 0.44147 0.55885
vt 0.01959 0.90308
vt 0.06579 0.84037
vt 0.02095 0.90758
vt 0.05672 0.83987
vt 0.89964 0.24128
vt 0.90335 0.23635
vt 0.34717 0.87628
vt 0.33892 0.87529
vt 0.81308 0.19609
vt 0.81764 0.20427
vt 0.81735 0.20488
vt 0.66114 0.30198
vt 0.65551 0.29608
vt 0.80967 0.20111
vt 0.32496 0.88334
vt 0.55487 0.09423
vt 0.22543 0.72074
vt 0.22574 0.72613
vt 0.79403 0.07162
vt 0.79719 0.07984
vt 0.79356 0.07984
vt 0.74728 0.12181
vt 0.74274 0.12181
vt 0.74293 0.11907
vt 0.07322 0.53798
vt 0.20641 0.73106
vt 0.06651 0.54166
vt 0.21145 0.75308
vt 0.20229 0.7522
vt 0.03967 0.57572
vt 0.6916 0.3602
vt 0.7019 0.35459
vt 0.70609 0.34623
vt 0.04201 0.94153
vt 0.83248 0.19916
vt 0.70606 0.34135
vt 0.6623 0.12911
vt 0.66577 0.12426
vt 0.66198 0.12363
vt 0.85369 0.18839
vt 0.04861 0.97131
vt 0.86151 0.18745
vt 0.14164 0.61022
vt 0.04496 0.99145
vt 0.18365 0.5926
vt 0.26521 0.39342
vt 0.92676 0.79199
vt 0.69313 0.75457
vt 0.93573 0.21258
vt 0.68927 0.75289
vt 0.68616 0.75248
vt 0.96869 0.24954
vt 0.62794 0.18114
vt 0.21983 0.97169
vt 0.62277 0.20842
vt 0.04437 0.01904
vt 0.0467 0.01861
vt 0.18758 0.65489
vt 0.19655 0.98478
vt 0.19828 0.9886
vt 0.19181 0.98605
vt 0.58176 0.34468
vt 0.44147 0.55246
vt 0.34325 0.87255
vt 0.33578 0.8751
vt 0.65973 0.3086
vt 0.0583 0.84577
vt 0.5863 0.34443
vt 0.58757 0.35265
vt 0.81799 0.19559
vt 0.89689 0.23411
vt 0.66192 0.29933
vt 0.32494 0.87512
vt 0.32084 0.88061
vt 0.89262 0.25027
vt 0.89115 0.24343
vt 0.67609 0.14918
vt 0.67196 0.15374
vt 0.68013 0.15374
vt 0.55853 0.099
vt 0.08415 0.53658
vt 0.03278 0.64724
vt 0.03584 0.65557
vt 0.03584 0.63914
vt 0.02858 0.64656
vt 0.21795 0.72884
vt 0.22552 0.71487
vt 0.21376 0.7258
vt 0.21559 0.71873
vt 0.11751 0.95119
vt 0.1284 0.95119
vt 0.12072 0.94845
vt 0.19245 0.7376
vt 0.1875 0.75424
vt 0.19393 0.75951
vt 0.83076 0.25411
vt 0.05043 0.92746
vt 0.04292 0.93618
vt 0.04559 0.92754
vt 0.66918 0.12767
vt 0.66861 0.12181
vt 0.71254 0.35087
vt 0.14868 0.60804
vt 0.19382 0.61808
vt 0.7015 0.75378
vt 0.25272 0.93568
vt 0.24584 0.92746
vt 0.2419 0.93568
vt 0.23455 0.84359
vt 0.22993 0.83775
vt 0.93986 0.21533
vt 0.64652 0.11029
vt 0.65312 0.11102
vt 0.64646 0.1145
vt 0.65168 0.12261
vt 0.68169 0.11112
vt 0.67479 0.11813
vt 0.67213 0.10797
vt 0.67227 0.10125
vt 0.68182 0.09999
vt 0.26064 0.94671
vt 0.26474 0.94633
vt 0.62714 0.18528
vt 0.24194 0.9528
vt 0.2316 0.96634
vt 0.23063 0.95986
vt 0.62122 0.21183
vt 0.04673 0.01232
vt 0.21137 0.67267
vt 0.21076 0.66438
vt 0.21039 0.96546
vt 0.03419 0.02489
vt 0.19847 0.65341
vt 0.0059 0.91619
vt 0.19254 0.98093
vt 0.90132 0.22963
vt 0.02132 0.91715
vt 0.33237 0.87397
vt 0.18786 0.98267
vt 0.18648 0.9886
vt 0.80801 0.19855
vt 0.55724 0.08805
vt 0.55853 0.09118
vt 0.03286 0.64161
vt 0.21063 0.72096
vt 0.06356 0.53674
vt 0.04939 0.55949
vt 0.18581 0.76107
vt 0.04112 0.56624
vt 0.03109 0.57154
vt 0.02798 0.5771
vt 0.6996 0.36994
vt 0.67559 0.12911
vt 0.15025 0.58064
vt 0.14495 0.57619
vt 0.14272 0.58389
vt 0.14863 0.58773
vt 0.71305 0.3562
vt 0.84114 0.19076
vt 0.03821 0.94761
vt 0.13762 0.59424
vt 0.13738 0.58285
vt 0.19404 0.63323
vt 0.18602 0.64097
vt 0.18632 0.6316
vt 0.18836 0.62448
vt 0.8554 0.18568
vt 0.13566 0.60429
vt 0.14211 0.60289
vt 0.04612 0.98165
vt 0.24547 0.56012
vt 0.43469 0.65205
vt 0.23522 0.92977
vt 0.2351 0.93474
vt 0.93361 0.20251
vt 0.93572 0.20641
vt 0.29265 0.72774
vt 0.28925 0.73119
vt 0.29265 0.73808
vt 0.64756 0.12728
vt 0.651 0.10277
vt 0.90382 0.4772
vt 0.89423 0.47609
vt 0.90341 0.48312
vt 0.91152 0.48035
vt 0.65775 0.10384
vt 0.66636 0.11502
vt 0.68616 0.10576
vt 0.68871 0.09719
vt 0.25107 0.95127
vt 0.61993 0.19351
vt 0.61949 0.2027
vt 0.23708 0.95796
vt 0.6137 0.20736
vt 0.61207 0.21394
vt 0.22067 0.96162
vt 0.02929 0.02007
vt 0.03356 0.04243
vt 0.06307 0.81442
vt 0.8924 0.22673
vt 0.19372 0.97673
vt 0.34095 0.8681
vt 0.33581 0.87203
vt 0.66439 0.3102
vt 0.66742 0.30099
vt 0.80106 0.19941
vt 0.80133 0.19295
vt 0.07365 0.52876
vt 0.1971 0.72596
vt 0.20549 0.72205
vt 0.19581 0.73235
vt 0.05425 0.55056
vt 0.05936 0.54134
vt 0.1927 0.72833
vt 0.19551 0.72879
vt 0.19337 0.7316
vt 0.15109 0.58731
vt 0.71997 0.364
vt 0.70891 0.36767
vt 0.84956 0.18611
vt 0.14833 0.59652
vt 0.03606 0.95308
vt 0.1481 0.602
vt 0.18155 0.60874
vt 0.28308 0.73002
vt 0.71615 0.75228
vt 0.97701 0.81572
vt 0.2376 0.85103
vt 0.9372 0.20218
vt 0.94336 0.20239
vt 0.94224 0.2101
vt 0.23367 0.9303
vt 0.76543 0.26962
vt 0.7611 0.26779
vt 0.75998 0.26962
vt 0.64096 0.11939
vt 0.9449 0.21761
vt 0.53766 0.97808
vt 0.5286 0.98221
vt 0.52752 0.97418
vt 0.28693 0.73762
vt 0.28814 0.74646
vt 0.64479 0.10611
vt 0.90286 0.47205
vt 0.65595 0.11543
vt 0.66845 0.09257
vt 0.67817 0.09187
vt 0.27765 0.67105
vt 0.27002 0.67838
vt 0.26726 0.66586
vt 0.68439 0.08889
vt 0.69642 0.11258
vt 0.68857 0.12121
vt 0.22253 0.9542
vt 0.22624 0.95277
vt 0.23828 0.95393
vt 0.23342 0.94613
vt 0.03173 0.01525
vt 0.02579 0.02775
vt 0.75212 0.10662
vt 0.76186 0.10003
vt 0.76419 0.11269
vt 0.19174 0.65407
vt 0.01075 0.92096
vt 0.01773 0.92297
vt 0.88802 0.23402
vt 0.8919 0.24071
vt 0.66742 0.30957
vt 0.81101 0.18826
vt 0.3173 0.87026
vt 0.73533 0.38883
vt 0.74183 0.38732
vt 0.74082 0.39265
vt 0.0452 0.55456
vt 0.02778 0.56801
vt 0.17856 0.76182
vt 0.03832 0.94248
vt 0.01918 0.57178
vt 0.01524 0.5759
vt 0.70758 0.38117
vt 0.03406 0.95543
vt 0.03943 0.97234
vt 0.18076 0.61858
vt 0.17977 0.60005
vt 0.26419 0.26354
vt 0.25058 0.3111
vt 0.42017 0.66852
vt 0.67337 0.73656
vt 0.66946 0.73409
vt 0.94753 0.2105
vt 0.51693 0.97567
vt 0.52456 0.96984
vt 0.2392 0.83485
vt 0.24422 0.84281
vt 0.64214 0.09855
vt 0.28468 0.7461
vt 0.64346 0.09412
vt 0.6511 0.09533
vt 0.88953 0.46124
vt 0.88878 0.47303
vt 0.89919 0.46496
vt 0.65731 0.09472
vt 0.30082 0.67403
vt 0.29808 0.66897
vt 0.30024 0.65979
vt 0.28724 0.67313
vt 0.27361 0.65936
vt 0.27637 0.66164
vt 0.70148 0.09748
vt 0.70523 0.11024
vt 0.70483 0.12238
vt 0.70185 0.1198
vt 0.70162 0.10941
vt 0.70626 0.09627
vt 0.71418 0.11312
vt 0.71897 0.10063
vt 0.72079 0.11274
vt 0.72193 0.10413
vt 0.72662 0.11199
vt 0.72719 0.10602
vt 0.72653 0.12056
vt 0.73324 0.10254
vt 0.23934 0.93841
vt 0.20761 0.6539
vt 0.21254 0.65549
vt 0.02496 0.03404
vt 0.77305 0.10956
vt 0.77509 0.11518
vt 0.88591 0.24034
vt 0.87993 0.25181
vt 0.88093 0.24252
vt 0.88568 0.24634
vt 0.02132 0.92512
vt 0.81929 0.19116
vt 0.80159 0.18589
vt 0.06656 0.52677
vt 0.06424 0.52982
vt 0.20193 0.71942
vt 0.05208 0.54329
vt 0.61479 0.17655
vt 0.61479 0.16743
vt 0.61116 0.17282
vt 0.18275 0.73251
vt 0.03269 0.56124
vt 0.17609 0.74445
vt 0.72523 0.36657
vt 0.17911 0.63353
vt 0.28279 0.00254
vt 0.23074 0.58113
vt 0.51497 0.96995
vt 0.51886 0.96761
vt 0.98063 0.81253
vt 0.24524 0.85019
vt 0.94782 0.2021
vt 0.63294 0.09668
vt 0.63896 0.09399
vt 0.27984 0.7406
vt 0.51761 0.98221
vt 0.64463 0.09004
vt 0.67491 0.08624
vt 0.70102 0.09094
vt 0.25344 0.66429
vt 0.26422 0.6533
vt 0.7183 0.12243
vt 0.23229 0.65794
vt 0.23364 0.6717
vt 0.22668 0.66487
vt 0.72645 0.08839
vt 0.73639 0.09715
vt 0.73342 0.11721
vt 0.72941 0.12601
vt 0.73571 0.10804
vt 0.74243 0.10053
vt 0.21128 0.95433
vt 0.21768 0.95403
vt 0.74319 0.09341
vt 0.74684 0.09745
vt 0.19588 0.65315
vt 0.75555 0.09739
vt 0.76339 0.09395
vt 0.76681 0.1037
vt 0.77034 0.09842
vt 0.7698 0.09378
vt 0.77361 0.10681
vt 0.87593 0.24952
vt 0.18803 0.65222
vt 0.78006 0.12728
vt 0.77558 0.126
vt 0.77378 0.09904
vt 0.78357 0.12171
vt 0.77763 0.11307
vt 0.81904 0.18485
vt 0.82255 0.18062
vt 0.82622 0.18314
vt 0.82207 0.19036
vt 0.08488 0.52322
vt 0.79759 0.18614
vt 0.72995 0.39478
vt 0.74155 0.39918
vt 0.79299 0.192
vt 0.79907 0.19825
vt 0.79456 0.19832
vt 0.19107 0.72412
vt 0.7786 0.2038
vt 0.78299 0.20183
vt 0.78563 0.20971
vt 0.77453 0.20754
vt 0.03813 0.55026
vt 0.04153 0.54358
vt 0.03176 0.55814
vt 0.16838 0.75599
vt 0.16949 0.76654
vt 0.03367 0.95269
vt 0.17509 0.62933
vt 0.0329 0.98254
vt 0.23151 0.58376
vt 0.72659 0.74791
vt 0.71725 0.74854
vt 0.88612 0.46019
vt 0.67193 0.08243
vt 0.30005 0.65439
vt 0.25309 0.65693
vt 0.25001 0.66215
vt 0.7189 0.08465
vt 0.23601 0.66195
vt 0.23671 0.65336
vt 0.72243 0.08722
vt 0.22379 0.65941
vt 0.74147 0.08257
vt 0.21729 0.65962
vt 0.21991 0.65531
vt 0.73412 0.12095
vt 0.21882 0.66399
vt 0.7377 0.10881
vt 0.75345 0.09004
vt 0.76205 0.08674
vt 0.19515 0.64767
vt 0.19026 0.64967
vt 0.77473 0.08412
vt 0.87718 0.24123
vt 0.58666 0.15921
vt 0.58964 0.15557
vt 0.5912 0.15921
vt 0.60662 0.11177
vt 0.60662 0.11633
vt 0.6039 0.1135
vt 0.18884 0.64815
vt 0.184 0.65144
vt 0.88048 0.23803
vt 0.18376 0.6483
vt 0.88425 0.23277
vt 0.32364 0.86166
vt 0.80475 0.17902
vt 0.59058 0.35282
vt 0.59574 0.35137
vt 0.59493 0.35721
vt 0.58848 0.34899
vt 0.07396 0.52252
vt 0.72641 0.39918
vt 0.79605 0.18378
vt 0.05566 0.52786
vt 0.05152 0.53179
vt 0.16107 0.74575
vt 0.02239 0.5631
vt 0.01215 0.5639
vt 0.71882 0.37863
vt 0.03028 0.96148
vt 0.17209 0.62674
vt 0.17282 0.61589
vt 0.03632 0.99407
vt 0.1721 0.60857
vt 0.26555 0.30683
vt 0.29199 0.00057
vt 0.27987 0.73055
vt 0.27425 0.73355
vt 0.27231 0.72594
vt 0.25149 0.83491
vt 0.27863 0.75153
vt 0.28321 0.75706
vt 0.07429 0.83902
vt 0.08385 0.836
vt 0.06851 0.83281
vt 0.07993 0.82813
vt 0.07109 0.82704
vt 0.89911 0.45984
vt 0.0811 0.80848
vt 0.28494 0.65369
vt 0.68235 0.07955
vt 0.28231 0.65277
vt 0.27167 0.64902
vt 0.7004 0.0823
vt 0.70592 0.07825
vt 0.2483 0.65009
vt 0.22502 0.65035
vt 0.21585 0.66034
vt 0.21409 0.65417
vt 0.20063 0.64908
vt 0.19298 0.64496
vt 0.87195 0.24288
vt 0.19051 0.64646
vt 0.81638 0.17698
vt 0.02105 0.9375
vt 0.33552 0.86032
vt 0.81219 0.17498
vt 0.25454 0.70337
vt 0.24959 0.70575
vt 0.25095 0.70095
vt 0.96635 0.23602
vt 0.96597 0.24043
vt 0.97183 0.23896
vt 0.97505 0.24407
vt 0.97505 0.23586
vt 0.0747 0.50808
vt 0.24183 0.70575
vt 0.59574 0.34352
vt 0.59135 0.34568
vt 0.78343 0.18996
vt 0.04871 0.53655
vt 0.7654 0.20278
vt 0.7653 0.2167
vt 0.00718 0.56803
vt 0.7289 0.36773
vt 0.02629 0.9681
vt 0.02468 0.99131
vt 0.41931 0.65864
vt 0.67269 0.72177
vt 0.25328 0.8481
vt 0.26979 0.73877
vt 0.25345 0.84291
vt 0.27184 0.74694
vt 0.09047 0.8133
vt 0.29997 0.64954
vt 0.25158 0.64744
vt 0.7298 0.07893
vt 0.21331 0.65052
vt 0.73716 0.0739
vt 0.75847 0.07597
vt 0.34703 0.97217
vt 0.3488 0.96807
vt 0.3438 0.96906
vt 0.81851 0.17352
vt 0.86738 0.24808
vt 0.19279 0.64278
vt 0.96927 0.2437
vt 0.24649 0.70027
vt 0.0685 0.52073
vt 0.05804 0.52158
vt 0.7497 0.21302
vt 0.02661 0.55581
vt 0.01602 0.55735
vt 0.01293 0.55733
vt 0.74152 0.33488
vt 0.74444 0.34277
vt 0.74707 0.32639
vt 0.55155 0.08028
vt 0.54527 0.07815
vt 0.54482 0.08987
vt 0.72583 0.3777
vt 0.30095 0.0038
vt 0.31926 0.18867
vt 0.24849 0.85265
vt 0.72806 0.74496
vt 0.26906 0.72582
vt 0.27457 0.75958
vt 0.09021 0.83247
vt 0.89946 0.45524
vt 0.08553 0.79792
vt 0.09273 0.8056
vt 0.27942 0.64222
vt 0.09257 0.78524
vt 0.08703 0.77921
vt 0.26305 0.64249
vt 0.24606 0.64075
vt 0.7219 0.07254
vt 0.33874 0.9474
vt 0.34296 0.96184
vt 0.34695 0.95841
vt 0.35248 0.70017
vt 0.36343 0.69173
vt 0.35348 0.68693
vt 0.35778 0.70301
vt 0.86403 0.25684
vt 0.86119 0.25383
vt 0.19623 0.64384
vt 0.8701 0.25148
vt 0.86659 0.24366
vt 0.13294 0.60538
vt 0.1275 0.60422
vt 0.13294 0.59717
vt 0.33034 0.85567
vt 0.31224 0.85964
vt 0.30346 0.86075
vt 0.79966 0.18016
vt 0.80037 0.17167
vt 0.76632 0.19533
vt 0.03235 0.54088
vt 0.02875 0.54763
vt 0.02395 0.54909
vt 0.01968 0.55545
vt 0.7459 0.34967
vt 0.75464 0.344
vt 0.53561 0.08343
vt 0.73331 0.36771
vt 0.02132 0.97651
vt 0.16876 0.62375
vt 0.1647 0.62059
vt 0.66289 0.16065
vt 0.67196 0.17009
vt 0.66449 0.17016
vt 0.72678 0.73836
vt 0.76465 0.69768
vt 0.98338 0.79624
vt 0.26089 0.84521
vt 0.25823 0.8344
vt 0.08219 0.84236
vt 0.88894 0.45291
vt 0.7191 0.07255
vt 0.23659 0.64399
vt 0.2332 0.64184
vt 0.3353 0.9355
vt 0.34887 0.94584
vt 0.85649 0.25436
vt 0.8613 0.24766
vt 0.19627 0.64031
vt 0.33307 0.85587
vt 0.39338 0.81565
vt 0.39791 0.80794
vt 0.39791 0.81615
vt 0.81961 0.17249
vt 0.8119 0.1724
vt 0.31817 0.85449
vt 0.80701 0.17222
vt 0.79046 0.17746
vt 0.05594 0.52009
vt 0.0463 0.52515
vt 0.04317 0.53055
vt 0.77132 0.1854
vt 0.03976 0.53495
vt 0.759 0.3342
vt 0.75816 0.32162
vt 0.53705 0.07276
vt 0.74674 0.35584
vt 0.7436 0.35817
vt 0.53017 0.07936
vt 0.73381 0.37423
vt 0.73792 0.36633
vt 0.67196 0.15465
vt 0.26 0.85258
vt 0.72413 0.73977
vt 0.72999 0.69186
vt 0.98252 0.24452
vt 0.9941 0.24556
vt 0.986 0.23491
vt 0.99404 0.25228
vt 0.2619 0.84242
vt 0.9792 0.22504
vt 0.97868 0.23698
vt 0.98476 0.22704
vt 0.09314 0.8209
vt 0.90109 0.44867
vt 0.29961 0.6423
vt 0.28765 0.64452
vt 0.09886 0.64788
vt 0.10481 0.6583
vt 0.09464 0.65552
vt 0.09614 0.7947
vt 0.27226 0.63527
vt 0.35285 0.95287
vt 0.35489 0.95732
vt 0.35729 0.96238
vt 0.34839 0.68848
vt 0.85739 0.24832
vt 0.20218 0.63853
vt 0.8163 0.16687
vt 0.82268 0.16906
vt 0.8226 0.33016
vt 0.82328 0.32254
vt 0.82536 0.32506
vt 0.8288 0.32349
vt 0.06659 0.50767
vt 0.06219 0.51573
vt 0.78152 0.17689
vt 0.01927 0.55252
vt 0.49742 0.0698
vt 0.4935 0.07054
vt 0.49773 0.07527
vt 0.74009 0.36936
vt 0.5263 0.06977
vt 0.52221 0.07636
vt 0.28556 0.25127
vt 0.42392 0.64884
vt 0.68373 0.68784
vt 0.71475 0.73265
vt 0.99404 0.2335
vt 0.98259 0.2211
vt 0.08614 0.84595
vt 0.13806 0.91937
vt 0.13612 0.9118
vt 0.1275 0.9147
vt 0.10272 0.77533
vt 0.24985 0.63602
vt 0.08937 0.77272
vt 0.34821 0.65058
vt 0.35418 0.66459
vt 0.36052 0.65768
vt 0.34071 0.92512
vt 0.34734 0.66208
vt 0.34915 0.67381
vt 0.85337 0.251
vt 0.85794 0.2423
vt 0.20107 0.63688
vt 0.34494 0.69729
vt 0.61343 0.11086
vt 0.6078 0.1064
vt 0.61388 0.10621
vt 0.82932 0.33134
vt 0.82994 0.3371
vt 0.82521 0.32992
vt 0.83258 0.33714
vt 0.83258 0.32788
vt 0.80335 0.16846
vt 0.79979 0.16708
vt 0.05811 0.51331
vt 0.04949 0.51128
vt 0.05923 0.50668
vt 0.0439 0.51731
vt 0.03821 0.52883
vt 0.02295 0.5444
vt 0.74526 0.19609
vt 0.00408 0.5532
vt 0.75462 0.35714
vt 0.73757 0.37668
vt 0.67888 0.71631
vt 0.69712 0.72579
vt 0.70338 0.7302
vt 0.70555 0.72875
vt 0.99006 0.22224
vt 0.98927 0.21408
vt 0.0957 0.84359
vt 0.0966 0.83276
vt 0.90946 0.44701
vt 0.91152 0.45358
vt 0.0752 0.63613
vt 0.10113 0.79252
vt 0.26223 0.63139
vt 0.10336 0.77128
vt 0.36343 0.63368
vt 0.34928 0.63035
vt 0.35544 0.64583
vt 0.34665 0.64562
vt 0.35475 0.64862
vt 0.34921 0.92001
vt 0.33722 0.92318
vt 0.34599 0.67219
vt 0.34259 0.68586
vt 0.60594 0.10134
vt 0.3431 0.69991
vt 0.33052 0.84736
vt 0.32275 0.84187
vt 0.60542 0.10655
vt 0.59859 0.11086
vt 0.60115 0.10369
vt 0.29953 0.84216
vt 0.80763 0.16156
vt 0.03678 0.53003
vt 0.75677 0.18568
vt 0.02396 0.54092
vt 0.01292 0.54089
vt 0.55413 0.06563
vt 0.5635 0.07057
vt 0.54688 0.06714
vt 0.53528 0.06823
vt 0.74455 0.3697
vt 0.51971 0.07268
vt 0.74378 0.3793
vt 0.29883 0.00067
vt 0.2493 0.58332
vt 0.42007 0.65177
vt 0.69872 0.72249
vt 0.26751 0.85265
vt 0.26759 0.84372
vt 0.98418 0.21275
vt 0.26996 0.83729
vt 0.89517 0.44115
vt 0.09978 0.81511
vt 0.08567 0.63062
vt 0.10517 0.8029
vt 0.33564 0.91345
vt 0.34085 0.6513
vt 0.34195 0.66387
vt 0.10511 0.72555
vt 0.10829 0.72111
vt 0.10697 0.71216
vt 0.84982 0.24594
vt 0.61204 0.10019
vt 0.59626 0.10951
vt 0.59574 0.09938
vt 0.29282 0.84707
vt 0.78471 0.16412
vt 0.05644 0.49904
vt 0.05058 0.5003
vt 0.03805 0.51162
vt 0.03257 0.52348
vt 0.02827 0.53652
vt 0.01682 0.54272
vt 0.4823 0.07527
vt 0.77271 0.33034
vt 0.76866 0.34026
vt 0.74908 0.37361
vt 0.51767 0.06476
vt 0.53044 0.06297
vt 0.51417 0.06881
vt 0.32168 0.32634
vt 0.2477 0.58643
vt 0.42223 0.64713
vt 0.57922 0.62946
vt 0.68525 0.71152
vt 0.98641 0.7971
vt 0.09222 0.85249
vt 0.1023 0.84662
vt 0.10295 0.83363
vt 0.14429 0.91212
vt 0.14179 0.90884
vt 0.15063 0.90463
vt 0.14345 0.8661
vt 0.15144 0.87289
vt 0.14806 0.86442
vt 0.27405 0.62445
vt 0.11292 0.78587
vt 0.34351 0.63488
vt 0.34473 0.62742
vt 0.34813 0.90969
vt 0.33855 0.9082
vt 0.20304 0.83591
vt 0.2069 0.83268
vt 0.20693 0.83805
vt 0.35482 0.92347
vt 0.20917 0.83107
vt 0.10888 0.73337
vt 0.11069 0.72463
vt 0.35859 0.93814
vt 0.36433 0.93713
vt 0.11236 0.7157
vt 0.11145 0.71134
vt 0.11182 0.70544
vt 0.33704 0.69163
vt 0.35809 0.96475
vt 0.36507 0.96185
vt 0.33657 0.6962
vt 0.36409 0.96817
vt 0.36562 0.96639
vt 0.60619 0.09626
vt 0.59892 0.09827
vt 0.41243 0.62655
vt 0.41788 0.63093
vt 0.41788 0.62454
vt 0.06538 0.4968
vt 0.06911 0.4916
vt 0.80031 0.16146
vt 0.0269 0.806
vt 0.02526 0.81341
vt 0.03221 0.81219
vt 0.02223 0.8069
vt 0.04237 0.50099
vt 0.03352 0.52923
vt 0.02458 0.53704
vt 0.77266 0.35599
vt 0.75592 0.36549
vt 0.5133 0.061
vt 0.42348 0.63519
vt 0.98647 0.79323
vt 0.99067 0.78325
vt 0.98785 0.20119
vt 0.39236 0.62925
vt 0.38629 0.62506
vt 0.38285 0.63184
vt 0.09927 0.8636
vt 0.10106 0.85686
vt 0.39398 0.59696
vt 0.38723 0.60822
vt 0.39246 0.61013
vt 0.39766 0.60081
vt 0.40848 0.59574
vt 0.40405 0.58622
vt 0.14959 0.90042
vt 0.41243 0.588
vt 0.10798 0.80975
vt 0.07781 0.64905
vt 0.11191 0.79375
vt 0.26309 0.6237
vt 0.25403 0.62727
vt 0.10809 0.77034
vt 0.24669 0.62291
vt 0.35095 0.90351
vt 0.33995 0.63888
vt 0.34144 0.64605
vt 0.20154 0.83143
vt 0.33916 0.65815
vt 0.77737 0.30958
vt 0.77604 0.30284
vt 0.78005 0.30454
vt 0.78176 0.31159
vt 0.77346 0.30872
vt 0.33348 0.69707
vt 0.77087 0.31159
vt 0.61269 0.09785
vt 0.3197 0.83756
vt 0.03065 0.8017
vt 0.02888 0.51823
vt 0.02922 0.50934
vt 0.76519 0.1741
vt 0.03004 0.52565
vt 0.02392 0.53229
vt 0.73354 0.20337
vt 0.56397 0.06322
vt 0.51989 0.0587
vt 0.97958 0.92097
vt 0.9894 0.92688
vt 0.98294 0.9156
vt 0.98093 0.92746
vt 0.52422 0.05436
vt 0.98959 0.91883
vt 0.30965 0.30823
vt 0.2538 0.58591
vt 0.26195 0.58863
vt 0.68538 0.71495
vt 0.68942 0.71698
vt 0.69247 0.71462
vt 0.38154 0.62515
vt 0.38067 0.62052
vt 0.38444 0.61629
vt 0.39083 0.61824
vt 0.39973 0.6273
vt 0.39719 0.61627
vt 0.40607 0.60984
vt 0.41243 0.61978
vt 0.40003 0.60651
vt 0.40802 0.60086
vt 0.15849 0.86407
vt 0.11507 0.77594
vt 0.25303 0.62163
vt 0.3616 0.91667
vt 0.11918 0.71795
vt 0.11896 0.71185
vt 0.37248 0.95448
vt 0.72368 0.30318
vt 0.72554 0.30826
vt 0.72866 0.30262
vt 0.77732 0.29973
vt 0.72733 0.29782
vt 0.36786 0.95964
vt 0.72421 0.29608
vt 0.8112 0.15045
vt 0.80887 0.15613
vt 0.80974 0.14759
vt 0.80702 0.15927
vt 0.80205 0.15118
vt 0.02303 0.79824
vt 0.03678 0.49802
vt 0.02464 0.52483
vt 0.87323 0.29437
vt 0.86573 0.29281
vt 0.88249 0.28123
vt 0.54798 0.05466
vt 0.75563 0.3762
vt 0.99319 0.92746
vt 0.98365 0.76002
vt 0.16044 0.91408
vt 0.15363 0.88744
vt 0.15603 0.8871
vt 0.15344 0.87899
vt 0.26193 0.61465
vt 0.25577 0.61577
vt 0.11593 0.77036
vt 0.24848 0.61974
vt 0.33412 0.64252
vt 0.20009 0.82101
vt 0.20405 0.82446
vt 0.20885 0.82546
vt 0.11171 0.7449
vt 0.117 0.74479
vt 0.11206 0.73839
vt 0.12183 0.72275
vt 0.12083 0.70772
vt 0.73367 0.30026
vt 0.113 0.70089
vt 0.73367 0.31159
vt 0.73236 0.30775
vt 0.79675 0.15003
vt 0.95852 0.20575
vt 0.96105 0.19764
vt 0.95343 0.20522
vt 0.76649 0.16497
vt 0.0255 0.49636
vt 0.55833 0.05438
vt 0.76504 0.37205
vt 0.28357 0.61718
vt 0.28357 0.60812
vt 0.27817 0.6121
vt 0.74734 0.39009
vt 0.75335 0.3858
vt 0.74775 0.38393
vt 0.28047 0.61998
vt 0.31571 0.00081
vt 0.31709 0.00312
vt 0.98917 0.78207
vt 0.15958 0.90182
vt 0.15347 0.89231
vt 0.15804 0.92689
vt 0.16441 0.88545
vt 0.1625 0.87196
vt 0.07643 0.63056
vt 0.33582 0.62556
vt 0.33472 0.638
vt 0.33164 0.64502
vt 0.37396 0.95727
vt 0.12026 0.69944
vt 0.32904 0.69508
vt 0.06217 0.4868
vt 0.02875 0.79168
vt 0.04455 0.491
vt 0.0185 0.50223
vt 0.0195 0.51579
vt 0.74555 0.18165
vt 0.87515 0.27811
vt 0.73001 0.18711
vt 0.72122 0.19841
vt 0.78176 0.33981
vt 0.77099 0.36755
vt 0.76252 0.38045
vt 0.75792 0.38362
vt 0.16561 0.776
vt 0.16519 0.76779
vt 0.16107 0.776
vt 0.27722 0.61747
vt 0.31115 0.2691
vt 0.27688 0.5858
vt 0.26469 0.5868
vt 0.42548 0.63463
vt 0.69499 0.69203
vt 0.06276 0.65227
vt 0.06147 0.64521
vt 0.33047 0.63462
vt 0.3615 0.90483
vt 0.36735 0.92403
vt 0.12792 0.73365
vt 0.12701 0.71701
vt 0.12814 0.70346
vt 0.34506 0.61565
vt 0.35003 0.61542
vt 0.34753 0.61975
vt 0.35163 0.61998
vt 0.29218 0.83679
vt 0.79097 0.14551
vt 0.95228 0.19624
vt 0.03824 0.48862
vt 0.9863 0.3864
vt 0.98315 0.39596
vt 0.99325 0.38916
vt 0.01413 0.51891
vt 0.86058 0.31068
vt 0.85096 0.30265
vt 0.7653 0.37712
vt 0.16975 0.86086
vt 0.12314 0.79013
vt 0.25277 0.60638
vt 0.12649 0.77348
vt 0.32624 0.62363
vt 0.79836 0.39625
vt 0.78902 0.39467
vt 0.79085 0.40091
vt 0.79572 0.401
vt 0.2429 0.60704
vt 0.36318 0.90069
vt 0.20163 0.81159
vt 0.20917 0.81308
vt 0.12962 0.74116
vt 0.37236 0.92633
vt 0.1273 0.72126
vt 0.33802 0.61998
vt 0.13155 0.70026
vt 0.31802 0.82557
vt 0.80258 0.14699
vt 0.96963 0.18539
vt 0.96794 0.18884
vt 0.9746 0.1937
vt 0.96118 0.18852
vt 0.95433 0.18872
vt 0.94798 0.19339
vt 0.99209 0.40123
vt 0.99955 0.38902
vt 0.8543 0.28294
vt 0.54235 0.04761
vt 0.5217 0.04412
vt 0.76614 0.38556
vt 0.76174 0.39249
vt 0.33706 0.02888
vt 0.28626 0.57067
vt 0.16063 0.93568
vt 0.16831 0.92872
vt 0.17079 0.87389
vt 0.1268 0.78286
vt 0.05053 0.65432
vt 0.12353 0.7682
vt 0.36299 0.89831
vt 0.35202 0.89995
vt 0.80081 0.38381
vt 0.32451 0.63041
vt 0.37449 0.91527
vt 0.12838 0.748
vt 0.13027 0.72984
vt 0.53757 0.95563
vt 0.54582 0.95463
vt 0.54673 0.95803
vt 0.53494 0.96089
vt 0.53344 0.95301
vt 0.53462 0.96598
vt 0.52768 0.95729
vt 0.80804 0.13979
vt 0.80081 0.14045
vt 0.80665 0.13698
vt 0.79688 0.14312
vt 0.29983 0.8238
vt 0.97595 0.18412
vt 0.02294 0.78879
vt 0.76892 0.15578
vt 0.75302 0.16791
vt 0.5566 0.04648
vt 0.77661 0.37479
vt 0.51412 0.04338
vt 0.32206 0.47571
vt 0.17136 0.90245
vt 0.06483 0.63364
vt 0.80354 0.40062
vt 0.35933 0.89648
vt 0.80354 0.38422
vt 0.24299 0.60447
vt 0.3226 0.64291
vt 0.8024 0.38184
vt 0.13095 0.71008
vt 0.52798 0.97126
vt 0.38471 0.95103
vt 0.13494 0.70334
vt 0.54004 0.96391
vt 0.79327 0.14092
vt 0.96641 0.17908
vt 0.02954 0.78186
vt 0.94257 0.18277
vt 0.93681 0.19276
vt 0.0102 0.48586
vt 0.93603 0.18014
vt 0.98994 0.40857
vt 0.73246 0.17691
vt 0.85569 0.26904
vt 0.87034 0.26802
vt 0.69494 0.2167
vt 0.69361 0.20813
vt 0.70646 0.21233
vt 0.53782 0.03987
vt 0.77235 0.38132
vt 0.18013 0.70635
vt 0.17041 0.70947
vt 0.17512 0.71367
vt 0.23457 0.8219
vt 0.23999 0.82527
vt 0.24311 0.81889
vt 0.17685 0.70301
vt 0.70734 0.69219
vt 0.05049 0.64699
vt 0.58303 0.03953
vt 0.57456 0.04369
vt 0.57241 0.05155
vt 0.04129 0.6583
vt 0.37437 0.90084
vt 0.37579 0.92094
vt 0.13292 0.73248
vt 0.1342 0.7203
vt 0.13689 0.71701
vt 0.13842 0.70719
vt 0.79774 0.13572
vt 0.69011 0.40465
vt 0.69011 0.41104
vt 0.68466 0.40964
vt 0.79581 0.13761
vt 0.95891 0.17768
vt 0.76691 0.1459
vt 0.94963 0.18167
vt 0.98173 0.40835
vt 0.97686 0.40788
vt 0.71193 0.18812
vt 0.68809 0.21063
vt 0.00953 0.74802
vt 0.0186 0.74224
vt 0.0186 0.74954
vt 0.78019 0.3707
vt 0.51399 0.03628
vt 0.76939 0.39322
vt 0.50909 0.03739
vt 0.33098 0.00547
vt 0.33098 0.25859
vt 0.43019 0.61478
vt 0.17459 0.89038
vt 0.12811 0.80169
vt 0.13608 0.79473
vt 0.05679 0.63314
vt 0.12976 0.76815
vt 0.12398 0.76256
vt 0.36458 0.89158
vt 0.57337 0.03562
vt 0.56851 0.03679
vt 0.57962 0.03454
vt 0.13044 0.75498
vt 0.56986 0.05117
vt 0.12289 0.75115
vt 0.1311 0.7504
vt 0.13524 0.72768
vt 0.13893 0.72403
vt 0.38612 0.93824
vt 0.54452 0.96833
vt 0.01326 0.47554
vt 0.0186 0.47977
vt 0.0186 0.47217
vt 0.01316 0.48221
vt 0.28721 0.82585
vt 0.97096 0.17428
vt 0.85061 0.30885
vt 0.84299 0.30793
vt 0.74413 0.16783
vt 0.8436 0.2902
vt 0.86406 0.26206
vt 0.55104 0.03737
vt 0.68491 0.20553
vt 0.17796 0.72582
vt 0.18013 0.72044
vt 0.17501 0.72339
vt 0.16924 0.71342
vt 0.25016 0.82001
vt 0.25282 0.82379
vt 0.52407 0.03684
vt 0.7776 0.39038
vt 0.33685 0.004
vt 0.4339 0.61123
vt 0.96497 0.73332
vt 0.99058 0.76985
vt 0.1707 0.91491
vt 0.17862 0.88049
vt 0.18123 0.87144
vt 0.57613 0.02825
vt 0.58183 0.03285
vt 0.13981 0.74096
vt 0.13906 0.72986
vt 0.54265 0.97126
vt 0.29537 0.61686
vt 0.30082 0.62151
vt 0.29933 0.6142
vt 0.30082 0.61037
vt 0.29492 0.61217
vt 0.29999 0.60538
vt 0.28982 0.60905
vt 0.02224 0.77724
vt 0.95198 0.17429
vt 0.94646 0.17787
vt 0.75305 0.15723
vt 0.83843 0.3024
vt 0.84872 0.27504
vt 0.85183 0.25671
vt 0.68396 0.20919
vt 0.53135 0.03449
vt 0.67922 0.21455
vt 0.65313 0.34717
vt 0.65926 0.35033
vt 0.6572 0.35356
vt 0.64564 0.35356
vt 0.299 0.94937
vt 0.30279 0.94458
vt 0.2995 0.94206
vt 0.77513 0.39462
vt 0.5067 0.03186
vt 0.36439 0.1093
vt 0.28118 0.58896
vt 0.49509 0.59505
vt 0.86132 0.70722
vt 0.99428 0.76424
vt 0.0323 0.08851
vt 0.03235 0.09843
vt 0.03813 0.08463
vt 0.02272 0.09645
vt 0.01421 0.08467
vt 0.01992 0.07462
vt 0.17533 0.91419
vt 0.17553 0.9102
vt 0.01444 0.0977
vt 0.01134 0.08942
vt 0.01158 0.07723
vt 0.06392 0.6193
vt 0.07651 0.62002
vt 0.57218 0.02217
vt 0.58091 0.02744
vt 0.37251 0.89527
vt 0.13865 0.7541
vt 0.37951 0.92448
vt 0.38951 0.94882
vt 0.33023 0.61451
vt 0.31674 0.61451
vt 0.32841 0.61037
vt 0.33167 0.60989
vt 0.1454 0.70633
vt 0.29714 0.62415
vt 0.3248 0.81219
vt 0.3202 0.80877
vt 0.59874 0.37941
vt 0.60967 0.38276
vt 0.59574 0.38276
vt 0.30691 0.80831
vt 0.29062 0.61141
vt 0.5921 0.04516
vt 0.59029 0.04314
vt 0.5921 0.03878
vt 0.02491 0.77541
vt 0.939 0.17424
vt 0.98899 0.41497
vt 0.73162 0.16418
vt 0.55843 0.0341
vt 0.68929 0.20054
vt 0.25264 0.80703
vt 0.2502 0.79944
vt 0.2407 0.80048
vt 0.51208 0.02963
vt 0.34848 0.01042
vt 0.68961 0.68834
vt 0.04653 0.09666
vt 0.04246 0.09689
vt 0.04634 0.10275
vt 0.04418 0.08721
vt 0.0381 0.10247
vt 0.03784 0.07703
vt 0.0317 0.07895
vt 0.0306 0.1087
vt 0.01196 0.0625
vt 0.18064 0.92109
vt 0.18562 0.88155
vt 0.14008 0.7857
vt 0.37649 0.89688
vt 0.38171 0.91027
vt 0.38176 0.91625
vt 0.14595 0.72982
vt 0.14441 0.72087
vt 0.30055 0.62546
vt 0.31534 0.61114
vt 0.32414 0.60447
vt 0.32904 0.60571
vt 0.39196 0.95359
vt 0.39791 0.94623
vt 0.60903 0.37637
vt 0.28699 0.61978
vt 0.2863 0.61522
vt 0.78469 0.13295
vt 0.77677 0.13247
vt 0.03221 0.7687
vt 0.96446 0.16573
vt 0.94337 0.17224
vt 0.83686 0.3076
vt 0.83686 0.28847
vt 0.71576 0.17364
vt 0.53444 0.02915
vt 0.31261 0.94577
vt 0.30957 0.94446
vt 0.31208 0.95381
vt 0.25519 0.80072
vt 0.25257 0.79631
vt 0.52484 0.02983
vt 0.24378 0.79595
vt 0.25414 0.81923
vt 0.78176 0.39381
vt 0.50408 0.02567
vt 0.70683 0.68945
vt 0.72854 0.69032
vt 0.04673 0.08498
vt 0.03632 0.07006
vt 0.0303 0.06977
vt 0.0216 0.1069
vt 0.06613 0.61451
vt 0.18648 0.87432
vt 0.58303 0.01506
vt 0.14093 0.7722
vt 0.36651 0.88608
vt 0.14399 0.76746
vt 0.14385 0.74944
vt 0.3881 0.93376
vt 0.15226 0.7151
vt 0.61282 0.37971
vt 0.14429 0.70438
vt 0.14923 0.70279
vt 0.14782 0.69973
vt 0.15835 0.67339
vt 0.15816 0.67602
vt 0.15259 0.67345
vt 0.15013 0.68174
vt 0.95957 0.16382
vt 0.96085 0.17497
vt 0.98087 0.4198
vt 0.97745 0.41506
vt 0.83002 0.30536
vt 0.7401 0.15544
vt 0.8413 0.28003
vt 0.84778 0.26684
vt 0.84315 0.2727
vt 0.54652 0.0275
vt 0.67969 0.2023
vt 0.52842 0.02564
vt 0.24651 0.79018
vt 0.30737 0.95682
vt 0.29931 0.95322
vt 0.25823 0.82527
vt 0.0381 0.11268
vt 0.01146 0.10617
vt 0.18165 0.91609
vt 0.17988 0.92969
vt 0.14163 0.79622
vt 0.14899 0.73876
vt 0.86301 0.05358
vt 0.86888 0.05388
vt 0.86568 0.03897
vt 0.15035 0.70667
vt 0.13702 0.6656
vt 0.14611 0.66772
vt 0.14031 0.67049
vt 0.61388 0.37654
vt 0.14467 0.67828
vt 0.14832 0.67243
vt 0.29632 0.80406
vt 0.77965 0.12822
vt 0.76989 0.12844
vt 0.95617 0.16771
vt 0.95211 0.1666
vt 0.7478 0.14607
vt 0.93944 0.16888
vt 0.98558 0.42807
vt 0.82798 0.29706
vt 0.11488 0.02001
vt 0.12387 0.01409
vt 0.12339 0.01903
vt 0.11738 0.00958
vt 0.12039 0.02582
vt 0.11479 0.02782
vt 0.70124 0.17826
vt 0.5545 0.02549
vt 0.24755 0.77264
vt 0.25107 0.78139
vt 0.25914 0.78283
vt 0.25166 0.78753
vt 0.25486 0.78748
vt 0.41697 0.01323
vt 0.40746 0.01962
vt 0.41688 0.01962
vt 0.40937 0.01514
vt 0.24247 0.78144
vt 0.26009 0.79866
vt 0.24194 0.79398
vt 0.25998 0.82203
vt 0.23639 0.79412
vt 0.50701 0.02314
vt 0.6588 0.63517
vt 0.68616 0.67978
vt 0.71648 0.68701
vt 0.99509 0.74869
vt 0.41778 0.9216
vt 0.42324 0.92075
vt 0.41768 0.9105
vt 0.04673 0.11206
vt 0.42014 0.90739
vt 0.14519 0.83042
vt 0.13961 0.82636
vt 0.13663 0.83584
vt 0.37303 0.8411
vt 0.38227 0.83303
vt 0.37253 0.83166
vt 0.14111 0.80312
vt 0.14836 0.80431
vt 0.18648 0.92716
vt 0.36415 0.86566
vt 0.36037 0.88089
vt 0.37206 0.87452
vt 0.37725 0.88284
vt 0.38185 0.89128
vt 0.15015 0.7581
vt 0.15037 0.7534
vt 0.38694 0.91036
vt 0.39013 0.92203
vt 0.15527 0.73678
vt 0.86226 0.06328
vt 0.15721 0.68126
vt 0.02405 0.95757
vt 0.01679 0.95607
vt 0.02405 0.94936
vt 0.96926 0.15774
vt 0.97591 0.15309
vt 0.04629 0.73447
vt 0.04583 0.7386
vt 0.05127 0.73794
vt 0.94626 0.1608
vt 0.99256 0.4216
vt 0.83052 0.28627
vt 0.83958 0.25593
vt 0.84106 0.26634
vt 0.68611 0.17798
vt 0.53075 0.02118
vt 0.26446 0.79589
vt 0.31261 0.96122
vt 0.24199 0.78645
vt 0.23853 0.78656
vt 0.45287 0.58859
vt 0.74706 0.68466
vt 0.42544 0.92815
vt 0.42358 0.93545
vt 0.41515 0.93431
vt 0.1451 0.82429
vt 0.36674 0.74894
vt 0.35925 0.74316
vt 0.3665 0.75586
vt 0.15254 0.82159
vt 0.14374 0.81954
vt 0.37223 0.85146
vt 0.37121 0.85671
vt 0.38152 0.85502
vt 0.15109 0.79869
vt 0.37398 0.86482
vt 0.38349 0.86338
vt 0.36749 0.86149
vt 0.14792 0.78618
vt 0.14886 0.77874
vt 0.14908 0.77007
vt 0.38287 0.89773
vt 0.85872 0.06228
vt 0.85616 0.07087
vt 0.85792 0.04291
vt 0.13122 0.67187
vt 0.16086 0.70035
vt 0.05127 0.72919
vt 0.04924 0.72765
vt 0.95384 0.15923
vt 0.98021 0.43095
vt 0.8371 0.28357
vt 0.83033 0.27889
vt 0.83734 0.27699
vt 0.83566 0.27349
vt 0.83819 0.27309
vt 0.26387 0.77566
vt 0.26452 0.78321
vt 0.40245 0.01704
vt 0.2375 0.78042
vt 0.34895 0.00852
vt 0.38656 0.02108
vt 0.29469 0.58711
vt 0.68674 0.66746
vt 0.73533 0.68771
vt 0.37613 0.75791
vt 0.37584 0.74691
vt 0.4169 0.94182
vt 0.14957 0.82627
vt 0.96416 0.33497
vt 0.96413 0.32162
vt 0.9573 0.32867
vt 0.38225 0.84606
vt 0.37936 0.87233
vt 0.15237 0.77038
vt 0.38902 0.90488
vt 0.39347 0.9126
vt 0.15378 0.74665
vt 0.15814 0.7493
vt 0.85308 0.05979
vt 0.16453 0.7147
vt 0.85601 0.03849
vt 0.12731 0.66855
vt 0.16529 0.70794
vt 0.98593 0.12262
vt 0.98956 0.11725
vt 0.98956 0.12454
vt 0.13766 0.67797
vt 0.1425 0.68568
vt 0.13632 0.68331
vt 0.95076 0.51098
vt 0.95583 0.51736
vt 0.95288 0.50958
vt 0.95964 0.51604
vt 0.75613 0.12852
vt 0.76291 0.12471
vt 0.95033 0.15994
vt 0.99168 0.43278
vt 0.74225 0.14765
vt 0.8189 0.30528
vt 0.82438 0.28974
vt 0.82642 0.27713
vt 0.82979 0.26986
vt 0.46169 0.89354
vt 0.44743 0.89279
vt 0.45435 0.90585
vt 0.68011 0.18434
vt 0.56397 0.02391
vt 0.55423 0.01709
vt 0.53704 0.0162
vt 0.33417 0.38784
vt 0.68835 0.67001
vt 0.42357 0.94279
vt 0.15355 0.81602
vt 0.39051 0.83557
vt 0.15228 0.777
vt 0.38622 0.89455
vt 0.1557 0.76198
vt 0.15814 0.75657
vt 0.84768 0.07155
vt 0.85096 0.06602
vt 0.84849 0.05898
vt 0.84212 0.06318
vt 0.84669 0.05648
vt 0.85287 0.05011
vt 0.14157 0.68261
vt 0.13728 0.68463
vt 0.12596 0.67691
vt 0.31449 0.78609
vt 0.3236 0.79594
vt 0.96621 0.51981
vt 0.96864 0.51418
vt 0.95987 0.52043
vt 0.9707 0.14586
vt 0.95194 0.52426
vt 0.94691 0.5184
vt 0.94873 0.5263
vt 0.73467 0.1504
vt 0.71777 0.15692
vt 0.12143 0.03027
vt 0.26446 0.76962
vt 0.52338 0.0116
vt 0.33486 0.3004
vt 0.43951 0.59772
vt 0.74547 0.68206
vt 0.15322 0.82372
vt 0.43058 0.9407
vt 0.43058 0.93043
vt 0.06802 0.06713
vt 0.07305 0.05853
vt 0.0726 0.07162
vt 0.15492 0.80352
vt 0.38907 0.87907
vt 0.15339 0.78261
vt 0.38972 0.88727
vt 0.86119 0.08983
vt 0.85886 0.07929
vt 0.8564 0.07916
vt 0.66379 0.05197
vt 0.67051 0.04625
vt 0.67318 0.05178
vt 0.81237 0.07398
vt 0.80938 0.07997
vt 0.81424 0.07758
vt 0.84599 0.0775
vt 0.80808 0.07173
vt 0.82156 0.07016
vt 0.83863 0.0656
vt 0.83059 0.07178
vt 0.83012 0.06462
vt 0.81788 0.06438
vt 0.80854 0.06315
vt 0.8372 0.06327
vt 0.71469 0.30456
vt 0.71938 0.30177
vt 0.71712 0.29936
vt 0.82426 0.06278
vt 0.8284 0.06207
vt 0.72005 0.29368
vt 0.81988 0.05569
vt 0.81514 0.0565
vt 0.81767 0.04954
vt 0.81226 0.04324
vt 0.84851 0.05033
vt 0.96062 0.38598
vt 0.95781 0.39336
vt 0.96025 0.39558
vt 0.85974 0.03528
vt 0.85372 0.03277
vt 0.9702 0.51935
vt 0.95988 0.52526
vt 0.96244 0.14689
vt 0.94735 0.15042
vt 0.97814 0.44097
vt 0.49008 0.92789
vt 0.49864 0.93264
vt 0.49705 0.92292
vt 0.82029 0.2956
vt 0.46551 0.91102
vt 0.12387 0.03688
vt 0.11869 0.03969
vt 0.82613 0.2568
vt 0.89755 0.07275
vt 0.8997 0.06977
vt 0.89258 0.06907
vt 0.90508 0.07801
vt 0.53199 0.00841
vt 0.51933 0.00502
vt 0.30239 0.58592
vt 0.99454 0.74376
vt 0.41996 0.95392
vt 0.42544 0.94964
vt 0.11094 0.91461
vt 0.11539 0.92025
vt 0.11842 0.91378
vt 0.95388 0.33654
vt 0.15892 0.82472
vt 0.15734 0.79378
vt 0.15442 0.78808
vt 0.15532 0.78467
vt 0.16205 0.78069
vt 0.8163 0.1071
vt 0.81891 0.0991
vt 0.80875 0.09255
vt 0.81676 0.09175
vt 0.85145 0.09563
vt 0.85756 0.09693
vt 0.81489 0.08758
vt 0.15948 0.76738
vt 0.9088 0.29194
vt 0.90437 0.28935
vt 0.90773 0.28555
vt 0.90365 0.28573
vt 0.89978 0.27871
vt 0.90322 0.27692
vt 0.67897 0.05611
vt 0.67878 0.04985
vt 0.81914 0.07577
vt 0.83499 0.07281
vt 0.84303 0.07319
vt 0.71151 0.29184
vt 0.88249 0.10419
vt 0.88296 0.11177
vt 0.88994 0.10666
vt 0.84664 0.04431
vt 0.85136 0.03741
vt 0.82003 0.04102
vt 0.8446 0.04035
vt 0.81826 0.03577
vt 0.81223 0.03778
vt 0.13084 0.68374
vt 0.17196 0.69936
vt 0.96281 0.52981
vt 0.97051 0.5256
vt 0.12689 0.68088
vt 0.32669 0.78563
vt 0.29916 0.78919
vt 0.75739 0.12181
vt 0.4964 0.9531
vt 0.48923 0.94239
vt 0.99622 0.4418
vt 0.99292 0.44164
vt 0.8179 0.28569
vt 0.82932 0.26456
vt 0.44091 0.9051
vt 0.68735 0.17388
vt 0.43685 0.90133
vt 0.55959 0.01263
vt 0.89739 0.05772
vt 0.91262 0.07512
vt 0.90895 0.06281
vt 0.33688 0.29354
vt 0.32848 0.31994
vt 0.82015 0.66057
vt 0.3676 0.76735
vt 0.1061 0.92382
vt 0.10936 0.9292
vt 0.10572 0.93403
vt 0.16028 0.81931
vt 0.16235 0.80761
vt 0.38796 0.84292
vt 0.39207 0.85838
vt 0.39052 0.8696
vt 0.8472 0.09914
vt 0.82327 0.09077
vt 0.9006 0.29628
vt 0.90981 0.29826
vt 0.90035 0.28631
vt 0.84597 0.08183
vt 0.84483 0.09567
vt 0.89912 0.15074
vt 0.89897 0.14626
vt 0.89633 0.15074
vt 0.6844 0.04795
vt 0.67795 0.04351
vt 0.89776 0.1406
vt 0.89494 0.14463
vt 0.83473 0.07808
vt 0.8249 0.0768
vt 0.67339 0.04018
vt 0.70532 0.30143
vt 0.7071 0.30815
vt 0.71537 0.31449
vt 0.70798 0.31944
vt 0.72005 0.32527
vt 0.94906 0.39303
vt 0.95224 0.38582
vt 0.95334 0.37966
vt 0.96218 0.37918
vt 0.82301 0.03781
vt 0.84949 0.03375
vt 0.84088 0.03431
vt 0.83881 0.0361
vt 0.82209 0.03248
vt 0.82976 0.03382
vt 0.12492 0.66943
vt 0.12068 0.6681
vt 0.11933 0.673
vt 0.83723 0.03215
vt 0.82947 0.03148
vt 0.81814 0.03167
vt 0.96972 0.53056
vt 0.2922 0.79486
vt 0.39543 0.67929
vt 0.40221 0.67987
vt 0.40245 0.68659
vt 0.95364 0.52993
vt 0.39361 0.68659
vt 0.39156 0.68043
vt 0.98414 0.44674
vt 0.81104 0.29933
vt 0.12477 0.58349
vt 0.12477 0.5771
vt 0.11661 0.58019
vt 0.48356 0.91692
vt 0.47173 0.92091
vt 0.81894 0.27684
vt 0.67558 0.27887
vt 0.66824 0.28144
vt 0.67099 0.28421
vt 0.80082 0.4159
vt 0.81213 0.41817
vt 0.80637 0.42316
vt 0.81834 0.40588
vt 0.80589 0.39982
vt 0.8843 0.06715
vt 0.35905 0.01153
vt 0.3713 0.59261
vt 0.38702 0.59261
vt 0.37348 0.58896
vt 0.7462 0.67871
vt 0.10668 0.94069
vt 0.11039 0.94115
vt 0.11494 0.92769
vt 0.96358 0.34582
vt 0.16223 0.82395
vt 0.16516 0.81549
vt 0.85894 0.1265
vt 0.85825 0.1148
vt 0.85542 0.11517
vt 0.16131 0.787
vt 0.85968 0.10505
vt 0.82096 0.10794
vt 0.82224 0.10178
vt 0.82477 0.09783
vt 0.8271 0.08998
vt 0.91251 0.30689
vt 0.90739 0.30938
vt 0.89682 0.28644
vt 0.8332 0.08154
vt 0.90355 0.14711
vt 0.69668 0.04859
vt 0.69009 0.04812
vt 0.69485 0.04561
vt 0.83656 0.07541
vt 0.83401 0.07627
vt 0.99047 0.34352
vt 0.98775 0.33975
vt 0.99047 0.33805
vt 0.68078 0.03951
vt 0.7046 0.04559
vt 0.69931 0.0412
vt 0.70291 0.03994
vt 0.70704 0.31415
vt 0.89541 0.11836
vt 0.88321 0.09421
vt 0.89606 0.09847
vt 0.96325 0.37449
vt 0.96325 0.36686
vt 0.12144 0.6813
vt 0.41857 0.80305
vt 0.41332 0.80395
vt 0.41689 0.79806
vt 0.40949 0.79737
vt 0.40878 0.79375
vt 0.40426 0.79334
vt 0.34515 0.77786
vt 0.34981 0.77453
vt 0.34594 0.7711
vt 0.3429 0.77384
vt 0.33751 0.77967
vt 0.96846 0.53311
vt 0.97958 0.55994
vt 0.98189 0.56797
vt 0.98446 0.55824
vt 0.37976 0.69424
vt 0.37613 0.68949
vt 0.37976 0.68294
vt 0.49171 0.95756
vt 0.49864 0.96236
vt 0.94545 0.14212
vt 0.94199 0.14347
vt 0.47975 0.93456
vt 0.80992 0.29005
vt 0.81742 0.27131
vt 0.81852 0.26532
vt 0.44277 0.9123
vt 0.80451 0.38551
vt 0.81798 0.38972
vt 0.81208 0.39655
vt 0.88525 0.05976
vt 0.90986 0.05514
vt 0.35868 0.00854
vt 0.34445 0.53981
vt 0.30629 0.58896
vt 0.36162 0.58989
vt 0.43797 0.59376
vt 0.69973 0.65927
vt 0.11842 0.93274
vt 0.36181 0.72049
vt 0.36617 0.72748
vt 0.35507 0.72215
vt 0.36896 0.7216
vt 0.95611 0.34705
vt 0.16709 0.82019
vt 0.06194 0.05794
vt 0.39791 0.84333
vt 0.39783 0.85663
vt 0.16182 0.79857
vt 0.84506 0.11122
vt 0.81471 0.11419
vt 0.82994 0.10223
vt 0.82261 0.11887
vt 0.83548 0.10316
vt 0.8342 0.09989
vt 0.83423 0.09708
vt 0.82871 0.09237
vt 0.8307 0.08859
vt 0.89754 0.3014
vt 0.91458 0.3104
vt 0.91351 0.31323
vt 0.75449 0.26629
vt 0.75907 0.26944
vt 0.75508 0.26281
vt 0.71382 0.04444
vt 0.71751 0.04857
vt 0.71062 0.04793
vt 0.90289 0.14121
vt 0.70849 0.04241
vt 0.69359 0.04109
vt 0.70313 0.30427
vt 0.69882 0.03417
vt 0.89996 0.11213
vt 0.12628 0.68379
vt 0.35526 0.77254
vt 0.35087 0.77017
vt 0.33435 0.77353
vt 0.32864 0.77441
vt 0.3297 0.78172
vt 0.96661 0.53929
vt 0.95903 0.54099
vt 0.37696 0.69571
vt 0.98503 0.56745
vt 0.95972 0.1331
vt 0.49052 0.96244
vt 0.94989 0.14325
vt 0.9986 0.44547
vt 0.70108 0.23586
vt 0.71189 0.24133
vt 0.69828 0.24133
vt 0.47593 0.92639
vt 0.46774 0.92477
vt 0.45746 0.92053
vt 0.65826 0.27374
vt 0.66355 0.27883
vt 0.66563 0.27636
vt 0.82068 0.41659
vt 0.89389 0.04356
vt 0.9206 0.07745
vt 0.92026 0.0635
vt 0.90188 0.05004
vt 0.37584 0.77481
vt 0.96413 0.3563
vt 0.169 0.82817
vt 0.35436 0.72626
vt 0.95145 0.34772
vt 0.05831 0.06687
vt 0.84528 0.1226
vt 0.90811 0.31615
vt 0.91697 0.31595
vt 0.75801 0.2784
vt 0.88997 0.29691
vt 0.89408 0.28955
vt 0.90615 0.14528
vt 0.71703 0.05106
vt 0.70969 0.05273
vt 0.71074 0.05611
vt 0.89743 0.13481
vt 0.90433 0.12629
vt 0.89622 0.12327
vt 0.90349 0.13341
vt 0.7051 0.32087
vt 0.89873 0.11779
vt 0.90478 0.10573
vt 0.94458 0.37563
vt 0.88412 0.08938
vt 0.90356 0.09455
vt 0.88646 0.08075
vt 0.8307 0.05024
vt 0.12049 0.68568
vt 0.42695 0.80528
vt 0.42121 0.80776
vt 0.32265 0.77476
vt 0.41754 0.81038
vt 0.07326 0.07892
vt 0.0676 0.08234
vt 0.07862 0.08431
vt 0.31233 0.77654
vt 0.07548 0.08896
vt 0.41006 0.80884
vt 0.97595 0.13962
vt 0.98503 0.54881
vt 0.4875 0.96179
vt 0.48596 0.95499
vt 0.80783 0.29641
vt 0.81151 0.27821
vt 0.8032 0.27797
vt 0.82327 0.39761
vt 0.91344 0.05202
vt 0.91937 0.05843
vt 0.31674 0.58612
vt 0.70204 0.65378
vt 0.99822 0.73932
vt 0.37332 0.71761
vt 0.38258 0.7265
vt 0.20764 0.6836
vt 0.2137 0.68709
vt 0.20729 0.68797
vt 0.20799 0.6948
vt 0.37412 0.73078
vt 0.36359 0.73221
vt 0.17196 0.82609
vt 0.05188 0.06567
vt 0.84475 0.12975
vt 0.85339 0.14409
vt 0.85369 0.13005
vt 0.16822 0.79952
vt 0.16881 0.78933
vt 0.83489 0.1177
vt 0.88713 0.29436
vt 0.88348 0.28755
vt 0.88895 0.28375
vt 0.90608 0.19003
vt 0.90241 0.19754
vt 0.90046 0.19263
vt 0.90547 0.14302
vt 0.90493 0.18688
vt 0.74249 0.26769
vt 0.7479 0.26214
vt 0.72424 0.04226
vt 0.69693 0.29562
vt 0.69548 0.03263
vt 0.69919 0.02874
vt 0.94231 0.38286
vt 0.94715 0.36749
vt 0.83688 0.05167
vt 0.42655 0.80971
vt 0.33831 0.76093
vt 0.0794 0.07963
vt 0.42215 0.81139
vt 0.35077 0.76706
vt 0.04855 0.90954
vt 0.05581 0.90648
vt 0.05581 0.9156
vt 0.99403 0.35404
vt 0.99592 0.3563
vt 0.98961 0.35592
vt 0.85345 0.98538
vt 0.8598 0.98312
vt 0.8598 0.99133
vt 0.3457 0.76823
vt 0.31818 0.76998
vt 0.0794 0.08889
vt 0.40448 0.80642
vt 0.3066 0.76495
vt 0.47936 0.95546
vt 0.99955 0.4521
vt 0.47277 0.93949
vt 0.80152 0.29428
vt 0.80298 0.28785
vt 0.51194 0.00228
vt 0.51588 0.00775
vt 0.50817 0.00775
vt 0.47319 0.9335
vt 0.80738 0.27068
vt 0.68129 0.26463
vt 0.69011 0.2684
vt 0.37218 0.01501
vt 0.34251 0.3254
vt 0.44537 0.58211
vt 0.99688 0.71576
vt 0.99714 0.72461
vt 0.99955 0.72534
vt 0.20486 0.6802
vt 0.19714 0.69391
vt 0.95654 0.35524
vt 0.85969 0.159
vt 0.86788 0.15568
vt 0.86091 0.15535
vt 0.86888 0.1609
vt 0.05602 0.05797
vt 0.05003 0.06994
vt 0.04496 0.07162
vt 0.82888 0.14961
vt 0.83838 0.14735
vt 0.83043 0.13691
vt 0.84389 0.14501
vt 0.83703 0.13441
vt 0.82025 0.14347
vt 0.82283 0.13142
vt 0.82653 0.12445
vt 0.89276 0.31321
vt 0.59721 0.41013
vt 0.59204 0.401
vt 0.60118 0.40401
vt 0.74302 0.27612
vt 0.9014 0.15734
vt 0.90857 0.15246
vt 0.90285 0.15287
vt 0.89791 0.18382
vt 0.73913 0.26073
vt 0.90689 0.1355
vt 0.72563 0.0478
vt 0.90596 0.11919
vt 0.69374 0.28969
vt 0.90055 0.1172
vt 0.90631 0.11112
vt 0.93165 0.39201
vt 0.90388 0.08613
vt 0.34187 0.75931
vt 0.32507 0.76598
vt 0.1284 0.93476
vt 0.12694 0.92904
vt 0.12205 0.9294
vt 0.97051 0.53973
vt 0.96714 0.54425
vt 0.41703 0.81615
vt 0.40547 0.81615
vt 0.96557 0.12699
vt 0.23367 0.7167
vt 0.23348 0.71028
vt 0.22913 0.70845
vt 0.16107 0.68747
vt 0.1647 0.68841
vt 0.1647 0.67838
vt 0.48533 0.96267
vt 0.94682 0.13349
vt 0.50499 0.00671
vt 0.47152 0.93463
vt 0.51588 0.08075
vt 0.51588 0.08896
vt 0.51134 0.08261
vt 0.476 0.93362
vt 0.91673 0.47531
vt 0.91788 0.46487
vt 0.91243 0.47425
vt 0.46369 0.93862
vt 0.4484 0.92356
vt 0.65034 0.26741
vt 0.64676 0.2689
vt 0.81101 0.26188
vt 0.83295 0.39544
vt 0.6598 0.25924
vt 0.83194 0.40486
vt 0.98621 0.49739
vt 0.99567 0.50335
vt 0.98749 0.50502
vt 0.99773 0.49076
vt 0.99175 0.48944
vt 0.99754 0.48643
vt 0.91912 0.04848
vt 0.90918 0.04414
vt 0.38132 0.01845
vt 0.3305 0.57155
vt 0.32909 0.58409
vt 0.73552 0.6752
vt 0.74561 0.66765
vt 0.36648 0.77818
vt 0.19715 0.68039
vt 0.198 0.68639
vt 0.95473 0.03878
vt 0.95806 0.03021
vt 0.96053 0.03402
vt 0.18833 0.68893
vt 0.84658 0.16174
vt 0.85413 0.1656
vt 0.84386 0.15408
vt 0.83196 0.15566
vt 0.84088 0.16088
vt 0.04868 0.06002
vt 0.0431 0.06418
vt 0.83129 0.1336
vt 0.83165 0.12652
vt 0.06488 0.90155
vt 0.06302 0.90557
vt 0.05736 0.90267
vt 0.89138 0.30543
vt 0.90654 0.14572
vt 0.90608 0.17655
vt 0.91065 0.12628
vt 0.92895 0.38749
vt 0.33314 0.75915
vt 0.32912 0.76317
vt 0.31873 0.76855
vt 0.77813 0.25046
vt 0.78539 0.24977
vt 0.77976 0.24407
vt 0.98809 0.35232
vt 0.99261 0.34467
vt 0.1284 0.92016
vt 0.23961 0.90192
vt 0.23276 0.90739
vt 0.24455 0.90739
vt 0.9799 0.3563
vt 0.29098 0.77249
vt 0.48834 0.97071
vt 0.48689 0.97102
vt 0.47938 0.97414
vt 0.23026 0.70358
vt 0.63838 0.34717
vt 0.63551 0.34333
vt 0.63411 0.34668
vt 0.48277 0.96811
vt 0.60119 0.4251
vt 0.6039 0.41743
vt 0.59574 0.42105
vt 0.46689 0.95707
vt 0.93925 0.13279
vt 0.80397 0.31068
vt 0.79628 0.30343
vt 0.79674 0.28788
vt 0.91431 0.47856
vt 0.44833 0.93231
vt 0.64141 0.26223
vt 0.63952 0.26327
vt 0.05853 0.05068
vt 0.06307 0.05338
vt 0.06307 0.04699
vt 0.95521 0.50458
vt 0.96589 0.50039
vt 0.9609 0.50495
vt 0.82989 0.42059
vt 0.81742 0.42379
vt 0.67086 0.25629
vt 0.05543 0.7833
vt 0.05311 0.7791
vt 0.06223 0.7833
vt 0.06632 0.78032
vt 0.04861 0.78048
vt 0.98567 0.49486
vt 0.99463 0.47841
vt 0.90452 0.03414
vt 0.37131 0.01185
vt 0.34484 0.3075
vt 0.4426 0.58147
vt 0.94337 0.04316
vt 0.9534 0.04334
vt 0.38037 0.73221
vt 0.18666 0.6948
vt 0.18251 0.68975
vt 0.35859 0.79714
vt 0.36205 0.78419
vt 0.35708 0.78552
vt 0.85194 0.15505
vt 0.05812 0.89777
vt 0.05395 0.89848
vt 0.05526 0.8937
vt 0.04997 0.90557
vt 0.04669 0.89746
vt 0.74431 0.28856
vt 0.7565 0.29428
vt 0.88367 0.2972
vt 0.88523 0.29893
vt 0.58604 0.40387
vt 0.741 0.28291
vt 0.73231 0.26455
vt 0.91041 0.1439
vt 0.83418 0.06104
vt 0.78539 0.24459
vt 0.65637 0.20392
vt 0.65948 0.21204
vt 0.65381 0.21057
vt 0.6691 0.37448
vt 0.66357 0.38132
vt 0.67287 0.38367
vt 0.48644 0.97906
vt 0.4893 0.98141
vt 0.67287 0.37496
vt 0.05999 0.04434
vt 0.05308 0.04973
vt 0.05388 0.04405
vt 0.31394 0.77209
vt 0.65952 0.22035
vt 0.9789 0.35097
vt 0.98303 0.34932
vt 0.66303 0.21984
vt 0.97777 0.35298
vt 0.6039 0.4302
vt 0.23367 0.69845
vt 0.47344 0.9618
vt 0.4717 0.96602
vt 0.95332 0.12409
vt 0.91788 0.47796
vt 0.84156 0.39196
vt 0.84892 0.39938
vt 0.84329 0.42102
vt 0.84067 0.42507
vt 0.83509 0.41758
vt 0.95965 0.49827
vt 0.94499 0.50378
vt 0.83008 0.42701
vt 0.83467 0.43261
vt 0.84317 0.42709
vt 0.8213 0.42749
vt 0.06011 0.77374
vt 0.05113 0.77316
vt 0.81704 0.42647
vt 0.9712 0.49568
vt 0.98457 0.48854
vt 0.98779 0.47997
vt 0.9085 0.03493
vt 0.37264 0.21425
vt 0.36761 0.30215
vt 0.70982 0.64823
vt 0.72844 0.65516
vt 0.72175 0.66224
vt 0.72894 0.65781
vt 0.7291 0.66054
vt 0.38793 0.73157
vt 0.7496 0.66163
vt 0.37613 0.79036
vt 0.18552 0.6825
vt 0.37094 0.7919
vt 0.94331 0.03669
vt 0.9463 0.02965
vt 0.05974 0.70987
vt 0.0604 0.7043
vt 0.05399 0.70493
vt 0.06828 0.70392
vt 0.8862 0.30691
vt 0.04639 0.90369
vt 0.58702 0.4101
vt 0.91436 0.15016
vt 0.91229 0.14674
vt 0.72782 0.26049
vt 0.72979 0.03846
vt 0.73639 0.04356
vt 0.9113 0.11545
vt 0.92553 0.38202
vt 0.93589 0.37333
vt 0.91594 0.08682
vt 0.918 0.09603
vt 0.33777 0.75494
vt 0.66198 0.37655
vt 0.80263 0.33795
vt 0.79775 0.33729
vt 0.80263 0.3438
vt 0.67175 0.36724
vt 0.79537 0.34443
vt 0.32537 0.75583
vt 0.48491 0.98166
vt 0.47908 0.979
vt 0.47381 0.97162
vt 0.59974 0.42807
vt 0.63105 0.34023
vt 0.6284 0.34717
vt 0.5989 0.3153
vt 0.60481 0.31706
vt 0.5972 0.3168
vt 0.46432 0.96599
vt 0.87357 0.38174
vt 0.86782 0.37227
vt 0.87377 0.36816
vt 0.86062 0.38581
vt 0.84954 0.38947
vt 0.85304 0.39329
vt 0.94582 0.4964
vt 0.06851 0.7757
vt 0.05868 0.76962
vt 0.97096 0.48922
vt 0.81576 0.43294
vt 0.97457 0.49066
vt 0.04244 0.77907
vt 0.68975 0.24924
vt 0.9152 0.03929
vt 0.37847 0.01433
vt 0.32031 0.58877
vt 0.44664 0.57502
vt 0.74074 0.66041
vt 0.1765 0.68484
vt 0.36404 0.79317
vt 0.63498 0.01506
vt 0.63657 0.01049
vt 0.62371 0.01506
vt 0.28148 0.71378
vt 0.2745 0.71761
vt 0.28598 0.71708
vt 0.6288 0.00867
vt 0.04401 0.89815
vt 0.5794 0.41013
vt 0.91798 0.12826
vt 0.92486 0.39644
vt 0.91777 0.10552
vt 0.80189 0.33166
vt 0.66058 0.20424
vt 0.66199 0.21026
vt 0.31351 0.757
vt 0.97787 0.34511
vt 0.63386 0.33714
vt 0.47291 0.97709
vt 0.66752 0.213
vt 0.30239 0.75816
vt 0.67153 0.21735
vt 0.46257 0.98368
vt 0.47251 0.98465
vt 0.46666 0.97775
vt 0.96186 0.11059
vt 0.99288 0.85737
vt 0.99773 0.86086
vt 0.98786 0.86018
vt 0.60481 0.30695
vt 0.45827 0.96175
vt 0.88257 0.37455
vt 0.456 0.95291
vt 0.86284 0.39646
vt 0.44661 0.94273
vt 0.44414 0.939
vt 0.63977 0.25439
vt 0.63203 0.25832
vt 0.84549 0.41829
vt 0.97489 0.48521
vt 0.04129 0.77091
vt 0.98685 0.47226
vt 0.90334 0.02284
vt 0.71108 0.64534
vt 0.61751 0.01169
vt 0.0642 0.7151
vt 0.07179 0.71046
vt 0.87886 0.31615
vt 0.07214 0.70493
vt 0.91812 0.15739
vt 0.92411 0.15725
vt 0.9232 0.14988
vt 0.91625 0.15117
vt 0.9189 0.14333
vt 0.91834 0.13857
vt 0.91892 0.11447
vt 0.92242 0.38684
vt 0.93704 0.36723
vt 0.97925 0.3417
vt 0.05621 0.0361
vt 0.0656 0.04135
vt 0.06831 0.04726
vt 0.07174 0.04045
vt 0.07628 0.04285
vt 0.07825 0.04973
vt 0.30821 0.75152
vt 0.46628 0.98917
vt 0.97077 0.11116
vt 0.98873 0.85356
vt 0.60353 0.30338
vt 0.59483 0.3104
vt 0.46606 0.96741
vt 0.46289 0.97326
vt 0.4557 0.96589
vt 0.45495 0.95711
vt 0.44956 0.94921
vt 0.442 0.94405
vt 0.85916 0.40617
vt 0.85578 0.41265
vt 0.4324 0.94345
vt 0.85561 0.42306
vt 0.85072 0.4191
vt 0.43486 0.94
vt 0.85501 0.42742
vt 0.62824 0.13367
vt 0.62202 0.14132
vt 0.62007 0.13413
vt 0.62931 0.1387
vt 0.98636 0.46689
vt 0.89318 0.02446
vt 0.9206 0.03255
vt 0.40554 0.04473
vt 0.9345 0.03571
vt 0.36535 0.80264
vt 0.28859 0.71305
vt 0.7538 0.30793
vt 0.7462 0.29924
vt 0.73984 0.28818
vt 0.92633 0.1454
vt 0.73236 0.27715
vt 0.7261 0.26343
vt 0.92189 0.39479
vt 0.46339 0.99133
vt 0.45303 0.988
vt 0.08395 0.04747
vt 0.45527 0.98531
vt 0.99682 0.33714
vt 0.99229 0.33952
vt 0.99682 0.34443
vt 0.08088 0.04127
vt 0.67488 0.20948
vt 0.45753 0.97979
vt 0.07678 0.04006
vt 0.98412 0.86086
vt 0.6765 0.22035
vt 0.45517 0.97492
vt 0.45338 0.96869
vt 0.44715 0.97375
vt 0.88534 0.39116
vt 0.59332 0.25672
vt 0.5912 0.26049
vt 0.5915 0.25685
vt 0.87711 0.39286
vt 0.59485 0.2486
vt 0.5973 0.25786
vt 0.60048 0.24717
vt 0.5984 0.23951
vt 0.60271 0.2402
vt 0.86726 0.40478
vt 0.15625 0.66743
vt 0.15221 0.66743
vt 0.15191 0.65826
vt 0.86153 0.41152
vt 0.92967 0.50502
vt 0.93032 0.49716
vt 0.93518 0.5042
vt 0.65331 0.24779
vt 0.93872 0.50326
vt 0.95036 0.47951
vt 0.61842 0.14152
vt 0.91534 0.02346
vt 0.33057 0.58656
vt 0.4524 0.57114
vt 0.72365 0.64365
vt 0.72379 0.641
vt 0.73515 0.64815
vt 0.76813 0.6423
vt 0.99941 0.71487
vt 0.3628 0.80936
vt 0.29265 0.71761
vt 0.07214 0.71761
vt 0.92967 0.15199
vt 0.73495 0.28278
vt 0.92292 0.12893
vt 0.71835 0.26797
vt 0.92474 0.11921
vt 0.91995 0.38594
vt 0.92476 0.37415
vt 0.92297 0.09566
vt 0.23276 0.89188
vt 0.22961 0.88807
vt 0.22646 0.89131
vt 0.23276 0.8864
vt 0.12477 0.64462
vt 0.11812 0.64453
vt 0.12275 0.6396
vt 0.9654 0.10413
vt 0.44976 0.98297
vt 0.89234 0.38697
vt 0.44753 0.97771
vt 0.88151 0.39748
vt 0.87602 0.40297
vt 0.00646 0.81548
vt 0.01216 0.82019
vt 0.01497 0.81432
vt 0.8647 0.40619
vt 0.16117 0.66181
vt 0.86821 0.42276
vt 0.0196 0.7399
vt 0.01044 0.74316
vt 0.01613 0.72955
vt 0.02858 0.74232
vt 0.02858 0.73484
vt 0.93405 0.4932
vt 0.66511 0.24404
vt 0.9717 0.47639
vt 0.97453 0.47588
vt 0.62895 0.14804
vt 0.38278 0.36764
vt 0.71755 0.62591
vt 0.99566 0.70203
vt 0.37211 0.80459
vt 0.93326 0.04334
vt 0.75907 0.31063
vt 0.75115 0.31341
vt 0.74338 0.3062
vt 0.74424 0.31275
vt 0.73659 0.29593
vt 0.73593 0.2904
vt 0.73406 0.29817
vt 0.92929 0.13968
vt 0.72717 0.28493
vt 0.72638 0.29261
vt 0.72611 0.2797
vt 0.92735 0.10938
vt 0.92624 0.36542
vt 0.92585 0.10168
vt 0.30508 0.74407
vt 0.31709 0.74932
vt 0.97142 0.099
vt 0.74093 0.23951
vt 0.74338 0.23494
vt 0.75091 0.23951
vt 0.1157 0.58987
vt 0.11298 0.5839
vt 0.11195 0.58915
vt 0.07973 0.03604
vt 0.1157 0.57984
vt 0.08083 0.6063
vt 0.08614 0.59953
vt 0.08847 0.6063
vt 0.07849 0.599
vt 0.44243 0.97809
vt 0.44511 0.98438
vt 0.43876 0.97225
vt 0.93396 0.06165
vt 0.9333 0.06771
vt 0.94171 0.0641
vt 0.94126 0.05902
vt 0.95001 0.05665
vt 0.87844 0.41192
vt 0.87197 0.406
vt 0.60316 0.25761
vt 0.15018 0.64819
vt 0.16376 0.65252
vt 0.64196 0.24047
vt 0.63343 0.24306
vt 0.02429 0.72648
vt 0.93941 0.49005
vt 0.62214 0.15607
vt 0.34166 0.58089
vt 0.92877 0.04121
vt 0.71769 0.28819
vt 0.92064 0.38093
vt 0.92025 0.36823
vt 0.22139 0.89107
vt 0.22096 0.88755
vt 0.11277 0.64462
vt 0.11505 0.64129
vt 0.1181 0.63732
vt 0.10321 0.58766
vt 0.89992 0.39446
vt 0.89382 0.39845
vt 0.89411 0.39273
vt 0.08575 0.04016
vt 0.89852 0.40391
vt 0.89803 0.40833
vt 0.89422 0.40503
vt 0.88938 0.39721
vt 0.44264 0.98529
vt 0.43974 0.98565
vt 0.88891 0.40388
vt 0.65018 0.41104
vt 0.64292 0.40687
vt 0.65018 0.40374
vt 0.43571 0.97996
vt 0.88593 0.40136
vt 0.26099 0.68659
vt 0.25817 0.69297
vt 0.26633 0.69297
vt 0.88672 0.40868
vt 0.93698 0.07185
vt 0.94833 0.06403
vt 0.95871 0.0552
vt 0.95653 0.06166
vt 0.61141 0.25013
vt 0.00136 0.82386
vt 0.00167 0.81742
vt 0.01497 0.83714
vt 0.16259 0.64553
vt 0.92979 0.48747
vt 0.97599 0.46266
vt 0.41571 0.1552
vt 0.39679 0.43754
vt 0.37475 0.49533
vt 0.35738 0.57646
vt 0.45298 0.56393
vt 0.73479 0.64342
vt 0.36778 0.81524
vt 0.71217 0.28228
vt 0.71235 0.27741
vt 0.71409 0.27085
vt 0.91878 0.37442
vt 0.92967 0.09658
vt 0.11116 0.64126
vt 0.1093 0.58079
vt 0.1027 0.58389
vt 0.90517 0.40766
vt 0.90316 0.40454
vt 0.69102 0.17162
vt 0.69737 0.16834
vt 0.69737 0.17473
vt 0.05036 0.7139
vt 0.05672 0.7094
vt 0.05672 0.71396
vt 0.78811 0.28513
vt 0.78811 0.29334
vt 0.78267 0.28832
vt 0.00601 0.83368
vt 0.61007 0.23974
vt 0.87441 0.4203
vt 0.17318 0.65988
vt 0.64979 0.23865
vt 0.67985 0.24007
vt 0.91159 0.014
vt 0.39019 0.01932
vt 0.3952 0.02424
vt 0.46137 0.55588
vt 0.99699 0.7048
vt 0.71031 0.28903
vt 0.70916 0.28293
vt 0.10027 0.58641
vt 0.89031 0.41014
vt 0.94799 0.07514
vt 0.94153 0.08168
vt 0.9568 0.07245
vt 0.61549 0.24496
vt 0.87933 0.41234
vt 0.88446 0.42315
vt 0.17407 0.65469
vt 0.93571 0.48223
vt 0.65974 0.23862
vt 0.94117 0.48106
vt 0.95901 0.4716
vt 0.97088 0.46704
vt 0.62931 0.15739
vt 0.97073 0.45267
vt 0.45608 0.55903
vt 0.97824 0.66599
vt 0.16848 0.66367
vt 0.01062 0.72304
vt 0.01906 0.71213
vt 0.94862 0.47437
vt 0.34914 0.58026
vt 0.34523 0.5835
vt 0.99955 0.69988
vt 0.95204 0.08265
vt 0.9356 0.47334
vt 0.9669 0.46508
vt 0.69011 0.23197
vt 0.89886 0.00825
vt 0.90711 0.01026
vt 0.91651 0.01296
vt 0.97698 0.45084
vt 0.39576 0.02084
vt 0.4051 0.02773
vt 0.94641 0.08968
vt 0.62054 0.25579
vt 0.88027 0.43066
vt 0.64413 0.22637
vt 0.6537 0.23059
vt 0.94493 0.47246
vt 0.67874 0.22964
vt 0.96694 0.45951
vt 0.41555 0.25353
vt 0.48593 0.53027
vt 0.99674 0.69581
vt 0.18058 0.66103
vt 0.17015 0.96214
vt 0.16314 0.95484
vt 0.15563 0.96214
vt 0.66711 0.22838
vt 0.95447 0.46528
vt 0.40028 0.02542
vt 0.43676 0.09342
vt 0.46026 0.55193
vt 0.94982 0.09293
vt 0.6263 0.25502
vt 0.95871 0.08349
vt 0.18176 0.66743
vt 0.94747 0.46495
vt 0.96216 0.45717
vt 0.90565 0.00046
vt 0.91289 0.00438
vt 0.40352 0.02359
vt 0.3535 0.58204
vt 0.99889 0.69141
vt 0.62405 0.26049
vt 0.88877 0.43294
vt 0.94358 0.46115
vt 0.66062 0.22229
vt 0.68947 0.22168
vt 0.96699 0.4488
vt 0.97034 0.44625
vt 0.35392 0.5792
vt 0.99626 0.68848
vt 0.6284 0.25911
vt 0.18557 0.66549
vt 0.95328 0.09443
vt 0.89505 0.4312
vt 0.95359 0.45595
vt 0.67604 0.22126
vt 0.68103 0.53493
vt 0.74081 0.59372
vt 0.95349 0.45044
vt 0.96349 0.44297
vt 0.41382 0.02877
vt 0.41181 0.03083
vt 0.4688 0.54333
vt 0.46642 0.54217
vt 0.92615 0.6178
vt 0.99553 0.68073
vt 0.99466 0.67308
vt 0.99859 0.6841
vt 0.36055 0.58034
vt 0.56211 0.53781
vt 0.51954 0.49538
vt 0.36419 0.57642
vt 0.37176 0.56211
vt 0.99766 0.6758
vt 0.36855 0.57806
vt 0.42105 0.0322
vt 0.36975 0.5748
vt 0.42065 0.03612
vt 0.47144 0.53588
vt 0.43206 0.03854
vt 0.42622 0.03834
vt 0.38297 0.57036
vt 0.37544 0.57347
vt 0.48106 0.52747
vt 0.4342 0.32299
vt 0.47923 0.52582
vt 0.82823 0.54783
vt 0.99264 0.6599
vt 0.99544 0.66182
vt 0.38195 0.57367
vt 0.43244 0.04172
vt 0.43578 0.04441
vt 0.39074 0.57037
vt 0.39548 0.56621
vt 0.98992 0.64505
vt 0.44215 0.04437
vt 0.45058 0.05508
vt 0.46391 0.07976
vt 0.4907 0.51542
vt 0.48621 0.51647
vt 0.99433 0.65245
vt 0.44548 0.04964
vt 0.4895 0.22662
vt 0.43556 0.5287
vt 0.40043 0.5639
vt 0.40102 0.56675
vt 0.75272 0.53829
vt 0.99174 0.64182
vt 0.45089 0.38462
vt 0.45321 0.05149
vt 0.45611 0.47944
vt 0.41025 0.55838
vt 0.40682 0.56132
vt 0.49541 0.50706
vt 0.97792 0.60996
vt 0.98748 0.63607
vt 0.45375 0.05487
vt 0.49905 0.50653
vt 0.98436 0.6261
vt 0.46109 0.06048
vt 0.40779 0.56378
vt 0.98674 0.63166
vt 0.99005 0.6346
vt 0.4684 0.06605
vt 0.48967 0.12944
vt 0.46488 0.05999
vt 0.41259 0.56172
vt 0.5055 0.49673
vt 0.9873 0.6252
vt 0.98897 0.62943
vt 0.41624 0.55725
vt 0.41681 0.56018
vt 0.51147 0.49441
vt 0.42307 0.55366
vt 0.98287 0.61723
vt 0.43109 0.55257
vt 0.97155 0.58904
vt 0.98261 0.60971
vt 0.5863 0.4552
vt 0.47175 0.06779
vt 0.46638 0.42911
vt 0.43371 0.54826
vt 0.58666 0.05375
vt 0.58599 0.04334
vt 0.58308 0.05746
vt 0.47755 0.07252
vt 0.49794 0.28997
vt 0.51575 0.48674
vt 0.58566 0.06122
vt 0.97753 0.60223
vt 0.44038 0.54411
vt 0.43931 0.54783
vt 0.97948 0.60073
vt 0.58235 0.06663
vt 0.52778 0.47958
vt 0.9438 0.57995
vt 0.97476 0.59507
vt 0.58517 0.06933
vt 0.4474 0.53885
vt 0.52268 0.48075
vt 0.48316 0.07834
vt 0.58096 0.08095
vt 0.58363 0.08209
vt 0.44837 0.54137
vt 0.534 0.47194
vt 0.54344 0.46803
vt 0.97536 0.59038
vt 0.49598 0.36923
vt 0.45672 0.528
vt 0.45036 0.53624
vt 0.96923 0.58318
vt 0.45222 0.53945
vt 0.45535 0.53471
vt 0.97352 0.58651
vt 0.52643 0.1532
vt 0.96384 0.57279
vt 0.48096 0.5043
vt 0.58258 0.1026
vt 0.49272 0.08683
vt 0.50669 0.10176
vt 0.46432 0.52718
vt 0.56508 0.45472
vt 0.89754 0.53125
vt 0.96203 0.57007
vt 0.95387 0.55856
vt 0.5794 0.10504
vt 0.46642 0.52909
vt 0.55389 0.45845
vt 0.94257 0.54288
vt 0.96024 0.5663
vt 0.96544 0.57077
vt 0.47773 0.51646
vt 0.47294 0.51841
vt 0.46894 0.52172
vt 0.4664 0.52382
vt 0.46607 0.52609
vt 0.70525 0.45296
vt 0.46866 0.52394
vt 0.46871 0.52665
vt 0.47458 0.52292
vt 0.96067 0.56178
vt 0.58225 0.11358
vt 0.47374 0.52099
vt 0.47114 0.52438
vt 0.95686 0.56044
vt 0.5163 0.45423
vt 0.57972 0.12095
vt 0.51389 0.11
vt 0.49143 0.48477
vt 0.48146 0.51329
vt 0.95305 0.5543
vt 0.95587 0.55463
vt 0.48117 0.51734
vt 0.56765 0.45056
vt 0.94819 0.5462
vt 0.49461 0.50103
vt 0.49169 0.50741
vt 0.94832 0.54226
vt 0.58355 0.44502
vt 0.93654 0.52966
vt 0.93207 0.52494
vt 0.94086 0.53645
vt 0.58367 0.14468
vt 0.53177 0.13537
vt 0.79763 0.45144
vt 0.58061 0.14189
vt 0.53417 0.41605
vt 0.49885 0.49642
vt 0.58633 0.44125
vt 0.51723 0.47252
vt 0.49952 0.49937
vt 0.59945 0.43835
vt 0.94166 0.5332
vt 0.51047 0.4841
vt 0.50478 0.48848
vt 0.61481 0.43193
vt 0.92399 0.51704
vt 0.58156 0.15564
vt 0.59891 0.43579
vt 0.92802 0.51905
vt 0.54286 0.15196
vt 0.54307 0.37875
vt 0.50741 0.49102
vt 0.91935 0.51024
vt 0.93484 0.52393
vt 0.58495 0.16466
vt 0.51515 0.48273
vt 0.92764 0.51524
vt 0.58282 0.17058
vt 0.55271 0.21059
vt 0.5147 0.47965
vt 0.61267 0.43006
vt 0.90482 0.49803
vt 0.54787 0.16199
vt 0.5515 0.1712
vt 0.55719 0.18424
vt 0.55639 0.27608
vt 0.54958 0.32843
vt 0.92146 0.50887
vt 0.58666 0.17579
vt 0.52147 0.4698
vt 0.6605 0.42986
vt 0.52048 0.47555
vt 0.58574 0.18841
vt 0.63037 0.42724
vt 0.8759 0.48175
vt 0.83212 0.45823
vt 0.90961 0.49965
vt 0.91432 0.50412
vt 0.55425 0.17065
vt 0.55514 0.17829
vt 0.52658 0.46246
vt 0.53067 0.45641
vt 0.77178 0.02298
vt 0.75917 0.02327
vt 0.76125 0.0207
vt 0.52842 0.46491
vt 0.75321 0.01975
vt 0.64592 0.42403
vt 0.91263 0.49884
vt 0.55795 0.17788
vt 0.53557 0.4485
vt 0.53311 0.45823
vt 0.89921 0.49201
vt 0.90631 0.49373
vt 0.56058 0.19292
vt 0.56426 0.20333
vt 0.53863 0.44097
vt 0.74335 0.02131
vt 0.90171 0.48946
vt 0.56338 0.19274
vt 0.56629 0.21182
vt 0.53645 0.45283
vt 0.73751 0.01815
vt 0.65837 0.42166
vt 0.89554 0.48774
vt 0.8895 0.48292
vt 0.54053 0.44511
vt 0.7307 0.01994
vt 0.73371 0.42778
vt 0.89521 0.48369
vt 0.56643 0.21805
vt 0.56883 0.36368
vt 0.55409 0.40956
vt 0.5493 0.4209
vt 0.54518 0.42953
vt 0.54376 0.43809
vt 0.86864 0.46887
vt 0.87993 0.47596
vt 0.56699 0.20383
vt 0.72597 0.01706
vt 0.67049 0.4207
vt 0.68475 0.42
vt 0.88921 0.47882
vt 0.56788 0.21748
vt 0.5724 0.25369
vt 0.54922 0.4274
vt 0.7185 0.01966
vt 0.87912 0.47234
vt 0.5701 0.21603
vt 0.56961 0.22615
vt 0.71343 0.01726
vt 0.70417 0.01977
vt 0.8585 0.46393
vt 0.5719 0.22337
vt 0.57151 0.23372
vt 0.57497 0.32784
vt 0.55826 0.39674
vt 0.55339 0.41714
vt 0.70591 0.01707
vt 0.69613 0.41925
vt 0.86454 0.46557
vt 0.87006 0.46607
vt 0.57392 0.23348
vt 0.57258 0.2426
vt 0.56213 0.38503
vt 0.55682 0.41066
vt 0.69567 0.01688
vt 0.69272 0.01968
vt 0.7077 0.41991
vt 0.85139 0.45858
vt 0.86378 0.46241
vt 0.57392 0.25317
vt 0.57506 0.26372
vt 0.5656 0.37459
vt 0.55962 0.40176
vt 0.68113 0.02076
vt 0.82079 0.44272
vt 0.84137 0.45318
vt 0.85572 0.45785
vt 0.5758 0.24986
vt 0.57621 0.28738
vt 0.5628 0.39119
vt 0.67931 0.01833
vt 0.66422 0.02213
vt 0.72458 0.42054
vt 0.80388 0.43665
vt 0.78255 0.42945
vt 0.83182 0.44825
vt 0.84585 0.453
vt 0.57785 0.26466
vt 0.57666 0.2746
vt 0.57658 0.30864
vt 0.57248 0.34483
vt 0.56618 0.3809
vt 0.66447 0.0193
vt 0.73936 0.42106
vt 0.83628 0.44802
vt 0.57716 0.29548
vt 0.56941 0.37152
vt 0.75848 0.42391
vt 0.82761 0.44331
vt 0.57937 0.28638
vt 0.57303 0.35658
vt 0.64942 0.02327
vt 0.64292 0.02188
vt 0.74584 0.41968
vt 0.81357 0.43731
vt 0.5794 0.30986
vt 0.57917 0.32193
vt 0.57748 0.33142
vt 0.7688 0.42357
vt 0.7896 0.42892
vt 0.78063 0.42554
usemtl mat0
f 1/1 2/2 3/3
f 4/4 5/5 2/2
f 5/5 6/6 2/2
f 2/2 6/6 3/3
f 3/3 7/7 1/1
f 7/7 8/8 1/1
f 9/9 10/10 11/11
f 12/12 10/10 9/9
f 13/13 12/12 9/9
f 14/14 13/13 9/9
f 15/15 13/13 14/14
f 16/16 15/15 14/14
f 17/17 18/18 4/4
f 18/18 5/5 4/4
f 3/3 6/6 19/19
f 7/7 3/3 19/19
f 8/8 7/7 20/20
f 8/8 20/20 21/21
f 20/20 22/22 21/21
f 21/21 22/22 23/23
f 11/11 24/24 25/25
f 11/11 10/10 24/24
f 16/16 26/26 15/15
f 27/27 26/26 16/16
f 28/28 26/26 27/27
f 29/29 28/28 27/27
f 30/30 31/31 17/17
f 31/31 32/32 17/17
f 18/18 17/17 32/32
f 5/5 18/18 32/32
f 5/5 32/32 6/6
f 20/20 7/7 19/19
f 20/20 19/19 33/33
f 22/22 20/20 33/33
f 23/23 22/22 33/33
f 23/23 33/33 34/34
f 23/23 34/34 35/35
f 25/25 36/36 37/37
f 24/24 36/36 25/25
f 10/10 38/38 24/24
f 12/12 38/38 10/10
f 12/12 13/13 38/38
f 15/15 39/39 13/13
f 26/26 39/39 15/15
f 40/40 28/28 29/29
f 41/41 40/40 29/29
f 42/42 43/43 30/30
f 30/30 43/43 31/31
f 44/44 45/45 37/37
f 36/36 44/44 37/37
f 26/26 46/46 39/39
f 28/28 46/46 26/26
f 28/28 40/40 46/46
f 47/47 40/40 41/41
f 48/48 49/49 50/50
f 50/50 49/49 42/42
f 49/49 43/43 42/42
f 32/32 31/31 51/51
f 6/6 32/32 52/52
f 6/6 52/52 19/19
f 34/34 33/33 53/53
f 35/35 34/34 54/54
f 35/35 54/54 55/55
f 45/45 56/56 57/57
f 44/44 56/56 45/45
f 36/36 58/58 44/44
f 24/24 38/38 36/36
f 47/47 46/46 40/40
f 59/59 47/47 41/41
f 60/60 61/61 48/48
f 48/48 61/61 49/49
f 32/32 51/51 52/52
f 34/34 53/53 54/54
f 54/54 62/62 55/55
f 63/63 64/64 65/65
f 57/57 56/56 65/65
f 65/65 56/56 63/63
f 44/44 58/58 56/56
f 36/36 38/38 58/58
f 47/47 66/66 46/46
f 59/59 66/66 47/47
f 67/67 66/66 59/59
f 68/68 61/61 60/60
f 49/49 61/61 51/51
f 43/43 49/49 51/51
f 62/62 54/54 69/69
f 62/62 69/69 70/70
f 70/70 71/71 62/62
f 63/63 72/72 64/64
f 66/66 73/73 46/46
f 67/67 73/73 66/66
f 74/74 73/73 67/67
f 75/75 76/76 77/77
f 78/78 68/68 60/60
f 61/61 68/68 51/51
f 31/31 43/43 51/51
f 64/64 72/72 79/79
f 72/72 63/63 80/80
f 58/58 80/80 56/56
f 81/81 82/82 68/68
f 70/70 69/69 83/83
f 74/74 84/84 73/73
f 85/85 84/84 74/74
f 86/86 82/82 81/81
f 19/19 52/52 53/53
f 33/33 19/19 53/53
f 69/69 54/54 53/53
f 71/71 70/70 87/87
f 88/88 71/71 87/87
f 89/89 90/90 91/91
f 79/79 90/90 89/89
f 79/79 80/80 90/90
f 72/72 80/80 79/79
f 56/56 80/80 63/63
f 84/84 92/92 73/73
f 93/93 94/94 86/86
f 86/86 94/94 82/82
f 69/69 53/53 83/83
f 88/88 87/87 95/95
f 96/96 97/97 91/91
f 91/91 90/90 96/96
f 73/73 92/92 46/46
f 85/85 98/98 84/84
f 99/99 98/98 85/85
f 100/100 94/94 93/93
f 82/82 94/94 101/101
f 68/68 82/82 101/101
f 51/51 68/68 101/101
f 70/70 83/83 87/87
f 95/95 87/87 102/102
f 84/84 98/98 92/92
f 103/103 98/98 99/99
f 104/104 103/103 99/99
f 105/105 100/100 93/93
f 87/87 106/106 102/102
f 95/95 102/102 107/107
f 108/108 109/109 97/97
f 97/97 96/96 108/108
f 39/39 110/110 13/13
f 92/92 111/111 46/46
f 112/112 100/100 105/105
f 94/94 100/100 113/113
f 87/87 83/83 106/106
f 107/107 102/102 114/114
f 114/114 115/115 107/107
f 105/105 116/116 112/112
f 109/109 108/108 117/117
f 80/80 118/118 90/90
f 58/58 110/110 80/80
f 13/13 110/110 38/38
f 119/119 103/103 104/104
f 117/117 108/108 120/120
f 58/58 38/38 110/110
f 121/121 112/112 116/116
f 121/121 122/122 112/112
f 100/100 112/112 113/113
f 94/94 113/113 101/101
f 114/114 102/102 106/106
f 114/114 123/123 115/115
f 117/117 124/124 125/125
f 117/117 120/120 124/124
f 80/80 126/126 118/118
f 103/103 92/92 98/98
f 121/121 127/127 122/122
f 123/123 114/114 128/128
f 96/96 118/118 108/108
f 96/96 90/90 118/118
f 39/39 111/111 110/110
f 119/119 129/129 103/103
f 130/130 129/129 119/119
f 131/131 132/132 121/121
f 121/121 132/132 127/127
f 112/112 122/122 113/113
f 114/114 106/106 128/128
f 133/133 134/134 125/125
f 125/125 124/124 133/133
f 103/103 129/129 92/92
f 131/131 135/135 132/132
f 127/127 132/132 113/113
f 122/122 127/127 113/113
f 134/134 133/133 136/136
f 124/124 120/120 133/133
f 108/108 118/118 120/120
f 80/80 110/110 126/126
f 39/39 46/46 111/111
f 129/129 137/137 92/92
f 130/130 137/137 129/129
f 138/138 123/123 128/128
f 139/139 137/137 130/130
f 140/140 135/135 131/131
f 132/132 135/135 113/113
f 52/52 51/51 141/141
f 83/83 53/53 142/142
f 83/83 142/142 106/106
f 128/128 106/106 143/143
f 138/138 128/128 143/143
f 134/134 136/136 144/144
f 133/133 118/118 136/136
f 133/133 120/120 118/118
f 145/145 137/137 139/139
f 146/146 147/147 140/140
f 147/147 148/148 140/140
f 135/135 140/140 148/148
f 138/138 143/143 149/149
f 138/138 149/149 150/150
f 144/144 151/151 152/152
f 136/136 151/151 144/144
f 136/136 118/118 151/151
f 153/153 145/145 139/139
f 113/113 135/135 148/148
f 152/152 151/151 154/154
f 155/155 147/147 146/146
f 143/143 106/106 149/149
f 154/154 156/156 152/152
f 154/154 151/151 157/157
f 147/147 155/155 158/158
f 147/147 158/158 148/148
f 159/159 156/156 160/160
f 154/154 157/157 156/156
f 156/156 157/157 160/160
f 151/151 118/118 157/157
f 161/161 162/162 155/155
f 162/162 158/158 155/155
f 149/149 163/163 150/150
f 137/137 164/164 92/92
f 137/137 145/145 164/164
f 165/165 145/145 153/153
f 148/148 158/158 166/166
f 163/163 149/149 167/167
f 165/165 168/168 145/145
f 148/148 166/166 113/113
f 52/52 141/141 53/53
f 169/169 163/163 170/170
f 163/163 167/167 170/170
f 159/159 160/160 171/171
f 160/160 157/157 171/171
f 172/172 168/168 165/165
f 173/173 174/174 161/161
f 174/174 162/162 161/161
f 110/110 175/175 126/126
f 168/168 164/164 145/145
f 176/176 159/159 177/177
f 171/171 178/178 159/159
f 159/159 178/178 177/177
f 157/157 178/178 171/171
f 118/118 178/178 157/157
f 118/118 126/126 178/178
f 92/92 164/164 111/111
f 158/158 162/162 166/166
f 113/113 166/166 101/101
f 53/53 179/179 142/142
f 167/167 149/149 106/106
f 170/170 167/167 180/180
f 172/172 181/181 168/168
f 173/173 182/182 174/174
f 176/176 177/177 183/183
f 177/177 178/178 183/183
f 168/168 181/181 164/164
f 162/162 174/174 166/166
f 174/174 182/182 166/166
f 53/53 141/141 179/179
f 180/180 167/167 184/184
f 167/167 106/106 184/184
f 169/169 170/170 180/180
f 111/111 175/175 110/110
f 185/185 186/186 187/187
f 185/185 187/187 188/188
f 173/173 189/189 182/182
f 51/51 101/101 141/141
f 169/169 180/180 190/190
f 176/176 183/183 191/191
f 186/186 192/192 187/187
f 193/193 181/181 172/172
f 186/186 194/194 192/192
f 189/189 195/195 182/182
f 101/101 166/166 196/196
f 191/191 197/197 198/198
f 183/183 197/197 191/191
f 195/195 199/199 200/200
f 195/195 200/200 182/182
f 190/190 180/180 201/201
f 193/193 202/202 181/181
f 203/203 202/202 193/193
f 190/190 201/201 204/204
f 164/164 181/181 205/205
f 199/199 206/206 207/207
f 200/200 199/199 208/208
f 199/199 207/207 208/208
f 201/201 180/180 184/184
f 209/209 210/210 211/211
f 198/198 210/210 209/209
f 198/198 197/197 210/210
f 200/200 208/208 182/182
f 166/166 182/182 208/208
f 164/164 212/212 111/111
f 211/211 210/210 213/213
f 178/178 197/197 183/183
f 206/206 214/214 207/207
f 210/210 197/197 213/213
f 204/204 201/201 215/215
f 178/178 126/126 197/197
f 216/216 214/214 206/206
f 166/166 208/208 196/196
f 106/106 142/142 184/184
f 201/201 184/184 215/215
f 211/211 217/217 218/218
f 213/213 217/217 211/211
f 181/181 202/202 205/205
f 203/203 219/219 202/202
f 207/207 214/214 220/220
f 208/208 207/207 220/220
f 216/216 221/221 222/222
f 214/214 216/216 220/220
f 216/216 222/222 220/220
f 215/215 184/184 223/223
f 215/215 223/223 224/224
f 218/218 225/225 226/226
f 218/218 217/217 225/225
f 202/202 219/219 205/205
f 215/215 224/224 204/204
f 227/227 219/219 203/203
f 220/220 222/222 228/228
f 223/223 184/184 229/229
f 197/197 217/217 213/213
f 164/164 205/205 212/212
f 221/221 228/228 222/222
f 220/220 228/228 230/230
f 219/219 231/231 205/205
f 219/219 232/232 231/231
f 225/225 233/233 226/226
f 227/227 232/232 219/219
f 228/228 221/221 234/234
f 142/142 179/179 235/235
f 225/225 236/236 233/233
f 217/217 197/197 225/225
f 101/101 196/196 141/141
f 226/226 233/233 237/237
f 221/221 238/238 234/234
f 228/228 234/234 230/230
f 220/220 230/230 208/208
f 227/227 239/239 232/232
f 224/224 223/223 240/240
f 240/240 223/223 241/241
f 238/238 242/242 243/243
f 238/238 243/243 234/234
f 184/184 244/244 229/229
f 223/223 229/229 241/241
f 197/197 236/236 225/225
f 232/232 245/245 231/231
f 239/239 245/245 232/232
f 234/234 243/243 230/230
f 233/233 236/236 237/237
f 237/237 246/246 247/247
f 237/237 236/236 246/246
f 243/243 242/242 248/248
f 243/243 248/248 230/230
f 241/241 229/229 249/249
f 240/240 241/241 250/250
f 241/241 249/249 250/250
f 247/247 246/246 251/251
f 111/111 212/212 175/175
f 245/245 252/252 231/231
f 252/252 245/245 239/239
f 249/249 229/229 253/253
f 254/254 248/248 242/242
f 230/230 248/248 255/255
f 205/205 231/231 212/212
f 256/256 248/248 254/254
f 256/256 255/255 248/248
f 250/250 249/249 257/257
f 249/249 253/253 257/257
f 251/251 258/258 259/259
f 246/246 258/258 251/251
f 126/126 260/260 197/197
f 261/261 262/262 252/252
f 252/252 262/262 231/231
f 256/256 263/263 255/255
f 257/257 253/253 264/264
f 175/175 265/265 126/126
f 231/231 262/262 266/266
f 264/264 253/253 267/267
f 263/263 256/256 268/268
f 258/258 269/269 259/259
f 246/246 236/236 258/258
f 270/270 262/262 261/261
f 253/253 229/229 271/271
f 272/272 264/264 267/267
f 259/259 269/269 273/273
f 266/266 262/262 274/274
f 270/270 274/274 262/262
f 274/274 270/270 275/275
f 268/268 276/276 263/263
f 263/263 276/276 255/255
f 212/212 277/277 175/175
f 230/230 278/278 208/208
f 142/142 244/244 184/184
f 253/253 271/271 267/267
f 275/275 279/279 274/274
f 255/255 276/276 280/280
f 208/208 281/281 196/196
f 258/258 236/236 282/282
f 283/283 279/279 275/275
f 230/230 255/255 278/278
f 208/208 278/278 281/281
f 179/179 141/141 284/284
f 272/272 267/267 285/285
f 273/273 269/269 286/286
f 258/258 282/282 269/269
f 274/274 279/279 266/266
f 287/287 288/288 289/289
f 268/268 290/290 276/276
f 276/276 290/290 280/280
f 229/229 244/244 271/271
f 197/197 260/260 236/236
f 288/288 291/291 289/289
f 279/279 292/292 266/266
f 283/283 292/292 279/279
f 292/292 283/283 293/293
f 294/294 295/295 290/290
f 285/285 267/267 296/296
f 290/290 295/295 280/280
f 291/291 288/288 297/297
f 269/269 282/282 286/286
f 126/126 265/265 260/260
f 196/196 281/281 298/298
f 141/141 196/196 298/298
f 267/267 271/271 299/299
f 296/296 267/267 299/299
f 291/291 297/297 300/300
f 266/266 292/292 293/293
f 255/255 280/280 278/278
f 286/286 282/282 301/301
f 294/294 302/302 295/295
f 141/141 298/298 284/284
f 212/212 303/303 277/277
f 293/293 304/304 266/266
f 302/302 305/305 295/295
f 235/235 179/179 306/306
f 299/299 307/307 296/296
f 231/231 308/308 212/212
f 266/266 308/308 231/231
f 266/266 304/304 308/308
f 302/302 309/309 305/305
f 244/244 142/142 235/235
f 310/310 311/311 312/312
f 310/310 301/301 311/311
f 299/299 271/271 313/313
f 295/295 305/305 280/280
f 307/307 299/299 313/313
f 314/314 307/307 313/313
f 301/301 282/282 311/311
f 304/304 315/315 308/308
f 315/315 304/304 316/316
f 305/305 309/309 317/317
f 179/179 284/284 306/306
f 311/311 318/318 312/312
f 311/311 282/282 318/318
f 236/236 319/319 282/282
f 175/175 277/277 265/265
f 236/236 260/260 319/319
f 309/309 320/320 317/317
f 305/305 317/317 280/280
f 271/271 321/321 313/313
f 314/314 313/313 321/321
f 312/312 318/318 322/322
f 265/265 323/323 260/260
f 320/320 324/324 317/317
f 282/282 325/325 318/318
f 282/282 319/319 325/325
f 277/277 326/326 265/265
f 316/316 327/327 315/315
f 328/328 329/329 330/330
f 329/329 331/331 330/330
f 332/332 333/333 334/334
f 335/335 333/333 332/332
f 336/336 337/337 332/332
f 335/335 332/332 337/337
f 338/338 339/339 340/340
f 320/320 341/341 342/342
f 320/320 342/342 324/324
f 343/343 314/314 321/321
f 344/344 327/327 316/316
f 345/345 346/346 347/347
f 334/334 348/348 332/332
f 349/349 350/350 351/351
f 352/352 353/353 333/333
f 354/354 352/352 333/333
f 333/333 335/335 354/354
f 355/355 356/356 357/357
f 358/358 359/359 360/360
f 361/361 362/362 363/363
f 364/364 360/360 359/359
f 365/365 362/362 361/361
f 340/340 339/339 366/366
f 340/340 366/366 367/367
f 368/368 369/369 370/370
f 371/371 370/370 369/369
f 338/338 340/340 372/372
f 298/298 281/281 373/373
f 322/322 374/374 375/375
f 322/322 318/318 374/374
f 376/376 377/377 345/345
f 345/345 347/347 376/376
f 350/350 378/378 351/351
f 378/378 379/379 351/351
f 346/346 380/380 347/347
f 328/328 381/381 329/329
f 382/382 383/383 384/384
f 383/383 385/385 384/384
f 386/386 387/387 388/388
f 346/346 389/389 380/380
f 390/390 361/361 363/363
f 366/366 339/339 391/391
f 368/368 392/392 393/393
f 392/392 368/368 370/370
f 394/394 395/395 396/396
f 395/395 394/394 397/397
f 398/398 371/371 369/369
f 369/369 399/399 398/398
f 278/278 400/400 281/281
f 321/321 401/401 343/343
f 402/402 377/377 376/376
f 403/403 381/381 328/328
f 404/404 405/405 406/406
f 379/379 407/407 351/351
f 387/387 386/386 408/408
f 409/409 352/352 354/354
f 410/410 388/388 387/387
f 335/335 337/337 411/411
f 335/335 411/411 354/354
f 355/355 357/357 412/412
f 357/357 413/413 412/412
f 390/390 414/414 361/361
f 364/364 415/415 360/360
f 416/416 417/417 364/364
f 391/391 418/418 366/366
f 418/418 367/367 366/366
f 419/419 420/420 395/395
f 420/420 396/396 395/395
f 397/397 394/394 421/421
f 421/421 422/422 397/397
f 317/317 324/324 278/278
f 317/317 278/278 280/280
f 423/423 343/343 401/401
f 376/376 424/424 402/402
f 328/328 425/425 403/403
f 376/376 347/347 424/424
f 426/426 427/427 428/428
f 383/383 429/429 385/385
f 430/430 431/431 379/379
f 431/431 407/407 379/379
f 432/432 385/385 429/429
f 431/431 433/433 407/407
f 434/434 435/435 436/436
f 437/437 435/435 434/434
f 437/437 438/438 435/435
f 431/431 439/439 433/433
f 440/440 439/439 431/431
f 387/387 441/441 410/410
f 442/442 438/438 443/443
f 354/354 411/411 444/444
f 445/445 355/355 412/412
f 361/361 414/414 365/365
f 414/414 446/446 365/365
f 364/364 417/417 415/415
f 417/417 416/416 447/447
f 448/448 367/367 418/418
f 449/449 419/419 450/450
f 419/419 449/449 420/420
f 451/451 452/452 453/453
f 453/453 452/452 454/454
f 454/454 455/455 453/453
f 394/394 456/456 421/421
f 306/306 284/284 457/457
f 318/318 325/325 374/374
f 265/265 458/458 459/459
f 315/315 327/327 308/308
f 460/460 461/461 462/462
f 463/463 432/432 464/464
f 385/385 432/432 463/463
f 465/465 466/466 467/467
f 406/406 468/468 404/404
f 432/432 469/469 470/470
f 430/430 471/471 431/431
f 472/472 404/404 468/468
f 473/473 432/432 429/429
f 469/469 474/474 470/470
f 475/475 476/476 477/477
f 474/474 478/478 479/479
f 480/480 431/431 471/471
f 389/389 481/481 380/380
f 435/435 438/438 442/442
f 440/440 431/431 480/480
f 410/410 441/441 482/482
f 410/410 482/482 483/483
f 409/409 354/354 484/484
f 485/485 354/354 444/444
f 442/442 486/486 487/487
f 486/486 442/442 488/488
f 442/442 443/443 488/488
f 489/489 490/490 491/491
f 354/354 485/485 484/484
f 412/412 492/492 445/445
f 493/493 494/494 495/495
f 496/496 412/412 413/413
f 418/418 391/391 497/497
f 498/498 499/499 451/451
f 499/499 452/452 451/451
f 392/392 370/370 500/500
f 454/454 452/452 501/501
f 502/502 454/454 501/501
f 455/455 454/454 502/502
f 455/455 502/502 503/503
f 422/422 421/421 504/504
f 341/341 505/505 342/342
f 265/265 459/459 323/323
f 265/265 326/326 458/458
f 344/344 506/506 327/327
f 506/506 344/344 507/507
f 508/508 509/509 510/510
f 427/427 511/511 428/428
f 512/512 467/467 513/513
f 406/406 514/514 468/468
f 470/470 464/464 432/432
f 515/515 516/516 517/517
f 430/430 379/379 518/518
f 515/515 517/517 519/519
f 470/470 474/474 479/479
f 520/520 472/472 468/468
f 521/521 522/522 523/523
f 471/471 524/524 480/480
f 441/441 525/525 482/482
f 521/521 526/526 522/522
f 486/486 444/444 487/487
f 484/484 485/485 527/527
f 444/444 528/528 485/485
f 529/529 530/530 531/531
f 530/530 532/532 533/533
f 533/533 532/532 534/534
f 533/533 535/535 530/530
f 496/496 492/492 412/412
f 416/416 536/536 447/447
f 417/417 447/447 537/537
f 418/418 538/538 448/448
f 539/539 540/540 541/541
f 498/498 540/540 539/539
f 393/393 542/542 543/543
f 499/499 498/498 539/539
f 393/393 392/392 542/542
f 544/544 370/370 371/371
f 371/371 545/545 544/544
f 545/545 371/371 398/398
f 421/421 546/546 504/504
f 547/547 505/505 341/341
f 342/342 505/505 324/324
f 298/298 548/548 284/284
f 284/284 549/549 457/457
f 321/321 271/271 550/550
f 375/375 374/374 551/551
f 513/513 467/467 466/466
f 468/468 514/514 552/552
f 517/517 553/553 519/519
f 465/465 554/554 466/466
f 522/522 555/555 523/523
f 556/556 557/557 558/558
f 484/484 559/559 409/409
f 560/560 490/490 561/561
f 559/559 484/484 562/562
f 484/484 527/527 562/562
f 444/444 486/486 563/563
f 560/560 491/491 490/490
f 528/528 444/444 563/563
f 564/564 565/565 566/566
f 491/491 564/564 566/566
f 485/485 567/567 527/527
f 527/527 532/532 562/562
f 532/532 530/530 568/568
f 530/530 529/529 568/568
f 527/527 534/534 532/532
f 569/569 570/570 571/571
f 572/572 573/573 574/574
f 575/575 576/576 577/577
f 577/577 576/576 578/578
f 495/495 579/579 580/580
f 447/447 581/581 582/582
f 417/417 583/583 415/415
f 417/417 537/537 583/583
f 497/497 584/584 418/418
f 584/584 538/538 418/418
f 452/452 499/499 585/585
f 500/500 542/542 392/392
f 501/501 452/452 585/585
f 500/500 370/370 544/544
f 503/503 502/502 586/586
f 398/398 587/587 545/545
f 547/547 588/588 589/589
f 547/547 589/589 505/505
f 324/324 505/505 278/278
f 281/281 400/400 373/373
f 306/306 590/590 591/591
f 235/235 306/306 591/591
f 321/321 550/550 401/401
f 374/374 592/592 551/551
f 458/458 593/593 459/459
f 458/458 594/594 593/593
f 326/326 594/594 458/458
f 327/327 506/506 308/308
f 513/513 466/466 595/595
f 468/468 557/557 520/520
f 596/596 597/597 598/598
f 466/466 554/554 599/599
f 600/600 596/596 601/601
f 601/601 602/602 600/600
f 564/564 491/491 560/560
f 564/564 603/603 565/565
f 562/562 532/532 568/568
f 567/567 485/485 528/528
f 604/604 568/568 529/529
f 527/527 567/567 534/534
f 531/531 604/604 529/529
f 530/530 535/535 531/531
f 605/605 606/606 607/607
f 606/606 608/608 607/607
f 609/609 571/571 570/570
f 610/610 572/572 574/574
f 611/611 612/612 613/613
f 611/611 614/614 612/612
f 574/574 615/615 610/610
f 616/616 617/617 618/618
f 619/619 620/620 621/621
f 622/622 493/493 623/623
f 493/493 624/624 623/623
f 494/494 493/493 622/622
f 625/625 577/577 626/626
f 627/627 577/577 625/625
f 628/628 495/495 494/494
f 628/628 579/579 495/495
f 582/582 537/537 447/447
f 540/540 629/629 541/541
f 543/543 542/542 630/630
f 500/500 631/631 542/542
f 501/501 632/632 502/502
f 632/632 633/633 502/502
f 634/634 635/635 636/636
f 637/637 638/638 456/456
f 456/456 638/638 421/421
f 271/271 244/244 550/550
f 551/551 592/592 639/639
f 326/326 640/640 594/594
f 641/641 642/642 643/643
f 594/594 644/644 593/593
f 552/552 557/557 468/468
f 645/645 557/557 552/552
f 558/558 557/557 645/645
f 598/598 601/601 596/596
f 554/554 646/646 599/599
f 559/559 562/562 647/647
f 647/647 562/562 568/568
f 648/648 649/649 565/565
f 565/565 603/603 648/648
f 649/649 648/648 650/650
f 605/605 650/650 651/651
f 652/652 608/608 606/606
f 653/653 652/652 606/606
f 654/654 655/655 656/656
f 609/609 570/570 657/657
f 658/658 659/659 660/660
f 661/661 662/662 663/663
f 664/664 665/665 666/666
f 612/612 614/614 667/667
f 665/665 668/668 666/666
f 669/669 621/621 620/620
f 615/615 574/574 670/670
f 671/671 617/617 672/672
f 617/617 616/616 672/672
f 672/672 616/616 620/620
f 673/673 674/674 675/675
f 619/619 676/676 620/620
f 677/677 678/678 679/679
f 680/680 623/623 681/681
f 622/622 623/623 680/680
f 622/622 682/682 683/683
f 622/622 683/683 628/628
f 626/626 577/577 684/684
f 622/622 628/628 494/494
f 684/684 577/577 578/578
f 628/628 685/685 579/579
f 576/576 686/686 578/578
f 499/499 687/687 585/585
f 539/539 687/687 499/499
f 688/688 501/501 585/585
f 632/632 501/501 688/688
f 500/500 544/544 689/689
f 690/690 544/544 545/545
f 550/550 691/691 401/401
f 323/323 459/459 692/692
f 594/594 693/693 694/694
f 594/594 640/640 693/693
f 277/277 695/695 326/326
f 212/212 308/308 303/303
f 308/308 506/506 696/696
f 644/644 594/594 697/697
f 641/641 643/643 698/698
f 513/513 595/595 699/699
f 466/466 599/599 595/595
f 700/700 701/701 598/598
f 598/598 701/701 601/601
f 646/646 702/702 599/599
f 703/703 564/564 560/560
f 603/603 564/564 703/703
f 568/568 604/604 704/704
f 650/650 648/648 651/651
f 531/531 704/704 604/604
f 651/651 705/705 605/605
f 605/605 705/705 606/606
f 531/531 535/535 706/706
f 535/535 707/707 706/706
f 708/708 608/608 709/709
f 608/608 652/652 709/709
f 710/710 656/656 655/655
f 710/710 655/655 711/711
f 661/661 712/712 664/664
f 713/713 659/659 658/658
f 615/615 714/714 610/610
f 661/661 664/664 666/666
f 665/665 664/664 712/712
f 616/616 618/618 715/715
f 715/715 669/669 616/616
f 666/666 662/662 661/661
f 666/666 668/668 662/662
f 716/716 717/717 718/718
f 620/620 616/616 669/669
f 671/671 713/713 617/617
f 674/674 673/673 662/662
f 674/674 662/662 668/668
f 676/676 672/672 620/620
f 719/719 720/720 721/721
f 722/722 680/680 681/681
f 622/622 680/680 723/723
f 682/682 622/622 723/723
f 724/724 677/677 679/679
f 684/684 578/578 725/725
f 582/582 581/581 726/726
f 584/584 727/727 538/538
f 584/584 497/497 728/728
f 544/544 690/690 689/689
f 421/421 729/729 546/546
f 588/588 730/730 589/589
f 589/589 730/730 505/505
f 306/306 457/457 590/590
f 423/423 401/401 691/691
f 731/731 423/423 691/691
f 639/639 592/592 732/732
f 374/374 325/325 592/592
f 593/593 733/733 459/459
f 734/734 640/640 326/326
f 507/507 735/735 506/506
f 641/641 736/736 642/642
f 737/737 736/736 641/641
f 594/594 694/694 697/697
f 644/644 697/697 738/738
f 739/739 645/645 552/552
f 599/599 702/702 740/740
f 741/741 602/602 601/601
f 704/704 647/647 568/568
f 648/648 742/742 651/651
f 531/531 743/743 704/704
f 743/743 531/531 706/706
f 606/606 705/705 653/653
f 707/707 744/744 706/706
f 708/708 709/709 745/745
f 746/746 747/747 748/748
f 749/749 750/750 751/751
f 752/752 753/753 754/754
f 752/752 755/755 753/753
f 756/756 757/757 663/663
f 661/661 757/757 758/758
f 712/712 661/661 758/758
f 750/750 749/749 759/759
f 755/755 760/760 753/753
f 760/760 755/755 761/761
f 661/661 663/663 757/757
f 762/762 753/753 760/760
f 763/763 764/764 765/765
f 712/712 766/766 665/665
f 767/767 659/659 713/713
f 768/768 617/617 713/713
f 765/765 764/764 769/769
f 716/716 718/718 770/770
f 771/771 721/721 772/772
f 771/771 719/719 721/721
f 626/626 684/684 773/773
f 683/683 774/774 628/628
f 628/628 774/774 685/685
f 686/686 725/725 578/578
f 775/775 582/582 726/726
f 582/582 775/775 776/776
f 537/537 777/777 583/583
f 537/537 776/776 777/777
f 582/582 776/776 537/537
f 584/584 778/778 727/727
f 542/542 779/779 630/630
f 542/542 631/631 779/779
f 631/631 500/500 689/689
f 284/284 548/548 549/549
f 692/692 780/780 323/323
f 459/459 733/733 692/692
f 277/277 781/781 695/695
f 735/735 782/782 506/506
f 737/737 783/783 736/736
f 694/694 784/784 697/697
f 693/693 784/784 694/694
f 784/784 785/785 697/697
f 784/784 693/693 786/786
f 640/640 786/786 693/693
f 734/734 786/786 640/640
f 641/641 698/698 737/737
f 785/785 738/738 697/697
f 699/699 595/595 787/787
f 699/699 787/787 788/788
f 740/740 595/595 599/599
f 789/789 790/790 791/791
f 789/789 792/792 790/790
f 789/789 793/793 792/792
f 701/701 794/794 601/601
f 794/794 741/741 601/601
f 795/795 796/796 646/646
f 796/796 702/702 646/646
f 603/603 797/797 648/648
f 798/798 743/743 706/706
f 799/799 800/800 801/801
f 802/802 799/799 801/801
f 745/745 709/709 803/803
f 653/653 709/709 652/652
f 804/804 758/758 805/805
f 806/806 746/746 807/807
f 805/805 757/757 808/808
f 757/757 756/756 808/808
f 748/748 809/809 746/746
f 758/758 757/757 805/805
f 810/810 811/811 812/812
f 755/755 752/752 813/813
f 814/814 755/755 813/813
f 761/761 755/755 814/814
f 815/815 761/761 814/814
f 758/758 816/816 712/712
f 817/817 712/712 816/816
f 817/817 766/766 712/712
f 818/818 819/819 820/820
f 821/821 818/818 820/820
f 756/756 818/818 821/821
f 822/822 823/823 767/767
f 713/713 822/822 767/767
f 824/824 771/771 772/772
f 713/713 671/671 822/822
f 723/723 680/680 722/722
f 825/825 626/626 826/826
f 773/773 827/827 826/826
f 773/773 826/826 626/626
f 724/724 679/679 828/828
f 771/771 829/829 719/719
f 684/684 725/725 773/773
f 774/774 830/830 685/685
f 775/775 726/726 831/831
f 728/728 832/832 584/584
f 832/832 778/778 584/584
f 727/727 833/833 538/538
f 834/834 835/835 629/629
f 541/541 629/629 835/835
f 539/539 836/836 687/687
f 836/836 539/539 541/541
f 687/687 688/688 585/585
f 689/689 690/690 837/837
f 729/729 421/421 638/638
f 690/690 545/545 838/838
f 838/838 545/545 587/587
f 546/546 839/839 504/504
f 588/588 840/840 730/730
f 278/278 505/505 841/841
f 639/639 732/732 842/842
f 592/592 325/325 732/732
f 260/260 323/323 843/843
f 733/733 844/844 692/692
f 326/326 845/845 734/734
f 277/277 846/846 781/781
f 277/277 303/303 846/846
f 847/847 848/848 849/849
f 850/850 847/847 849/849
f 737/737 698/698 851/851
f 785/785 852/852 738/738
f 645/645 739/739 853/853
f 645/645 853/853 854/854
f 792/792 855/855 790/790
f 856/856 741/741 794/794
f 603/603 857/857 797/797
f 703/703 857/857 603/603
f 796/796 795/795 858/858
f 797/797 742/742 648/648
f 704/704 743/743 859/859
f 860/860 861/861 862/862
f 861/861 800/800 863/863
f 861/861 863/863 862/862
f 800/800 864/864 863/863
f 800/800 799/799 864/864
f 653/653 705/705 865/865
f 866/866 653/653 865/865
f 709/709 866/866 803/803
f 866/866 709/709 653/653
f 867/867 868/868 869/869
f 869/869 870/870 867/867
f 871/871 872/872 873/873
f 871/871 874/874 875/875
f 807/807 746/746 809/809
f 756/756 821/821 808/808
f 748/748 876/876 809/809
f 766/766 817/817 877/877
f 878/878 876/876 748/748
f 750/750 759/759 879/879
f 880/880 767/767 823/823
f 881/881 823/823 822/822
f 882/882 827/827 773/773
f 773/773 725/725 882/882
f 719/719 829/829 883/883
f 882/882 725/725 884/884
f 828/828 885/885 724/724
f 885/885 886/886 724/724
f 887/887 883/883 829/829
f 725/725 686/686 884/884
f 888/888 583/583 777/777
f 831/831 889/889 775/775
f 775/775 889/889 776/776
f 890/890 777/777 891/891
f 776/776 891/891 777/777
f 889/889 891/891 776/776
f 778/778 892/892 727/727
f 892/892 833/833 727/727
f 541/541 835/835 836/836
f 687/687 893/893 688/688
f 632/632 894/894 633/633
f 895/895 896/896 897/897
f 897/897 896/896 898/898
f 898/898 899/899 900/900
f 898/898 896/896 899/899
f 901/901 902/902 638/638
f 902/902 729/729 638/638
f 840/840 903/903 730/730
f 730/730 903/903 505/505
f 457/457 549/549 904/904
f 550/550 244/244 905/905
f 691/691 550/550 906/906
f 691/691 906/906 731/731
f 732/732 907/907 842/842
f 848/848 908/908 849/849
f 783/783 737/737 909/909
f 909/909 737/737 851/851
f 785/785 910/910 852/852
f 738/738 852/852 911/911
f 784/784 910/910 785/785
f 786/786 910/910 784/784
f 595/595 912/912 787/787
f 788/788 787/787 913/913
f 912/912 595/595 740/740
f 793/793 914/914 792/792
f 792/792 914/914 855/855
f 702/702 915/915 740/740
f 915/915 702/702 796/796
f 858/858 916/916 796/796
f 917/917 860/860 862/862
f 918/918 919/919 920/920
f 921/921 922/922 923/923
f 923/923 922/922 924/924
f 925/925 926/926 927/927
f 868/868 928/928 929/929
f 929/929 869/869 868/868
f 870/870 869/869 930/930
f 873/873 931/931 871/871
f 871/871 931/931 874/874
f 931/931 932/932 874/874
f 933/933 934/934 935/935
f 872/872 930/930 873/873
f 936/936 874/874 932/932
f 937/937 938/938 939/939
f 824/824 772/772 940/940
f 823/823 881/881 941/941
f 942/942 943/943 881/881
f 829/829 771/771 944/944
f 945/945 887/887 829/829
f 946/946 947/947 948/948
f 949/949 886/886 885/885
f 950/950 946/946 948/948
f 885/885 951/951 949/949
f 952/952 778/778 832/832
f 949/949 953/953 954/954
f 951/951 953/953 949/949
f 687/687 836/836 893/893
f 779/779 631/631 955/955
f 631/631 689/689 955/955
f 902/902 901/901 956/956
f 957/957 690/690 838/838
f 958/958 546/546 729/729
f 840/840 959/959 960/960
f 840/840 960/960 903/903
f 505/505 903/903 841/841
f 842/842 907/907 961/961
f 962/962 845/845 963/963
f 326/326 695/695 845/845
f 845/845 695/695 963/963
f 506/506 782/782 696/696
f 850/850 849/849 964/964
f 851/851 965/965 909/909
f 966/966 854/854 853/853
f 967/967 968/968 969/969
f 740/740 915/915 970/970
f 855/855 914/914 971/971
f 972/972 973/973 974/974
f 796/796 975/975 915/915
f 916/916 975/975 796/796
f 972/972 976/976 977/977
f 919/919 916/916 920/920
f 921/921 978/978 922/922
f 979/979 863/863 864/864
f 980/980 981/981 982/982
f 864/864 799/799 983/983
f 866/866 984/984 803/803
f 985/985 866/866 865/865
f 986/986 987/987 988/988
f 987/987 989/989 988/988
f 990/990 991/991 992/992
f 993/993 994/994 995/995
f 996/996 997/997 998/998
f 987/987 986/986 999/999
f 1000/1000 994/994 993/993
f 999/999 986/986 1001/1001
f 1000/1000 1002/1002 994/994
f 1003/1003 1004/1004 809/809
f 869/869 1005/1005 930/930
f 930/930 1005/1005 873/873
f 931/931 873/873 1006/1006
f 1007/1007 1008/1008 1009/1009
f 1010/1010 1011/1011 926/926
f 1012/1012 1007/1007 1009/1009
f 1003/1003 809/809 876/876
f 936/936 932/932 1013/1013
f 939/939 938/938 1014/1014
f 1015/1015 935/935 1016/1016
f 934/934 1016/1016 935/935
f 1017/1017 1018/1018 1019/1019
f 1020/1020 1021/1021 1022/1022
f 880/880 823/823 1016/1016
f 940/940 1023/1023 824/824
f 823/823 941/941 1016/1016
f 771/771 824/824 1023/1023
f 1024/1024 941/941 943/943
f 941/941 881/881 943/943
f 771/771 1025/1025 944/944
f 1026/1026 1027/1027 943/943
f 943/943 942/942 1026/1026
f 1026/1026 946/946 1027/1027
f 945/945 1028/1028 887/887
f 946/946 950/950 1027/1027
f 951/951 885/885 1029/1029
f 951/951 1029/1029 1030/1030
f 1030/1030 1031/1031 951/951
f 630/630 779/779 1032/1032
f 836/836 1033/1033 893/893
f 951/951 1031/1031 1034/1034
f 1035/1035 1036/1036 1037/1037
f 893/893 1038/1038 688/688
f 955/955 689/689 1039/1039
f 688/688 1038/1038 632/632
f 632/632 1038/1038 894/894
f 1038/1038 1040/1040 894/894
f 689/689 837/837 1039/1039
f 1041/1041 899/899 896/896
f 837/837 690/690 957/957
f 838/838 1042/1042 957/957
f 839/839 546/546 1043/1043
f 457/457 904/904 590/590
f 244/244 235/235 1044/1044
f 303/303 308/308 1045/1045
f 852/852 910/910 1046/1046
f 964/964 849/849 1047/1047
f 911/911 1048/1048 1049/1049
f 911/911 852/852 1048/1048
f 787/787 912/912 913/913
f 1050/1050 853/853 739/739
f 967/967 1051/1051 968/968
f 970/970 912/912 740/740
f 974/974 973/973 968/968
f 974/974 976/976 972/972
f 916/916 1052/1052 975/975
f 976/976 1053/1053 977/977
f 916/916 919/919 1052/1052
f 977/977 978/978 921/921
f 1053/1053 978/978 977/977
f 1054/1054 981/981 1055/1055
f 799/799 1056/1056 983/983
f 1057/1057 1058/1058 1059/1059
f 990/990 992/992 1060/1060
f 1061/1061 998/998 997/997
f 988/988 1001/1001 986/986
f 1005/1005 1062/1062 1006/1006
f 931/931 1006/1006 1063/1063
f 925/925 1064/1064 926/926
f 995/995 994/994 1065/1065
f 1066/1066 990/990 1060/1060
f 1066/1066 1067/1067 990/990
f 1008/1008 1007/1007 1068/1068
f 1064/1064 1010/1010 926/926
f 994/994 1002/1002 1065/1065
f 1003/1003 1069/1069 1004/1004
f 1006/1006 873/873 1005/1005
f 931/931 1063/1063 932/932
f 1011/1011 1010/1010 1070/1070
f 1071/1071 1013/1013 932/932
f 1071/1071 1072/1072 1013/1013
f 876/876 1073/1073 1074/1074
f 1075/1075 1076/1076 1077/1077
f 934/934 880/880 1016/1016
f 938/938 1078/1078 1014/1014
f 940/940 1079/1079 1023/1023
f 1080/1080 1081/1081 1082/1082
f 1083/1083 1081/1081 1080/1080
f 1016/1016 1084/1084 1015/1015
f 1085/1085 1086/1086 1087/1087
f 1088/1088 1089/1089 1090/1090
f 1085/1085 1084/1084 1086/1086
f 1084/1084 1016/1016 941/941
f 1023/1023 1025/1025 771/771
f 1084/1084 1024/1024 1086/1086
f 941/941 1024/1024 1084/1084
f 1027/1027 1091/1091 943/943
f 1092/1092 1091/1091 1027/1027
f 1027/1027 1093/1093 1092/1092
f 1027/1027 950/950 1093/1093
f 832/832 1094/1094 952/952
f 1095/1095 1096/1096 1097/1097
f 1095/1095 630/630 1096/1096
f 630/630 1032/1032 1096/1096
f 1098/1098 1099/1099 1036/1036
f 1098/1098 1036/1036 1035/1035
f 1030/1030 1100/1100 1031/1031
f 1101/1101 896/896 895/895
f 901/901 1102/1102 956/956
f 546/546 958/958 1043/1043
f 235/235 591/591 1044/1044
f 780/780 692/692 844/844
f 962/962 963/963 1103/1103
f 1104/1104 1105/1105 1106/1106
f 1107/1107 783/783 909/909
f 1108/1108 909/909 965/965
f 1046/1046 1048/1048 852/852
f 1109/1109 964/964 1047/1047
f 1110/1110 1111/1111 1112/1112
f 1111/1111 1113/1113 1112/1112
f 1114/1114 1115/1115 1116/1116
f 1117/1117 1114/1114 1116/1116
f 1114/1114 1117/1117 1118/1118
f 788/788 913/913 1119/1119
f 1119/1119 1120/1120 788/788
f 968/968 1051/1051 1121/1121
f 1121/1121 974/974 968/968
f 970/970 1122/1122 912/912
f 970/970 915/915 1123/1123
f 975/975 1123/1123 915/915
f 1123/1123 975/975 1124/1124
f 1124/1124 975/975 1052/1052
f 1053/1053 1125/1125 978/978
f 1054/1054 1055/1055 1126/1126
f 1127/1127 863/863 1128/1128
f 919/919 1129/1129 1052/1052
f 981/981 1054/1054 1130/1130
f 863/863 979/979 1128/1128
f 981/981 1130/1130 982/982
f 979/979 864/864 1131/1131
f 989/989 1132/1132 988/988
f 1059/1059 1133/1133 1057/1057
f 1134/1134 1004/1004 1069/1069
f 1135/1135 1001/1001 988/988
f 1136/1136 932/932 1063/1063
f 1133/1133 1059/1059 1137/1137
f 1138/1138 1137/1137 1059/1059
f 1136/1136 1071/1071 932/932
f 1007/1007 1012/1012 1139/1139
f 1003/1003 876/876 1074/1074
f 1140/1140 1014/1014 1141/1141
f 1142/1142 1083/1083 1080/1080
f 1078/1078 1141/1141 1014/1014
f 1143/1143 1087/1087 1086/1086
f 1025/1025 1144/1144 944/944
f 943/943 1091/1091 1024/1024
f 1145/1145 945/945 829/829
f 1092/1092 1093/1093 1146/1146
f 1147/1147 1148/1148 945/945
f 1028/1028 945/945 1149/1149
f 1149/1149 945/945 1148/1148
f 1030/1030 1029/1029 1150/1150
f 1099/1099 1098/1098 1151/1151
f 1152/1152 1153/1153 1154/1154
f 1152/1152 1154/1154 1155/1155
f 1100/1100 1030/1030 1156/1156
f 893/893 1157/1157 1038/1038
f 1032/1032 779/779 1158/1158
f 1159/1159 1155/1155 1154/1154
f 1160/1160 1159/1159 1154/1154
f 779/779 955/955 1158/1158
f 1161/1161 1162/1162 1163/1163
f 1161/1161 1163/1163 1164/1164
f 1040/1040 1038/1038 1165/1165
f 1159/1159 1166/1166 1167/1167
f 1041/1041 1167/1167 1166/1166
f 1041/1041 896/896 1101/1101
f 1039/1039 837/837 1168/1168
f 1168/1168 837/837 957/957
f 903/903 960/960 841/841
f 550/550 905/905 1169/1169
f 732/732 325/325 1170/1170
f 696/696 1045/1045 308/308
f 1105/1105 1171/1171 1172/1172
f 1106/1106 1105/1105 1172/1172
f 1173/1173 1174/1174 908/908
f 908/908 1047/1047 849/849
f 1174/1174 1047/1047 908/908
f 1175/1175 1176/1176 1177/1177
f 909/909 1108/1108 1107/1107
f 1178/1178 1112/1112 1113/1113
f 1179/1179 1111/1111 1110/1110
f 1180/1180 1181/1181 1182/1182
f 1183/1183 1180/1180 1182/1182
f 1179/1179 1184/1184 1111/1111
f 1184/1184 1116/1116 1185/1185
f 1185/1185 1116/1116 1115/1115
f 1118/1118 1186/1186 1114/1114
f 1118/1118 1187/1187 1186/1186
f 912/912 1188/1188 913/913
f 1119/1119 913/913 1188/1188
f 974/974 1121/1121 1189/1189
f 912/912 1122/1122 1188/1188
f 976/976 1189/1189 1190/1190
f 1191/1191 1122/1122 970/970
f 974/974 1189/1189 976/976
f 1123/1123 1191/1191 970/970
f 1191/1191 1123/1123 1124/1124
f 1190/1190 1192/1192 1053/1053
f 1053/1053 1192/1192 1193/1193
f 976/976 1190/1190 1053/1053
f 1194/1194 1124/1124 1052/1052
f 1125/1125 1053/1053 1193/1193
f 1195/1195 1130/1130 1054/1054
f 983/983 1131/1131 864/864
f 980/980 982/982 1196/1196
f 866/866 1197/1197 984/984
f 985/985 1197/1197 866/866
f 1069/1069 1198/1198 1134/1134
f 1133/1133 1137/1137 1199/1199
f 1062/1062 1200/1200 1006/1006
f 1063/1063 1006/1006 1201/1201
f 1136/1136 1063/1063 1201/1201
f 1064/1064 1202/1202 1010/1010
f 1203/1203 1070/1070 1010/1010
f 1139/1139 1204/1204 1205/1205
f 1206/1206 1023/1023 1079/1079
f 1207/1207 1208/1208 1024/1024
f 1209/1209 1207/1207 1024/1024
f 1210/1210 944/944 1211/1211
f 1212/1212 1213/1213 1214/1214
f 1213/1213 1209/1209 1214/1214
f 1024/1024 1091/1091 1209/1209
f 829/829 944/944 1210/1210
f 829/829 1210/1210 1145/1145
f 1091/1091 1214/1214 1209/1209
f 945/945 1145/1145 1147/1147
f 1215/1215 1152/1152 1155/1155
f 1156/1156 1030/1030 1216/1216
f 1217/1217 1216/1216 1030/1030
f 1150/1150 1217/1217 1030/1030
f 1157/1157 1218/1218 1038/1038
f 1155/1155 1219/1219 1215/1215
f 1158/1158 955/955 1220/1220
f 1167/1167 1219/1219 1155/1155
f 1159/1159 1167/1167 1155/1155
f 1218/1218 1165/1165 1038/1038
f 1221/1221 1219/1219 1167/1167
f 1221/1221 1041/1041 1101/1101
f 1167/1167 1041/1041 1221/1221
f 1102/1102 1164/1164 956/956
f 957/957 1042/1042 1168/1168
f 1222/1222 729/729 902/902
f 1222/1222 958/958 729/729
f 400/400 278/278 841/841
f 732/732 1170/1170 907/907
f 843/843 319/319 260/260
f 1176/1176 1175/1175 1223/1223
f 695/695 781/781 1224/1224
f 1225/1225 782/782 735/735
f 1226/1226 783/783 1107/1107
f 1227/1227 1228/1228 1174/1174
f 1174/1174 1228/1228 1229/1229
f 1172/1172 1171/1171 1230/1230
f 1231/1231 1232/1232 1233/1233
f 1174/1174 1229/1229 1047/1047
f 1112/1112 1178/1178 1234/1234
f 1109/1109 1229/1229 1235/1235
f 1047/1047 1229/1229 1109/1109
f 1236/1236 1237/1237 1238/1238
f 1239/1239 1240/1240 1177/1177
f 1239/1239 1177/1177 1176/1176
f 1179/1179 1110/1110 1241/1241
f 1183/1183 1242/1242 1180/1180
f 1184/1184 1185/1185 1243/1243
f 1117/1117 1116/1116 1184/1184
f 1184/1184 1244/1244 1117/1117
f 1117/1117 1245/1245 1118/1118
f 1246/1246 1247/1247 1248/1248
f 1187/1187 1118/1118 1249/1249
f 1114/1114 1250/1250 1251/1251
f 1186/1186 1250/1250 1114/1114
f 1124/1124 1194/1194 1252/1252
f 1124/1124 1252/1252 1253/1253
f 1254/1254 1253/1253 1255/1255
f 1254/1254 1124/1124 1253/1253
f 1054/1054 1126/1126 1256/1256
f 982/982 1130/1130 1257/1257
f 1258/1258 1259/1259 1260/1260
f 1056/1056 1261/1261 983/983
f 1262/1262 1263/1263 988/988
f 1135/1135 988/988 1263/1263
f 1264/1264 1069/1069 1265/1265
f 1201/1201 1006/1006 1200/1200
f 1266/1266 1010/1010 1202/1202
f 1203/1203 1010/1010 1266/1266
f 1068/1068 1007/1007 1267/1267
f 1071/1071 1268/1268 1072/1072
f 1205/1205 1007/1007 1139/1139
f 1269/1269 1270/1270 1271/1271
f 1086/1086 1024/1024 1208/1208
f 1143/1143 1086/1086 1208/1208
f 1144/1144 1211/1211 944/944
f 1213/1213 1207/1207 1209/1209
f 1272/1272 1145/1145 1210/1210
f 1147/1147 1273/1273 1148/1148
f 1092/1092 1146/1146 1274/1274
f 1275/1275 1096/1096 1032/1032
f 1275/1275 1032/1032 1158/1158
f 1149/1149 1148/1148 1276/1276
f 1276/1276 1148/1148 1273/1273
f 1277/1277 1149/1149 1276/1276
f 1278/1278 1217/1217 1150/1150
f 955/955 1039/1039 1279/1279
f 1039/1039 1280/1280 1279/1279
f 1163/1163 1281/1281 1164/1164
f 1164/1164 1281/1281 956/956
f 1280/1280 1039/1039 1168/1168
f 958/958 1282/1282 1043/1043
f 1222/1222 1282/1282 958/958
f 1283/1283 904/904 549/549
f 590/590 904/904 1284/1284
f 907/907 1285/1285 961/961
f 907/907 1170/1170 1285/1285
f 780/780 1286/1286 1287/1287
f 1288/1288 1229/1229 1228/1228
f 1238/1238 1289/1289 1290/1290
f 1107/1107 1291/1291 1292/1292
f 1288/1288 1235/1235 1229/1229
f 1237/1237 1289/1289 1238/1238
f 1241/1241 1293/1293 1179/1179
f 1240/1240 1239/1239 1294/1294
f 1179/1179 1295/1295 1296/1296
f 1179/1179 1293/1293 1295/1295
f 1297/1297 1298/1298 1181/1181
f 1180/1180 1299/1299 1181/1181
f 1179/1179 1296/1296 1184/1184
f 1300/1300 1184/1184 1296/1296
f 1301/1301 1302/1302 1303/1303
f 1302/1302 1304/1304 1303/1303
f 1303/1303 1304/1304 1246/1246
f 1117/1117 1244/1244 1245/1245
f 1118/1118 1245/1245 1249/1249
f 1248/1248 1305/1305 1306/1306
f 1248/1248 1306/1306 1246/1246
f 1250/1250 1186/1186 1307/1307
f 1187/1187 1307/1307 1186/1186
f 1308/1308 1309/1309 1310/1310
f 1308/1308 1311/1311 1312/1312
f 1308/1308 1313/1313 1309/1309
f 1312/1312 1314/1314 1308/1308
f 1314/1314 1313/1313 1308/1308
f 1314/1314 1315/1315 1313/1313
f 1314/1314 1316/1316 1315/1315
f 1317/1317 1316/1316 1318/1318
f 1315/1315 1317/1317 1319/1319
f 1317/1317 1318/1318 1320/1320
f 1052/1052 1129/1129 1194/1194
f 1254/1254 1255/1255 1321/1321
f 1128/1128 1322/1322 1323/1323
f 1128/1128 979/979 1322/1322
f 1257/1257 1324/1324 982/982
f 1325/1325 1326/1326 1260/1260
f 1327/1327 1328/1328 1329/1329
f 988/988 1132/1132 1262/1262
f 1327/1327 1330/1330 1328/1328
f 1069/1069 1264/1264 1198/1198
f 1263/1263 1331/1331 1135/1135
f 1265/1265 1330/1330 1327/1327
f 1265/1265 1327/1327 1264/1264
f 1068/1068 1267/1267 1332/1332
f 1333/1333 1007/1007 1205/1205
f 1206/1206 1334/1334 1023/1023
f 1023/1023 1334/1334 1335/1335
f 1025/1025 1023/1023 1335/1335
f 1144/1144 1025/1025 1335/1335
f 1208/1208 1207/1207 1336/1336
f 1337/1337 1210/1210 1211/1211
f 1338/1338 1339/1339 1340/1340
f 1337/1337 1272/1272 1210/1210
f 1214/1214 1341/1341 1212/1212
f 1214/1214 1091/1091 1341/1341
f 1145/1145 1342/1342 1147/1147
f 1342/1342 1145/1145 1272/1272
f 1091/1091 1092/1092 1343/1343
f 1344/1344 1216/1216 1217/1217
f 1220/1220 955/955 1279/1279
f 1162/1162 1345/1345 1163/1163
f 1281/1281 1163/1163 1345/1345
f 1281/1281 1222/1222 956/956
f 1222/1222 902/902 956/956
f 959/959 1346/1346 960/960
f 590/590 1284/1284 591/591
f 731/731 906/906 1347/1347
f 1290/1290 1348/1348 1349/1349
f 782/782 1225/1225 696/696
f 735/735 1350/1350 1225/1225
f 1351/1351 1226/1226 1107/1107
f 1352/1352 1288/1288 1228/1228
f 1348/1348 1290/1290 1289/1289
f 1292/1292 1351/1351 1107/1107
f 1353/1353 1354/1354 1293/1293
f 1223/1223 1355/1355 1176/1176
f 1355/1355 1239/1239 1176/1176
f 1237/1237 1356/1356 1289/1289
f 1355/1355 1294/1294 1239/1239
f 1296/1296 1295/1295 1357/1357
f 1184/1184 1300/1300 1244/1244
f 1245/1245 1244/1244 1358/1358
f 1246/1246 1306/1306 1303/1303
f 1359/1359 1187/1187 1249/1249
f 1360/1360 1361/1361 1248/1248
f 1251/1251 1250/1250 1310/1310
f 1250/1250 1311/1311 1310/1310
f 1307/1307 1311/1311 1250/1250
f 1311/1311 1308/1308 1310/1310
f 1307/1307 1312/1312 1311/1311
f 1313/1313 1362/1362 1309/1309
f 1313/1313 1315/1315 1362/1362
f 1316/1316 1317/1317 1315/1315
f 1363/1363 1364/1364 1365/1365
f 1366/1366 1318/1318 1316/1316
f 1366/1366 1367/1367 1318/1318
f 1320/1320 1318/1318 1367/1367
f 1368/1368 1369/1369 1319/1319
f 1317/1317 1368/1368 1319/1319
f 1370/1370 1368/1368 1317/1317
f 1320/1320 1370/1370 1317/1317
f 1371/1371 1320/1320 1367/1367
f 1194/1194 1129/1129 1372/1372
f 1194/1194 1372/1372 1373/1373
f 1195/1195 1054/1054 1256/1256
f 1374/1374 1375/1375 1367/1367
f 1195/1195 1257/1257 1130/1130
f 979/979 1131/1131 1322/1322
f 1376/1376 1131/1131 983/983
f 1377/1377 1378/1378 1259/1259
f 1376/1376 983/983 1261/1261
f 1379/1379 1260/1260 1259/1259
f 1378/1378 1380/1380 1259/1259
f 1381/1381 1380/1380 1378/1378
f 1260/1260 1379/1379 1325/1325
f 1325/1325 1379/1379 1382/1382
f 1380/1380 1382/1382 1379/1379
f 1259/1259 1380/1380 1379/1379
f 1329/1329 1328/1328 1383/1383
f 1261/1261 1056/1056 1384/1384
f 1385/1385 1386/1386 1326/1326
f 1380/1380 1387/1387 1382/1382
f 1326/1326 1388/1388 1385/1385
f 1389/1389 1388/1388 1326/1326
f 1325/1325 1389/1389 1326/1326
f 1382/1382 1389/1389 1325/1325
f 1387/1387 1380/1380 1381/1381
f 1390/1390 1391/1391 1392/1392
f 1392/1392 1393/1393 1390/1390
f 1390/1390 1393/1393 1332/1332
f 1332/1332 1267/1267 1390/1390
f 1007/1007 1333/1333 1267/1267
f 1394/1394 1206/1206 1079/1079
f 1205/1205 1395/1395 1333/1333
f 1271/1271 1396/1396 1269/1269
f 1397/1397 1396/1396 1271/1271
f 1398/1398 1399/1399 1400/1400
f 1336/1336 1207/1207 1401/1401
f 1213/1213 1401/1401 1207/1207
f 1402/1402 1403/1403 1404/1404
f 1402/1402 1404/1404 1405/1405
f 1406/1406 1272/1272 1407/1407
f 1343/1343 1341/1341 1091/1091
f 1272/1272 1408/1408 1342/1342
f 1272/1272 1406/1406 1408/1408
f 1092/1092 1409/1409 1343/1343
f 1147/1147 1342/1342 1273/1273
f 1092/1092 1274/1274 1409/1409
f 1274/1274 1410/1410 1409/1409
f 1275/1275 1158/1158 1411/1411
f 1158/1158 1220/1220 1411/1411
f 1345/1345 1412/1412 1281/1281
f 1168/1168 1413/1413 1280/1280
f 1168/1168 1042/1042 1413/1413
f 298/298 373/373 548/548
f 1414/1414 731/731 1347/1347
f 780/780 1287/1287 323/323
f 1224/1224 1415/1415 1416/1416
f 1224/1224 781/781 1415/1415
f 1354/1354 1295/1295 1293/1293
f 1295/1295 1354/1354 1357/1357
f 1297/1297 1417/1417 1298/1298
f 1181/1181 1299/1299 1297/1297
f 1300/1300 1418/1418 1244/1244
f 1418/1418 1358/1358 1244/1244
f 1419/1419 1303/1303 1306/1306
f 1358/1358 1249/1249 1245/1245
f 1305/1305 1248/1248 1361/1361
f 1307/1307 1187/1187 1359/1359
f 1361/1361 1360/1360 1420/1420
f 1421/1421 1420/1420 1360/1360
f 1359/1359 1312/1312 1307/1307
f 1314/1314 1312/1312 1422/1422
f 1421/1421 1423/1423 1424/1424
f 1422/1422 1425/1425 1314/1314
f 1423/1423 1364/1364 1363/1363
f 1316/1316 1314/1314 1425/1425
f 1425/1425 1366/1366 1316/1316
f 1363/1363 1365/1365 1426/1426
f 1366/1366 1427/1427 1367/1367
f 1428/1428 1429/1429 1426/1426
f 1430/1430 1369/1369 1368/1368
f 1426/1426 1431/1431 1428/1428
f 1432/1432 1368/1368 1370/1370
f 1373/1373 1252/1252 1194/1194
f 1320/1320 1371/1371 1370/1370
f 1371/1371 1432/1432 1370/1370
f 1374/1374 1367/1367 1427/1427
f 1367/1367 1375/1375 1371/1371
f 1374/1374 1377/1377 1375/1375
f 1433/1433 1374/1374 1427/1427
f 1433/1433 1378/1378 1377/1377
f 1433/1433 1377/1377 1374/1374
f 1434/1434 1433/1433 1427/1427
f 1433/1433 1434/1434 1378/1378
f 1378/1378 1434/1434 1381/1381
f 1435/1435 1376/1376 1436/1436
f 1261/1261 1436/1436 1376/1376
f 1381/1381 1434/1434 1437/1437
f 1261/1261 1384/1384 1436/1436
f 1329/1329 1383/1383 1438/1438
f 1439/1439 1440/1440 1441/1441
f 1442/1442 1443/1443 1444/1444
f 1384/1384 1445/1445 1436/1436
f 1446/1446 1445/1445 1384/1384
f 1327/1327 1329/1329 1447/1447
f 1448/1448 1445/1445 1446/1446
f 1264/1264 1327/1327 1449/1449
f 1136/1136 1201/1201 1450/1450
f 1201/1201 1200/1200 1450/1450
f 1136/1136 1450/1450 1071/1071
f 1333/1333 1451/1451 1267/1267
f 1452/1452 1453/1453 1454/1454
f 1455/1455 1453/1453 1452/1452
f 1394/1394 1456/1456 1206/1206
f 1397/1397 1457/1457 1396/1396
f 1458/1458 1399/1399 1398/1398
f 1335/1335 1459/1459 1144/1144
f 1398/1398 1400/1400 1403/1403
f 1144/1144 1459/1459 1211/1211
f 1211/1211 1460/1460 1337/1337
f 1459/1459 1460/1460 1211/1211
f 1337/1337 1407/1407 1272/1272
f 1409/1409 1461/1461 1343/1343
f 1273/1273 1462/1462 1276/1276
f 1462/1462 1463/1463 1276/1276
f 1411/1411 1220/1220 1279/1279
f 1344/1344 1217/1217 1464/1464
f 1217/1217 1278/1278 1464/1464
f 1279/1279 1280/1280 1465/1465
f 1412/1412 1466/1466 1281/1281
f 1281/1281 1467/1467 1222/1222
f 1468/1468 1413/1413 1042/1042
f 1469/1469 1282/1282 1222/1222
f 904/904 1470/1470 1284/1284
f 959/959 1471/1471 1346/1346
f 960/960 1346/1346 841/841
f 1355/1355 1223/1223 1472/1472
f 1355/1355 1472/1472 1473/1473
f 1473/1473 1472/1472 1474/1474
f 1475/1475 1292/1292 1291/1291
f 1294/1294 1355/1355 1476/1476
f 1240/1240 1476/1476 1477/1477
f 1294/1294 1476/1476 1240/1240
f 1478/1478 1479/1479 1480/1480
f 1480/1480 1481/1481 1482/1482
f 1479/1479 1481/1481 1480/1480
f 1299/1299 1483/1483 1297/1297
f 1481/1481 1484/1484 1482/1482
f 1485/1485 1419/1419 1306/1306
f 1418/1418 1486/1486 1358/1358
f 1485/1485 1306/1306 1487/1487
f 1358/1358 1486/1486 1249/1249
f 1305/1305 1487/1487 1306/1306
f 1488/1488 1305/1305 1361/1361
f 1249/1249 1489/1489 1359/1359
f 1359/1359 1490/1490 1312/1312
f 1491/1491 1420/1420 1421/1421
f 1424/1424 1491/1491 1421/1421
f 1423/1423 1363/1363 1424/1424
f 1426/1426 1492/1492 1363/1363
f 1426/1426 1429/1429 1492/1492
f 1431/1431 1493/1493 1428/1428
f 1493/1493 1494/1494 1428/1428
f 1428/1428 1494/1494 1429/1429
f 1493/1493 1323/1323 1494/1494
f 1322/1322 1131/1131 1495/1495
f 1131/1131 1376/1376 1495/1495
f 1495/1495 1376/1376 1435/1435
f 1436/1436 1496/1496 1435/1435
f 1383/1383 1497/1497 1438/1438
f 1498/1498 1496/1496 1436/1436
f 1381/1381 1437/1437 1387/1387
f 1390/1390 1499/1499 1391/1391
f 1263/1263 1500/1500 1331/1331
f 1501/1501 1450/1450 1200/1200
f 1447/1447 1449/1449 1327/1327
f 1267/1267 1502/1502 1499/1499
f 1499/1499 1390/1390 1267/1267
f 1503/1503 1504/1504 1505/1505
f 1506/1506 1507/1507 1508/1508
f 1508/1508 1509/1509 1510/1510
f 1511/1511 1456/1456 1394/1394
f 1512/1512 1505/1505 1504/1504
f 1513/1513 1453/1453 1514/1514
f 1455/1455 1514/1514 1453/1453
f 1206/1206 1456/1456 1334/1334
f 1398/1398 1515/1515 1458/1458
f 1398/1398 1403/1403 1515/1515
f 1337/1337 1460/1460 1516/1516
f 1516/1516 1407/1407 1337/1337
f 1517/1517 1402/1402 1405/1405
f 1405/1405 1518/1518 1517/1517
f 1273/1273 1342/1342 1462/1462
f 1276/1276 1519/1519 1277/1277
f 1464/1464 1520/1520 1344/1344
f 1521/1521 1280/1280 1413/1413
f 1466/1466 1467/1467 1281/1281
f 1469/1469 1222/1222 1467/1467
f 1413/1413 1468/1468 1522/1522
f 961/961 1285/1285 1523/1523
f 323/323 1287/1287 1524/1524
f 781/781 846/846 1415/1415
f 1351/1351 1292/1292 1525/1525
f 1355/1355 1473/1473 1526/1526
f 1527/1527 1292/1292 1475/1475
f 1528/1528 1476/1476 1355/1355
f 1526/1526 1528/1528 1355/1355
f 1484/1484 1481/1481 1529/1529
f 1419/1419 1485/1485 1530/1530
f 1249/1249 1486/1486 1489/1489
f 1420/1420 1531/1531 1361/1361
f 1312/1312 1490/1490 1422/1422
f 1532/1532 1366/1366 1425/1425
f 1366/1366 1532/1532 1427/1427
f 1492/1492 1429/1429 1533/1533
f 1494/1494 1533/1533 1429/1429
f 1427/1427 1532/1532 1534/1534
f 1323/1323 1322/1322 1494/1494
f 1494/1494 1322/1322 1533/1533
f 1434/1434 1427/1427 1535/1535
f 1322/1322 1495/1495 1533/1533
f 1536/1536 1537/1537 1538/1538
f 1499/1499 1539/1539 1391/1391
f 1497/1497 1383/1383 1540/1540
f 1496/1496 1498/1498 1541/1541
f 1071/1071 1450/1450 1268/1268
f 1267/1267 1451/1451 1502/1502
f 1508/1508 1507/1507 1542/1542
f 1508/1508 1542/1542 1509/1509
f 1543/1543 1505/1505 1512/1512
f 1334/1334 1456/1456 1544/1544
f 1334/1334 1545/1545 1335/1335
f 1335/1335 1545/1545 1459/1459
f 1515/1515 1403/1403 1402/1402
f 1517/1517 1518/1518 1546/1546
f 1408/1408 1547/1547 1342/1342
f 1342/1342 1547/1547 1462/1462
f 1462/1462 1548/1548 1463/1463
f 1548/1548 1549/1549 1463/1463
f 1550/1550 1551/1551 1552/1552
f 1411/1411 1279/1279 1465/1465
f 1276/1276 1463/1463 1519/1519
f 1553/1553 1554/1554 1555/1555
f 1465/1465 1280/1280 1521/1521
f 1520/1520 1464/1464 1556/1556
f 1346/1346 1557/1557 841/841
f 548/548 373/373 1558/1558
f 550/550 1169/1169 906/906
f 1525/1525 1559/1559 1351/1351
f 1415/1415 846/846 1560/1560
f 1474/1474 1561/1561 1473/1473
f 1527/1527 1525/1525 1292/1292
f 1526/1526 1473/1473 1561/1561
f 1476/1476 1528/1528 1562/1562
f 1479/1479 1563/1563 1481/1481
f 1483/1483 1564/1564 1297/1297
f 1565/1565 1484/1484 1566/1566
f 1488/1488 1567/1567 1487/1487
f 1305/1305 1488/1488 1487/1487
f 1565/1565 1568/1568 1569/1569
f 1488/1488 1361/1361 1570/1570
f 1359/1359 1489/1489 1490/1490
f 1420/1420 1491/1491 1531/1531
f 1424/1424 1571/1571 1491/1491
f 1422/1422 1572/1572 1425/1425
f 1532/1532 1425/1425 1572/1572
f 1534/1534 1535/1535 1427/1427
f 1573/1573 1574/1574 1575/1575
f 1537/1537 1575/1575 1574/1574
f 1574/1574 1538/1538 1537/1537
f 1576/1576 1577/1577 1578/1578
f 1576/1576 1579/1579 1577/1577
f 1540/1540 1580/1580 1581/1581
f 1582/1582 1496/1496 1541/1541
f 1583/1583 1580/1580 1540/1540
f 1497/1497 1540/1540 1584/1584
f 1585/1585 1586/1586 1587/1587
f 1450/1450 1501/1501 1588/1588
f 1589/1589 1268/1268 1450/1450
f 1268/1268 1589/1589 1590/1590
f 1591/1591 1592/1592 1451/1451
f 1591/1591 1458/1458 1592/1592
f 1545/1545 1334/1334 1544/1544
f 1517/1517 1593/1593 1402/1402
f 1594/1594 1406/1406 1407/1407
f 1595/1595 1408/1408 1406/1406
f 1408/1408 1595/1595 1596/1596
f 1596/1596 1547/1547 1408/1408
f 1547/1547 1597/1597 1462/1462
f 1551/1551 1598/1598 1599/1599
f 1555/1555 1554/1554 1600/1600
f 1601/1601 1520/1520 1556/1556
f 1521/1521 1413/1413 1602/1602
f 1603/1603 1604/1604 1467/1467
f 1603/1603 1467/1467 1466/1466
f 1413/1413 1522/1522 1602/1602
f 1605/1605 1606/1606 1607/1607
f 846/846 1608/1608 1560/1560
f 303/303 1609/1609 846/846
f 1225/1225 1610/1610 696/696
f 1525/1525 1527/1527 1611/1611
f 1476/1476 1562/1562 1477/1477
f 1475/1475 1612/1612 1527/1527
f 1478/1478 1613/1613 1479/1479
f 1417/1417 1297/1297 1614/1614
f 1564/1564 1614/1614 1297/1297
f 1529/1529 1566/1566 1484/1484
f 1570/1570 1361/1361 1531/1531
f 1571/1571 1531/1531 1491/1491
f 1422/1422 1490/1490 1615/1615
f 1616/1616 1571/1571 1424/1424
f 1572/1572 1422/1422 1615/1615
f 1617/1617 1424/1424 1363/1363
f 1617/1617 1616/1616 1424/1424
f 1617/1617 1363/1363 1492/1492
f 1618/1618 1573/1573 1619/1619
f 1619/1619 1573/1573 1575/1575
f 1581/1581 1620/1620 1621/1621
f 1540/1540 1581/1581 1621/1621
f 1584/1584 1540/1540 1621/1621
f 1622/1622 1582/1582 1541/1541
f 1588/1588 1501/1501 1623/1623
f 1624/1624 1625/1625 1626/1626
f 1627/1627 1502/1502 1628/1628
f 1450/1450 1588/1588 1629/1629
f 1628/1628 1502/1502 1630/1630
f 1502/1502 1451/1451 1630/1630
f 1451/1451 1592/1592 1630/1630
f 1458/1458 1515/1515 1631/1631
f 1545/1545 1632/1632 1459/1459
f 1632/1632 1633/1633 1459/1459
f 1516/1516 1460/1460 1634/1634
f 1633/1633 1460/1460 1459/1459
f 1515/1515 1402/1402 1635/1635
f 1636/1636 1407/1407 1516/1516
f 1635/1635 1402/1402 1593/1593
f 1594/1594 1595/1595 1406/1406
f 1548/1548 1462/1462 1597/1597
f 1552/1552 1637/1637 1638/1638
f 1551/1551 1599/1599 1637/1637
f 1551/1551 1637/1637 1552/1552
f 1639/1639 1600/1600 1554/1554
f 1640/1640 1598/1598 1641/1641
f 1600/1600 1639/1639 1642/1642
f 1601/1601 1643/1643 1644/1644
f 1556/1556 1643/1643 1601/1601
f 1606/1606 1605/1605 1645/1645
f 904/904 1283/1283 1470/1470
f 1646/1646 1559/1559 1525/1525
f 1647/1647 1560/1560 1608/1608
f 846/846 1648/1648 1608/1608
f 1610/1610 1225/1225 1350/1350
f 1646/1646 1525/1525 1611/1611
f 1649/1649 1650/1650 1651/1651
f 1652/1652 1650/1650 1649/1649
f 1611/1611 1527/1527 1653/1653
f 1654/1654 1655/1655 1656/1656
f 1649/1649 1651/1651 1655/1655
f 1527/1527 1612/1612 1653/1653
f 1563/1563 1657/1657 1481/1481
f 1614/1614 1564/1564 1658/1658
f 1481/1481 1657/1657 1529/1529
f 1659/1659 1530/1530 1485/1485
f 1660/1660 1485/1485 1487/1487
f 1661/1661 1662/1662 1663/1663
f 1566/1566 1664/1664 1565/1565
f 1565/1565 1664/1664 1568/1568
f 1488/1488 1665/1665 1567/1567
f 1488/1488 1570/1570 1665/1665
f 1619/1619 1575/1575 1666/1666
f 1667/1667 1666/1666 1575/1575
f 1537/1537 1667/1667 1575/1575
f 1668/1668 1667/1667 1537/1537
f 1576/1576 1578/1578 1669/1669
f 1620/1620 1670/1670 1621/1621
f 1582/1582 1622/1622 1671/1671
f 1627/1627 1672/1672 1673/1673
f 1672/1672 1627/1627 1628/1628
f 1674/1674 1675/1675 1676/1676
f 1629/1629 1589/1589 1450/1450
f 1677/1677 1676/1676 1675/1675
f 1511/1511 1678/1678 1456/1456
f 1456/1456 1678/1678 1544/1544
f 1458/1458 1631/1631 1592/1592
f 1544/1544 1679/1679 1545/1545
f 1679/1679 1632/1632 1545/1545
f 1515/1515 1680/1680 1631/1631
f 1634/1634 1460/1460 1633/1633
f 1516/1516 1634/1634 1636/1636
f 1636/1636 1594/1594 1407/1407
f 1547/1547 1681/1681 1597/1597
f 1682/1682 1683/1683 1684/1684
f 1640/1640 1599/1599 1598/1598
f 1644/1644 1685/1685 1641/1641
f 1641/1641 1685/1685 1640/1640
f 1643/1643 1685/1685 1644/1644
f 1686/1686 1687/1687 1642/1642
f 1346/1346 1471/1471 1557/1557
f 548/548 1688/1688 549/549
f 1285/1285 1689/1689 1523/1523
f 323/323 1524/1524 1690/1690
f 1691/1691 1647/1647 1608/1608
f 846/846 1609/1609 1648/1648
f 1650/1650 1692/1692 1651/1651
f 1654/1654 1656/1656 1693/1693
f 1613/1613 1694/1694 1479/1479
f 1656/1656 1655/1655 1651/1651
f 1659/1659 1485/1485 1660/1660
f 1695/1695 1696/1696 1697/1697
f 1569/1569 1568/1568 1698/1698
f 1531/1531 1699/1699 1570/1570
f 1569/1569 1698/1698 1700/1700
f 1571/1571 1699/1699 1531/1531
f 1701/1701 1702/1702 1703/1703
f 1619/1619 1704/1704 1618/1618
f 1705/1705 1706/1706 1702/1702
f 1706/1706 1578/1578 1702/1702
f 1578/1578 1706/1706 1669/1669
f 1670/1670 1620/1620 1707/1707
f 1621/1621 1670/1670 1708/1708
f 1671/1671 1622/1622 1709/1709
f 1708/1708 1584/1584 1621/1621
f 1669/1669 1710/1710 1576/1576
f 1711/1711 1712/1712 1713/1713
f 1714/1714 1715/1715 1716/1716
f 1674/1674 1676/1676 1716/1716
f 1676/1676 1714/1714 1716/1716
f 1714/1714 1717/1717 1715/1715
f 1717/1717 1714/1714 1718/1718
f 1676/1676 1677/1677 1714/1714
f 1718/1718 1714/1714 1677/1677
f 1630/1630 1592/1592 1719/1719
f 1592/1592 1631/1631 1720/1720
f 1544/1544 1678/1678 1679/1679
f 1679/1679 1678/1678 1721/1721
f 1632/1632 1679/1679 1721/1721
f 1722/1722 1721/1721 1723/1723
f 1724/1724 1632/1632 1721/1721
f 1724/1724 1721/1721 1722/1722
f 1633/1633 1632/1632 1724/1724
f 1680/1680 1515/1515 1635/1635
f 1634/1634 1633/1633 1725/1725
f 1595/1595 1726/1726 1596/1596
f 1727/1727 1517/1517 1546/1546
f 1596/1596 1681/1681 1547/1547
f 1728/1728 1519/1519 1463/1463
f 1599/1599 1640/1640 1729/1729
f 1642/1642 1639/1639 1686/1686
f 1643/1643 1730/1730 1685/1685
f 1284/1284 1470/1470 591/591
f 1347/1347 906/906 1169/1169
f 1285/1285 1170/1170 1689/1689
f 1524/1524 1731/1731 1690/1690
f 1732/1732 1733/1733 1734/1734
f 1733/1733 1691/1691 1734/1734
f 1735/1735 1736/1736 1693/1693
f 1656/1656 1735/1735 1693/1693
f 1692/1692 1735/1735 1651/1651
f 1651/1651 1735/1735 1656/1656
f 1479/1479 1694/1694 1737/1737
f 1657/1657 1563/1563 1738/1738
f 1739/1739 1658/1658 1740/1740
f 1663/1663 1741/1741 1661/1661
f 1742/1742 1568/1568 1664/1664
f 1743/1743 1665/1665 1570/1570
f 1699/1699 1743/1743 1570/1570
f 1698/1698 1744/1744 1700/1700
f 1745/1745 1746/1746 1747/1747
f 1747/1747 1748/1748 1749/1749
f 1750/1750 1751/1751 1704/1704
f 1749/1749 1701/1701 1703/1703
f 1706/1706 1705/1705 1752/1752
f 1706/1706 1753/1753 1669/1669
f 1752/1752 1753/1753 1706/1706
f 1713/1713 1712/1712 1754/1754
f 1576/1576 1710/1710 1755/1755
f 1623/1623 1756/1756 1588/1588
f 1629/1629 1588/1588 1757/1757
f 1758/1758 1754/1754 1712/1712
f 1758/1758 1759/1759 1760/1760
f 1754/1754 1758/1758 1760/1760
f 1761/1761 1589/1589 1629/1629
f 1720/1720 1762/1762 1719/1719
f 1720/1720 1719/1719 1592/1592
f 1678/1678 1723/1723 1721/1721
f 1725/1725 1763/1763 1634/1634
f 1634/1634 1763/1763 1636/1636
f 1635/1635 1593/1593 1764/1764
f 1636/1636 1763/1763 1594/1594
f 1593/1593 1517/1517 1727/1727
f 1765/1765 1595/1595 1594/1594
f 1726/1726 1595/1595 1765/1765
f 1766/1766 1549/1549 1548/1548
f 1766/1766 1728/1728 1549/1549
f 1463/1463 1549/1549 1728/1728
f 1767/1767 1553/1553 1768/1768
f 1554/1554 1767/1767 1769/1769
f 1767/1767 1554/1554 1553/1553
f 1639/1639 1554/1554 1769/1769
f 1770/1770 1639/1639 1769/1769
f 1685/1685 1771/1771 1640/1640
f 1640/1640 1771/1771 1729/1729
f 1639/1639 1770/1770 1686/1686
f 1771/1771 1685/1685 1730/1730
f 1686/1686 1772/1772 1687/1687
f 1771/1771 1730/1730 1773/1773
f 1774/1774 1557/1557 1471/1471
f 1283/1283 549/549 1688/1688
f 1347/1347 1169/1169 1775/1775
f 1775/1775 1414/1414 1347/1347
f 1523/1523 1689/1689 1776/1776
f 319/319 1170/1170 325/325
f 1734/1734 1777/1777 1732/1732
f 1646/1646 1611/1611 1778/1778
f 1779/1779 1778/1778 1611/1611
f 1736/1736 1780/1780 1693/1693
f 1611/1611 1653/1653 1779/1779
f 1653/1653 1781/1781 1779/1779
f 1653/1653 1612/1612 1781/1781
f 1479/1479 1737/1737 1563/1563
f 1658/1658 1782/1782 1614/1614
f 1657/1657 1783/1783 1529/1529
f 1566/1566 1529/1529 1783/1783
f 1661/1661 1741/1741 1784/1784
f 1566/1566 1785/1785 1664/1664
f 1746/1746 1748/1748 1747/1747
f 1751/1751 1750/1750 1786/1786
f 1749/1749 1748/1748 1701/1701
f 1701/1701 1787/1787 1702/1702
f 1787/1787 1705/1705 1702/1702
f 1705/1705 1788/1788 1752/1752
f 1789/1789 1790/1790 1791/1791
f 1707/1707 1792/1792 1670/1670
f 1708/1708 1670/1670 1792/1792
f 1754/1754 1793/1793 1713/1713
f 1794/1794 1760/1760 1759/1759
f 1795/1795 1760/1760 1794/1794
f 1589/1589 1796/1796 1590/1590
f 1720/1720 1631/1631 1797/1797
f 1680/1680 1797/1797 1631/1631
f 1798/1798 1799/1799 1723/1723
f 1723/1723 1799/1799 1722/1722
f 1722/1722 1800/1800 1724/1724
f 1801/1801 1725/1725 1633/1633
f 1724/1724 1801/1801 1633/1633
f 1763/1763 1802/1802 1594/1594
f 1594/1594 1802/1802 1765/1765
f 1726/1726 1681/1681 1596/1596
f 1803/1803 1681/1681 1726/1726
f 1804/1804 1684/1684 1683/1683
f 1803/1803 1766/1766 1548/1548
f 1805/1805 1638/1638 1637/1637
f 1599/1599 1806/1806 1637/1637
f 1807/1807 1729/1729 1771/1771
f 1772/1772 1686/1686 1808/1808
f 1770/1770 1809/1809 1686/1686
f 1771/1771 1773/1773 1807/1807
f 1810/1810 1772/1772 1808/1808
f 591/591 1470/1470 1811/1811
f 1414/1414 1775/1775 1812/1812
f 1776/1776 1689/1689 1813/1813
f 319/319 843/843 1814/1814
f 323/323 1690/1690 843/843
f 1731/1731 1815/1815 1690/1690
f 1816/1816 1610/1610 1350/1350
f 1737/1737 1694/1694 1817/1817
f 1563/1563 1737/1737 1818/1818
f 1658/1658 1739/1739 1782/1782
f 1738/1738 1819/1819 1657/1657
f 1657/1657 1819/1819 1783/1783
f 1695/1695 1820/1820 1696/1696
f 1696/1696 1820/1820 1821/1821
f 1820/1820 1822/1822 1821/1821
f 1785/1785 1566/1566 1783/1783
f 1823/1823 1824/1824 1825/1825
f 1567/1567 1665/1665 1826/1826
f 1742/1742 1827/1827 1568/1568
f 1828/1828 1746/1746 1829/1829
f 1786/1786 1830/1830 1831/1831
f 1748/1748 1746/1746 1828/1828
f 1830/1830 1786/1786 1750/1750
f 1832/1832 1833/1833 1834/1834
f 1704/1704 1835/1835 1750/1750
f 1833/1833 1836/1836 1834/1834
f 1835/1835 1704/1704 1619/1619
f 1837/1837 1838/1838 1789/1789
f 1789/1789 1838/1838 1790/1790
f 1839/1839 1666/1666 1840/1840
f 1667/1667 1840/1840 1666/1666
f 1790/1790 1841/1841 1791/1791
f 1842/1842 1843/1843 1791/1791
f 1753/1753 1844/1844 1669/1669
f 1845/1845 1846/1846 1668/1668
f 1669/1669 1847/1847 1710/1710
f 1844/1844 1847/1847 1669/1669
f 1845/1845 1848/1848 1846/1846
f 1846/1846 1848/1848 1849/1849
f 1755/1755 1710/1710 1847/1847
f 1588/1588 1756/1756 1757/1757
f 1850/1850 1793/1793 1754/1754
f 1754/1754 1760/1760 1851/1851
f 1850/1850 1754/1754 1851/1851
f 1852/1852 1853/1853 1854/1854
f 1855/1855 1511/1511 1856/1856
f 1797/1797 1857/1857 1720/1720
f 1511/1511 1855/1855 1678/1678
f 1858/1858 1859/1859 1860/1860
f 1859/1859 1858/1858 1861/1861
f 1799/1799 1862/1862 1722/1722
f 1722/1722 1862/1862 1800/1800
f 1863/1863 1725/1725 1801/1801
f 1725/1725 1863/1863 1763/1763
f 1763/1763 1863/1863 1802/1802
f 1863/1863 1864/1864 1802/1802
f 1802/1802 1864/1864 1765/1765
f 1593/1593 1727/1727 1764/1764
f 1803/1803 1765/1765 1864/1864
f 1765/1765 1803/1803 1726/1726
f 1599/1599 1865/1865 1806/1806
f 1807/1807 1866/1866 1729/1729
f 1810/1810 1808/1808 1867/1867
f 1809/1809 1808/1808 1686/1686
f 1813/1813 1868/1868 1776/1776
f 591/591 1811/1811 1044/1044
f 1608/1608 1648/1648 1691/1691
f 1816/1816 1869/1869 1610/1610
f 1869/1869 1816/1816 1870/1870
f 1736/1736 1871/1871 1780/1780
f 1872/1872 1873/1873 1874/1874
f 1817/1817 1875/1875 1876/1876
f 1817/1817 1876/1876 1737/1737
f 1877/1877 1878/1878 1879/1879
f 1818/1818 1738/1738 1563/1563
f 1880/1880 1881/1881 1882/1882
f 1822/1822 1883/1883 1821/1821
f 1882/1882 1881/1881 1884/1884
f 1783/1783 1885/1885 1785/1785
f 1886/1886 1741/1741 1663/1663
f 1742/1742 1887/1887 1827/1827
f 1888/1888 1826/1826 1665/1665
f 1698/1698 1568/1568 1827/1827
f 1743/1743 1888/1888 1665/1665
f 1889/1889 1743/1743 1699/1699
f 1890/1890 1744/1744 1698/1698
f 1891/1891 1889/1889 1699/1699
f 1831/1831 1830/1830 1892/1892
f 1828/1828 1893/1893 1748/1748
f 1893/1893 1894/1894 1748/1748
f 1832/1832 1895/1895 1833/1833
f 1787/1787 1896/1896 1705/1705
f 1705/1705 1896/1896 1788/1788
f 1835/1835 1619/1619 1839/1839
f 1619/1619 1666/1666 1839/1839
f 1791/1791 1841/1841 1842/1842
f 1667/1667 1668/1668 1846/1846
f 1897/1897 1898/1898 1899/1899
f 1899/1899 1900/1900 1897/1897
f 1898/1898 1897/1897 1901/1901
f 1847/1847 1902/1902 1755/1755
f 1903/1903 1901/1901 1897/1897
f 1793/1793 1850/1850 1904/1904
f 1629/1629 1757/1757 1905/1905
f 1629/1629 1905/1905 1761/1761
f 1761/1761 1796/1796 1589/1589
f 1860/1860 1906/1906 1858/1858
f 1907/1907 1724/1724 1800/1800
f 1907/1907 1801/1801 1724/1724
f 1908/1908 1907/1907 1800/1800
f 1909/1909 1635/1635 1764/1764
f 1863/1863 1801/1801 1910/1910
f 1910/1910 1911/1911 1863/1863
f 1911/1911 1864/1864 1863/1863
f 1864/1864 1911/1911 1803/1803
f 1766/1766 1803/1803 1911/1911
f 1727/1727 1546/1546 1912/1912
f 1768/1768 1913/1913 1767/1767
f 1599/1599 1729/1729 1865/1865
f 1914/1914 1808/1808 1809/1809
f 1915/1915 1916/1916 1917/1917
f 1918/1918 1916/1916 1915/1915
f 1919/1919 1914/1914 1809/1809
f 1917/1917 1916/1916 1920/1920
f 1470/1470 1283/1283 1921/1921
f 1812/1812 1775/1775 1922/1922
f 1922/1922 1923/1923 1812/1812
f 1815/1815 1731/1731 1924/1924
f 1925/1925 1732/1732 1926/1926
f 1732/1732 1777/1777 1926/1926
f 1691/1691 1648/1648 1734/1734
f 1927/1927 1874/1874 1873/1873
f 1928/1928 1927/1927 1873/1873
f 1929/1929 1873/1873 1930/1930
f 1876/1876 1818/1818 1737/1737
f 1930/1930 1873/1873 1872/1872
f 1931/1931 1930/1930 1872/1872
f 1932/1932 1930/1930 1931/1931
f 1877/1877 1879/1879 1880/1880
f 1933/1933 1932/1932 1934/1934
f 1935/1935 1932/1932 1933/1933
f 1881/1881 1880/1880 1936/1936
f 1824/1824 1937/1937 1825/1825
f 1827/1827 1938/1938 1698/1698
f 1939/1939 1888/1888 1743/1743
f 1889/1889 1939/1939 1743/1743
f 1938/1938 1890/1890 1698/1698
f 1940/1940 1750/1750 1835/1835
f 1941/1941 1838/1838 1837/1837
f 1838/1838 1941/1941 1942/1942
f 1790/1790 1942/1942 1841/1841
f 1790/1790 1838/1838 1942/1942
f 1840/1840 1667/1667 1943/1943
f 1841/1841 1942/1942 1842/1842
f 1942/1942 1843/1843 1842/1842
f 1944/1944 1945/1945 1946/1946
f 1898/1898 1947/1947 1899/1899
f 1946/1946 1948/1948 1944/1944
f 1949/1949 1667/1667 1846/1846
f 1944/1944 1948/1948 1950/1950
f 1951/1951 1952/1952 1953/1953
f 1954/1954 1857/1857 1955/1955
f 1956/1956 1858/1858 1906/1906
f 1956/1956 1861/1861 1858/1858
f 1862/1862 1957/1957 1800/1800
f 1680/1680 1635/1635 1909/1909
f 1800/1800 1957/1957 1908/1908
f 1910/1910 1958/1958 1911/1911
f 1958/1958 1766/1766 1911/1911
f 1959/1959 1960/1960 1961/1961
f 1637/1637 1806/1806 1805/1805
f 1769/1769 1767/1767 1962/1962
f 1807/1807 1963/1963 1866/1866
f 1964/1964 1920/1920 1916/1916
f 1921/1921 1283/1283 1688/1688
f 548/548 1558/1558 1688/1688
f 1925/1925 1815/1815 1924/1924
f 1925/1925 1926/1926 1815/1815
f 1045/1045 696/696 1965/1965
f 1928/1928 1873/1873 1929/1929
f 1930/1930 1878/1878 1929/1929
f 1879/1879 1878/1878 1930/1930
f 1879/1879 1930/1930 1932/1932
f 1879/1879 1932/1932 1935/1935
f 1879/1879 1935/1935 1880/1880
f 1931/1931 1934/1934 1932/1932
f 1880/1880 1935/1935 1936/1936
f 1936/1936 1935/1935 1933/1933
f 1820/1820 1966/1966 1822/1822
f 1967/1967 1968/1968 1969/1969
f 1826/1826 1888/1888 1970/1970
f 1970/1970 1888/1888 1971/1971
f 1972/1972 1890/1890 1938/1938
f 1888/1888 1939/1939 1971/1971
f 1889/1889 1973/1973 1939/1939
f 1893/1893 1974/1974 1894/1894
f 1895/1895 1975/1975 1976/1976
f 1836/1836 1833/1833 1977/1977
f 1976/1976 1833/1833 1895/1895
f 1976/1976 1977/1977 1833/1833
f 1978/1978 1979/1979 1980/1980
f 1837/1837 1981/1981 1941/1941
f 1667/1667 1949/1949 1943/1943
f 1843/1843 1942/1942 1982/1982
f 1948/1948 1946/1946 1983/1983
f 1843/1843 1982/1982 1984/1984
f 1955/1955 1953/1953 1952/1952
f 1985/1985 1986/1986 1945/1945
f 1954/1954 1955/1955 1952/1952
f 1857/1857 1987/1987 1955/1955
f 1797/1797 1987/1987 1857/1857
f 1988/1988 1989/1989 1990/1990
f 1680/1680 1909/1909 1991/1991
f 1957/1957 1992/1992 1908/1908
f 1913/1913 1993/1993 1767/1767
f 1770/1770 1769/1769 1962/1962
f 1809/1809 1770/1770 1962/1962
f 1919/1919 1809/1809 1962/1962
f 1866/1866 1963/1963 1994/1994
f 1995/1995 1996/1996 1997/1997
f 1998/1998 1999/1999 2000/2000
f 1995/1995 1997/1997 2001/2001
f 1774/1774 2002/2002 2003/2003
f 1774/1774 2003/2003 1557/1557
f 1777/1777 1734/1734 1926/1926
f 1610/1610 2004/2004 696/696
f 1869/1869 2004/2004 1610/1610
f 2004/2004 1869/1869 1870/1870
f 1883/1883 1822/1822 2005/2005
f 1883/1883 2005/2005 2006/2006
f 2006/2006 2005/2005 1968/1968
f 1967/1967 2006/2006 1968/1968
f 1695/1695 2007/2007 1820/1820
f 1968/1968 2008/2008 2009/2009
f 1968/1968 2009/2009 1969/1969
f 1784/1784 1741/1741 2010/2010
f 1969/1969 2009/2009 1824/1824
f 1824/1824 2009/2009 1937/1937
f 1829/1829 2011/2011 1828/1828
f 1891/1891 1973/1973 1889/1889
f 1828/1828 2012/2012 1893/1893
f 1893/1893 2012/2012 1974/1974
f 1974/1974 2013/2013 1894/1894
f 1837/1837 1980/1980 1981/1981
f 1943/1943 1949/1949 2014/2014
f 1945/1945 1986/1986 1946/1946
f 1982/1982 2015/2015 1984/1984
f 2016/2016 1902/1902 1847/1847
f 1856/1856 2017/2017 1855/1855
f 1956/1956 1906/1906 2018/2018
f 1797/1797 1680/1680 1991/1991
f 2019/2019 1862/1862 1799/1799
f 1862/1862 2019/2019 1957/1957
f 1908/1908 1992/1992 2020/2020
f 1801/1801 1907/1907 1910/1910
f 1910/1910 2021/2021 1958/1958
f 2022/2022 1764/1764 1727/1727
f 1960/1960 2023/2023 1961/1961
f 2024/2024 1727/1727 1912/1912
f 1912/1912 2025/2025 2024/2024
f 2026/2026 1805/1805 1806/1806
f 1962/1962 1767/1767 1993/1993
f 1865/1865 1729/1729 2027/2027
f 1729/1729 1866/1866 2027/2027
f 1866/1866 1994/1994 2027/2027
f 2028/2028 1963/1963 2029/2029
f 2030/2030 2031/2031 2032/2032
f 2033/2033 2001/2001 1997/1997
f 1557/1557 2003/2003 841/841
f 1921/1921 1688/1688 2034/2034
f 1775/1775 1169/1169 2035/2035
f 1775/1775 2035/2035 2036/2036
f 1922/1922 1775/1775 2036/2036
f 2036/2036 1923/1923 1922/1922
f 1813/1813 2037/2037 1868/1868
f 1813/1813 1689/1689 2037/2037
f 1815/1815 1926/1926 2038/2038
f 1966/1966 2005/2005 1822/1822
f 1968/1968 2005/2005 2008/2008
f 1886/1886 2039/2039 2040/2040
f 2011/2011 2041/2041 1828/1828
f 1828/1828 2041/2041 2012/2012
f 2012/2012 2041/2041 1974/1974
f 2041/2041 2013/2013 1974/1974
f 1750/1750 1940/1940 2042/2042
f 1835/1835 1839/1839 2043/2043
f 2044/2044 1981/1981 1980/1980
f 1941/1941 2045/2045 1942/1942
f 2045/2045 1982/1982 1942/1942
f 1982/1982 2046/2046 2015/2015
f 2047/2047 2048/2048 2049/2049
f 1983/1983 1946/1946 1986/1986
f 2048/2048 2050/2050 2049/2049
f 1761/1761 2051/2051 1796/1796
f 1797/1797 2052/2052 1987/1987
f 1989/1989 2053/2053 1990/1990
f 2019/2019 2054/2054 1957/1957
f 1957/1957 2054/2054 1992/1992
f 2055/2055 2056/2056 2057/2057
f 2021/2021 2058/2058 1958/1958
f 2059/2059 2060/2060 1959/1959
f 1963/1963 2061/2061 1994/1994
f 843/843 1690/1690 1814/1814
f 1820/1820 2007/2007 1966/1966
f 2062/2062 1937/1937 2009/2009
f 1886/1886 2040/2040 1741/1741
f 1887/1887 2063/2063 1827/1827
f 1970/1970 1971/1971 2064/2064
f 1938/1938 2065/2065 1972/1972
f 2011/2011 2066/2066 2041/2041
f 2067/2067 2068/2068 2069/2069
f 2070/2070 2067/2067 2069/2069
f 2071/2071 2064/2064 1971/1971
f 1892/1892 1830/1830 2072/2072
f 2072/2072 1830/1830 2042/2042
f 1975/1975 2073/2073 1976/1976
f 1976/1976 2073/2073 2074/2074
f 1976/1976 2074/2074 1977/1977
f 1979/1979 2075/2075 1980/1980
f 1980/1980 2075/2075 2044/2044
f 2076/2076 2043/2043 1839/1839
f 1839/1839 1840/1840 2076/2076
f 1981/1981 2077/2077 1941/1941
f 2077/2077 2045/2045 1941/1941
f 2078/2078 2047/2047 2049/2049
f 2046/2046 2079/2079 2015/2015
f 2080/2080 1761/1761 1905/1905
f 1955/1955 1987/1987 2081/2081
f 2082/2082 2083/2083 2084/2084
f 2085/2085 2086/2086 1989/1989
f 1989/1989 2086/2086 2053/2053
f 2086/2086 2087/2087 2053/2053
f 2057/2057 2088/2088 2089/2089
f 2057/2057 2056/2056 2088/2088
f 1959/1959 2060/2060 1960/1960
f 2022/2022 1727/1727 2024/2024
f 2023/2023 1960/1960 2090/2090
f 1806/1806 1865/1865 2026/2026
f 2091/2091 1919/1919 1962/1962
f 2092/2092 1919/1919 2091/2091
f 2028/2028 2061/2061 1963/1963
f 2029/2029 2093/2093 2028/2028
f 2029/2029 1999/1999 2094/2094
f 1998/1998 2094/2094 1999/1999
f 841/841 2003/2003 2095/2095
f 1169/1169 905/905 2096/2096
f 1169/1169 2096/2096 2035/2035
f 1648/1648 1926/1926 1734/1734
f 2004/2004 1965/1965 696/696
f 2097/2097 2098/2098 2007/2007
f 2008/2008 2099/2099 2009/2009
f 2099/2099 2062/2062 2009/2009
f 2063/2063 2100/2100 1827/1827
f 1827/1827 2100/2100 1938/1938
f 2039/2039 2101/2101 2040/2040
f 1972/1972 2065/2065 2102/2102
f 2103/2103 2104/2104 1892/1892
f 1892/1892 2072/2072 2103/2103
f 2067/2067 2105/2105 2068/2068
f 1830/1830 1750/1750 2042/2042
f 2041/2041 2106/2106 2013/2013
f 1940/1940 1835/1835 2107/2107
f 2075/2075 1979/1979 2108/2108
f 2107/2107 1835/1835 2043/2043
f 2044/2044 2109/2109 1981/1981
f 2109/2109 2077/2077 1981/1981
f 2110/2110 2111/2111 2112/2112
f 2112/2112 2113/2113 2110/2110
f 2114/2114 2110/2110 2113/2113
f 2115/2115 2116/2116 2113/2113
f 2113/2113 2116/2116 2114/2114
f 2117/2117 2118/2118 2119/2119
f 2081/2081 2118/2118 2117/2117
f 2081/2081 2120/2120 2118/2118
f 2121/2121 1761/1761 2080/2080
f 2081/2081 1987/1987 2120/2120
f 2084/2084 2122/2122 2082/2082
f 1956/1956 2018/2018 2123/2123
f 2124/2124 2052/2052 1797/1797
f 1797/1797 1991/1991 2124/2124
f 1991/1991 1909/1909 2125/2125
f 1909/1909 1764/1764 2125/2125
f 2125/2125 1764/1764 2022/2022
f 2126/2126 1962/1962 1993/1993
f 2127/2127 2027/2027 1994/1994
f 2061/2061 2127/2127 1994/1994
f 2092/2092 2128/2128 1919/1919
f 2029/2029 2094/2094 2093/2093
f 2129/2129 244/244 1044/1044
f 905/905 244/244 2129/2129
f 1689/1689 1170/1170 2037/2037
f 2005/2005 2130/2130 2008/2008
f 1741/1741 2040/2040 2131/2131
f 2100/2100 2065/2065 1938/1938
f 2067/2067 2070/2070 2132/2132
f 2133/2133 2104/2104 2103/2103
f 2066/2066 2106/2106 2041/2041
f 2067/2067 2132/2132 2134/2134
f 2064/2064 2071/2071 2135/2135
f 2105/2105 2067/2067 2134/2134
f 2106/2106 2136/2136 2013/2013
f 2134/2134 2137/2137 2105/2105
f 1840/1840 1943/1943 2076/2076
f 2045/2045 2138/2138 1982/1982
f 1982/1982 2138/2138 2046/2046
f 2116/2116 2115/2115 2139/2139
f 2014/2014 2140/2140 1943/1943
f 2138/2138 2141/2141 2046/2046
f 2112/2112 2142/2142 2113/2113
f 2142/2142 2115/2115 2113/2113
f 1761/1761 2121/2121 2051/2051
f 2120/2120 2052/2052 2143/2143
f 2052/2052 2120/2120 1987/1987
f 2082/2082 2144/2144 2083/2083
f 2018/2018 2145/2145 2123/2123
f 2086/2086 2146/2146 2087/2087
f 2087/2087 2146/2146 2147/2147
f 1992/1992 2148/2148 2020/2020
f 2149/2149 2147/2147 2146/2146
f 2056/2056 2150/2150 2088/2088
f 2060/2060 2090/2090 1960/1960
f 2022/2022 2024/2024 2151/2151
f 2023/2023 2090/2090 2152/2152
f 2023/2023 2152/2152 2153/2153
f 2091/2091 1962/1962 2126/2126
f 2154/2154 2155/2155 2156/2156
f 2157/2157 2092/2092 2091/2091
f 2158/2158 2127/2127 2061/2061
f 2159/2159 2160/2160 2161/2161
f 2162/2162 2163/2163 2164/2164
f 2165/2165 2160/2160 2159/2159
f 1926/1926 2166/2166 2038/2038
f 2007/2007 2098/2098 1966/1966
f 2005/2005 1966/1966 2130/2130
f 2040/2040 2167/2167 2131/2131
f 2040/2040 2101/2101 2167/2167
f 2168/2168 2169/2169 2170/2170
f 2101/2101 2171/2171 2167/2167
f 2172/2172 2072/2072 2042/2042
f 2043/2043 2076/2076 2173/2173
f 2044/2044 2075/2075 2174/2174
f 2174/2174 2109/2109 2044/2044
f 2077/2077 2175/2175 2045/2045
f 2175/2175 2176/2176 2045/2045
f 2045/2045 2176/2176 2177/2177
f 2045/2045 2177/2177 2138/2138
f 2119/2119 2118/2118 2178/2178
f 2046/2046 2141/2141 2079/2079
f 2179/2179 2180/2180 2181/2181
f 2143/2143 2182/2182 2120/2120
f 2085/2085 2183/2183 2086/2086
f 2184/2184 2052/2052 2124/2124
f 2086/2086 2185/2185 2146/2146
f 2056/2056 2186/2186 2150/2150
f 2056/2056 2187/2187 2186/2186
f 2024/2024 2025/2025 2188/2188
f 2155/2155 2025/2025 2156/2156
f 2189/2189 2155/2155 2154/2154
f 2190/2190 2191/2191 2192/2192
f 2127/2127 2193/2193 2027/2027
f 2194/2194 2128/2128 2092/2092
f 2094/2094 2195/2195 2093/2093
f 2194/2194 2196/2196 2128/2128
f 2003/2003 2002/2002 2197/2197
f 1688/1688 2198/2198 2034/2034
f 2037/2037 2199/2199 1868/1868
f 1926/1926 1648/1648 2166/2166
f 2008/2008 2200/2200 2099/2099
f 2010/2010 1741/1741 2131/2131
f 2063/2063 2201/2201 2202/2202
f 2203/2203 2131/2131 2167/2167
f 2204/2204 2205/2205 2102/2102
f 2133/2133 2103/2103 2206/2206
f 2207/2207 2208/2208 2169/2169
f 2168/2168 2209/2209 2169/2169
f 2210/2210 2205/2205 2204/2204
f 2208/2208 2211/2211 2169/2169
f 2211/2211 2170/2170 2169/2169
f 2205/2205 2210/2210 2212/2212
f 2212/2212 2210/2210 2108/2108
f 1940/1940 2107/2107 2042/2042
f 2108/2108 2213/2213 2075/2075
f 2107/2107 2043/2043 2173/2173
f 2174/2174 2214/2214 2109/2109
f 2109/2109 2214/2214 2077/2077
f 2215/2215 2077/2077 2214/2214
f 2215/2215 2175/2175 2077/2077
f 2076/2076 1943/1943 2216/2216
f 2177/2177 2141/2141 2138/2138
f 2142/2142 2217/2217 2115/2115
f 2218/2218 2219/2219 2220/2220
f 2218/2218 2221/2221 2219/2219
f 2222/2222 2051/2051 2121/2121
f 2082/2082 2122/2122 2223/2223
f 2082/2082 2223/2223 2144/2144
f 2224/2224 2225/2225 2060/2060
f 2022/2022 2226/2226 2125/2125
f 2022/2022 2151/2151 2226/2226
f 2060/2060 2227/2227 2090/2090
f 2153/2153 2152/2152 2228/2228
f 2229/2229 2157/2157 2091/2091
f 2155/2155 2189/2189 2230/2230
f 2231/2231 2232/2232 2233/2233
f 2233/2233 2161/2161 2234/2234
f 2234/2234 2161/2161 2160/2160
f 2164/2164 2163/2163 2235/2235
f 2161/2161 2233/2233 2232/2232
f 2236/2236 2235/2235 2163/2163
f 2092/2092 2237/2237 2194/2194
f 2093/2093 2195/2195 2238/2238
f 2002/2002 2239/2239 2197/2197
f 1470/1470 1921/1921 1811/1811
f 2037/2037 2240/2240 2199/2199
f 2037/2037 1170/1170 2240/2240
f 1815/1815 2038/2038 1690/1690
f 1045/1045 1965/1965 2241/2241
f 2004/2004 2242/2242 1965/1965
f 2242/2242 2004/2004 1870/1870
f 2130/2130 1966/1966 2243/2243
f 2008/2008 2130/2130 2200/2200
f 2099/2099 2200/2200 2244/2244
f 2099/2099 2244/2244 2245/2245
f 2063/2063 2202/2202 2100/2100
f 2102/2102 2065/2065 2204/2204
f 2207/2207 2209/2209 2246/2246
f 2209/2209 2168/2168 2247/2247
f 2209/2209 2207/2207 2169/2169
f 2172/2172 2042/2042 2107/2107
f 2108/2108 2210/2210 2213/2213
f 2174/2174 2248/2248 2249/2249
f 2174/2174 2075/2075 2248/2248
f 1943/1943 2140/2140 2216/2216
f 2217/2217 2250/2250 2115/2115
f 2250/2250 2139/2139 2115/2115
f 2251/2251 2252/2252 2253/2253
f 2253/2253 2254/2254 2255/2255
f 2255/2255 2254/2254 2256/2256
f 2257/2257 2255/2255 2256/2256
f 2258/2258 2123/2123 2145/2145
f 2183/2183 2259/2259 2086/2086
f 2086/2086 2259/2259 2185/2185
f 2260/2260 2146/2146 2185/2185
f 2124/2124 1991/1991 2261/2261
f 1991/1991 2125/2125 2261/2261
f 2225/2225 2262/2262 2060/2060
f 2227/2227 2263/2263 2090/2090
f 2263/2263 2152/2152 2090/2090
f 2152/2152 2264/2264 2228/2228
f 2188/2188 2025/2025 2155/2155
f 2126/2126 2229/2229 2091/2091
f 2189/2189 2265/2265 2230/2230
f 2157/2157 2266/2266 2092/2092
f 2267/2267 2265/2265 2189/2189
f 2237/2237 2092/2092 2266/2266
f 2268/2268 2269/2269 2270/2270
f 2271/2271 2268/2268 2270/2270
f 2272/2272 2273/2273 2274/2274
f 2275/2275 2238/2238 2195/2195
f 2276/2276 2196/2196 2194/2194
f 373/373 400/400 2277/2277
f 373/373 2277/2277 1558/1558
f 2036/2036 2035/2035 2278/2278
f 2278/2278 1923/1923 2036/2036
f 319/319 2279/2279 1170/1170
f 303/303 2280/2280 1609/1609
f 1045/1045 2241/2241 2280/2280
f 2281/2281 2242/2242 1870/1870
f 2282/2282 2283/2283 2284/2284
f 2285/2285 2283/2283 2282/2282
f 2285/2285 2282/2282 2286/2286
f 2287/2287 2286/2286 2282/2282
f 2243/2243 2288/2288 2289/2289
f 2290/2290 2286/2286 2291/2291
f 2289/2289 2130/2130 2243/2243
f 2292/2292 2291/2291 2286/2286
f 1966/1966 2098/2098 2243/2243
f 2010/2010 2293/2293 2294/2294
f 2010/2010 2131/2131 2293/2293
f 2295/2295 2208/2208 2246/2246
f 2208/2208 2207/2207 2246/2246
f 2296/2296 2246/2246 2209/2209
f 2247/2247 2296/2296 2209/2209
f 2103/2103 2072/2072 2297/2297
f 2298/2298 2210/2210 2204/2204
f 2213/2213 2210/2210 2298/2298
f 2213/2213 2248/2248 2075/2075
f 2173/2173 2076/2076 2299/2299
f 2174/2174 2249/2249 2214/2214
f 2076/2076 2216/2216 2299/2299
f 2214/2214 2249/2249 2215/2215
f 2175/2175 2215/2215 2176/2176
f 2216/2216 2140/2140 2300/2300
f 2301/2301 2302/2302 2303/2303
f 2304/2304 2301/2301 2303/2303
f 2305/2305 2141/2141 2177/2177
f 2252/2252 2251/2251 2306/2306
f 2080/2080 2307/2307 2308/2308
f 2309/2309 2310/2310 2311/2311
f 2080/2080 2308/2308 2312/2312
f 2121/2121 2080/2080 2312/2312
f 2251/2251 2253/2253 2255/2255
f 2313/2313 2251/2251 2255/2255
f 2314/2314 2315/2315 2316/2316
f 2317/2317 2258/2258 2145/2145
f 2149/2149 2146/2146 2318/2318
f 2261/2261 2125/2125 2226/2226
f 2186/2186 2319/2319 2150/2150
f 2060/2060 2262/2262 2227/2227
f 2320/2320 2226/2226 2151/2151
f 2229/2229 2126/2126 2321/2321
f 2188/2188 2155/2155 2322/2322
f 2323/2323 2324/2324 2325/2325
f 2237/2237 2326/2326 2194/2194
f 2326/2326 2276/2276 2194/2194
f 2003/2003 2197/2197 2327/2327
f 2003/2003 2327/2327 2095/2095
f 2038/2038 2328/2328 1690/1690
f 1045/1045 2280/2280 303/303
f 2329/2329 2330/2330 2331/2331
f 2332/2332 2330/2330 2329/2329
f 2284/2284 2330/2330 2332/2332
f 2330/2330 2283/2283 2333/2333
f 2284/2284 2283/2283 2330/2330
f 2334/2334 2282/2282 2284/2284
f 2334/2334 2335/2335 2282/2282
f 2287/2287 2282/2282 2335/2335
f 2336/2336 2283/2283 2285/2285
f 2292/2292 2286/2286 2287/2287
f 2286/2286 2290/2290 2285/2285
f 2337/2337 2292/2292 2287/2287
f 2243/2243 2098/2098 2338/2338
f 2244/2244 2200/2200 2339/2339
f 2202/2202 2340/2340 2100/2100
f 2206/2206 2103/2103 2297/2297
f 2297/2297 2072/2072 2341/2341
f 2172/2172 2341/2341 2072/2072
f 2107/2107 2173/2173 2342/2342
f 2173/2173 2299/2299 2343/2343
f 2248/2248 2344/2344 2249/2249
f 2215/2215 2249/2249 2345/2345
f 2345/2345 2249/2249 2344/2344
f 2176/2176 2215/2215 2345/2345
f 2177/2177 2176/2176 2345/2345
f 2346/2346 2252/2252 2306/2306
f 2347/2347 2303/2303 2302/2302
f 2348/2348 2303/2303 2347/2347
f 2303/2303 2349/2349 2304/2304
f 2350/2350 2351/2351 2300/2300
f 2309/2309 2352/2352 2310/2310
f 2353/2353 2306/2306 2251/2251
f 2303/2303 2348/2348 2349/2349
f 2251/2251 2354/2354 2353/2353
f 2251/2251 2313/2313 2354/2354
f 2355/2355 2052/2052 2356/2356
f 2356/2356 2052/2052 2184/2184
f 2317/2317 2145/2145 2357/2357
f 2358/2358 2144/2144 2223/2223
f 2185/2185 2259/2259 2260/2260
f 2259/2259 2359/2359 2260/2260
f 2261/2261 2184/2184 2124/2124
f 2146/2146 2260/2260 2359/2359
f 2359/2359 2318/2318 2146/2146
f 2225/2225 2360/2360 2262/2262
f 2262/2262 2361/2361 2227/2227
f 2024/2024 2188/2188 2362/2362
f 2155/2155 2230/2230 2322/2322
f 2363/2363 2157/2157 2229/2229
f 2266/2266 2157/2157 2363/2363
f 2364/2364 2365/2365 2366/2366
f 2365/2365 2273/2273 2366/2366
f 2323/2323 2367/2367 2324/2324
f 2324/2324 2367/2367 2368/2368
f 2266/2266 2369/2369 2237/2237
f 2324/2324 2370/2370 2325/2325
f 2235/2235 2236/2236 2371/2371
f 2275/2275 2372/2372 2238/2238
f 2326/2326 2373/2373 2276/2276
f 2374/2374 2038/2038 2166/2166
f 1648/1648 2375/2375 2166/2166
f 2376/2376 2332/2332 2329/2329
f 2331/2331 2330/2330 2333/2333
f 2284/2284 2332/2332 2334/2334
f 2333/2333 2283/2283 2336/2336
f 2335/2335 2334/2334 2377/2377
f 2377/2377 2378/2378 2335/2335
f 2336/2336 2285/2285 2379/2379
f 2287/2287 2335/2335 2378/2378
f 2379/2379 2285/2285 2290/2290
f 2288/2288 2243/2243 2338/2338
f 2294/2294 2293/2293 2380/2380
f 2339/2339 2381/2381 2244/2244
f 2245/2245 2244/2244 2381/2381
f 2246/2246 2382/2382 2295/2295
f 2246/2246 2296/2296 2382/2382
f 2383/2383 2100/2100 2340/2340
f 2100/2100 2383/2383 2065/2065
f 2204/2204 2065/2065 2383/2383
f 2206/2206 2297/2297 2384/2384
f 2385/2385 2204/2204 2383/2383
f 2204/2204 2385/2385 2298/2298
f 2386/2386 2213/2213 2298/2298
f 2213/2213 2386/2386 2248/2248
f 2342/2342 2173/2173 2343/2343
f 2299/2299 2216/2216 2387/2387
f 2305/2305 2345/2345 2388/2388
f 2305/2305 2177/2177 2345/2345
f 2387/2387 2216/2216 2300/2300
f 2351/2351 2387/2387 2300/2300
f 2310/2310 2352/2352 2389/2389
f 2390/2390 2391/2391 2392/2392
f 2393/2393 2394/2394 2395/2395
f 2394/2394 2396/2396 2395/2395
f 2358/2358 2397/2397 2398/2398
f 2319/2319 2186/2186 2399/2399
f 2400/2400 2399/2399 2186/2186
f 2187/2187 2400/2400 2186/2186
f 2262/2262 2360/2360 2401/2401
f 2226/2226 2402/2402 2261/2261
f 2361/2361 2262/2262 2401/2401
f 2227/2227 2403/2403 2263/2263
f 2404/2404 2263/2263 2405/2405
f 2263/2263 2404/2404 2152/2152
f 2152/2152 2404/2404 2264/2264
f 2229/2229 2406/2406 2363/2363
f 2322/2322 2230/2230 2407/2407
f 2266/2266 2363/2363 2408/2408
f 2266/2266 2408/2408 2369/2369
f 2368/2368 2409/2409 2324/2324
f 2272/2272 2410/2410 2366/2366
f 2272/2272 2366/2366 2273/2273
f 2324/2324 2409/2409 2370/2370
f 2272/2272 2411/2411 2410/2410
f 2236/2236 2412/2412 2371/2371
f 841/841 2095/2095 400/400
f 2413/2413 2333/2333 2336/2336
f 2379/2379 2290/2290 2414/2414
f 2287/2287 2378/2378 2337/2337
f 2289/2289 2288/2288 2415/2415
f 2288/2288 2338/2338 2415/2415
f 2338/2338 2098/2098 2416/2416
f 2202/2202 2417/2417 2340/2340
f 2131/2131 2203/2203 2293/2293
f 2172/2172 2107/2107 2342/2342
f 2386/2386 2418/2418 2248/2248
f 2418/2418 2344/2344 2248/2248
f 2387/2387 2343/2343 2299/2299
f 2344/2344 2388/2388 2345/2345
f 2419/2419 2420/2420 2421/2421
f 2422/2422 2305/2305 2388/2388
f 2423/2423 2424/2424 2425/2425
f 2352/2352 2426/2426 2389/2389
f 2427/2427 2425/2425 2428/2428
f 2424/2424 2428/2428 2425/2425
f 2396/2396 2428/2428 2395/2395
f 2429/2429 2121/2121 2312/2312
f 2429/2429 2222/2222 2121/2121
f 2355/2355 2356/2356 2430/2430
f 2184/2184 2431/2431 2356/2356
f 2432/2432 2398/2398 2397/2397
f 2398/2398 2432/2432 2183/2183
f 2433/2433 2259/2259 2432/2432
f 2432/2432 2259/2259 2183/2183
f 2184/2184 2261/2261 2434/2434
f 2435/2435 2318/2318 2359/2359
f 2436/2436 2319/2319 2399/2399
f 2401/2401 2437/2437 2361/2361
f 2402/2402 2226/2226 2320/2320
f 2438/2438 2439/2439 2440/2440
f 2439/2439 2438/2438 2441/2441
f 2440/2440 2442/2442 2443/2443
f 2438/2438 2440/2440 2443/2443
f 2362/2362 2151/2151 2024/2024
f 2405/2405 2263/2263 2403/2403
f 2188/2188 2444/2444 2362/2362
f 2322/2322 2444/2444 2188/2188
f 2445/2445 2229/2229 2321/2321
f 2229/2229 2445/2445 2406/2406
f 2446/2446 2447/2447 2448/2448
f 2447/2447 2449/2449 2450/2450
f 2451/2451 2452/2452 2453/2453
f 2368/2368 2450/2450 2449/2449
f 2451/2451 2454/2454 2452/2452
f 2409/2409 2447/2447 2455/2455
f 2449/2449 2447/2447 2409/2409
f 2449/2449 2409/2409 2368/2368
f 2456/2456 2368/2368 2367/2367
f 2409/2409 2457/2457 2370/2370
f 2412/2412 2458/2458 2371/2371
f 2457/2457 2459/2459 2370/2370
f 2370/2370 2459/2459 2325/2325
f 2326/2326 2460/2460 2373/2373
f 1690/1690 2461/2461 1814/1814
f 2328/2328 2462/2462 1690/1690
f 2374/2374 2166/2166 2463/2463
f 2166/2166 2375/2375 2463/2463
f 2242/2242 2464/2464 1965/1965
f 2464/2464 2242/2242 2281/2281
f 2465/2465 2466/2466 2467/2467
f 2333/2333 2413/2413 2331/2331
f 2413/2413 2468/2468 2331/2331
f 2467/2467 2466/2466 2469/2469
f 2470/2470 2471/2471 2472/2472
f 2473/2473 2474/2474 2475/2475
f 2417/2417 2476/2476 2477/2477
f 2338/2338 2416/2416 2478/2478
f 2479/2479 2480/2480 2481/2481
f 2297/2297 2482/2482 2384/2384
f 2483/2483 2482/2482 2297/2297
f 2483/2483 2297/2297 2341/2341
f 2385/2385 2484/2484 2298/2298
f 2485/2485 2298/2298 2484/2484
f 2386/2386 2298/2298 2485/2485
f 2486/2486 2343/2343 2487/2487
f 2343/2343 2387/2387 2487/2487
f 2488/2488 2344/2344 2418/2418
f 2489/2489 2420/2420 2419/2419
f 2396/2396 2427/2427 2428/2428
f 2394/2394 2490/2490 2396/2396
f 2491/2491 2492/2492 2493/2493
f 2494/2494 2223/2223 2495/2495
f 2496/2496 2497/2497 2498/2498
f 2358/2358 2223/2223 2494/2494
f 2259/2259 2433/2433 2499/2499
f 2359/2359 2259/2259 2499/2499
f 2435/2435 2359/2359 2499/2499
f 2319/2319 2436/2436 2500/2500
f 2434/2434 2261/2261 2402/2402
f 2437/2437 2501/2501 2361/2361
f 2151/2151 2362/2362 2320/2320
f 2502/2502 2404/2404 2503/2503
f 2404/2404 2502/2502 2264/2264
f 2444/2444 2322/2322 2504/2504
f 2450/2450 2448/2448 2447/2447
f 2406/2406 2505/2505 2363/2363
f 2506/2506 2450/2450 2368/2368
f 2456/2456 2506/2506 2368/2368
f 2363/2363 2505/2505 2408/2408
f 2366/2366 2410/2410 2507/2507
f 2508/2508 2509/2509 2457/2457
f 2409/2409 2508/2508 2457/2457
f 400/400 2095/2095 2277/2277
f 1170/1170 2510/2510 2240/2240
f 1648/1648 1609/1609 2511/2511
f 2512/2512 2466/2466 2465/2465
f 2513/2513 2465/2465 2514/2514
f 2470/2470 2515/2515 2471/2471
f 2516/2516 2517/2517 2518/2518
f 2515/2515 2519/2519 2520/2520
f 2520/2520 2477/2477 2476/2476
f 2521/2521 2522/2522 2523/2523
f 2477/2477 2524/2524 2417/2417
f 2525/2525 2526/2526 2522/2522
f 2525/2525 2527/2527 2479/2479
f 2481/2481 2525/2525 2479/2479
f 2528/2528 2340/2340 2417/2417
f 2481/2481 2384/2384 2482/2482
f 2383/2383 2340/2340 2529/2529
f 2529/2529 2340/2340 2528/2528
f 2383/2383 2529/2529 2530/2530
f 2530/2530 2385/2385 2383/2383
f 2484/2484 2385/2385 2530/2530
f 2531/2531 2172/2172 2342/2342
f 2343/2343 2486/2486 2342/2342
f 2532/2532 2533/2533 2489/2489
f 2532/2532 2489/2489 2419/2419
f 2534/2534 2419/2419 2421/2421
f 2423/2423 2425/2425 2535/2535
f 2391/2391 2422/2422 2536/2536
f 2391/2391 2536/2536 2392/2392
f 2537/2537 2538/2538 2496/2496
f 2498/2498 2537/2537 2496/2496
f 2397/2397 2539/2539 2432/2432
f 2399/2399 2540/2540 2436/2436
f 2541/2541 2361/2361 2542/2542
f 2541/2541 2542/2542 2543/2543
f 2543/2543 2542/2542 2544/2544
f 2405/2405 2403/2403 2545/2545
f 2405/2405 2503/2503 2404/2404
f 2546/2546 2446/2446 2448/2448
f 2448/2448 2547/2547 2546/2546
f 2547/2547 2448/2448 2450/2450
f 2506/2506 2547/2547 2450/2450
f 2454/2454 2548/2548 2452/2452
f 2455/2455 2508/2508 2409/2409
f 2549/2549 2509/2509 2508/2508
f 2197/2197 2239/2239 2550/2550
f 2197/2197 2550/2550 2327/2327
f 2327/2327 2551/2551 2095/2095
f 1688/1688 1558/1558 2198/2198
f 2552/2552 2278/2278 2035/2035
f 319/319 1814/1814 2279/2279
f 1690/1690 2462/2462 2553/2553
f 2554/2554 2375/2375 1648/1648
f 1648/1648 2511/2511 2554/2554
f 2516/2516 2555/2555 2556/2556
f 2513/2513 2514/2514 2557/2557
f 2512/2512 2465/2465 2513/2513
f 2470/2470 2558/2558 2515/2515
f 2559/2559 2560/2560 2561/2561
f 2473/2473 2521/2521 2562/2562
f 2562/2562 2521/2521 2523/2523
f 2523/2523 2522/2522 2526/2526
f 2417/2417 2524/2524 2528/2528
f 2525/2525 2481/2481 2563/2563
f 2525/2525 2563/2563 2526/2526
f 2481/2481 2482/2482 2563/2563
f 2530/2530 2529/2529 2564/2564
f 2483/2483 2341/2341 2531/2531
f 2341/2341 2172/2172 2531/2531
f 2531/2531 2342/2342 2565/2565
f 2565/2565 2342/2342 2486/2486
f 2565/2565 2486/2486 2566/2566
f 2567/2567 2485/2485 2568/2568
f 2485/2485 2567/2567 2386/2386
f 2386/2386 2567/2567 2418/2418
f 2486/2486 2487/2487 2566/2566
f 2418/2418 2567/2567 2488/2488
f 2569/2569 2532/2532 2534/2534
f 2532/2532 2419/2419 2534/2534
f 2488/2488 2570/2570 2344/2344
f 2344/2344 2570/2570 2388/2388
f 2534/2534 2421/2421 2571/2571
f 2572/2572 2423/2423 2535/2535
f 2536/2536 2422/2422 2573/2573
f 2574/2574 2575/2575 2576/2576
f 2425/2425 2427/2427 2577/2577
f 2578/2578 2579/2579 2577/2577
f 2578/2578 2577/2577 2427/2427
f 2427/2427 2396/2396 2578/2578
f 2580/2580 2581/2581 2582/2582
f 2583/2583 2582/2582 2581/2581
f 2431/2431 2584/2584 2585/2585
f 2431/2431 2184/2184 2584/2584
f 2539/2539 2433/2433 2432/2432
f 2584/2584 2184/2184 2434/2434
f 2539/2539 2586/2586 2433/2433
f 2433/2433 2586/2586 2499/2499
f 2587/2587 2500/2500 2436/2436
f 2434/2434 2402/2402 2588/2588
f 2401/2401 2589/2589 2437/2437
f 2590/2590 2501/2501 2437/2437
f 2501/2501 2542/2542 2361/2361
f 2544/2544 2542/2542 2591/2591
f 2592/2592 2544/2544 2591/2591
f 2593/2593 2594/2594 2595/2595
f 2504/2504 2322/2322 2596/2596
f 2597/2597 2445/2445 2321/2321
f 2406/2406 2598/2598 2599/2599
f 2406/2406 2599/2599 2505/2505
f 2455/2455 2549/2549 2508/2508
f 1044/1044 1811/1811 2600/2600
f 2553/2553 2462/2462 2601/2601
f 2557/2557 2602/2602 2513/2513
f 2519/2519 2603/2603 2520/2520
f 2604/2604 2474/2474 2473/2473
f 2562/2562 2604/2604 2473/2473
f 2520/2520 2603/2603 2477/2477
f 2605/2605 2564/2564 2529/2529
f 2483/2483 2531/2531 2606/2606
f 2530/2530 2564/2564 2484/2484
f 2564/2564 2607/2607 2484/2484
f 2606/2606 2531/2531 2565/2565
f 2485/2485 2608/2608 2568/2568
f 2609/2609 2533/2533 2610/2610
f 2610/2610 2533/2533 2532/2532
f 2532/2532 2569/2569 2610/2610
f 2611/2611 2612/2612 2610/2610
f 2613/2613 2612/2612 2611/2611
f 2614/2614 2569/2569 2534/2534
f 2573/2573 2388/2388 2570/2570
f 2422/2422 2388/2388 2573/2573
f 2615/2615 2616/2616 2579/2579
f 2577/2577 2535/2535 2425/2425
f 2617/2617 2535/2535 2577/2577
f 2312/2312 2308/2308 2618/2618
f 2308/2308 2619/2619 2618/2618
f 2583/2583 2620/2620 2621/2621
f 2583/2583 2622/2622 2620/2620
f 2581/2581 2622/2622 2583/2583
f 2495/2495 2623/2623 2494/2494
f 2624/2624 2580/2580 2625/2625
f 2624/2624 2581/2581 2580/2580
f 2622/2622 2581/2581 2624/2624
f 2625/2625 2626/2626 2624/2624
f 2402/2402 2627/2627 2588/2588
f 2501/2501 2591/2591 2542/2542
f 2320/2320 2362/2362 2628/2628
f 2442/2442 2629/2629 2443/2443
f 2503/2503 2405/2405 2545/2545
f 2446/2446 2546/2546 2630/2630
f 2445/2445 2598/2598 2406/2406
f 2505/2505 2599/2599 2631/2631
f 1921/1921 2034/2034 2632/2632
f 2035/2035 2096/2096 2552/2552
f 2240/2240 2510/2510 2633/2633
f 2554/2554 2511/2511 2634/2634
f 2516/2516 2518/2518 2555/2555
f 2558/2558 2635/2635 2515/2515
f 2602/2602 2636/2636 2513/2513
f 2515/2515 2635/2635 2519/2519
f 2513/2513 2636/2636 2512/2512
f 2512/2512 2636/2636 2637/2637
f 2638/2638 2639/2639 2640/2640
f 2641/2641 2477/2477 2603/2603
f 2477/2477 2641/2641 2524/2524
f 2642/2642 2563/2563 2482/2482
f 2529/2529 2643/2643 2605/2605
f 2482/2482 2483/2483 2642/2642
f 2644/2644 2483/2483 2606/2606
f 2645/2645 2646/2646 2647/2647
f 2607/2607 2608/2608 2484/2484
f 2484/2484 2608/2608 2485/2485
f 2648/2648 2649/2649 2650/2650
f 2651/2651 2652/2652 2653/2653
f 2646/2646 2533/2533 2647/2647
f 2533/2533 2654/2654 2647/2647
f 2655/2655 2651/2651 2656/2656
f 2609/2609 2612/2612 2657/2657
f 2658/2658 2657/2657 2659/2659
f 2655/2655 2660/2660 2661/2661
f 2656/2656 2660/2660 2655/2655
f 2609/2609 2610/2610 2612/2612
f 2662/2662 2657/2657 2612/2612
f 2659/2659 2657/2657 2662/2662
f 2663/2663 2664/2664 2665/2665
f 2666/2666 2659/2659 2667/2667
f 2610/2610 2569/2569 2611/2611
f 2664/2664 2668/2668 2665/2665
f 2669/2669 2666/2666 2667/2667
f 2660/2660 2666/2666 2670/2670
f 2660/2660 2670/2670 2661/2661
f 2670/2670 2666/2666 2669/2669
f 2669/2669 2671/2671 2670/2670
f 2661/2661 2670/2670 2672/2672
f 2611/2611 2569/2569 2673/2673
f 2673/2673 2569/2569 2614/2614
f 2674/2674 2675/2675 2676/2676
f 2571/2571 2614/2614 2534/2534
f 2677/2677 2678/2678 2571/2571
f 2578/2578 2616/2616 2615/2615
f 2621/2621 2620/2620 2679/2679
f 2579/2579 2617/2617 2577/2577
f 2620/2620 2622/2622 2680/2680
f 2680/2680 2622/2622 2624/2624
f 2358/2358 2494/2494 2681/2681
f 2397/2397 2358/2358 2681/2681
f 2499/2499 2586/2586 2682/2682
f 2683/2683 2436/2436 2540/2540
f 2684/2684 2685/2685 2686/2686
f 2437/2437 2589/2589 2687/2687
f 2402/2402 2320/2320 2627/2627
f 2687/2687 2590/2590 2437/2437
f 2501/2501 2590/2590 2591/2591
f 2688/2688 2593/2593 2595/2595
f 2629/2629 2689/2689 2690/2690
f 2443/2443 2629/2629 2690/2690
f 2502/2502 2503/2503 2691/2691
f 2597/2597 2598/2598 2445/2445
f 2692/2692 2693/2693 2694/2694
f 2695/2695 2693/2693 2692/2692
f 2631/2631 2696/2696 2697/2697
f 2599/2599 2696/2696 2631/2631
f 2552/2552 2096/2096 2698/2698
f 1170/1170 2279/2279 2510/2510
f 2553/2553 2461/2461 1690/1690
f 2464/2464 2699/2699 1965/1965
f 2557/2557 2700/2700 2602/2602
f 2602/2602 2700/2700 2701/2701
f 2702/2702 2703/2703 2704/2704
f 2602/2602 2701/2701 2636/2636
f 2705/2705 2559/2559 2561/2561
f 2635/2635 2706/2706 2519/2519
f 2524/2524 2707/2707 2528/2528
f 2707/2707 2708/2708 2528/2528
f 2708/2708 2529/2529 2528/2528
f 2643/2643 2529/2529 2708/2708
f 2643/2643 2709/2709 2710/2710
f 2605/2605 2643/2643 2710/2710
f 2483/2483 2644/2644 2642/2642
f 2711/2711 2712/2712 2713/2713
f 2605/2605 2710/2710 2564/2564
f 2714/2714 2713/2713 2712/2712
f 2645/2645 2715/2715 2716/2716
f 2713/2713 2714/2714 2717/2717
f 2715/2715 2645/2645 2647/2647
f 2564/2564 2718/2718 2607/2607
f 2719/2719 2720/2720 2721/2721
f 2722/2722 2721/2721 2720/2720
f 2722/2722 2723/2723 2724/2724
f 2725/2725 2650/2650 2726/2726
f 2724/2724 2721/2721 2722/2722
f 2649/2649 2726/2726 2650/2650
f 2609/2609 2654/2654 2533/2533
f 2653/2653 2727/2727 2651/2651
f 2651/2651 2727/2727 2656/2656
f 2657/2657 2658/2658 2728/2728
f 2729/2729 2609/2609 2657/2657
f 2666/2666 2658/2658 2659/2659
f 2659/2659 2662/2662 2667/2667
f 2660/2660 2656/2656 2666/2666
f 2665/2665 2668/2668 2730/2730
f 2731/2731 2732/2732 2733/2733
f 2670/2670 2671/2671 2672/2672
f 2673/2673 2614/2614 2734/2734
f 2614/2614 2571/2571 2735/2735
f 2735/2735 2734/2734 2614/2614
f 2671/2671 2736/2736 2672/2672
f 2737/2737 2734/2734 2735/2735
f 2738/2738 2739/2739 2672/2672
f 2735/2735 2571/2571 2678/2678
f 2616/2616 2740/2740 2579/2579
f 2573/2573 2741/2741 2536/2536
f 2742/2742 2743/2743 2620/2620
f 2743/2743 2679/2679 2620/2620
f 2579/2579 2740/2740 2617/2617
f 2740/2740 2744/2744 2617/2617
f 2618/2618 2619/2619 2745/2745
f 2742/2742 2620/2620 2680/2680
f 2429/2429 2312/2312 2746/2746
f 2585/2585 2584/2584 2747/2747
f 2397/2397 2681/2681 2539/2539
f 2586/2586 2539/2539 2681/2681
f 2748/2748 2685/2685 2749/2749
f 2685/2685 2684/2684 2749/2749
f 2750/2750 2587/2587 2751/2751
f 2320/2320 2628/2628 2627/2627
f 2590/2590 2752/2752 2591/2591
f 2503/2503 2545/2545 2753/2753
f 2594/2594 2754/2754 2595/2595
f 2444/2444 2504/2504 2755/2755
f 2594/2594 2756/2756 2754/2754
f 2598/2598 2597/2597 2757/2757
f 2694/2694 2693/2693 2758/2758
f 2759/2759 2760/2760 2693/2693
f 2760/2760 2758/2758 2693/2693
f 2632/2632 2034/2034 2761/2761
f 1921/1921 2632/2632 2762/2762
f 1921/1921 2762/2762 1811/1811
f 1609/1609 2280/2280 2763/2763
f 2555/2555 2518/2518 2764/2764
f 2765/2765 2703/2703 2702/2702
f 2766/2766 2765/2765 2767/2767
f 2768/2768 2603/2603 2519/2519
f 2769/2769 2641/2641 2603/2603
f 2770/2770 2562/2562 2771/2771
f 2562/2562 2523/2523 2771/2771
f 2523/2523 2526/2526 2771/2771
f 2526/2526 2772/2772 2771/2771
f 2526/2526 2563/2563 2772/2772
f 2643/2643 2708/2708 2709/2709
f 2563/2563 2642/2642 2772/2772
f 2715/2715 2773/2773 2716/2716
f 2774/2774 2714/2714 2712/2712
f 2714/2714 2774/2774 2717/2717
f 2775/2775 2719/2719 2776/2776
f 2720/2720 2719/2719 2775/2775
f 2722/2722 2720/2720 2777/2777
f 2722/2722 2777/2777 2723/2723
f 2778/2778 2715/2715 2647/2647
f 2778/2778 2779/2779 2715/2715
f 2780/2780 2781/2781 2782/2782
f 2778/2778 2647/2647 2654/2654
f 2783/2783 2726/2726 2784/2784
f 2784/2784 2726/2726 2649/2649
f 2781/2781 2785/2785 2786/2786
f 2781/2781 2786/2786 2782/2782
f 2729/2729 2654/2654 2609/2609
f 2787/2787 2654/2654 2729/2729
f 2727/2727 2788/2788 2656/2656
f 2789/2789 2784/2784 2649/2649
f 2788/2788 2658/2658 2656/2656
f 2728/2728 2729/2729 2657/2657
f 2666/2666 2656/2656 2658/2658
f 2790/2790 2791/2791 2663/2663
f 2791/2791 2792/2792 2663/2663
f 2793/2793 2794/2794 2792/2792
f 2674/2674 2795/2795 2675/2675
f 2796/2796 2795/2795 2674/2674
f 2796/2796 2674/2674 2797/2797
f 2674/2674 2798/2798 2797/2797
f 2736/2736 2799/2799 2738/2738
f 2736/2736 2738/2738 2672/2672
f 2678/2678 2800/2800 2735/2735
f 2737/2737 2735/2735 2800/2800
f 2737/2737 2800/2800 2801/2801
f 2802/2802 2737/2737 2801/2801
f 2803/2803 2799/2799 2804/2804
f 2738/2738 2799/2799 2803/2803
f 2535/2535 2617/2617 2805/2805
f 2806/2806 2805/2805 2807/2807
f 2801/2801 2808/2808 2802/2802
f 2804/2804 2808/2808 2809/2809
f 2803/2803 2804/2804 2809/2809
f 2803/2803 2810/2810 2738/2738
f 2738/2738 2810/2810 2739/2739
f 2742/2742 2811/2811 2743/2743
f 2312/2312 2618/2618 2746/2746
f 2812/2812 2429/2429 2746/2746
f 2813/2813 2814/2814 2815/2815
f 2680/2680 2624/2624 2816/2816
f 2817/2817 2813/2813 2815/2815
f 2818/2818 2813/2813 2817/2817
f 2623/2623 2681/2681 2494/2494
f 2681/2681 2682/2682 2586/2586
f 2683/2683 2819/2819 2436/2436
f 2587/2587 2436/2436 2751/2751
f 2589/2589 2820/2820 2687/2687
f 2821/2821 2822/2822 2823/2823
f 2590/2590 2687/2687 2752/2752
f 2824/2824 2688/2688 2825/2825
f 2592/2592 2591/2591 2826/2826
f 2753/2753 2691/2691 2503/2503
f 2827/2827 2828/2828 2829/2829
f 2830/2830 2831/2831 2832/2832
f 2830/2830 2833/2833 2831/2831
f 2834/2834 2833/2833 2830/2830
f 2835/2835 2694/2694 2758/2758
f 2761/2761 2034/2034 2198/2198
f 2327/2327 2550/2550 2836/2836
f 2327/2327 2836/2836 2551/2551
f 2837/2837 2838/2838 2839/2839
f 2634/2634 2511/2511 2840/2840
f 2841/2841 2842/2842 2767/2767
f 2842/2842 2766/2766 2767/2767
f 2766/2766 2703/2703 2765/2765
f 2843/2843 2703/2703 2766/2766
f 2844/2844 2559/2559 2705/2705
f 2768/2768 2706/2706 2845/2845
f 2768/2768 2519/2519 2706/2706
f 2768/2768 2846/2846 2603/2603
f 2603/2603 2846/2846 2769/2769
f 2524/2524 2641/2641 2707/2707
f 2847/2847 2848/2848 2849/2849
f 2707/2707 2850/2850 2708/2708
f 2850/2850 2709/2709 2708/2708
f 2849/2849 2848/2848 2851/2851
f 2710/2710 2709/2709 2850/2850
f 2716/2716 2773/2773 2851/2851
f 2712/2712 2852/2852 2853/2853
f 2712/2712 2853/2853 2854/2854
f 2712/2712 2854/2854 2774/2774
f 2854/2854 2855/2855 2774/2774
f 2856/2856 2857/2857 2775/2775
f 2777/2777 2720/2720 2775/2775
f 2776/2776 2856/2856 2775/2775
f 2723/2723 2777/2777 2858/2858
f 2859/2859 2779/2779 2778/2778
f 2860/2860 2781/2781 2780/2780
f 2787/2787 2778/2778 2654/2654
f 2859/2859 2778/2778 2787/2787
f 2861/2861 2862/2862 2863/2863
f 2729/2729 2864/2864 2787/2787
f 2865/2865 2787/2787 2864/2864
f 2866/2866 2867/2867 2868/2868
f 2862/2862 2869/2869 2863/2863
f 2783/2783 2869/2869 2862/2862
f 2729/2729 2728/2728 2864/2864
f 2728/2728 2865/2865 2864/2864
f 2658/2658 2865/2865 2728/2728
f 2870/2870 2861/2861 2871/2871
f 2871/2871 2861/2861 2863/2863
f 2784/2784 2869/2869 2783/2783
f 2789/2789 2869/2869 2784/2784
f 2871/2871 2872/2872 2870/2870
f 2665/2665 2790/2790 2663/2663
f 2792/2792 2791/2791 2873/2873
f 2873/2873 2793/2793 2792/2792
f 2732/2732 2874/2874 2733/2733
f 2875/2875 2731/2731 2876/2876
f 2798/2798 2877/2877 2797/2797
f 2797/2797 2877/2877 2878/2878
f 2744/2744 2879/2879 2617/2617
f 2805/2805 2617/2617 2807/2807
f 2880/2880 2881/2881 2882/2882
f 2882/2882 2883/2883 2884/2884
f 2884/2884 2883/2883 2885/2885
f 2804/2804 2802/2802 2808/2808
f 2883/2883 2882/2882 2881/2881
f 2886/2886 2887/2887 2888/2888
f 2886/2886 2888/2888 2889/2889
f 2890/2890 2886/2886 2889/2889
f 2742/2742 2891/2891 2811/2811
f 2742/2742 2680/2680 2816/2816
f 2892/2892 2893/2893 2894/2894
f 2895/2895 2896/2896 2897/2897
f 2748/2748 2898/2898 2899/2899
f 2749/2749 2898/2898 2748/2748
f 2682/2682 2900/2900 2901/2901
f 2751/2751 2436/2436 2819/2819
f 2902/2902 2749/2749 2684/2684
f 2687/2687 2820/2820 2903/2903
f 2687/2687 2903/2903 2752/2752
f 2752/2752 2826/2826 2591/2591
f 2826/2826 2904/2904 2592/2592
f 2592/2592 2905/2905 2753/2753
f 2595/2595 2754/2754 2906/2906
f 2907/2907 2908/2908 2909/2909
f 2758/2758 2910/2910 2835/2835
f 2911/2911 2758/2758 2760/2760
f 2239/2239 2912/2912 2550/2550
f 2550/2550 2912/2912 2836/2836
f 905/905 2129/2129 2913/2913
f 2552/2552 2698/2698 2914/2914
f 2915/2915 2837/2837 2839/2839
f 2240/2240 2916/2916 2199/2199
f 2240/2240 2633/2633 2916/2916
f 2917/2917 2553/2553 2601/2601
f 2918/2918 2843/2843 2766/2766
f 2918/2918 2766/2766 2842/2842
f 2919/2919 2920/2920 2921/2921
f 2922/2922 2920/2920 2919/2919
f 2844/2844 2705/2705 2923/2923
f 2768/2768 2845/2845 2924/2924
f 2639/2639 2638/2638 2925/2925
f 2926/2926 2770/2770 2927/2927
f 2770/2770 2771/2771 2927/2927
f 2928/2928 2641/2641 2769/2769
f 2641/2641 2928/2928 2707/2707
f 2849/2849 2851/2851 2929/2929
f 2852/2852 2711/2711 2930/2930
f 2851/2851 2773/2773 2929/2929
f 2931/2931 2852/2852 2932/2932
f 2853/2853 2852/2852 2931/2931
f 2852/2852 2712/2712 2711/2711
f 2933/2933 2773/2773 2934/2934
f 2931/2931 2933/2933 2934/2934
f 2931/2931 2854/2854 2853/2853
f 2931/2931 2934/2934 2854/2854
f 2715/2715 2779/2779 2773/2773
f 2934/2934 2773/2773 2779/2779
f 2935/2935 2934/2934 2779/2779
f 2854/2854 2934/2934 2935/2935
f 2936/2936 2935/2935 2937/2937
f 2854/2854 2935/2935 2936/2936
f 2855/2855 2854/2854 2936/2936
f 2857/2857 2938/2938 2775/2775
f 2935/2935 2779/2779 2937/2937
f 2937/2937 2779/2779 2859/2859
f 2857/2857 2939/2939 2940/2940
f 2856/2856 2939/2939 2857/2857
f 2941/2941 2942/2942 2943/2943
f 2944/2944 2945/2945 2946/2946
f 2947/2947 2785/2785 2781/2781
f 2946/2946 2948/2948 2944/2944
f 2946/2946 2870/2870 2948/2948
f 2863/2863 2949/2949 2871/2871
f 2791/2791 2790/2790 2950/2950
f 2948/2948 2870/2870 2872/2872
f 2871/2871 2949/2949 2951/2951
f 2951/2951 2872/2872 2871/2871
f 2733/2733 2874/2874 2952/2952
f 2733/2733 2876/2876 2731/2731
f 2744/2744 2953/2953 2879/2879
f 2617/2617 2879/2879 2807/2807
f 2887/2887 2954/2954 2955/2955
f 2890/2890 2889/2889 2956/2956
f 2890/2890 2956/2956 2957/2957
f 2957/2957 2958/2958 2890/2890
f 2959/2959 2742/2742 2960/2960
f 2961/2961 2896/2896 2895/2895
f 2962/2962 2894/2894 2893/2893
f 2681/2681 2623/2623 2963/2963
f 2964/2964 2899/2899 2898/2898
f 2965/2965 2682/2682 2681/2681
f 2750/2750 2751/2751 2966/2966
f 2967/2967 2968/2968 2969/2969
f 2684/2684 2824/2824 2970/2970
f 2825/2825 2970/2970 2824/2824
f 2825/2825 2688/2688 2971/2971
f 2688/2688 2595/2595 2972/2972
f 2904/2904 2905/2905 2592/2592
f 2905/2905 2691/2691 2753/2753
f 2973/2973 2974/2974 2975/2975
f 2974/2974 2828/2828 2975/2975
f 2834/2834 2909/2909 2833/2833
f 2833/2833 2976/2976 2831/2831
f 2910/2910 2758/2758 2977/2977
f 2759/2759 2978/2978 2979/2979
f 2760/2760 2759/2759 2979/2979
f 2760/2760 2979/2979 2911/2911
f 2911/2911 2980/2980 2758/2758
f 1044/1044 2600/2600 2129/2129
f 2555/2555 2764/2764 2981/2981
f 2982/2982 2844/2844 2923/2923
f 2983/2983 2924/2924 2845/2845
f 2920/2920 2984/2984 2921/2921
f 2923/2923 2705/2705 2985/2985
f 2846/2846 2768/2768 2924/2924
f 2638/2638 2986/2986 2925/2925
f 2849/2849 2987/2987 2847/2847
f 2928/2928 2850/2850 2707/2707
f 2929/2929 2987/2987 2849/2849
f 2930/2930 2932/2932 2852/2852
f 2933/2933 2929/2929 2773/2773
f 2988/2988 2940/2940 2989/2989
f 2857/2857 2940/2940 2988/2988
f 2942/2942 2941/2941 2990/2990
f 2775/2775 2938/2938 2991/2991
f 2777/2777 2775/2775 2992/2992
f 2775/2775 2991/2991 2992/2992
f 2992/2992 2858/2858 2777/2777
f 2947/2947 2781/2781 2860/2860
f 2947/2947 2860/2860 2993/2993
f 2994/2994 2995/2995 2946/2946
f 2994/2994 2996/2996 2995/2995
f 2994/2994 2946/2946 2945/2945
f 2869/2869 2949/2949 2863/2863
f 2997/2997 2998/2998 2999/2999
f 2997/2997 3000/3000 2998/2998
f 2785/2785 3000/3000 2997/2997
f 2873/2873 3001/3001 2793/2793
f 3002/3002 2952/2952 2874/2874
f 2876/2876 2733/2733 3003/3003
f 2878/2878 3004/3004 2797/2797
f 3005/3005 3006/3006 3007/3007
f 2804/2804 3008/3008 2802/2802
f 2879/2879 2953/2953 3009/3009
f 2880/2880 3010/3010 3011/3011
f 3012/3012 2958/2958 2957/2957
f 2880/2880 3013/3013 2881/2881
f 2888/2888 2887/2887 2955/2955
f 2745/2745 2958/2958 3012/3012
f 3014/3014 3015/3015 3016/3016
f 2745/2745 3012/3012 3017/3017
f 3017/3017 2618/2618 2745/2745
f 3015/3015 3018/3018 3016/3016
f 3019/3019 2881/2881 3013/3013
f 2746/2746 2618/2618 3017/3017
f 2742/2742 2816/2816 2960/2960
f 2623/2623 3020/3020 2963/2963
f 2892/2892 2894/2894 3021/3021
f 2898/2898 3022/3022 2964/2964
f 2898/2898 3023/3023 3022/3022
f 2898/2898 2749/2749 3023/3023
f 2682/2682 2965/2965 2900/2900
f 2903/2903 2820/2820 3024/3024
f 2903/2903 3025/3025 2752/2752
f 2752/2752 3025/3025 2826/2826
f 2688/2688 2972/2972 2971/2971
f 2904/2904 3025/3025 3026/3026
f 2904/2904 2826/2826 3025/3025
f 2906/2906 2972/2972 2595/2595
f 2908/2908 3027/3027 2909/2909
f 3027/3027 2833/2833 2909/2909
f 2828/2828 2827/2827 2975/2975
f 2758/2758 2980/2980 2977/2977
f 3028/3028 2911/2911 3029/3029
f 3029/3029 2911/2911 2979/2979
f 2096/2096 3030/3030 2698/2698
f 2917/2917 3031/3031 2553/2553
f 1609/1609 2840/2840 2511/2511
f 3032/3032 2699/2699 2464/2464
f 3033/3033 3034/3034 2922/2922
f 3035/3035 3036/3036 3037/3037
f 3036/3036 3038/3038 3037/3037
f 2922/2922 3039/3039 2920/2920
f 2920/2920 3040/3040 2984/2984
f 2924/2924 2983/2983 3041/3041
f 2986/2986 3042/3042 2925/2925
f 3043/3043 3044/3044 3045/3045
f 2769/2769 3046/3046 2928/2928
f 2847/2847 2987/2987 3045/3045
f 2928/2928 3047/3047 2850/2850
f 3048/3048 2987/2987 2929/2929
f 2933/2933 3048/3048 2929/2929
f 2931/2931 3048/3048 2933/2933
f 2932/2932 3048/3048 2931/2931
f 3049/3049 3050/3050 3051/3051
f 2992/2992 3049/3049 3051/3051
f 2991/2991 3049/3049 2992/2992
f 3052/3052 3053/3053 3054/3054
f 2993/2993 3055/3055 2947/2947
f 3054/3054 3056/3056 3052/3052
f 3057/3057 2941/2941 3058/3058
f 2947/2947 3000/3000 2785/2785
f 2944/2944 3059/3059 2945/2945
f 2950/2950 2790/2790 3060/3060
f 2665/2665 2730/2730 2790/2790
f 2949/2949 3061/3061 2951/2951
f 2951/2951 3061/3061 3062/3062
f 2796/2796 2797/2797 3063/3063
f 2733/2733 2952/2952 3003/3003
f 3004/3004 2878/2878 3064/3064
f 3006/3006 3005/3005 2875/2875
f 3065/3065 2802/2802 3008/3008
f 3011/3011 3010/3010 3066/3066
f 2956/2956 2889/2889 3067/3067
f 3014/3014 3016/3016 3068/3068
f 3011/3011 3066/3066 3069/3069
f 3070/3070 2955/2955 2954/2954
f 3070/3070 2888/2888 2955/2955
f 3011/3011 3069/3069 3013/3013
f 3011/3011 3013/3013 2880/2880
f 3071/3071 3072/3072 3073/3073
f 3074/3074 3075/3075 3076/3076
f 3077/3077 3078/3078 3079/3079
f 3080/3080 2889/2889 2888/2888
f 3081/3081 3017/3017 3012/3012
f 3018/3018 3082/3082 3016/3016
f 3083/3083 2881/2881 3019/3019
f 3017/3017 3084/3084 2746/2746
f 2963/2963 2965/2965 2681/2681
f 3023/3023 2749/2749 3085/3085
f 2751/2751 2819/2819 3086/3086
f 3086/3086 2966/2966 2751/2751
f 2749/2749 2902/2902 3087/3087
f 3024/3024 3088/3088 3089/3089
f 2903/2903 3024/3024 3089/3089
f 3090/3090 3091/3091 3092/3092
f 3093/3093 2970/2970 2825/2825
f 3025/3025 2903/2903 3089/3089
f 2825/2825 2971/2971 3093/3093
f 2904/2904 3094/3094 2905/2905
f 2975/2975 2827/2827 3095/3095
f 3096/3096 3095/3095 2827/2827
f 2551/2551 2836/2836 3097/3097
f 1811/1811 2762/2762 3098/3098
f 2510/2510 3099/3099 2633/2633
f 1965/1965 3100/3100 2241/2241
f 2699/2699 3101/3101 1965/1965
f 2699/2699 3102/3102 3101/3101
f 3102/3102 2699/2699 3032/3032
f 3034/3034 3039/3039 2922/2922
f 3037/3037 3103/3103 3035/3035
f 3037/3037 3038/3038 3104/3104
f 2920/2920 3039/3039 3040/3040
f 2923/2923 3105/3105 2982/2982
f 3106/3106 3107/3107 3108/3108
f 3109/3109 3107/3107 3106/3106
f 3042/3042 3110/3110 2925/2925
f 3111/3111 3042/3042 2986/2986
f 3112/3112 3042/3042 3111/3111
f 3113/3113 3114/3114 3115/3115
f 3116/3116 3044/3044 3043/3043
f 3116/3116 3117/3117 3114/3114
f 3117/3117 3115/3115 3114/3114
f 3113/3113 3115/3115 3118/3118
f 3118/3118 3115/3115 3119/3119
f 2932/2932 3119/3119 3120/3120
f 3046/3046 3047/3047 2928/2928
f 2987/2987 3043/3043 3045/3045
f 2857/2857 2988/2988 3121/3121
f 2938/2938 2857/2857 3121/3121
f 3122/3122 3123/3123 3124/3124
f 2990/2990 2941/2941 3125/3125
f 3126/3126 3127/3127 3128/3128
f 3129/3129 3056/3056 3054/3054
f 3058/3058 3130/3130 3057/3057
f 3055/3055 3131/3131 2947/2947
f 2994/2994 2945/2945 3132/3132
f 2947/2947 3131/3131 3000/3000
f 2945/2945 3059/3059 3132/3132
f 2999/2999 2998/2998 3133/3133
f 2730/2730 3134/3134 3060/3060
f 2730/2730 3060/3060 2790/2790
f 2999/2999 3133/3133 3135/3135
f 3135/3135 3136/3136 2952/2952
f 2795/2795 2796/2796 3137/3137
f 3137/3137 2796/2796 3063/3063
f 3006/3006 2875/2875 2876/2876
f 3138/3138 3007/3007 3006/3006
f 3080/3080 3067/3067 2889/2889
f 3080/3080 3139/3139 3067/3067
f 2957/2957 3140/3140 3012/3012
f 3140/3140 2957/2957 2956/2956
f 3141/3141 3142/3142 3143/3143
f 3144/3144 2959/2959 3145/3145
f 3146/3146 3019/3019 3013/3013
f 3019/3019 3147/3147 3083/3083
f 3145/3145 2959/2959 2960/2960
f 3020/3020 3148/3148 2963/2963
f 3149/3149 3150/3150 3151/3151
f 3152/3152 3153/3153 3154/3154
f 3022/3022 3023/3023 3155/3155
f 2963/2963 3156/3156 2965/2965
f 2965/2965 3156/3156 2900/2900
f 2749/2749 3087/3087 3085/3085
f 3090/3090 3092/3092 3157/3157
f 3087/3087 2902/2902 3158/3158
f 3159/3159 3160/3160 3161/3161
f 3162/3162 2970/2970 3093/3093
f 3163/3163 3164/3164 3165/3165
f 2971/2971 3166/3166 3158/3158
f 3025/3025 3089/3089 3026/3026
f 2904/2904 3026/3026 3094/3094
f 2972/2972 2906/2906 3167/3167
f 2973/2973 3168/3168 3169/3169
f 3094/3094 3170/3170 2905/2905
f 2905/2905 3170/3170 2691/2691
f 3027/3027 2908/2908 3171/3171
f 3168/3168 2973/2973 3172/3172
f 2973/2973 2975/2975 3172/3172
f 2833/2833 3027/3027 3173/3173
f 3174/3174 3175/3175 3176/3176
f 3177/3177 3174/3174 3178/3178
f 3175/3175 3174/3174 3177/3177
f 3178/3178 3179/3179 3177/3177
f 3028/3028 3029/3029 3180/3180
f 2911/2911 3181/3181 2980/2980
f 2911/2911 3028/3028 3181/3181
f 2551/2551 3097/3097 3182/3182
f 2762/2762 2632/2632 3098/3098
f 3030/3030 2096/2096 3183/3183
f 3030/3030 3183/3183 3184/3184
f 3185/3185 2840/2840 3186/3186
f 1965/1965 3101/3101 3100/3100
f 2764/2764 3187/3187 2981/2981
f 3188/3188 3103/3103 3189/3189
f 3190/3190 3191/3191 3192/3192
f 3103/3103 3037/3037 3189/3189
f 3189/3189 3104/3104 3193/3193
f 3194/3194 3195/3195 3106/3106
f 3196/3196 3197/3197 3198/3198
f 3197/3197 3196/3196 3113/3113
f 3042/3042 3199/3199 3110/3110
f 3200/3200 3199/3199 3042/3042
f 3112/3112 3200/3200 3042/3042
f 3113/3113 3196/3196 3114/3114
f 3116/3116 3043/3043 3117/3117
f 3117/3117 3201/3201 3115/3115
f 3115/3115 3201/3201 3119/3119
f 3202/3202 3117/3117 3043/3043
f 3201/3201 3117/3117 3202/3202
f 3119/3119 3201/3201 3202/3202
f 3202/3202 3120/3120 3119/3119
f 3202/3202 3043/3043 2987/2987
f 3048/3048 3202/3202 2987/2987
f 3120/3120 3202/3202 3048/3048
f 2932/2932 3120/3120 3048/3048
f 3203/3203 3204/3204 3205/3205
f 3206/3206 2991/2991 2938/2938
f 3125/3125 2941/2941 3057/3057
f 3128/3128 3127/3127 3207/3207
f 3056/3056 3129/3129 3208/3208
f 3209/3209 2998/2998 3000/3000
f 3135/3135 3133/3133 3136/3136
f 3137/3137 3063/3063 3210/3210
f 2952/2952 3136/3136 3003/3003
f 3063/3063 2797/2797 3004/3004
f 3211/3211 2956/2956 3067/3067
f 3212/3212 2956/2956 3211/3211
f 3140/3140 3213/3213 3012/3012
f 3214/3214 3215/3215 3216/3216
f 2956/2956 3212/3212 3140/3140
f 3074/3074 3076/3076 3217/3217
f 3074/3074 3217/3217 3218/3218
f 3219/3219 3143/3143 3142/3142
f 3220/3220 3221/3221 3222/3222
f 3147/3147 3019/3019 3146/3146
f 3217/3217 3076/3076 3223/3223
f 2746/2746 3084/3084 3224/3224
f 3225/3225 3226/3226 3227/3227
f 3150/3150 3228/3228 3151/3151
f 3229/3229 3230/3230 3231/3231
f 3232/3232 3227/3227 3226/3226
f 3233/3233 3234/3234 3235/3235
f 3085/3085 3155/3155 3023/3023
f 3236/3236 3085/3085 3087/3087
f 2901/2901 2900/2900 3237/3237
f 3088/3088 3238/3238 3239/3239
f 3240/3240 3089/3089 3088/3088
f 3163/3163 3165/3165 3241/3241
f 3087/3087 3158/3158 3166/3166
f 2971/2971 2972/2972 3166/3166
f 3242/3242 3166/3166 2972/2972
f 2972/2972 3167/3167 3242/3242
f 3243/3243 3244/3244 3169/3169
f 3168/3168 3243/3243 3169/3169
f 3245/3245 3246/3246 3247/3247
f 2976/2976 2833/2833 3173/3173
f 3248/3248 3249/3249 3250/3250
f 3251/3251 3252/3252 2976/2976
f 3172/3172 2975/2975 3253/3253
f 3254/3254 3255/3255 3256/3256
f 3256/3256 3255/3255 3257/3257
f 3255/3255 3254/3254 3258/3258
f 3178/3178 3174/3174 3259/3259
f 3178/3178 3260/3260 3179/3179
f 2980/2980 3261/3261 2977/2977
f 3261/3261 2980/2980 3181/3181
f 2912/2912 3262/3262 2836/2836
f 2632/2632 2761/2761 3263/3263
f 1811/1811 3098/3098 2600/2600
f 2096/2096 905/905 3183/3183
f 3030/3030 2914/2914 2698/2698
f 2916/2916 3099/3099 3264/3264
f 2633/2633 3099/3099 2916/2916
f 3265/3265 3190/3190 3266/3266
f 3267/3267 3039/3039 3034/3034
f 3189/3189 3037/3037 3104/3104
f 3193/3193 3104/3104 3268/3268
f 3193/3193 3268/3268 3269/3269
f 3270/3270 3271/3271 3272/3272
f 3106/3106 3273/3273 3194/3194
f 3194/3194 3273/3273 3198/3198
f 3198/3198 3273/3273 3196/3196
f 3273/3273 3106/3106 3108/3108
f 3205/3205 3274/3274 3203/3203
f 3205/3205 3275/3275 3274/3274
f 3274/3274 3275/3275 3276/3276
f 3206/3206 2938/2938 3121/3121
f 3277/3277 3278/3278 3275/3275
f 2990/2990 3279/3279 3280/3280
f 3276/3276 3275/3275 3278/3278
f 3050/3050 3049/3049 3281/3281
f 2991/2991 3206/3206 3282/3282
f 2991/2991 3281/3281 3049/3049
f 3283/3283 3123/3123 3122/3122
f 3125/3125 3284/3284 2990/2990
f 3130/3130 3285/3285 3057/3057
f 3207/3207 3286/3286 3131/3131
f 3209/3209 3000/3000 3131/3131
f 2998/2998 3209/3209 3133/3133
f 3287/3287 3065/3065 3008/3008
f 3215/3215 3288/3288 3216/3216
f 3289/3289 3290/3290 3291/3291
f 3292/3292 3293/3293 3294/3294
f 3225/3225 3295/3295 3296/3296
f 3292/3292 3294/3294 3297/3297
f 3298/3298 3299/3299 3300/3300
f 3084/3084 3301/3301 3213/3213
f 3291/3291 3290/3290 3302/3302
f 3217/3217 3223/3223 3303/3303
f 3217/3217 3303/3303 3304/3304
f 3302/3302 3290/3290 3305/3305
f 3303/3303 3223/3223 3306/3306
f 3234/3234 3233/3233 3307/3307
f 3150/3150 3308/3308 3228/3228
f 3225/3225 3227/3227 3295/3295
f 3309/3309 3232/3232 3155/3155
f 3310/3310 3232/3232 3309/3309
f 2963/2963 3311/3311 3156/3156
f 3309/3309 3155/3155 3085/3085
f 3237/3237 2900/2900 3156/3156
f 3239/3239 3240/3240 3088/3088
f 3241/3241 3312/3312 3163/3163
f 3089/3089 3240/3240 3026/3026
f 3171/3171 3313/3313 3314/3314
f 3168/3168 3172/3172 3243/3243
f 3315/3315 3316/3316 3317/3317
f 3027/3027 3171/3171 3173/3173
f 3318/3318 3248/3248 3319/3319
f 3320/3320 3316/3316 3321/3321
f 3316/3316 3322/3322 3321/3321
f 3317/3317 3316/3316 3320/3320
f 3317/3317 3320/3320 3251/3251
f 2976/2976 3173/3173 3251/3251
f 3173/3173 3317/3317 3251/3251
f 3248/3248 3318/3318 3249/3249
f 3323/3323 3252/3252 3251/3251
f 3257/3257 3255/3255 3324/3324
f 3255/3255 3325/3325 3324/3324
f 3323/3323 3326/3326 3252/3252
f 3327/3327 3249/3249 3318/3318
f 3253/3253 2975/2975 3095/3095
f 3325/3325 3255/3255 3258/3258
f 3259/3259 3328/3328 3178/3178
f 3178/3178 3328/3328 3329/3329
f 3178/3178 3329/3329 3260/3260
f 3181/3181 3330/3330 3261/3261
f 2836/2836 3262/3262 3097/3097
f 1558/1558 2277/2277 3331/3331
f 2761/2761 3332/3332 3263/3263
f 2632/2632 3263/3263 3098/3098
f 905/905 2913/2913 3183/3183
f 2917/2917 3333/3333 3031/3031
f 3334/3334 3335/3335 3336/3336
f 3336/3336 3335/3335 3337/3337
f 3267/3267 3034/3034 3338/3338
f 2840/2840 3339/3339 3186/3186
f 3340/3340 2981/2981 3187/3187
f 3341/3341 3188/3188 3189/3189
f 3340/3340 3187/3187 3342/3342
f 3190/3190 3265/3265 3343/3343
f 3193/3193 3341/3341 3189/3189
f 3190/3190 3343/3343 3191/3191
f 3191/3191 3343/3343 3344/3344
f 3345/3345 3346/3346 3347/3347
f 3277/3277 3275/3275 3205/3205
f 3345/3345 3348/3348 3346/3346
f 3206/3206 3121/3121 3349/3349
f 3278/3278 3277/3277 3350/3350
f 2990/2990 3284/3284 3279/3279
f 3281/3281 2991/2991 3282/3282
f 3283/3283 3122/3122 3351/3351
f 3352/3352 3353/3353 3127/3127
f 3353/3353 3286/3286 3207/3207
f 3127/3127 3353/3353 3207/3207
f 3354/3354 3285/3285 3130/3130
f 3131/3131 3286/3286 3209/3209
f 3355/3355 3356/3356 3132/3132
f 3132/3132 3059/3059 3355/3355
f 3209/3209 3357/3357 3133/3133
f 3133/3133 3357/3357 3136/3136
f 3210/3210 3063/3063 3358/3358
f 3063/3063 3004/3004 3358/3358
f 3358/3358 3004/3004 3359/3359
f 2876/2876 3003/3003 3006/3006
f 3004/3004 3064/3064 3359/3359
f 3360/3360 3138/3138 3361/3361
f 3006/3006 3361/3361 3138/3138
f 3139/3139 3362/3362 3067/3067
f 3293/3293 3292/3292 3363/3363
f 3364/3364 3365/3365 3366/3366
f 3292/3292 3297/3297 3367/3367
f 3365/3365 3368/3368 3366/3366
f 3140/3140 3212/3212 3369/3369
f 3213/3213 3140/3140 3369/3369
f 3370/3370 3295/3295 3371/3371
f 3371/3371 3295/3295 3227/3227
f 3227/3227 3232/3232 3372/3372
f 3233/3233 3235/3235 3373/3373
f 3231/3231 3374/3374 3375/3375
f 3232/3232 3310/3310 3372/3372
f 3376/3376 3377/3377 3378/3378
f 3379/3379 3310/3310 3309/3309
f 3236/3236 3379/3379 3309/3309
f 3085/3085 3236/3236 3309/3309
f 3380/3380 3381/3381 3382/3382
f 3236/3236 3087/3087 3166/3166
f 3381/3381 3380/3380 3383/3383
f 3384/3384 3383/3383 3385/3385
f 3313/3313 3384/3384 3385/3385
f 3314/3314 3313/3313 3385/3385
f 3171/3171 3314/3314 3173/3173
f 3319/3319 3386/3386 3318/3318
f 3257/3257 3324/3324 3387/3387
f 3387/3387 3324/3324 3388/3388
f 3388/3388 3324/3324 3325/3325
f 3318/3318 3389/3389 3327/3327
f 3326/3326 3323/3323 3390/3390
f 3391/3391 3327/3327 3389/3389
f 3325/3325 3258/3258 3392/3392
f 3096/3096 3393/3393 3095/3095
f 3394/3394 3028/3028 3180/3180
f 3394/3394 3181/3181 3028/3028
f 3262/3262 3395/3395 3097/3097
f 3396/3396 2914/2914 3030/3030
f 3099/3099 3397/3397 3264/3264
f 3337/3337 3398/3398 3336/3336
f 3399/3399 3341/3341 3269/3269
f 3269/3269 3341/3341 3193/3193
f 3187/3187 3271/3271 3342/3342
f 3271/3271 3400/3400 3342/3342
f 3271/3271 3270/3270 3400/3400
f 3401/3401 3402/3402 3403/3403
f 3404/3404 3405/3405 3406/3406
f 3402/3402 3407/3407 3403/3403
f 3278/3278 3350/3350 3408/3408
f 3283/3283 3351/3351 3409/3409
f 3057/3057 3285/3285 3125/3125
f 3286/3286 3410/3410 3209/3209
f 3210/3210 3411/3411 3137/3137
f 3136/3136 3357/3357 3412/3412
f 3003/3003 3136/3136 3412/3412
f 3006/3006 3003/3003 3412/3412
f 3211/3211 3067/3067 3362/3362
f 3364/3364 3413/3413 3365/3365
f 3296/3296 3295/3295 3370/3370
f 3289/3289 3414/3414 3290/3290
f 3290/3290 3414/3414 3415/3415
f 3416/3416 3213/3213 3369/3369
f 3084/3084 3213/3213 3416/3416
f 3304/3304 3303/3303 3417/3417
f 3373/3373 3307/3307 3233/3233
f 3230/3230 3418/3418 3374/3374
f 3230/3230 3374/3374 3231/3231
f 3371/3371 3227/3227 3419/3419
f 3290/3290 3415/3415 3420/3420
f 3420/3420 3305/3305 3290/3290
f 3084/3084 3421/3421 3224/3224
f 3422/3422 3305/3305 3420/3420
f 3423/3423 3424/3424 3425/3425
f 3311/3311 3148/3148 3426/3426
f 3148/3148 3311/3311 2963/2963
f 3419/3419 3227/3227 3372/3372
f 3427/3427 3428/3428 3429/3429
f 3376/3376 3430/3430 3377/3377
f 3431/3431 3379/3379 3236/3236
f 3382/3382 3432/3432 3380/3380
f 3433/3433 3431/3431 3236/3236
f 3166/3166 3433/3433 3236/3236
f 3385/3385 3383/3383 3434/3434
f 3433/3433 3166/3166 3435/3435
f 3242/3242 3435/3435 3166/3166
f 3385/3385 3434/3434 3314/3314
f 3435/3435 3242/3242 3436/3436
f 3244/3244 3243/3243 3437/3437
f 3438/3438 3244/3244 3437/3437
f 3314/3314 3439/3439 3173/3173
f 3439/3439 3315/3315 3317/3317
f 3173/3173 3439/3439 3317/3317
f 3316/3316 3315/3315 3322/3322
f 3253/3253 3095/3095 3393/3393
f 3389/3389 3440/3440 3391/3391
f 3392/3392 3441/3441 3325/3325
f 3329/3329 3442/3442 3260/3260
f 3261/3261 3443/3443 2977/2977
f 3396/3396 3030/3030 3184/3184
f 3333/3333 3444/3444 3031/3031
f 1609/1609 3339/3339 2840/2840
f 3403/3403 3407/3407 3445/3445
f 3345/3345 3446/3446 3447/3447
f 3348/3348 3345/3345 3447/3447
f 3349/3349 3121/3121 3448/3448
f 3348/3348 3447/3447 3449/3449
f 3450/3450 3451/3451 3452/3452
f 3453/3453 3450/3450 3452/3452
f 3352/3352 3454/3454 3353/3353
f 3353/3353 3454/3454 3455/3455
f 3455/3455 3410/3410 3286/3286
f 3353/3353 3455/3455 3286/3286
f 3209/3209 3410/3410 3456/3456
f 3411/3411 3210/3210 3457/3457
f 3456/3456 3357/3357 3209/3209
f 3006/3006 3412/3412 3361/3361
f 3359/3359 3064/3064 3458/3458
f 3304/3304 3417/3417 3459/3459
f 3298/3298 3300/3300 3460/3460
f 3461/3461 3298/3298 3460/3460
f 3298/3298 3461/3461 3462/3462
f 3462/3462 3461/3461 3463/3463
f 3464/3464 3465/3465 3462/3462
f 3466/3466 3084/3084 3416/3416
f 3303/3303 3306/3306 3417/3417
f 3467/3467 3424/3424 3423/3423
f 3463/3463 3464/3464 3462/3462
f 3148/3148 3468/3468 3426/3426
f 3427/3427 3429/3429 3469/3469
f 3430/3430 3376/3376 3470/3470
f 3376/3376 3471/3471 3470/3470
f 3472/3472 3379/3379 3473/3473
f 3379/3379 3431/3431 3474/3474
f 3474/3474 3473/3473 3379/3379
f 3475/3475 3474/3474 3431/3431
f 3475/3475 3431/3431 3433/3433
f 3380/3380 3434/3434 3383/3383
f 3475/3475 3433/3433 3476/3476
f 3476/3476 3433/3433 3435/3435
f 3477/3477 3476/3476 3435/3435
f 3434/3434 3478/3478 3314/3314
f 3435/3435 3436/3436 3477/3477
f 3314/3314 3478/3478 3479/3479
f 3477/3477 3436/3436 3480/3480
f 3481/3481 3482/3482 3479/3479
f 3314/3314 3479/3479 3439/3439
f 3483/3483 3480/3480 3436/3436
f 3482/3482 3481/3481 3484/3484
f 3479/3479 3482/3482 3439/3439
f 3485/3485 3486/3486 3487/3487
f 3486/3486 3485/3485 3488/3488
f 3260/3260 3442/3442 3489/3489
f 2977/2977 3443/3443 3490/3490
f 3491/3491 3394/3394 3180/3180
f 3394/3394 3330/3330 3181/3181
f 3097/3097 3395/3395 3182/3182
f 2551/2551 3492/3492 2095/2095
f 2761/2761 2198/2198 3332/3332
f 3344/3344 3343/3343 3493/3493
f 3270/3270 3494/3494 3400/3400
f 3406/3406 3495/3495 3404/3404
f 3496/3496 3280/3280 3497/3497
f 3497/3497 3280/3280 3279/3279
f 3454/3454 3453/3453 3452/3452
f 3279/3279 3284/3284 3498/3498
f 3499/3499 3455/3455 3454/3454
f 3284/3284 3125/3125 3500/3500
f 3285/3285 3500/3500 3125/3125
f 3285/3285 3354/3354 3501/3501
f 3501/3501 3500/3500 3285/3285
f 3411/3411 3457/3457 3502/3502
f 3456/3456 3412/3412 3357/3357
f 3423/3423 3503/3503 3467/3467
f 3503/3503 3423/3423 3504/3504
f 3505/3505 3465/3465 3464/3464
f 3084/3084 3466/3466 3421/3421
f 3504/3504 3423/3423 3506/3506
f 3507/3507 3508/3508 3509/3509
f 3505/3505 3464/3464 3510/3510
f 3422/3422 3420/3420 3511/3511
f 3506/3506 3423/3423 3512/3512
f 3464/3464 3463/3463 3513/3513
f 3469/3469 3429/3429 3514/3514
f 3425/3425 3512/3512 3423/3423
f 3422/3422 3511/3511 3515/3515
f 3516/3516 3425/3425 3473/3473
f 3512/3512 3425/3425 3516/3516
f 3516/3516 3473/3473 3517/3517
f 3517/3517 3473/3473 3474/3474
f 3518/3518 3516/3516 3517/3517
f 3519/3519 3380/3380 3432/3432
f 3520/3520 3521/3521 3522/3522
f 3519/3519 3523/3523 3380/3380
f 3524/3524 3525/3525 3520/3520
f 3524/3524 3520/3520 3522/3522
f 3524/3524 3526/3526 3525/3525
f 3380/3380 3523/3523 3434/3434
f 3527/3527 3526/3526 3524/3524
f 3528/3528 3526/3526 3527/3527
f 3529/3529 3478/3478 3434/3434
f 3530/3530 3531/3531 3532/3532
f 3478/3478 3533/3533 3479/3479
f 3534/3534 3535/3535 3536/3536
f 3243/3243 3172/3172 3537/3537
f 3538/3538 3386/3386 3319/3319
f 3318/3318 3539/3539 3389/3389
f 3487/3487 3486/3486 3540/3540
f 3541/3541 3330/3330 3394/3394
f 2095/2095 3492/3492 2277/2277
f 2198/2198 1558/1558 3331/3331
f 3542/3542 3396/3396 3184/3184
f 3099/3099 3543/3543 3397/3397
f 3333/3333 3544/3544 3444/3444
f 3444/3444 3544/3544 3545/3545
f 3546/3546 3334/3334 3336/3336
f 3398/3398 3339/3339 3546/3546
f 1609/1609 3547/3547 3339/3339
f 1609/1609 2763/2763 3547/3547
f 3101/3101 3548/3548 3100/3100
f 3548/3548 3101/3101 3102/3102
f 3265/3265 3493/3493 3343/3343
f 3400/3400 3494/3494 3342/3342
f 3549/3549 3494/3494 3270/3270
f 3406/3406 3550/3550 3495/3495
f 3447/3447 3446/3446 3551/3551
f 3451/3451 3552/3552 3452/3452
f 3552/3552 3499/3499 3452/3452
f 3452/3452 3499/3499 3454/3454
f 3498/3498 3284/3284 3553/3553
f 3410/3410 3455/3455 3499/3499
f 3410/3410 3499/3499 3554/3554
f 3500/3500 3553/3553 3284/3284
f 3500/3500 3501/3501 3555/3555
f 3554/3554 3456/3456 3410/3410
f 3554/3554 3556/3556 3456/3456
f 3502/3502 3457/3457 3557/3557
f 3358/3358 3457/3457 3210/3210
f 3359/3359 3558/3558 3358/3358
f 3359/3359 3458/3458 3558/3558
f 3361/3361 3559/3559 3360/3360
f 3560/3560 3561/3561 3562/3562
f 3563/3563 3561/3561 3560/3560
f 3564/3564 3565/3565 3566/3566
f 3464/3464 3513/3513 3510/3510
f 3468/3468 3567/3567 3426/3426
f 3512/3512 3568/3568 3506/3506
f 3568/3568 3512/3512 3516/3516
f 3432/3432 3569/3569 3519/3519
f 3570/3570 3516/3516 3518/3518
f 3520/3520 3525/3525 3521/3521
f 3519/3519 3571/3571 3523/3523
f 3572/3572 3529/3529 3434/3434
f 3573/3573 3574/3574 3575/3575
f 3478/3478 3576/3576 3533/3533
f 3577/3577 3530/3530 3532/3532
f 3479/3479 3578/3578 3481/3481
f 3578/3578 3479/3479 3533/3533
f 3579/3579 3580/3580 3581/3581
f 3582/3582 3579/3579 3583/3583
f 3535/3535 3584/3584 3536/3536
f 3536/3536 3584/3584 3538/3538
f 3585/3585 3537/3537 3172/3172
f 3172/3172 3253/3253 3585/3585
f 3389/3389 3586/3586 3440/3440
f 3587/3587 3440/3440 3586/3586
f 3486/3486 3488/3488 3588/3588
f 3541/3541 3394/3394 3491/3491
f 2600/2600 3098/3098 3589/3589
f 2553/2553 3031/3031 3590/3590
f 3398/3398 3546/3546 3336/3336
f 3100/3100 3591/3591 2241/2241
f 3592/3592 3340/3340 3342/3342
f 3265/3265 3593/3593 3493/3493
f 3594/3594 3496/3496 3595/3595
f 3496/3496 3596/3596 3595/3595
f 3597/3597 3595/3595 3596/3596
f 3497/3497 3279/3279 3598/3598
f 3596/3596 3497/3497 3598/3598
f 3553/3553 3599/3599 3498/3498
f 3498/3498 3598/3598 3279/3279
f 3599/3599 3598/3598 3498/3498
f 3596/3596 3598/3598 3600/3600
f 3499/3499 3601/3601 3554/3554
f 3599/3599 3553/3553 3602/3602
f 3598/3598 3599/3599 3600/3600
f 3600/3600 3599/3599 3603/3603
f 3500/3500 3604/3604 3553/3553
f 3602/3602 3553/3553 3604/3604
f 3500/3500 3555/3555 3604/3604
f 3605/3605 3456/3456 3556/3556
f 3606/3606 3558/3558 3458/3458
f 3361/3361 3607/3607 3559/3559
f 3412/3412 3607/3607 3361/3361
f 3608/3608 3421/3421 3466/3466
f 3466/3466 3609/3609 3608/3608
f 3610/3610 3567/3567 3468/3468
f 3611/3611 3612/3612 3613/3613
f 3614/3614 3615/3615 3616/3616
f 3510/3510 3513/3513 3617/3617
f 3615/3615 3614/3614 3618/3618
f 3619/3619 3620/3620 3621/3621
f 3620/3620 3619/3619 3622/3622
f 3516/3516 3570/3570 3568/3568
f 3623/3623 3624/3624 3570/3570
f 3570/3570 3518/3518 3623/3623
f 3623/3623 3518/3518 3625/3625
f 3626/3626 3627/3627 3628/3628
f 3629/3629 3626/3626 3628/3628
f 3630/3630 3629/3629 3628/3628
f 3572/3572 3631/3631 3632/3632
f 3525/3525 3526/3526 3633/3633
f 3529/3529 3572/3572 3632/3632
f 3523/3523 3572/3572 3434/3434
f 3532/3532 3634/3634 3635/3635
f 3636/3636 3637/3637 3438/3438
f 3583/3583 3579/3579 3638/3638
f 3437/3437 3636/3636 3438/3438
f 3584/3584 3639/3639 3538/3538
f 3437/3437 3243/3243 3537/3537
f 3639/3639 3386/3386 3538/3538
f 3386/3386 3539/3539 3318/3318
f 3640/3640 3540/3540 3486/3486
f 3332/3332 2198/2198 3331/3331
f 3098/3098 3263/3263 3332/3332
f 3184/3184 3183/3183 3641/3641
f 3099/3099 2510/2510 3543/3543
f 3444/3444 3590/3590 3031/3031
f 3444/3444 3545/3545 3590/3590
f 3546/3546 3339/3339 3547/3547
f 3494/3494 3592/3592 3342/3342
f 3549/3549 3592/3592 3494/3494
f 3493/3493 3593/3593 3642/3642
f 3496/3496 3497/3497 3596/3596
f 3599/3599 3602/3602 3603/3603
f 3603/3603 3602/3602 3643/3643
f 3557/3557 3457/3457 3644/3644
f 3358/3358 3644/3644 3457/3457
f 3358/3358 3558/3558 3644/3644
f 3607/3607 3412/3412 3605/3605
f 3605/3605 3412/3412 3456/3456
f 3606/3606 3645/3645 3558/3558
f 3561/3561 3646/3646 3562/3562
f 3647/3647 3646/3646 3561/3561
f 3648/3648 3649/3649 3565/3565
f 3565/3565 3649/3649 3566/3566
f 3650/3650 3566/3566 3649/3649
f 3616/3616 3615/3615 3651/3651
f 3652/3652 3653/3653 3654/3654
f 3655/3655 3510/3510 3617/3617
f 3656/3656 3657/3657 3658/3658
f 3653/3653 3656/3656 3658/3658
f 3659/3659 3654/3654 3653/3653
f 3623/3623 3660/3660 3624/3624
f 3623/3623 3661/3661 3660/3660
f 3653/3653 3662/3662 3659/3659
f 3568/3568 3570/3570 3624/3624
f 3663/3663 3664/3664 3665/3665
f 3666/3666 3661/3661 3623/3623
f 3666/3666 3623/3623 3625/3625
f 3667/3667 3659/3659 3662/3662
f 3668/3668 3669/3669 3670/3670
f 3671/3671 3571/3571 3667/3667
f 3672/3672 3628/3628 3627/3627
f 3631/3631 3572/3572 3671/3671
f 3671/3671 3572/3572 3571/3571
f 3523/3523 3571/3571 3572/3572
f 3630/3630 3628/3628 3673/3673
f 3630/3630 3673/3673 3674/3674
f 3674/3674 3673/3673 3675/3675
f 3633/3633 3526/3526 3676/3676
f 3677/3677 3573/3573 3678/3678
f 3679/3679 3574/3574 3677/3677
f 3677/3677 3574/3574 3573/3573
f 3526/3526 3528/3528 3676/3676
f 3634/3634 3680/3680 3635/3635
f 3638/3638 3579/3579 3581/3581
f 3584/3584 3535/3535 3681/3681
f 3389/3389 3539/3539 3586/3586
f 3486/3486 3588/3588 3640/3640
f 3442/3442 3682/3682 3489/3489
f 3541/3541 3261/3261 3330/3330
f 2277/2277 3683/3683 3331/3331
f 2600/2600 3684/3684 2129/2129
f 2129/2129 3685/3685 2913/2913
f 3183/3183 3686/3686 3641/3641
f 3543/3543 3687/3687 3397/3397
f 3545/3545 3544/3544 3688/3688
f 3689/3689 3592/3592 3549/3549
f 3690/3690 3604/3604 3691/3691
f 3602/3602 3604/3604 3690/3690
f 3604/3604 3555/3555 3691/3691
f 3602/3602 3690/3690 3643/3643
f 3692/3692 3691/3691 3555/3555
f 3644/3644 3558/3558 3693/3693
f 3558/3558 3645/3645 3693/3693
f 3559/3559 3607/3607 3694/3694
f 3695/3695 3649/3649 3648/3648
f 3615/3615 3696/3696 3697/3697
f 3698/3698 3657/3657 3699/3699
f 3699/3699 3657/3657 3656/3656
f 3653/3653 3658/3658 3662/3662
f 3700/3700 3701/3701 3702/3702
f 3703/3703 3704/3704 3705/3705
f 3662/3662 3671/3671 3667/3667
f 3706/3706 3707/3707 3708/3708
f 3672/3672 3673/3673 3628/3628
f 3709/3709 3679/3679 3677/3677
f 3676/3676 3528/3528 3710/3710
f 3576/3576 3711/3711 3533/3533
f 3577/3577 3635/3635 3712/3712
f 3532/3532 3635/3635 3577/3577
f 3711/3711 3578/3578 3533/3533
f 3437/3437 3713/3713 3636/3636
f 3713/3713 3437/3437 3537/3537
f 3386/3386 3639/3639 3539/3539
f 3253/3253 3393/3393 3714/3714
f 3261/3261 3541/3541 3715/3715
f 3395/3395 3716/3716 3182/3182
f 3182/3182 3716/3716 2551/2551
f 2551/2551 3717/3717 3492/3492
f 3098/3098 3332/3332 3589/3589
f 2510/2510 3718/3718 3543/3543
f 3546/3546 3547/3547 3688/3688
f 3100/3100 3719/3719 3591/3591
f 3100/3100 3548/3548 3719/3719
f 3643/3643 3690/3690 3720/3720
f 3690/3690 3691/3691 3721/3721
f 3720/3720 3690/3690 3721/3721
f 3651/3651 3697/3697 3722/3722
f 3651/3651 3615/3615 3697/3697
f 3658/3658 3723/3723 3662/3662
f 3662/3662 3723/3723 3671/3671
f 3724/3724 3672/3672 3725/3725
f 3673/3673 3672/3672 3724/3724
f 3726/3726 3673/3673 3724/3724
f 3673/3673 3726/3726 3675/3675
f 3676/3676 3710/3710 3727/3727
f 3728/3728 3729/3729 3711/3711
f 3635/3635 3730/3730 3712/3712
f 3681/3681 3731/3731 3584/3584
f 3584/3584 3731/3731 3639/3639
f 3537/3537 3732/3732 3713/3713
f 3639/3639 3731/3731 3733/3733
f 3733/3733 3539/3539 3639/3639
f 3585/3585 3253/3253 3714/3714
f 3586/3586 3539/3539 3734/3734
f 3586/3586 3735/3735 3587/3587
f 3736/3736 3640/3640 3588/3588
f 3489/3489 3682/3682 3737/3737
f 3443/3443 3261/3261 3715/3715
f 2551/2551 3716/3716 3717/3717
f 2913/2913 3686/3686 3183/3183
f 3184/3184 3641/3641 3542/3542
f 3687/3687 3543/3543 3738/3738
f 2241/2241 3591/3591 3739/3739
f 3577/3577 3712/3712 3740/3740
f 3581/3581 3741/3741 3742/3742
f 3638/3638 3581/3581 3742/3742
f 3733/3733 3743/3743 3539/3539
f 3537/3537 3585/3585 3732/3732
f 3586/3586 3734/3734 3735/3735
f 3686/3686 3744/3744 3641/3641
f 3745/3745 3542/3542 3641/3641
f 3543/3543 3718/3718 3738/3738
f 3590/3590 2461/2461 2553/2553
f 3545/3545 3688/3688 3590/3590
f 3746/3746 3719/3719 3548/3548
f 3724/3724 3725/3725 3747/3747
f 3726/3726 3724/3724 3747/3747
f 3730/3730 3635/3635 3680/3680
f 3731/3731 3681/3681 3748/3748
f 3734/3734 3539/3539 3743/3743
f 3735/3735 3734/3734 3749/3749
f 3393/3393 3750/3750 3714/3714
f 3751/3751 3490/3490 3443/3443
f 3443/3443 3752/3752 3751/3751
f 3541/3541 3491/3491 3753/3753
f 3754/3754 3489/3489 3737/3737
f 3541/3541 3753/3753 3715/3715
f 3716/3716 3755/3755 3717/3717
f 3492/3492 3717/3717 3756/3756
f 2280/2280 2241/2241 3739/3739
f 3725/3725 3757/3757 3747/3747
f 3727/3727 3758/3758 3676/3676
f 3711/3711 3759/3759 3578/3578
f 3760/3760 3636/3636 3761/3761
f 3732/3732 3761/3761 3713/3713
f 3743/3743 3733/3733 3762/3762
f 3732/3732 3585/3585 3763/3763
f 3585/3585 3714/3714 3763/3763
f 3763/3763 3714/3714 3750/3750
f 3749/3749 3764/3764 3735/3735
f 3735/3735 3764/3764 3682/3682
f 3443/3443 3715/3715 3752/3752
f 3331/3331 3765/3765 3332/3332
f 2510/2510 3766/3766 3718/3718
f 3719/3719 3746/3746 3591/3591
f 3591/3591 3746/3746 3767/3767
f 3712/3712 3730/3730 3768/3768
f 3636/3636 3713/3713 3761/3761
f 3769/3769 3770/3770 3771/3771
f 3733/3733 3731/3731 3748/3748
f 3733/3733 3748/3748 3762/3762
f 3732/3732 3772/3772 3761/3761
f 3763/3763 3772/3772 3732/3732
f 3762/3762 3773/3773 3743/3743
f 3734/3734 3743/3743 3773/3773
f 3734/3734 3773/3773 3749/3749
f 3749/3749 3773/3773 3764/3764
f 3737/3737 3682/3682 3764/3764
f 3774/3774 3717/3717 3755/3755
f 3683/3683 2277/2277 3775/3775
f 3745/3745 3641/3641 3744/3744
f 3738/3738 3718/3718 3776/3776
f 3757/3757 3777/3777 3747/3747
f 3758/3758 3727/3727 3778/3778
f 3779/3779 3726/3726 3747/3747
f 3768/3768 3780/3780 3712/3712
f 3780/3780 3740/3740 3712/3712
f 3729/3729 3759/3759 3711/3711
f 3748/3748 3781/3781 3762/3762
f 3773/3773 3762/3762 3781/3781
f 3773/3773 3782/3782 3764/3764
f 3782/3782 3737/3737 3764/3764
f 3752/3752 3783/3783 3751/3751
f 3715/3715 3784/3784 3752/3752
f 3753/3753 3784/3784 3715/3715
f 3755/3755 3785/3785 3774/3774
f 3717/3717 3774/3774 3756/3756
f 2277/2277 3492/3492 3775/3775
f 3786/3786 3745/3745 3744/3744
f 3787/3787 3767/3767 3746/3746
f 3758/3758 3778/3778 3788/3788
f 3747/3747 3777/3777 3779/3779
f 3729/3729 3789/3789 3759/3759
f 3748/3748 3790/3790 3781/3781
f 3772/3772 3791/3791 3761/3761
f 3782/3782 3773/3773 3781/3781
f 3763/3763 3750/3750 3792/3792
f 3783/3783 3752/3752 3784/3784
f 3793/3793 3794/3794 3754/3754
f 3737/3737 3793/3793 3754/3754
f 3744/3744 3686/3686 3795/3795
f 3795/3795 3786/3786 3744/3744
f 2510/2510 2279/2279 3766/3766
f 3767/3767 3787/3787 3796/3796
f 3788/3788 3778/3778 3797/3797
f 3798/3798 3780/3780 3768/3768
f 3777/3777 3799/3799 3779/3779
f 3729/3729 3800/3800 3789/3789
f 3781/3781 3790/3790 3801/3801
f 3763/3763 3802/3802 3772/3772
f 3781/3781 3801/3801 3782/3782
f 3792/3792 3802/3802 3763/3763
f 3756/3756 3774/3774 3785/3785
f 2600/2600 3589/3589 3684/3684
f 2461/2461 3803/3803 1814/1814
f 3688/3688 3547/3547 3804/3804
f 3767/3767 3796/3796 3591/3591
f 3791/3791 3772/3772 3802/3802
f 3805/3805 3801/3801 3790/3790
f 3801/3801 3805/3805 3793/3793
f 3793/3793 3805/3805 3806/3806
f 3782/3782 3793/3793 3737/3737
f 3801/3801 3793/3793 3782/3782
f 3793/3793 3806/3806 3794/3794
f 3756/3756 3807/3807 3808/3808
f 3785/3785 3807/3807 3756/3756
f 3776/3776 3809/3809 3810/3810
f 3718/3718 3809/3809 3776/3776
f 2280/2280 3811/3811 2763/2763
f 3739/3739 3812/3812 3813/3813
f 3739/3739 3591/3591 3812/3812
f 3814/3814 3796/3796 3787/3787
f 3492/3492 3756/3756 3808/3808
f 3331/3331 3683/3683 3765/3765
f 3795/3795 3686/3686 3815/3815
f 3815/3815 3786/3786 3795/3795
f 2279/2279 3816/3816 3817/3817
f 2279/2279 1814/1814 3816/3816
f 3688/3688 3804/3804 3590/3590
f 3739/3739 3811/3811 2280/2280
f 3796/3796 3812/3812 3591/3591
f 3796/3796 3814/3814 3812/3812
f 3815/3815 3686/3686 3818/3818
f 3804/3804 2461/2461 3590/3590
f 3686/3686 2913/2913 3819/3819
f 3718/3718 3766/3766 3809/3809
f 3820/3820 3812/3812 3814/3814
f 3686/3686 3819/3819 3818/3818
f 3821/3821 3815/3815 3818/3818
f 3812/3812 3820/3820 3813/3813
f 3822/3822 3808/3808 3807/3807
f 2129/2129 3684/3684 3685/3685
f 3818/3818 3819/3819 3823/3823
f 3821/3821 3818/3818 3823/3823
f 3808/3808 3822/3822 3824/3824
f 3809/3809 3825/3825 3810/3810
f 3809/3809 3766/3766 3825/3825
f 3826/3826 3827/3827 3822/3822
f 3827/3827 3824/3824 3822/3822
f 3808/3808 3824/3824 3492/3492
f 3819/3819 3828/3828 3829/3829
f 3823/3823 3819/3819 3829/3829
f 3821/3821 3823/3823 3829/3829
f 3766/3766 3830/3830 3825/3825
f 3332/3332 3831/3831 3589/3589
f 3825/3825 3830/3830 3832/3832
f 3547/3547 2763/2763 3833/3833
f 3813/3813 3834/3834 3739/3739
f 3813/3813 3835/3835 3834/3834
f 3835/3835 3813/3813 3820/3820
f 3829/3829 3828/3828 3836/3836
f 1814/1814 3803/3803 3816/3816
f 3821/3821 3829/3829 3836/3836
f 2279/2279 3817/3817 3766/3766
f 3827/3827 3826/3826 3837/3837
f 3827/3827 3837/3837 3824/3824
f 3804/3804 3803/3803 2461/2461
f 3824/3824 3837/3837 3838/3838
f 3836/3836 3828/3828 3839/3839
f 3837/3837 3826/3826 3838/3838
f 3819/3819 3840/3840 3828/3828
f 3739/3739 3834/3834 3841/3841
f 3842/3842 3838/3838 3826/3826
f 3824/3824 3838/3838 3843/3843
f 3492/3492 3824/3824 3844/3844
f 3824/3824 3843/3843 3844/3844
f 3775/3775 3492/3492 3844/3844
f 3832/3832 3845/3845 3846/3846
f 3832/3832 3830/3830 3845/3845
f 3766/3766 3845/3845 3830/3830
f 3547/3547 3833/3833 3804/3804
f 3847/3847 3841/3841 3834/3834
f 3835/3835 3847/3847 3834/3834
f 3838/3838 3842/3842 3848/3848
f 3838/3838 3848/3848 3843/3843
f 3828/3828 3840/3840 3839/3839
f 3765/3765 3683/3683 3849/3849
f 2913/2913 3685/3685 3850/3850
f 2913/2913 3850/3850 3819/3819
f 3840/3840 3819/3819 3851/3851
f 3852/3852 3839/3839 3840/3840
f 3803/3803 3804/3804 3853/3853
f 3854/3854 3841/3841 3847/3847
f 3589/3589 3831/3831 3855/3855
f 3852/3852 3840/3840 3851/3851
f 3842/3842 3856/3856 3848/3848
f 3685/3685 3684/3684 3857/3857
f 3819/3819 3850/3850 3858/3858
f 3819/3819 3858/3858 3851/3851
f 3851/3851 3859/3859 3852/3852
f 3845/3845 3860/3860 3846/3846
f 2763/2763 3811/3811 3833/3833
f 3739/3739 3861/3861 3811/3811
f 3841/3841 3862/3862 3739/3739
f 3863/3863 3848/3848 3856/3856
f 3848/3848 3863/3863 3843/3843
f 3589/3589 3855/3855 3684/3684
f 3860/3860 3845/3845 3864/3864
f 3862/3862 3865/3865 3739/3739
f 3854/3854 3862/3862 3841/3841
f 3843/3843 3863/3863 3866/3866
f 3332/3332 3765/3765 3831/3831
f 3851/3851 3858/3858 3859/3859
f 3867/3867 3852/3852 3859/3859
f 3845/3845 3766/3766 3864/3864
f 3862/3862 3868/3868 3865/3865
f 3869/3869 3862/3862 3854/3854
f 3844/3844 3843/3843 3870/3870
f 3843/3843 3866/3866 3870/3870
f 3683/3683 3775/3775 3871/3871
f 3865/3865 3861/3861 3739/3739
f 3868/3868 3862/3862 3869/3869
f 3863/3863 3856/3856 3872/3872
f 3872/3872 3866/3866 3863/3863
f 3857/3857 3850/3850 3685/3685
f 3859/3859 3858/3858 3873/3873
f 3873/3873 3867/3867 3859/3859
f 3874/3874 3860/3860 3864/3864
f 3766/3766 3817/3817 3864/3864
f 3804/3804 3833/3833 3853/3853
f 3868/3868 3875/3875 3865/3865
f 3868/3868 3876/3876 3875/3875
f 3876/3876 3868/3868 3869/3869
f 3873/3873 3877/3877 3878/3878
f 3873/3873 3858/3858 3877/3877
f 3817/3817 3879/3879 3864/3864
f 3864/3864 3879/3879 3874/3874
f 3858/3858 3850/3850 3880/3880
f 3858/3858 3880/3880 3877/3877
f 3865/3865 3881/3881 3861/3861
f 3881/3881 3865/3865 3875/3875
f 3866/3866 3872/3872 3870/3870
f 3683/3683 3871/3871 3849/3849
f 3882/3882 3877/3877 3880/3880
f 3877/3877 3882/3882 3878/3878
f 3811/3811 3861/3861 3883/3883
f 3875/3875 3884/3884 3881/3881
f 3816/3816 3885/3885 3817/3817
f 3870/3870 3872/3872 3886/3886
f 3684/3684 3855/3855 3887/3887
f 3880/3880 3850/3850 3888/3888
f 3882/3882 3880/3880 3888/3888
f 3889/3889 3890/3890 3891/3891
f 3870/3870 3886/3886 3892/3892
f 3844/3844 3870/3870 3892/3892
f 3893/3893 3765/3765 3849/3849
f 3894/3894 3874/3874 3879/3879
f 3889/3889 3891/3891 3895/3895
f 3881/3881 3884/3884 3861/3861
f 3861/3861 3884/3884 3896/3896
f 3765/3765 3893/3893 3831/3831
f 3850/3850 3897/3897 3888/3888
f 3882/3882 3888/3888 3898/3898
f 3899/3899 3896/3896 3884/3884
f 3895/3895 3891/3891 3900/3900
f 3879/3879 3901/3901 3894/3894
f 3883/3883 3902/3902 3811/3811
f 3861/3861 3896/3896 3903/3903
f 3900/3900 3904/3904 3895/3895
f 3897/3897 3850/3850 3905/3905
f 3888/3888 3897/3897 3898/3898
f 3906/3906 3894/3894 3901/3901
f 3879/3879 3817/3817 3901/3901
f 3861/3861 3903/3903 3883/3883
f 3844/3844 3892/3892 3907/3907
f 3844/3844 3907/3907 3775/3775
f 3816/3816 3803/3803 3885/3885
f 3811/3811 3902/3902 3833/3833
f 3908/3908 3909/3909 3900/3900
f 3909/3909 3904/3904 3900/3900
f 3897/3897 3905/3905 3910/3910
f 3898/3898 3897/3897 3910/3910
f 3911/3911 3906/3906 3901/3901
f 3899/3899 3903/3903 3896/3896
f 3684/3684 3887/3887 3857/3857
f 3817/3817 3912/3912 3901/3901
f 3913/3913 3903/3903 3899/3899
f 3775/3775 3907/3907 3871/3871
f 3855/3855 3914/3914 3887/3887
f 3850/3850 3915/3915 3916/3916
f 3905/3905 3850/3850 3916/3916
f 3911/3911 3901/3901 3912/3912
f 3883/3883 3917/3917 3902/3902
f 3903/3903 3913/3913 3883/3883
f 3905/3905 3916/3916 3918/3918
f 3910/3910 3905/3905 3918/3918
f 3831/3831 3914/3914 3855/3855
f 3916/3916 3915/3915 3919/3919
f 3918/3918 3916/3916 3919/3919
f 3913/3913 3920/3920 3883/3883
f 3849/3849 3871/3871 3921/3921
f 3917/3917 3922/3922 3902/3902
f 3920/3920 3917/3917 3883/3883
f 3850/3850 3857/3857 3923/3923
f 3850/3850 3923/3923 3915/3915
f 3920/3920 3922/3922 3917/3917
f 3908/3908 3924/3924 3909/3909
f 3907/3907 3925/3925 3926/3926
f 3915/3915 3927/3927 3919/3919
f 3817/3817 3928/3928 3912/3912
f 3833/3833 3902/3902 3929/3929
f 3902/3902 3930/3930 3931/3931
f 3902/3902 3922/3922 3930/3930
f 3924/3924 3908/3908 3932/3932
f 3933/3933 3919/3919 3927/3927
f 3919/3919 3933/3933 3918/3918
f 3911/3911 3912/3912 3934/3934
f 3817/3817 3885/3885 3928/3928
f 3902/3902 3935/3935 3929/3929
f 3931/3931 3930/3930 3936/3936
f 3920/3920 3937/3937 3922/3922
f 3907/3907 3926/3926 3871/3871
f 3923/3923 3938/3938 3939/3939
f 3923/3923 3939/3939 3915/3915
f 3915/3915 3939/3939 3940/3940
f 3927/3927 3915/3915 3941/3941
f 3915/3915 3940/3940 3941/3941
f 3927/3927 3941/3941 3942/3942
f 3927/3927 3942/3942 3933/3933
f 3803/3803 3943/3943 3885/3885
f 3922/3922 3937/3937 3930/3930
f 3831/3831 3893/3893 3914/3914
f 3941/3941 3940/3940 3944/3944
f 3942/3942 3941/3941 3945/3945
f 3941/3941 3944/3944 3945/3945
f 3946/3946 3933/3933 3945/3945
f 3933/3933 3942/3942 3945/3945
f 3902/3902 3931/3931 3935/3935
f 3947/3947 3936/3936 3937/3937
f 3936/3936 3930/3930 3937/3937
f 3948/3948 3924/3924 3932/3932
f 3940/3940 3939/3939 3949/3949
f 3944/3944 3940/3940 3950/3950
f 3940/3940 3949/3949 3950/3950
f 3946/3946 3945/3945 3950/3950
f 3945/3945 3944/3944 3950/3950
f 3946/3946 3950/3950 3949/3949
f 3936/3936 3951/3951 3931/3931
f 3857/3857 3887/3887 3952/3952
f 3939/3939 3938/3938 3949/3949
f 3947/3947 3951/3951 3936/3936
f 3932/3932 3953/3953 3948/3948
f 3871/3871 3926/3926 3954/3954
f 3857/3857 3955/3955 3923/3923
f 3938/3938 3923/3923 3956/3956
f 3946/3946 3949/3949 3938/3938
f 3934/3934 3912/3912 3928/3928
f 3931/3931 3957/3957 3935/3935
f 3931/3931 3958/3958 3957/3957
f 3951/3951 3958/3958 3931/3931
f 3947/3947 3958/3958 3951/3951
f 3921/3921 3871/3871 3954/3954
f 3938/3938 3956/3956 3959/3959
f 3938/3938 3959/3959 3946/3946
f 3934/3934 3928/3928 3960/3960
f 3853/3853 3943/3943 3803/3803
f 3957/3957 3961/3961 3935/3935
f 3923/3923 3955/3955 3962/3962
f 3959/3959 3956/3956 3963/3963
f 3964/3964 3957/3957 3958/3958
f 3857/3857 3952/3952 3955/3955
f 3923/3923 3962/3962 3956/3956
f 3885/3885 3965/3965 3928/3928
f 3935/3935 3966/3966 3929/3929
f 3960/3960 3928/3928 3965/3965
f 3964/3964 3961/3961 3957/3957
f 3966/3966 3967/3967 3929/3929
f 3966/3966 3935/3935 3968/3968
f 3935/3935 3961/3961 3968/3968
f 3953/3953 3969/3969 3948/3948
f 3954/3954 3970/3970 3921/3921
f 3963/3963 3956/3956 3962/3962
f 3853/3853 3971/3971 3943/3943
f 3964/3964 3968/3968 3961/3961
f 3969/3969 3953/3953 3972/3972
f 3914/3914 3973/3973 3887/3887
f 3962/3962 3955/3955 3974/3974
f 3960/3960 3965/3965 3975/3975
f 3955/3955 3952/3952 3976/3976
f 3962/3962 3974/3974 3977/3977
f 3962/3962 3977/3977 3963/3963
f 3885/3885 3978/3978 3965/3965
f 3833/3833 3971/3971 3853/3853
f 3968/3968 3979/3979 3966/3966
f 3964/3964 3979/3979 3968/3968
f 3955/3955 3976/3976 3980/3980
f 3974/3974 3955/3955 3981/3981
f 3885/3885 3982/3982 3978/3978
f 3967/3967 3983/3983 3929/3929
f 3969/3969 3972/3972 3984/3984
f 3887/3887 3973/3973 3952/3952
f 3981/3981 3955/3955 3980/3980
f 3975/3975 3965/3965 3985/3985
f 3965/3965 3978/3978 3985/3985
f 3967/3967 3986/3986 3983/3983
f 3921/3921 3970/3970 3987/3987
f 3914/3914 3988/3988 3973/3973
f 3981/3981 3980/3980 3989/3989
f 3977/3977 3974/3974 3989/3989
f 3974/3974 3981/3981 3989/3989
f 3983/3983 3990/3990 3929/3929
f 3966/3966 3991/3991 3967/3967
f 3979/3979 3991/3991 3966/3966
f 3984/3984 3992/3992 3969/3969
f 3993/3993 3989/3989 3980/3980
f 3994/3994 3986/3986 3967/3967
f 3991/3991 3994/3994 3967/3967
f 3992/3992 3984/3984 3995/3995
f 3921/3921 3996/3996 3849/3849
f 3993/3993 3980/3980 3997/3997
f 3985/3985 3978/3978 3998/3998
f 3929/3929 3999/3999 3833/3833
f 3921/3921 3987/3987 4000/4000
f 3921/3921 4000/4000 4001/4001
f 3921/3921 4001/4001 4002/4002
f 3921/3921 4002/4002 3996/3996
f 3849/3849 3996/3996 4003/4003
f 3914/3914 3893/3893 4004/4004
f 3914/3914 4004/4004 3988/3988
f 3980/3980 3976/3976 3997/3997
f 3978/3978 3982/3982 3998/3998
f 3983/3983 4005/4005 3990/3990
f 3986/3986 3994/3994 3983/3983
f 3983/3983 3994/3994 4005/4005
f 3995/3995 4006/4006 3992/3992
f 3976/3976 3952/3952 4007/4007
f 3943/3943 4008/4008 3885/3885
f 3997/3997 3976/3976 4009/4009
f 3976/3976 4007/4007 4009/4009
f 3993/3993 3997/3997 4009/4009
f 3990/3990 3999/3999 3929/3929
f 3995/3995 4010/4010 4006/4006
f 3998/3998 3982/3982 4011/4011
f 3885/3885 4008/4008 3982/3982
f 3833/3833 4012/4012 4013/4013
f 3833/3833 3999/3999 4012/4012
f 3990/3990 4014/4014 3999/3999
f 4015/4015 4014/4014 3990/3990
f 3990/3990 4005/4005 4015/4015
f 4016/4016 4001/4001 4000/4000
f 4002/4002 4001/4001 4017/4017
f 3849/3849 4003/4003 3893/3893
f 4007/4007 3952/3952 4018/4018
f 3952/3952 4019/4019 4018/4018
f 4020/4020 4021/4021 4022/4022
f 4008/4008 4011/4011 3982/3982
f 4017/4017 4001/4001 4016/4016
f 3893/3893 4003/4003 4004/4004
f 4009/4009 4007/4007 4023/4023
f 4007/4007 4018/4018 4023/4023
f 4022/4022 4021/4021 4024/4024
f 4008/4008 4025/4025 4011/4011
f 3833/3833 4013/4013 3971/3971
f 4015/4015 4026/4026 4014/4014
f 4026/4026 4015/4015 4005/4005
f 4027/4027 4017/4017 4016/4016
f 3952/3952 3973/3973 4028/4028
f 3952/3952 4028/4028 4019/4019
f 4029/4029 4018/4018 4019/4019
f 4029/4029 4023/4023 4018/4018
f 3999/3999 4030/4030 4012/4012
f 3999/3999 4031/4031 4030/4030
f 4014/4014 4031/4031 3999/3999
f 4026/4026 4031/4031 4014/4014
f 4027/4027 4002/4002 4017/4017
f 3996/3996 4002/4002 4032/4032
f 3996/3996 4032/4032 4033/4033
f 3973/3973 4034/4034 4028/4028
f 4021/4021 4035/4035 4024/4024
f 4030/4030 4031/4031 4036/4036
f 4027/4027 4037/4037 4002/4002
f 4002/4002 4037/4037 4032/4032
f 3996/3996 4033/4033 4038/4038
f 4019/4019 4028/4028 4039/4039
f 4029/4029 4019/4019 4039/4039
f 4040/4040 4024/4024 4035/4035
f 4008/4008 4041/4041 4025/4025
f 4012/4012 4042/4042 4043/4043
f 4030/4030 4042/4042 4012/4012
f 4030/4030 4036/4036 4042/4042
f 4028/4028 4034/4034 4044/4044
f 4039/4039 4028/4028 4044/4044
f 4035/4035 4045/4045 4040/4040
f 3943/3943 4046/4046 4008/4008
f 4042/4042 4047/4047 4043/4043
f 4047/4047 4042/4042 4036/4036
f 4032/4032 4037/4037 4033/4033
f 3996/3996 4038/4038 4048/4048
f 3988/3988 4004/4004 4049/4049
f 3973/3973 3988/3988 4050/4050
f 3973/3973 4050/4050 4051/4051
f 4034/4034 3973/3973 4052/4052
f 3973/3973 4051/4051 4052/4052
f 4034/4034 4052/4052 4053/4053
f 4034/4034 4053/4053 4044/4044
f 4012/4012 4054/4054 4013/4013
f 4012/4012 4043/4043 4055/4055
f 4037/4037 4056/4056 4033/4033
f 4045/4045 4057/4057 4040/4040
f 4008/4008 4058/4058 4041/4041
f 4046/4046 4059/4059 4008/4008
f 4043/4043 4060/4060 4055/4055
f 4047/4047 4060/4060 4043/4043
f 4056/4056 4038/4038 4033/4033
f 4038/4038 4061/4061 4048/4048
f 3996/3996 4048/4048 4062/4062
f 4003/4003 3996/3996 4062/4062
f 4063/4063 4053/4053 4052/4052
f 4064/4064 4057/4057 4045/4045
f 4008/4008 4059/4059 4058/4058
f 4012/4012 4055/4055 4054/4054
f 4060/4060 4065/4065 4055/4055
f 4056/4056 4066/4066 4038/4038
f 4038/4038 4066/4066 4061/4061
f 4048/4048 4061/4061 4067/4067
f 4051/4051 4063/4063 4052/4052
f 4068/4068 4057/4057 4064/4064
f 4064/4064 4069/4069 4068/4068
f 4054/4054 4070/4070 4013/4013
f 4055/4055 4065/4065 4054/4054
f 4066/4066 4071/4071 4061/4061
f 4071/4071 4067/4067 4061/4061
f 4048/4048 4067/4067 4072/4072
f 4048/4048 4072/4072 4062/4062
f 4003/4003 4073/4073 4004/4004
f 4050/4050 3988/3988 4074/4074
f 4051/4051 4050/4050 4075/4075
f 4063/4063 4051/4051 4075/4075
f 4068/4068 4069/4069 4076/4076
f 4059/4059 4046/4046 4077/4077
f 3971/3971 4046/4046 3943/3943
f 4054/4054 4078/4078 4070/4070
f 4054/4054 4079/4079 4078/4078
f 4079/4079 4054/4054 4065/4065
f 4071/4071 4080/4080 4067/4067
f 4067/4067 4080/4080 4072/4072
f 4062/4062 4072/4072 4081/4081
f 4074/4074 3988/3988 4082/4082
f 4075/4075 4050/4050 4083/4083
f 4076/4076 4069/4069 4084/4084
f 4069/4069 4085/4085 4084/4084
f 4046/4046 4086/4086 4077/4077
f 4070/4070 4087/4087 4013/4013
f 4070/4070 4088/4088 4087/4087
f 4078/4078 4088/4088 4070/4070
f 4079/4079 4088/4088 4078/4078
f 4080/4080 4081/4081 4072/4072
f 4062/4062 4081/4081 4089/4089
f 4003/4003 4062/4062 4090/4090
f 3988/3988 4049/4049 4091/4091
f 4050/4050 4074/4074 4092/4092
f 4092/4092 4083/4083 4050/4050
f 4093/4093 4084/4084 4085/4085
f 3971/3971 4013/4013 4094/4094
f 4013/4013 4087/4087 4095/4095
f 4088/4088 4096/4096 4087/4087
f 4080/4080 4097/4097 4081/4081
f 4081/4081 4097/4097 4089/4089
f 4062/4062 4089/4089 4090/4090
f 4003/4003 4090/4090 4098/4098
f 3988/3988 4091/4091 4082/4082
f 4074/4074 4082/4082 4099/4099
f 4099/4099 4092/4092 4074/4074
f 4100/4100 4084/4084 4093/4093
f 4093/4093 4101/4101 4100/4100
f 4046/4046 4102/4102 4086/4086
f 3971/3971 4103/4103 4104/4104
f 4095/4095 4105/4105 4013/4013
f 4106/4106 4095/4095 4087/4087
f 4096/4096 4106/4106 4087/4087
f 4097/4097 4107/4107 4089/4089
f 4089/4089 4107/4107 4090/4090
f 4098/4098 4090/4090 4108/4108
f 4003/4003 4098/4098 4109/4109
f 4073/4073 4003/4003 4109/4109
f 4004/4004 4073/4073 4110/4110
f 4049/4049 4004/4004 4110/4110
f 4082/4082 4091/4091 4111/4111
f 4111/4111 4099/4099 4082/4082
f 4101/4101 4112/4112 4100/4100
f 4046/4046 4113/4113 4102/4102
f 3971/3971 4104/4104 4046/4046
f 4013/4013 4105/4105 4094/4094
f 4095/4095 4114/4114 4105/4105
f 4106/4106 4114/4114 4095/4095
f 4090/4090 4107/4107 4108/4108
f 4109/4109 4098/4098 4115/4115
f 4091/4091 4049/4049 4116/4116
f 4091/4091 4116/4116 4111/4111
f 4046/4046 4117/4117 4113/4113
f 4094/4094 4103/4103 3971/3971
f 4118/4118 4094/4094 4105/4105
f 4114/4114 4118/4118 4105/4105
f 4107/4107 4119/4119 4108/4108
f 4119/4119 4098/4098 4108/4108
f 4098/4098 4119/4119 4115/4115
f 4049/4049 4110/4110 4120/4120
f 4049/4049 4120/4120 4116/4116
f 4121/4121 4112/4112 4101/4101
f 4122/4122 4112/4112 4121/4121
f 4117/4117 4123/4123 4113/4113
f 4046/4046 4104/4104 4117/4117
f 4124/4124 4103/4103 4094/4094
f 4118/4118 4124/4124 4094/4094
f 4119/4119 4125/4125 4115/4115
f 4115/4115 4125/4125 4109/4109
f 4073/4073 4109/4109 4126/4126
f 4109/4109 4125/4125 4126/4126
f 4073/4073 4126/4126 4127/4127
f 4073/4073 4127/4127 4110/4110
f 4110/4110 4127/4127 4120/4120
f 4117/4117 4128/4128 4123/4123
f 4128/4128 4117/4117 4104/4104
f 4103/4103 4129/4129 4104/4104
f 4124/4124 4129/4129 4103/4103
f 4128/4128 4104/4104 4130/4130
f 4104/4104 4129/4129 4130/4130
# Vertices: 4130, normals: 0, texture coordinates: 4130, faces: 5000

