# File generated by FabConvert.com - Free Image and 3D model conversion tools

mtllib asset_R1wVHmEVYPDJ8PP8FZrAQyoh.mtl

o obj1
v -0.88873899 -0.86251402 -0.99543297
v -0.88428801 -0.862827 -0.80096698
v -0.88960499 -0.86065 -0.83626401
v -0.88942701 -0.86066198 -0.437345
v -0.88426697 -0.86282098 -0.322292
v -0.884188 -0.86281198 -0.113636
v -0.88949299 -0.86067402 0.065763
v -0.88423699 -0.86291099 0.238405
v -0.88926202 -0.860672 0.508901
v -0.88430798 -0.86273599 0.69169903
v -0.88947397 -0.860677 0.79038203
v -0.88958502 -0.86065698 0.98790199
v -0.88421202 -0.86281198 0.98558098
v -0.88906199 -0.85282803 -0.847821
v -0.88878399 -0.85124302 -0.99552798
v -0.88873899 -0.86251402 -0.99543297
v -0.88960499 -0.86065 -0.83626401
v -0.88942701 -0.86066198 -0.437345
v -0.88881701 -0.85281301 -0.471699
v -0.88887298 -0.85280699 -0.12875301
v -0.88949299 -0.86067402 0.065763
v -0.888951 -0.85280502 0.165417
v -0.88885099 -0.85279399 0.460502
v -0.88926202 -0.860672 0.508901
v -0.88892698 -0.85280001 0.744551
v -0.88947397 -0.860677 0.79038203
v -0.889301 -0.85281098 0.985883
v -0.88958502 -0.86065698 0.98790199
v -0.889301 -0.85281098 0.985883
v -0.88958502 -0.86065698 0.98790199
v -0.88430601 -0.850833 0.98766202
v -0.88906199 -0.85282803 -0.847821
v -0.88443702 -0.85074598 -0.98559803
v -0.88878399 -0.85124302 -0.99552798
v -0.88417798 -0.850815 -0.736691
v -0.88881701 -0.85281301 -0.471699
v -0.88423097 -0.85082901 -0.182284
v -0.88887298 -0.85280699 -0.12875301
v -0.888951 -0.85280502 0.165417
v -0.88425797 -0.85077399 0.167291
v -0.88885099 -0.85279399 0.460502
v -0.88417202 -0.85082698 0.52039099
v -0.88892698 -0.85280001 0.744551
v -0.88430601 -0.850833 0.98766202
v -0.889301 -0.85281098 0.985883
v -0.73681903 -0.86286998 -0.820678
v -0.88417798 -0.850815 -0.736691
v -0.86431497 -0.85104603 -0.68755198
v -0.88443702 -0.85074598 -0.98559803
v -0.88423097 -0.85082901 -0.182284
v -0.88425797 -0.85077399 0.167291
v -0.88417202 -0.85082698 0.52039099
v -0.84602797 -0.85112101 0.280341
v -0.658997 -0.86297798 -0.62414801
v -0.74106401 -0.86298603 0.40588701
v -0.84713298 -0.85125798 -0.163306
v -0.86019802 -0.85127997 0.091026
v -0.88425797 -0.85077399 0.167291
v -0.85776502 -0.851138 0.163479
v -0.84602797 -0.85112101 0.280341
v -0.88417202 -0.85082698 0.52039099
v -0.86045903 -0.85114801 0.44554701
v -0.85955101 -0.851192 0.74446201
v -0.88430601 -0.850833 0.98766202
v -0.69433302 -0.86068898 -0.99589801
v -0.71808499 -0.86293501 -0.993514
v -0.74165797 -0.86308402 0.092985
v -0.69710201 -0.863002 0.734119
v -0.88873899 -0.86251402 -0.99543297
v -0.88878399 -0.85124302 -0.99552798
v -0.69433302 -0.86068898 -0.99589801
v -0.840832 -0.8506 0.117926
v -0.580428 -0.85126603 -0.67090499
v -0.61568803 -0.86070299 0.98824698
v -0.61568803 -0.86070299 0.98824698
v -0.81456101 -0.85119802 0.119605
v -0.85776502 -0.851138 0.163479
v -0.81456101 -0.85119802 0.119605
v -0.840832 -0.8506 0.117926
v -0.65468597 -0.85120898 0.55736899
v -0.55786097 -0.85119897 -0.99530399
v -0.56059498 -0.86278802 0.98642498
v -0.66035199 -0.85131699 0.98746401
v -0.84602797 -0.85112101 0.280341
v -0.529091 -0.86303902 -0.15243299
v -0.66089797 -0.86309803 0.97684699
v -0.88878399 -0.85124302 -0.99552798
v -0.55786097 -0.85119897 -0.99530399
v -0.58674401 -0.85132003 0.25203899
v -0.66035199 -0.85131699 0.98746401
v -0.58726001 -0.851336 0.179111
v -0.46892601 -0.85132098 -0.23116
v -0.51415199 -0.85130501 0.96097797
v -0.321468 -0.86310798 -0.163755
v -0.46125099 -0.86285198 -0.99350798
v -0.510243 -0.86316699 0.165769
v -0.53396797 -0.85149097 0.066169
v -0.53758502 -0.85148501 -0.118631
v -0.42148501 -0.85167497 0.35803401
v -0.521896 -0.85145497 -0.13546699
v -0.40808401 -0.86330998 0.33873099
v -0.57100099 -0.25661099 0.080312
v -0.58113402 -0.25920999 0.056592
v -0.54156399 -0.305998 0.054168
v -0.56053698 -0.236696 0.05762
v -0.56131899 -0.26106 0.04234
v -0.58113402 -0.25920999 0.056592
v -0.56053698 -0.236696 0.05762
v -0.56131899 -0.26106 0.04234
v -0.53719097 -0.311382 0.041126
v -0.54156399 -0.305998 0.054168
v -0.52972299 -0.29458201 0.064899
v -0.57100099 -0.25661099 0.080312
v -0.53808802 -0.26335499 0.065228
v -0.56053698 -0.236696 0.05762
v -0.52872598 -0.40200299 -0.051774
v -0.56141198 -0.395996 -0.057575
v -0.53846401 -0.38269699 -0.052328
v -0.56141198 -0.395996 -0.057575
v -0.53671098 -0.400543 -0.022113
v -0.56055403 -0.38440999 -0.052285
v -0.56055403 -0.38440999 -0.052285
v -0.52920598 -0.85147899 -0.07177
v -0.52043003 -0.85164702 0.22833399
v -0.53916198 -0.85141098 0.176199
v -0.52872598 -0.40200299 -0.051774
v -0.52478403 -0.409632 -0.024736
v -0.56055403 -0.38440999 -0.052285
v -0.53671098 -0.400543 -0.022113
v -0.50615603 -0.38399801 -0.010976
v -0.53469002 -0.28533399 0.034026
v -0.53469002 -0.28533399 0.034026
v -0.53808802 -0.26335499 0.065228
v -0.52920598 -0.85147899 -0.07177
v -0.52998602 -0.84483302 -0.111334
v -0.53758502 -0.85148501 -0.118631
v -0.52998602 -0.84483302 -0.111334
v -0.52397197 -0.845249 -0.080108
v -0.50044698 -0.85171199 0.151592
v -0.53182799 -0.84530002 0.198162
v -0.526223 -0.84597701 0.171437
v -0.53916198 -0.85141098 0.176199
v -0.52043003 -0.85164702 0.22833399
v -0.52584898 -0.798886 0.18072
v -0.53258598 -0.48596501 -0.122962
v -0.53011101 -0.50655502 -0.120053
v -0.53304201 -0.49910599 0.019173
v -0.529953 -0.506625 0.188609
v -0.53345901 -0.49356699 0.198374
v -0.52468699 -0.50761801 0.206644
v -0.52468699 -0.50761801 0.206644
v -0.51961303 -0.496631 0.211293
v -0.53345901 -0.49356699 0.198374
v -0.53245902 -0.48699301 0.040961
v -0.523803 -0.47774899 0.038251
v -0.53258598 -0.48596501 -0.122962
v -0.53245902 -0.48699301 0.040961
v -0.52271402 -0.47712901 0.046638
v -0.53345901 -0.49356699 0.198374
v -0.52962798 -0.482411 0.200875
v -0.52770299 -0.45927599 0.05611
v -0.543782 -0.46465099 0.021933
v -0.523803 -0.47774899 0.038251
v -0.538679 -0.38841 0.061761
v -0.50467598 -0.41523299 0.089051
v -0.54962301 -0.38069901 0.078614
v -0.50334501 -0.39346799 0.005791
v -0.50615603 -0.38399801 -0.010976
v -0.50927001 -0.84343898 0.223803
v -0.52675498 -0.81263298 0.204521
v -0.52998602 -0.84483302 -0.111334
v -0.52038997 -0.806189 -0.122035
v -0.50962698 -0.84447801 -0.131971
v -0.52931201 -0.80738902 -0.097148
v -0.52038997 -0.806189 -0.122035
v -0.51416999 -0.78598601 -0.070518
v -0.51930702 -0.78266901 0.167932
v -0.51809603 -0.78895301 -0.114338
v -0.52300298 -0.79285502 -0.085191
v -0.52421403 -0.505427 -0.132608
v -0.52230901 -0.51115 -0.12709001
v -0.52230901 -0.51115 -0.12709001
v -0.52091998 -0.512474 0.044088
v -0.53011101 -0.50655502 -0.120053
v -0.529953 -0.506625 0.188609
v -0.52190399 -0.51120102 0.199606
v -0.52468699 -0.50761801 0.206644
v -0.52421403 -0.505427 -0.132608
v -0.53258598 -0.48596501 -0.122962
v -0.52302098 -0.47905001 -0.13253801
v -0.52962798 -0.482411 0.200875
v -0.52302098 -0.47905001 -0.13253801
v -0.52104998 -0.475927 0.199228
v -0.52466798 -0.464248 0.008003
v -0.52271402 -0.47712901 0.046638
v -0.543782 -0.46465099 0.021933
v -0.52770299 -0.45927599 0.05611
v -0.510818 -0.437814 0.033437
v -0.50861299 -0.413551 -0.0344
v -0.50459301 -0.39790899 0.097183
v -0.50459301 -0.39790899 0.097183
v -0.50834799 -0.38195899 0.072047
v -0.54962301 -0.38069901 0.078614
v -0.50655597 -0.307733 0.029527
v -0.50962698 -0.84447801 -0.131971
v -0.50044698 -0.85171199 0.151592
v -0.51090002 -0.84514898 0.159568
v -0.50975698 -0.800237 0.21587899
v -0.51268399 -0.792611 0.1565
v -0.501899 -0.80414701 0.005857
v -0.512851 -0.80050302 0.104341
v -0.51737398 -0.79307997 0.002087
v -0.512851 -0.80050302 0.104341
v -0.51940399 -0.78917003 0.105643
v -0.51737398 -0.79307997 0.002087
v -0.51314402 -0.78727299 0.20557
v -0.51341498 -0.72152197 -0.091064
v -0.51237899 -0.77438498 -0.071516
v -0.51237899 -0.77438498 -0.071516
v -0.51690698 -0.77354503 0.11524
v -0.50403202 -0.69963902 0.18211
v -0.52421403 -0.505427 -0.132608
v -0.51243699 -0.50693202 -0.13394099
v -0.49697199 -0.51402998 0.040084
v -0.51243699 -0.50693202 -0.13394099
v -0.512272 -0.49844801 -0.137641
v -0.51366699 -0.47630501 -0.125716
v -0.50901198 -0.47612399 0.041796
v -0.51283503 -0.48289701 0.208755
v -0.52104998 -0.475927 0.199228
v -0.52466798 -0.464248 0.008003
v -0.50901198 -0.47612399 0.041796
v -0.523803 -0.47774899 0.038251
v -0.52770299 -0.45927599 0.05611
v -0.52271402 -0.47712901 0.046638
v -0.501885 -0.45651099 0.042166
v -0.50901198 -0.47612399 0.041796
v -0.50506699 -0.44887701 0.016911
v -0.52466798 -0.464248 0.008003
v -0.49293301 -0.403431 -0.036247
v -0.538679 -0.38841 0.061761
v -0.54962301 -0.38069901 0.078614
v -0.50834799 -0.38195899 0.072047
v -0.51538801 -0.337264 0.055233
v -0.51586801 -0.33949599 0.021028
v -0.51487398 -0.32932401 0.085792
v -0.51538801 -0.337264 0.055233
v -0.52284199 -0.33966601 0.07924
v -0.51586801 -0.33949599 0.021028
v -0.51538801 -0.337264 0.055233
v -0.502738 -0.30796099 0.048125
v -0.502738 -0.30796099 0.048125
v -0.27226201 -0.86310798 0.74725401
v -0.46732301 -0.85160702 -0.127075
v -0.52043003 -0.85164702 0.22833399
v -0.488644 -0.84565401 0.22250199
v -0.50927001 -0.84343898 0.223803
v -0.65468597 -0.85120898 0.55736899
v -0.44783401 -0.851502 0.51800799
v -0.42148501 -0.85167497 0.35803401
v -0.50283003 -0.84515601 -0.071174
v -0.490015 -0.81786603 -0.13211299
v -0.50283003 -0.84515601 -0.071174
v -0.50181001 -0.80120897 -0.064372
v -0.51416999 -0.78598601 -0.070518
v -0.50510699 -0.76893198 0.15308
v -0.50566 -0.76531398 -0.007758
v -0.50248402 -0.76439703 -0.067447
v -0.50560802 -0.76489103 0.11183
v -0.49815601 -0.71545798 -0.110477
v -0.50518101 -0.710612 -0.06932
v -0.50518101 -0.710612 -0.06932
v -0.51237899 -0.77438498 -0.071516
v -0.50248402 -0.76439703 -0.067447
v -0.50499398 -0.68550402 0.155211
v -0.478834 -0.476477 -0.012493
v -0.45184201 -0.47703099 -0.075804
v -0.44482401 -0.47640499 0.199597
v -0.43429101 -0.47764799 0.091139
v -0.501885 -0.45651099 0.042166
v -0.50506699 -0.44887701 0.016911
v -0.510818 -0.437814 0.033437
v -0.50005299 -0.41025299 -0.000981
v -0.49293301 -0.403431 -0.036247
v -0.51165199 -0.39777499 0.048095
v -0.50467598 -0.41523299 0.089051
v -0.538679 -0.38841 0.061761
v -0.50334501 -0.39346799 0.005791
v -0.51165199 -0.39777499 0.048095
v -0.50334501 -0.39346799 0.005791
v -0.51165199 -0.39777499 0.048095
v -0.51082402 -0.378088 0.030601
v -0.50834799 -0.38195899 0.072047
v -0.501194 -0.36803401 0.074407
v -0.51117402 -0.33913001 0.00019
v -0.52284199 -0.33966601 0.07924
v -0.50225103 -0.33835599 0.084006
v -0.51487398 -0.32932401 0.085792
v -0.52284199 -0.33966601 0.07924
v -0.51586801 -0.33949599 0.021028
v -0.50655597 -0.307733 0.029527
v -0.51117402 -0.33913001 0.00019
v -0.49729499 -0.31644201 0.068016
v -0.36763099 -0.860659 -0.99585599
v -0.36763099 -0.860659 -0.99585599
v -0.47837999 -0.85143298 0.225555
v -0.49746999 -0.79067397 -0.12507001
v -0.51090002 -0.84514898 0.159568
v -0.51268399 -0.792611 0.1565
v -0.49248499 -0.80146199 0.155018
v -0.50181001 -0.80120897 -0.064372
v -0.47998601 -0.80366898 0.094138
v -0.48752499 -0.79902399 0.123167
v -0.49248499 -0.80146199 0.155018
v -0.51809603 -0.78895301 -0.114338
v -0.51268399 -0.792611 0.1565
v -0.49815601 -0.71545798 -0.110477
v -0.51314402 -0.78727299 0.20557
v -0.491593 -0.782556 0.211913
v -0.50403202 -0.69963902 0.18211
v -0.50566 -0.76531398 -0.007758
v -0.50560802 -0.76489103 0.11183
v -0.48849499 -0.76461798 0.023979
v -0.50510699 -0.76893198 0.15308
v -0.48686099 -0.767012 0.116916
v -0.487845 -0.699673 0.19514
v -0.48820299 -0.75754601 -0.06426
v -0.48581699 -0.63254303 -0.100244
v -0.498979 -0.62611198 -0.075246
v -0.48837799 -0.65016401 -0.055537
v -0.49331 -0.62637198 -0.060108
v -0.49085999 -0.63090497 0.14095899
v -0.49639499 -0.62559998 0.15406799
v -0.49534601 -0.51365 -0.101459
v -0.49544299 -0.51228303 -0.113368
v -0.49211699 -0.51290202 0.18173499
v -0.501885 -0.45651099 0.042166
v -0.50506699 -0.44887701 0.016911
v -0.510818 -0.437814 0.033437
v -0.50005299 -0.41025299 -0.000981
v -0.50142998 -0.41802901 0.023869
v -0.493599 -0.43063399 0.059376
v -0.50467598 -0.41523299 0.089051
v -0.48835301 -0.359303 0.088625
v -0.501194 -0.36803401 0.074407
v -0.49729499 -0.31644201 0.068016
v -0.49000999 -0.29320499 0.021576
v -0.502738 -0.30796099 0.048125
v -0.50283003 -0.84515601 -0.071174
v -0.52920598 -0.85147899 -0.07177
v -0.474071 -0.85152203 -0.078043
v -0.51090002 -0.84514898 0.159568
v -0.483585 -0.84626502 0.16823199
v -0.50044698 -0.85171199 0.151592
v -0.47837999 -0.85143298 0.225555
v -0.483585 -0.84626502 0.16823199
v -0.50975698 -0.800237 0.21587899
v -0.486103 -0.802347 -0.0699
v -0.50181001 -0.80120897 -0.064372
v -0.47861201 -0.80412602 -0.047832
v -0.48855901 -0.76966202 0.146568
v -0.48475999 -0.76648301 -0.052938
v -0.48475999 -0.76648301 -0.052938
v -0.50248402 -0.76439703 -0.067447
v -0.48855901 -0.76966202 0.146568
v -0.50510699 -0.76893198 0.15308
v -0.49142599 -0.75664401 0.14936601
v -0.50499398 -0.68550402 0.155211
v -0.48159301 -0.649158 0.136094
v -0.48837799 -0.65016401 -0.055537
v -0.48446801 -0.630777 0.178093
v -0.48446801 -0.630777 0.178093
v -0.490486 -0.62318099 0.16832501
v -0.49085999 -0.63090497 0.14095899
v -0.49083301 -0.616005 -0.097318
v -0.49085999 -0.63090497 0.14095899
v -0.49639499 -0.62559998 0.15406799
v -0.490486 -0.62318099 0.16832501
v -0.49073699 -0.52143699 -0.098307
v -0.490796 -0.52217603 0.033176
v -0.49534601 -0.51365 -0.101459
v -0.49697199 -0.51402998 0.040084
v -0.49064699 -0.51945001 0.168772
v -0.49211699 -0.51290202 0.18173499
v -0.44459799 -0.48611099 -0.136867
v -0.44459799 -0.48611099 -0.136867
v -0.47655499 -0.44378099 0.104498
v -0.49424201 -0.41866201 0.090251
v -0.48462099 -0.41406801 -0.023519
v -0.49424201 -0.41866201 0.090251
v -0.49013799 -0.37938499 -0.02241
v -0.489501 -0.38214099 0.107302
v -0.49013799 -0.37938499 -0.02241
v -0.50334501 -0.39346799 0.005791
v -0.51117402 -0.33913001 0.00019
v -0.49013799 -0.37938499 -0.02241
v -0.476688 -0.350604 -0.037149
v -0.474529 -0.32869601 -0.032455
v -0.46889099 -0.32800201 0.088734
v -0.47993699 -0.296635 0.00766
v -0.474529 -0.32869601 -0.032455
v -0.47690701 -0.28903201 0.056072
v -0.482476 -0.25356799 -0.028218
v -0.489537 -0.266471 -0.015577
v -0.50525999 -0.228278 -0.016887
v -0.488754 -0.269775 -0.0019
v -0.487367 -0.227237 -0.03852
v -0.488754 -0.269775 -0.0019
v -0.47988701 -0.22038899 -0.007442
v -0.50525999 -0.228278 -0.016887
v -0.47982401 -0.213955 -0.016082
v -0.47982401 -0.213955 -0.016082
v -0.39082599 -0.86298001 0.98595899
v -0.37897 -0.85110098 -0.98624903
v -0.326704 -0.85141701 -0.99544299
v -0.471221 -0.84612101 -0.115164
v -0.47809801 -0.845034 -0.086211
v -0.39666399 -0.85136098 0.74373603
v -0.44783401 -0.851502 0.51800799
v -0.471221 -0.84612101 -0.115164
v -0.47542399 -0.79295301 -0.115417
v -0.486103 -0.802347 -0.0699
v -0.463521 -0.80244499 -0.007838
v -0.46924499 -0.80719203 0.177366
v -0.47384101 -0.79626799 0.162883
v -0.48397601 -0.78813899 0.152293
v -0.49248499 -0.80146199 0.155018
v -0.48752499 -0.79902399 0.123167
v -0.48855901 -0.76966202 0.146568
v -0.48686099 -0.767012 0.116916
v -0.48272699 -0.77198201 0.15369201
v -0.48397601 -0.78813899 0.152293
v -0.48434001 -0.74672598 -0.118322
v -0.48475999 -0.76648301 -0.052938
v -0.47701299 -0.78030002 -0.067622
v -0.48820299 -0.75754601 -0.06426
v -0.47940299 -0.76843601 0.00365
v -0.48581699 -0.63254303 -0.100244
v -0.48225501 -0.64337802 -0.047419
v -0.48065799 -0.64328301 0.127673
v -0.49067399 -0.63169801 -0.045094
v -0.49067399 -0.63169801 -0.045094
v -0.48225501 -0.64337802 -0.047419
v -0.48065799 -0.64328301 0.127673
v -0.49083301 -0.616005 -0.097318
v -0.47826099 -0.627707 -0.106322
v -0.498979 -0.62611198 -0.075246
v -0.49331 -0.62637198 -0.060108
v -0.49083301 -0.616005 -0.097318
v -0.49067399 -0.63169801 -0.045094
v -0.49083301 -0.616005 -0.097318
v -0.49073699 -0.52143699 -0.098307
v -0.48379901 -0.51879799 -0.10699
v -0.484512 -0.52248001 0.178654
v -0.49534601 -0.51365 -0.101459
v -0.48379901 -0.51879799 -0.10699
v -0.34358299 -0.491328 0.21144301
v -0.46783999 -0.46106499 0.072665
v -0.47257099 -0.437572 -0.010073
v -0.46715599 -0.45026299 0.022722
v -0.48462099 -0.41406801 -0.023519
v -0.48038501 -0.39904499 -0.05047
v -0.489501 -0.38214099 0.107302
v -0.46939299 -0.27991 0.013966
v -0.474071 -0.85152203 -0.078043
v -0.46823999 -0.85158598 0.17664599
v -0.483585 -0.84626502 0.16823199
v -0.47121599 -0.84491903 0.198829
v -0.46823999 -0.85158598 0.17664599
v -0.488644 -0.84565401 0.22250199
v -0.468389 -0.85165101 0.211385
v -0.47025901 -0.80607897 -0.087306
v -0.46827301 -0.80284798 -0.106235
v -0.47701299 -0.78030002 -0.067622
v -0.48009199 -0.79649198 0.014417
v -0.470034 -0.80230701 0.036977
v -0.46934301 -0.79965699 0.199894
v -0.44654301 -0.78404099 -0.054476
v -0.47998601 -0.80366898 0.094138
v -0.46654701 -0.78194302 0.098923
v -0.49248499 -0.80146199 0.155018
v -0.47384101 -0.79626799 0.162883
v -0.47701299 -0.78030002 -0.067622
v -0.44654301 -0.78404099 -0.054476
v -0.486103 -0.802347 -0.0699
v -0.466701 -0.76503801 0.163858
v -0.47940299 -0.76843601 0.00365
v -0.48009199 -0.79649198 0.014417
v -0.46296501 -0.787853 -0.001322
v -0.46989 -0.774481 0.034636
v -0.48009199 -0.79649198 0.014417
v -0.47940299 -0.76843601 0.00365
v -0.474343 -0.77728301 -0.115
v -0.46989 -0.774481 0.034636
v -0.46860501 -0.76296699 -0.078889
v -0.44356 -0.76474899 -0.045243
v -0.46345201 -0.76469499 0.045824
v -0.461133 -0.76559198 0.089538
v -0.47124401 -0.65390199 -0.10454
v -0.464268 -0.757038 -0.103991
v -0.46883899 -0.64914101 0.13709299
v -0.47410899 -0.77435702 0.20257799
v -0.46851799 -0.63752401 0.183539
v -0.46512499 -0.64671701 -0.055721
v -0.48837799 -0.65016401 -0.055537
v -0.46512499 -0.64671701 -0.055721
v -0.48225501 -0.64337802 -0.047419
v -0.46127501 -0.63179201 0.179316
v -0.484512 -0.52248001 0.178654
v -0.39192599 -0.51100099 -0.129297
v -0.46591699 -0.47593299 0.022883
v -0.47246501 -0.46206 -0.035967
v -0.478834 -0.476477 -0.012493
v -0.47434101 -0.45441401 0.048224
v -0.46625701 -0.43147099 -0.053188
v -0.47655499 -0.44378099 0.104498
v -0.45729101 -0.426276 0.115871
v -0.48038501 -0.39904499 -0.05047
v -0.46184099 -0.38777301 -0.040127
v -0.464481 -0.37479699 0.112974
v -0.46840599 -0.299804 -0.012175
v -0.47993699 -0.296635 0.00766
v -0.471221 -0.84612101 -0.115164
v -0.46732301 -0.85160702 -0.127075
v -0.47121599 -0.84491903 0.198829
v -0.46827301 -0.80284798 -0.106235
v -0.46934301 -0.79965699 0.199894
v -0.47121599 -0.84491903 0.198829
v -0.463521 -0.80244499 -0.007838
v -0.458446 -0.788638 0.2036
v -0.48475999 -0.76648301 -0.052938
v -0.470034 -0.80230701 0.036977
v -0.461133 -0.76559198 0.089538
v -0.45118201 -0.76547098 -0.014118
v -0.45800501 -0.64399302 0.14393599
v -0.46512499 -0.64671701 -0.055721
v -0.458516 -0.641725 -0.099101
v -0.44747099 -0.52668703 -0.106701
v -0.45184201 -0.47703099 -0.075804
v -0.46591699 -0.47593299 0.022883
v -0.460933 -0.45735601 0.033897
v -0.46261001 -0.407078 -0.096222
v -0.465794 -0.42001799 -0.050382
v -0.48038501 -0.39904499 -0.05047
v -0.464086 -0.39142099 -0.108221
v -0.445963 -0.40469301 0.115623
v -0.464481 -0.37479699 0.112974
v -0.46184099 -0.38777301 -0.040127
v -0.45856601 -0.304557 -0.031771
v -0.47690701 -0.28903201 0.056072
v -0.46939299 -0.27991 0.013966
v -0.46840599 -0.299804 -0.012175
v -0.46389601 -0.25162399 -0.019148
v -0.45309401 -0.28964499 -0.01258
v -0.482476 -0.25356799 -0.028218
v -0.487367 -0.227237 -0.03852
v -0.47982401 -0.213955 -0.016082
v -0.47988701 -0.22038899 -0.007442
v -0.46389601 -0.25162399 -0.019148
v -0.47982401 -0.213955 -0.016082
v -0.242465 -0.86262101 -0.99427903
v -0.44275701 -0.80354202 -0.080416
v -0.47701299 -0.78030002 -0.067622
v -0.47025901 -0.80607897 -0.087306
v -0.43006599 -0.80375397 -0.005145
v -0.432881 -0.80234301 0.096006
v -0.44431499 -0.782058 -0.0707
v -0.46860501 -0.76296699 -0.078889
v -0.44015899 -0.77365297 0.001991
v -0.458323 -0.76336801 -0.104593
v -0.44015899 -0.77365297 0.001991
v -0.464268 -0.757038 -0.103991
v -0.458323 -0.76336801 -0.104593
v -0.466701 -0.76503801 0.163858
v -0.45800501 -0.64399302 0.14393599
v -0.45441201 -0.679528 0.169508
v -0.46360201 -0.76243901 0.18781801
v -0.46360201 -0.76243901 0.18781801
v -0.45441201 -0.679528 0.169508
v -0.44992301 -0.64424002 0.16655201
v -0.45163199 -0.64860803 -0.083087
v -0.45039999 -0.64431298 -0.055606
v -0.48065799 -0.64328301 0.127673
v -0.45800501 -0.64399302 0.14393599
v -0.458267 -0.59988499 -0.079058
v -0.46692801 -0.60149503 -0.070291
v -0.461815 -0.61106902 -0.074081
v -0.462172 -0.61137497 0.13183799
v -0.46706399 -0.60107797 0.129759
v -0.46158099 -0.60147202 0.140404
v -0.466818 -0.53055298 -0.072665
v -0.44034299 -0.60183603 -0.105891
v -0.46245599 -0.52211797 -0.078829
v -0.44154501 -0.59690601 0.17765699
v -0.44513401 -0.55051398 0.17818099
v -0.46175 -0.52232701 0.139643
v -0.466591 -0.52421898 0.129683
v -0.46340501 -0.52074403 -0.061103
v -0.466591 -0.52421898 0.129683
v -0.46340501 -0.52074403 -0.061103
v -0.460094 -0.519575 0.12976301
v -0.46175 -0.52232701 0.139643
v -0.30673 -0.499461 0.211475
v -0.442251 -0.477413 0.054043
v -0.44482401 -0.47640499 0.199597
v -0.450854 -0.464259 0.058986
v -0.465794 -0.42001799 -0.050382
v -0.46261001 -0.407078 -0.096222
v -0.455818 -0.41316101 -0.05605
v -0.449267 -0.386917 -0.12116
v -0.45664799 -0.386742 -0.084638
v -0.464086 -0.39142099 -0.108221
v -0.46184099 -0.38777301 -0.040127
v -0.48038501 -0.39904499 -0.05047
v -0.44540599 -0.33326301 -0.050345
v -0.45856601 -0.304557 -0.031771
v -0.45309401 -0.28964499 -0.01258
v -0.43968499 -0.293726 0.059731
v -0.45372599 -0.28060701 0.006333
v -0.45372599 -0.28060701 0.006333
v -0.41210601 -0.85143298 0.178927
v -0.426474 -0.85218197 0.269247
v -0.420387 -0.85171402 0.42327699
v -0.47861201 -0.80412602 -0.047832
v -0.44654301 -0.78404099 -0.054476
v -0.43544999 -0.79917598 -0.0547
v -0.43544999 -0.79917598 -0.0547
v -0.43191499 -0.80423403 -0.041198
v -0.432881 -0.80234301 0.096006
v -0.46654701 -0.78194302 0.098923
v -0.47998601 -0.80366898 0.094138
v -0.47384101 -0.79626799 0.162883
v -0.446991 -0.80368501 0.159762
v -0.46924499 -0.80719203 0.177366
v -0.41730201 -0.79445201 -0.114702
v -0.43845999 -0.77483499 0.103019
v -0.446991 -0.80368501 0.159762
v -0.439991 -0.77443802 0.15045001
v -0.43188399 -0.765589 0.153161
v -0.466701 -0.76503801 0.163858
v -0.46360201 -0.76243901 0.18781801
v -0.43188399 -0.765589 0.153161
v -0.44992301 -0.64424002 0.16655201
v -0.45163199 -0.64860803 -0.083087
v -0.44289601 -0.536143 0.178758
v -0.49544299 -0.51228303 -0.113368
v -0.442251 -0.477413 0.054043
v -0.44794101 -0.42897999 -0.072816
v -0.44794101 -0.42897999 -0.072816
v -0.465794 -0.42001799 -0.050382
v -0.455818 -0.41316101 -0.05605
v -0.44928101 -0.40051001 -0.102988
v -0.449267 -0.386917 -0.12116
v -0.455818 -0.41316101 -0.05605
v -0.44928101 -0.40051001 -0.102988
v -0.45664799 -0.386742 -0.084638
v -0.46184099 -0.38777301 -0.040127
v -0.46184099 -0.38777301 -0.040127
v -0.42146501 -0.39569199 -0.038486
v -0.441926 -0.392409 0.126857
v -0.449267 -0.386917 -0.12116
v -0.44448099 -0.377691 0.134712
v -0.437401 -0.34976301 -0.050881
v -0.42802599 -0.376232 -0.053072
v -0.42515701 -0.28581601 0.032434
v -0.46939299 -0.27991 0.013966
v -0.45309401 -0.28964499 -0.01258
v -0.41210601 -0.85143298 0.178927
v -0.435307 -0.79292601 0.009395
v -0.435307 -0.79292601 0.009395
v -0.44371 -0.79146701 0.032212
v -0.470034 -0.80230701 0.036977
v -0.46989 -0.774481 0.034636
v -0.340049 -0.77596498 -0.116201
v -0.43211901 -0.76665699 -0.067446
v -0.44356 -0.76474899 -0.045243
v -0.44371 -0.79146701 0.032212
v -0.461133 -0.76559198 0.089538
v -0.43211901 -0.76665699 -0.067446
v -0.458323 -0.76336801 -0.104593
v -0.46860501 -0.76296699 -0.078889
v -0.45163199 -0.64860803 -0.083087
v -0.458516 -0.641725 -0.099101
v -0.443656 -0.64414901 -0.087883
v -0.410348 -0.63091803 -0.108063
v -0.40032101 -0.512721 0.182007
v -0.49211699 -0.51290202 0.18173499
v -0.40032101 -0.512721 0.182007
v -0.41068599 -0.47724801 -0.097614
v -0.46783999 -0.46106499 0.072665
v -0.450854 -0.464259 0.058986
v -0.43894601 -0.44907299 0.096314
v -0.449267 -0.386917 -0.12116
v -0.44448099 -0.377691 0.134712
v -0.44089401 -0.360668 0.113483
v -0.44540599 -0.33326301 -0.050345
v -0.45473099 -0.33335301 -0.073789
v -0.437401 -0.34976301 -0.050881
v -0.431734 -0.31426001 -0.068926
v -0.42647699 -0.31670201 -0.098187
v -0.45473099 -0.33335301 -0.073789
v -0.44540599 -0.33326301 -0.050345
v -0.44540599 -0.33326301 -0.050345
v -0.45856601 -0.304557 -0.031771
v -0.42687401 -0.332872 -0.049674
v -0.42921901 -0.340839 0.098446
v -0.42309701 -0.292256 -0.012114
v -0.123781 -0.86292499 -0.748936
v -0.427663 -0.85178298 0.191653
v -0.47025901 -0.80607897 -0.087306
v -0.46827301 -0.80284798 -0.106235
v -0.44275701 -0.80354202 -0.080416
v -0.43070701 -0.80280399 0.039181
v -0.43070701 -0.80280399 0.039181
v -0.37912801 -0.80528802 0.179354
v -0.46934301 -0.79965699 0.199894
v -0.435563 -0.79698098 0.144529
v -0.43845999 -0.77483499 0.103019
v -0.432881 -0.80234301 0.096006
v -0.439991 -0.77443802 0.15045001
v -0.446991 -0.80368501 0.159762
v -0.44654301 -0.78404099 -0.054476
v -0.43211901 -0.76665699 -0.067446
v -0.44431499 -0.782058 -0.0707
v -0.44356 -0.76474899 -0.045243
v -0.426981 -0.76556599 0.036847
v -0.43845999 -0.77483499 0.103019
v -0.42782599 -0.76572502 0.103606
v -0.40195599 -0.76312298 0.072483
v -0.462172 -0.61137497 0.13183799
v -0.46158099 -0.60147202 0.140404
v -0.34853801 -0.60677302 0.13975801
v -0.43370599 -0.58505201 -0.112961
v -0.43190899 -0.58276099 0.184084
v -0.43439701 -0.56754202 0.183062
v -0.432392 -0.54779297 -0.112633
v -0.42745599 -0.54784697 0.18401
v -0.34917501 -0.52100599 0.067396
v -0.324523 -0.47965401 -0.130147
v -0.442251 -0.477413 0.054043
v -0.42913699 -0.451772 0.07293
v -0.45184201 -0.47703099 -0.075804
v -0.40487 -0.45699501 -0.093642
v -0.429499 -0.42170301 0.10093
v -0.420131 -0.417308 -0.073324
v -0.42559499 -0.38123399 -0.042533
v -0.42559499 -0.38123399 -0.042533
v -0.46184099 -0.38777301 -0.040127
v -0.42802599 -0.376232 -0.053072
v -0.42423099 -0.37590301 0.117909
v -0.41455901 -0.36003399 -0.065446
v -0.45473099 -0.33335301 -0.073789
v -0.422582 -0.34203199 -0.072992
v -0.437401 -0.34976301 -0.050881
v -0.42687401 -0.332872 -0.049674
v -0.46939299 -0.27991 0.013966
v -0.42515701 -0.28581601 0.032434
v -0.420542 -0.84969997 0.51444799
v -0.420387 -0.85171402 0.42327699
v -0.39732301 -0.80481797 -0.08187
v -0.44275701 -0.80354202 -0.080416
v -0.43544999 -0.79917598 -0.0547
v -0.43070701 -0.80280399 0.039181
v -0.435307 -0.79292601 0.009395
v -0.43006599 -0.80375397 -0.005145
v -0.44371 -0.79146701 0.032212
v -0.44015899 -0.77365297 0.001991
v -0.439991 -0.77443802 0.15045001
v -0.39364699 -0.76438701 -0.078436
v -0.396615 -0.76547498 -0.001424
v -0.462172 -0.61137497 0.13183799
v -0.34986499 -0.61146998 0.130279
v -0.461815 -0.61106902 -0.074081
v -0.40995201 -0.56868601 -0.106791
v -0.389606 -0.51538199 -0.107837
v -0.37969199 -0.48278001 0.208929
v -0.319947 -0.47698399 -0.117544
v -0.39620101 -0.47695199 0.09209
v -0.39620101 -0.47695199 0.09209
v -0.415557 -0.398637 0.123092
v -0.42423099 -0.37590301 0.117909
v -0.42647699 -0.31670201 -0.098187
v -0.40461901 -0.33741301 -0.032369
v -0.41440299 -0.84494102 0.209115
v -0.39438301 -0.80111098 -0.066571
v -0.40714499 -0.80532098 -0.006691
v -0.40714499 -0.80456799 0.040395
v -0.435563 -0.79698098 0.144529
v -0.40871301 -0.80344599 0.14177001
v -0.393051 -0.76849902 -0.065442
v -0.381109 -0.76379299 0.166228
v -0.44992301 -0.64424002 0.16655201
v -0.350072 -0.64485103 0.150923
v -0.36735299 -0.527542 -0.106367
v -0.39151499 -0.52493399 0.176458
v -0.34982201 -0.53024799 -0.0793
v -0.344506 -0.520836 -0.076034
v -0.46245599 -0.52211797 -0.078829
v -0.46245599 -0.52211797 -0.078829
v -0.344506 -0.520836 -0.076034
v -0.389606 -0.51538199 -0.107837
v -0.41068599 -0.47724801 -0.097614
v -0.39532599 -0.44048101 -0.081295
v -0.42146501 -0.39569199 -0.038486
v -0.40718299 -0.38486901 -0.023757
v -0.41349801 -0.368402 -0.050637
v -0.41455901 -0.36003399 -0.065446
v -0.437401 -0.34976301 -0.050881
v -0.41349801 -0.368402 -0.050637
v -0.422582 -0.34203199 -0.072992
v -0.42687401 -0.332872 -0.049674
v -0.437401 -0.34976301 -0.050881
v -0.42687401 -0.332872 -0.049674
v -0.41349801 -0.368402 -0.050637
v -0.437401 -0.34976301 -0.050881
v -0.41298601 -0.84535402 0.266424
v -0.40717399 -0.84700102 0.34912601
v -0.40882 -0.84412199 0.36860999
v -0.40882 -0.84412199 0.36860999
v -0.41126701 -0.85110599 0.53305298
v -0.41730201 -0.79445201 -0.114702
v -0.38657299 -0.80363297 -0.103893
v -0.38959599 -0.80333102 0.098491
v -0.39369899 -0.76553202 0.098562
v -0.33935201 -0.76199102 0.181146
v -0.329808 -0.64409602 -0.043566
v -0.461815 -0.61106902 -0.074081
v -0.349742 -0.60169101 -0.07868
v -0.458267 -0.59988499 -0.079058
v -0.364647 -0.598418 0.17799801
v -0.38818601 -0.58553499 0.18367501
v -0.40184799 -0.56781501 0.17726301
v -0.46175 -0.52232701 0.139643
v -0.34718701 -0.52003998 0.13984101
v -0.384707 -0.54853702 0.184113
v -0.39620101 -0.47695199 0.09209
v -0.41241199 -0.434329 0.074489
v -0.42913699 -0.451772 0.07293
v -0.41241199 -0.434329 0.074489
v -0.40033099 -0.391792 -0.036999
v -0.415557 -0.398637 0.123092
v -0.401595 -0.396768 0.108805
v -0.42423099 -0.37590301 0.117909
v -0.39895299 -0.34884799 0.118238
v -0.38449299 -0.35421699 -0.024164
v -0.41349801 -0.368402 -0.050637
v -0.40696701 -0.322263 -0.08272
v -0.406068 -0.347285 0.088723
v -0.39398301 -0.33355901 0.075285
v -0.40696701 -0.322263 -0.08272
v -0.326704 -0.85141701 -0.99544299
v -0.40312099 -0.851982 0.201409
v -0.40549001 -0.84572202 0.28077599
v -0.40431201 -0.84601498 0.505979
v -0.39382401 -0.796794 0.029032
v -0.38696799 -0.76994199 0.157841
v -0.33900899 -0.76233298 -0.10178
v -0.39050901 -0.76889801 0.035528
v -0.34853801 -0.60677302 0.13975801
v -0.365325 -0.63129598 0.17975301
v -0.380795 -0.58408803 -0.112235
v -0.38667601 -0.54837698 -0.112798
v -0.382011 -0.44884199 0.083432
v -0.375929 -0.41986999 -0.056921
v -0.401595 -0.396768 0.108805
v -0.40718299 -0.38486901 -0.023757
v -0.41455901 -0.36003399 -0.065446
v -0.403404 -0.36197701 0.095502
v -0.39895299 -0.34884799 0.118238
v -0.38449299 -0.35421699 -0.024164
v -0.406068 -0.347285 0.088723
v -0.392187 -0.33781001 0.10979
v -0.406068 -0.347285 0.088723
v -0.42921901 -0.340839 0.098446
v -0.392187 -0.33781001 0.10979
v -0.392187 -0.33781001 0.10979
v -0.40696701 -0.322263 -0.08272
v -0.39427999 -0.31729701 0.002996
v -0.23620901 -0.85126501 -0.77123201
v -0.39672899 -0.85200799 0.27154401
v -0.39491001 -0.85167599 0.36977899
v -0.39206201 -0.85166001 0.51654297
v -0.39079699 -0.79593402 -0.002463
v -0.36159199 -0.80305499 0.087769
v -0.38422701 -0.79450399 0.15678699
v -0.47410899 -0.77435702 0.20257799
v -0.334712 -0.76595998 0.197685
v -0.35416099 -0.51086199 0.20057
v -0.400042 -0.41426599 0.063181
v -0.41241199 -0.434329 0.074489
v -0.39204401 -0.37382901 0.064156
v -0.397136 -0.366236 -0.087787
v -0.39239901 -0.33671901 -0.069698
v -0.407013 -0.353818 -0.094146
v -0.325515 -0.85115302 0.98761499
v -0.34123299 -0.80502498 -0.10141
v -0.38291299 -0.79988998 -0.074996
v -0.340065 -0.80213302 0.19819
v -0.340065 -0.80213302 0.19819
v -0.39438301 -0.80111098 -0.066571
v -0.393051 -0.76849902 -0.065442
v -0.39079699 -0.79593402 -0.002463
v -0.39382401 -0.796794 0.029032
v -0.39050901 -0.76889801 0.035528
v -0.396615 -0.76547498 -0.001424
v -0.39369899 -0.76553202 0.098562
v -0.38696799 -0.76994199 0.157841
v -0.383935 -0.777668 0.106237
v -0.35310799 -0.63320398 -0.106721
v -0.319511 -0.615982 -0.106439
v -0.349103 -0.61117297 -0.074778
v -0.34718701 -0.52003998 0.13984101
v -0.400042 -0.41426599 0.063181
v -0.365242 -0.43292999 0.059474
v -0.379224 -0.392988 -0.013596
v -0.39121801 -0.38833201 0.006055
v -0.39782599 -0.39630201 0.036306
v -0.39121801 -0.38833201 0.006055
v -0.397136 -0.366236 -0.087787
v -0.407013 -0.353818 -0.094146
v -0.38100499 -0.347949 -0.095425
v -0.38308001 -0.350319 -0.069195
v -0.39398301 -0.33355901 0.075285
v -0.37593001 -0.32883301 -0.00828
v -0.39398301 -0.33355901 0.075285
v -0.37797201 -0.328316 0.017101
v -0.33740199 -0.85148901 -0.093967
v -0.33511499 -0.85150701 0.17478301
v -0.378526 -0.77894098 -0.072309
v -0.39438301 -0.80111098 -0.066571
v -0.38291299 -0.79988998 -0.074996
v -0.348389 -0.80400902 0.041682
v -0.38959599 -0.80333102 0.098491
v -0.38422701 -0.79450399 0.15678699
v -0.393051 -0.76849902 -0.065442
v -0.39382401 -0.796794 0.029032
v -0.39050901 -0.76889801 0.035528
v -0.348389 -0.80400902 0.041682
v -0.378526 -0.77894098 -0.072309
v -0.383935 -0.777668 0.106237
v -0.35810301 -0.78105098 0.098331
v -0.39369899 -0.76553202 0.098562
v -0.346968 -0.64491802 -0.063737
v -0.364627 -0.59094697 -0.106786
v -0.37230599 -0.54329002 0.178298
v -0.373512 -0.476547 -0.084889
v -0.39782599 -0.39630201 0.036306
v -0.39121801 -0.38833201 0.006055
v -0.364721 -0.40911499 0.015622
v -0.379224 -0.392988 -0.013596
v -0.375949 -0.351583 0.01712
v -0.38574201 -0.362048 -0.043964
v -0.39239901 -0.33671901 -0.069698
v -0.38308001 -0.350319 -0.069195
v -0.38504601 -0.34105599 -0.031818
v -0.370271 -0.34786201 -0.023523
v -0.38504601 -0.34105599 -0.031818
v -0.38574201 -0.362048 -0.043964
v -0.38141799 -0.333774 -0.081689
v -0.407013 -0.353818 -0.094146
v -0.38100499 -0.347949 -0.095425
v -0.39427999 -0.31729701 0.002996
v -0.379152 -0.31777799 -0.008076
v -0.37593001 -0.32883301 -0.00828
v -0.36837101 -0.30606499 0.009665
v -0.37797201 -0.328316 0.017101
v -0.36837101 -0.30606499 0.009665
v -0.39427999 -0.31729701 0.002996
v -0.41210601 -0.85143298 0.178927
v -0.317554 -0.851686 0.15416799
v -0.474071 -0.85152203 -0.078043
v -0.33511499 -0.85150701 0.17478301
v -0.33000499 -0.79043502 0.20489
v -0.39364699 -0.76438701 -0.078436
v -0.33648899 -0.76450402 -0.079726
v -0.342206 -0.76339501 0.040174
v -0.32926399 -0.76502502 0.094325
v -0.34653199 -0.643776 0.16981
v -0.334465 -0.47655699 0.199651
v -0.36081001 -0.46843401 -0.063464
v -0.38308001 -0.350319 -0.069195
v -0.368442 -0.34803599 -0.065139
v -0.38574201 -0.362048 -0.043964
v -0.37593001 -0.32883301 -0.00828
v -0.37797201 -0.328316 0.017101
v -0.38141799 -0.333774 -0.081689
v -0.358789 -0.330998 -0.073281
v -0.358367 -0.31678399 -0.023501
v -0.36498201 -0.31144699 -0.068886
v -0.35837799 -0.29925001 -0.005344
v -0.33156201 -0.85153401 -0.13518099
v -0.32814401 -0.85151398 0.22261
v -0.279861 -0.851502 0.67381102
v -0.332755 -0.80339801 -0.080187
v -0.340599 -0.80438799 0.173842
v -0.38959599 -0.80333102 0.098491
v -0.38422701 -0.79450399 0.15678699
v -0.38696799 -0.76994199 0.157841
v -0.33313799 -0.78425097 0.159641
v -0.33900899 -0.76233298 -0.10178
v -0.331393 -0.77869302 -0.071299
v -0.32926399 -0.76502502 0.094325
v -0.33682901 -0.76424301 0.166168
v -0.35693899 -0.64362901 -0.096759
v -0.35693899 -0.64362901 -0.096759
v -0.349103 -0.61117297 -0.074778
v -0.373512 -0.476547 -0.084889
v -0.34896401 -0.47920099 0.076195
v -0.36174101 -0.41811901 -0.032823
v -0.36081001 -0.46843401 -0.063464
v -0.375929 -0.41986999 -0.056921
v -0.379224 -0.392988 -0.013596
v -0.364445 -0.358596 -0.043708
v -0.364445 -0.358596 -0.043708
v -0.35293001 -0.35173401 -0.03027
v -0.358789 -0.330998 -0.073281
v -0.38141799 -0.333774 -0.081689
v -0.36498201 -0.31144699 -0.068886
v -0.358367 -0.31678399 -0.023501
v -0.36410499 -0.31515801 -0.011727
v -0.17960399 -0.86291403 -0.98661202
v -0.27122799 -0.863262 0.173804
v -0.36159199 -0.80305499 0.087769
v -0.348562 -0.77785999 0.03083
v -0.342206 -0.76339501 0.040174
v -0.33648899 -0.76450402 -0.079726
v -0.34653199 -0.643776 0.16981
v -0.31874999 -0.62968498 0.17865001
v -0.373512 -0.476547 -0.084889
v -0.349958 -0.47640401 -0.046474
v -0.33545199 -0.47664499 0.127184
v -0.352256 -0.45792001 0.043804
v -0.353329 -0.442442 0.014005
v -0.35302499 -0.46621001 -0.033537
v -0.364721 -0.40911499 0.015622
v -0.36410499 -0.31515801 -0.011727
v -0.351533 -0.30888101 0.00469
v -0.351533 -0.30888101 0.00469
v -0.34543601 -0.29263601 -0.062974
v -0.35837799 -0.29925001 -0.005344
v -0.317554 -0.851686 0.15416799
v -0.307767 -0.85166597 -0.064935
v -0.38657299 -0.80363297 -0.103893
v -0.33056399 -0.79456002 -0.117053
v -0.34123299 -0.80502498 -0.10141
v -0.348562 -0.77785999 0.03083
v -0.33770701 -0.80411398 0.025452
v -0.348389 -0.80400902 0.041682
v -0.334712 -0.76595998 0.197685
v -0.33313799 -0.78425097 0.159641
v -0.33682901 -0.76424301 0.166168
v -0.33313799 -0.78425097 0.159641
v -0.381109 -0.76379299 0.166228
v -0.34332499 -0.68522501 0.151583
v -0.34653199 -0.643776 0.16981
v -0.350072 -0.64485103 0.150923
v -0.346968 -0.64491802 -0.063737
v -0.35693899 -0.64362901 -0.096759
v -0.35040101 -0.65019602 -0.087227
v -0.322258 -0.642928 0.12617201
v -0.33558699 -0.63276201 0.17963301
v -0.317913 -0.52254701 0.178047
v -0.30107501 -0.50372499 -0.13725901
v -0.30673 -0.499461 0.211475
v -0.324523 -0.47965401 -0.130147
v -0.32656699 -0.487129 -0.136608
v -0.338925 -0.478497 -0.044901
v -0.349958 -0.47640401 -0.046474
v -0.355854 -0.47505301 0.010967
v -0.352256 -0.45792001 0.043804
v -0.34560499 -0.47725999 0.04449
v -0.34896401 -0.47920099 0.076195
v -0.365242 -0.43292999 0.059474
v -0.364445 -0.358596 -0.043708
v -0.368442 -0.34803599 -0.065139
v -0.35194999 -0.38297701 -0.0629
v -0.358789 -0.330998 -0.073281
v -0.31830701 -0.377168 -0.098781
v -0.34097999 -0.33386499 -0.03095
v -0.345754 -0.32146999 -0.066946
v -0.337809 -0.29836401 -0.081533
v -0.345754 -0.32146999 -0.066946
v -0.36498201 -0.31144699 -0.068886
v -0.35837799 -0.29925001 -0.005344
v -0.337809 -0.29836401 -0.081533
v -0.474071 -0.85152203 -0.078043
v -0.307767 -0.85166597 -0.064935
v -0.33740199 -0.85148901 -0.093967
v -0.189092 -0.85133702 0.42513001
v -0.29456499 -0.85153902 0.74985099
v -0.340599 -0.80438799 0.173842
v -0.32635701 -0.80220199 -0.016688
v -0.34307301 -0.77744901 -0.010471
v -0.342206 -0.76339501 0.040174
v -0.35810301 -0.78105098 0.098331
v -0.33261499 -0.77564901 0.112671
v -0.32926399 -0.76502502 0.094325
v -0.33900899 -0.76233298 -0.10178
v -0.33648899 -0.76450402 -0.079726
v -0.33297899 -0.75497901 -0.072546
v -0.337998 -0.69787198 -0.104948
v -0.342834 -0.72172099 0.174725
v -0.33907399 -0.64832097 -0.101651
v -0.32678401 -0.63632298 -0.105053
v -0.33907399 -0.64832097 -0.101651
v -0.329312 -0.64582098 -0.052724
v -0.34153 -0.607517 -0.073395
v -0.34090099 -0.60758197 0.13391
v -0.34153 -0.607517 -0.073395
v -0.341158 -0.52393299 0.131173
v -0.34090099 -0.60758197 0.13391
v -0.34718701 -0.52003998 0.13984101
v -0.34090099 -0.60758197 0.13391
v -0.344506 -0.520836 -0.076034
v -0.34153 -0.607517 -0.073395
v -0.34123099 -0.52853203 -0.067064
v -0.31841201 -0.51376402 -0.10734
v -0.341158 -0.52393299 0.131173
v -0.31784901 -0.51212603 0.18213101
v -0.30107501 -0.50372499 -0.13725901
v -0.31841201 -0.51376402 -0.10734
v -0.31784901 -0.51212603 0.18213101
v -0.355854 -0.47505301 0.010967
v -0.34560499 -0.47725999 0.04449
v -0.34896401 -0.47920099 0.076195
v -0.334465 -0.47655699 0.199651
v -0.34097999 -0.33386499 -0.03095
v -0.3407 -0.32128 -0.045172
v -0.358367 -0.31678399 -0.023501
v -0.34543601 -0.29263601 -0.062974
v -0.345754 -0.32146999 -0.066946
v -0.291264 -0.86064202 0.98817402
v -0.56059498 -0.86278802 0.98642498
v -0.325515 -0.85115302 0.98761499
v -0.333527 -0.84452897 0.19293199
v -0.32248101 -0.832174 0.219825
v -0.33693501 -0.81215501 0.193149
v -0.332755 -0.80339801 -0.080187
v -0.331985 -0.81582099 -0.11906
v -0.330318 -0.84525597 -0.093224
v -0.331985 -0.81582099 -0.11906
v -0.340065 -0.80213302 0.19819
v -0.340599 -0.80438799 0.173842
v -0.33693501 -0.81215501 0.193149
v -0.331985 -0.81582099 -0.11906
v -0.31187001 -0.804649 0.109212
v -0.33693501 -0.81215501 0.193149
v -0.332755 -0.80339801 -0.080187
v -0.33261499 -0.77564901 0.112671
v -0.35810301 -0.78105098 0.098331
v -0.36159199 -0.80305499 0.087769
v -0.33237201 -0.76156002 -0.10958
v -0.320474 -0.75551403 0.202631
v -0.33935201 -0.76199102 0.181146
v -0.33682901 -0.76424301 0.166168
v -0.342834 -0.72172099 0.174725
v -0.33935201 -0.76199102 0.181146
v -0.33384299 -0.70787197 0.188685
v -0.337998 -0.69787198 -0.104948
v -0.346968 -0.64491802 -0.063737
v -0.33297899 -0.75497901 -0.072546
v -0.329312 -0.64582098 -0.052724
v -0.326419 -0.64931202 0.133312
v -0.34332499 -0.68522501 0.151583
v -0.350072 -0.64485103 0.150923
v -0.322258 -0.642928 0.12617201
v -0.33408499 -0.47818601 -0.011151
v -0.32650101 -0.47150001 0.050559
v -0.320492 -0.48528099 0.208652
v -0.35194999 -0.38297701 -0.0629
v -0.321531 -0.40764099 -0.047091
v -0.32254201 -0.399838 -0.086887
v -0.317725 -0.36802199 -0.022749
v -0.31644899 -0.335798 -0.078321
v -0.337809 -0.29836401 -0.081533
v -0.17002399 -0.86331397 -0.080479
v -0.32910201 -0.845595 -0.114006
v -0.31220901 -0.846847 -0.131944
v -0.330318 -0.84525597 -0.093224
v -0.330318 -0.84525597 -0.093224
v -0.33740199 -0.85148901 -0.093967
v -0.31670299 -0.84643501 -0.07591
v -0.333527 -0.84452897 0.19293199
v -0.31942299 -0.84356499 0.162967
v -0.33511499 -0.85150701 0.17478301
v -0.33511499 -0.85150701 0.17478301
v -0.32814401 -0.85151398 0.22261
v -0.333527 -0.84452897 0.19293199
v -0.333527 -0.84452897 0.19293199
v -0.32814401 -0.85151398 0.22261
v -0.305718 -0.84625399 0.227677
v -0.39491001 -0.85167599 0.36977899
v -0.28926301 -0.85154402 0.230262
v -0.32814401 -0.85151398 0.22261
v -0.231352 -0.851147 0.94376498
v -0.32910201 -0.845595 -0.114006
v -0.31942299 -0.84356499 0.162967
v -0.32488701 -0.79970098 0.15599599
v -0.33693501 -0.81215501 0.193149
v -0.32488701 -0.79970098 0.15599599
v -0.33770701 -0.80411398 0.025452
v -0.31858701 -0.80204201 0.12233
v -0.32248101 -0.832174 0.219825
v -0.31664899 -0.80330402 -0.068603
v -0.329613 -0.77961999 -0.030871
v -0.31858701 -0.80204201 0.12233
v -0.32488701 -0.79970098 0.15599599
v -0.33313799 -0.78425097 0.159641
v -0.33261499 -0.77564901 0.112671
v -0.329613 -0.77961999 -0.030871
v -0.31369099 -0.75936902 -0.063934
v -0.331393 -0.77869302 -0.071299
v -0.31775299 -0.764305 -0.036274
v -0.33313799 -0.78425097 0.159641
v -0.324247 -0.76850998 0.14444999
v -0.31729701 -0.73622102 -0.117323
v -0.320474 -0.75551403 0.202631
v -0.31369099 -0.75936902 -0.063934
v -0.34307301 -0.77744901 -0.010471
v -0.31775299 -0.764305 -0.036274
v -0.32059899 -0.75726402 0.15052199
v -0.32236901 -0.65275198 0.18536
v -0.294155 -0.50989503 0.204623
v -0.31900001 -0.47240999 -0.028807
v -0.30504301 -0.47287801 0.168642
v -0.31611499 -0.47121999 -0.09513
v -0.321531 -0.40764099 -0.047091
v -0.31830701 -0.377168 -0.098781
v -0.3407 -0.32128 -0.045172
v -0.169789 -0.86301303 0.97486198
v -0.33740199 -0.85148901 -0.093967
v -0.307767 -0.85166597 -0.064935
v -0.31670299 -0.84643501 -0.07591
v -0.28670901 -0.85119098 0.78490901
v -0.31220901 -0.846847 -0.131944
v -0.330318 -0.84525597 -0.093224
v -0.29803899 -0.846542 -0.07147
v -0.305718 -0.84625399 0.227677
v -0.31220901 -0.846847 -0.131944
v -0.30749199 -0.79896301 -0.128582
v -0.32635701 -0.80220199 -0.016688
v -0.310864 -0.80416298 -0.013706
v -0.329613 -0.77961999 -0.030871
v -0.331393 -0.77869302 -0.071299
v -0.31664899 -0.80330402 -0.068603
v -0.32635701 -0.80220199 -0.016688
v -0.32059899 -0.75726402 0.15052199
v -0.307688 -0.76288599 0.20575
v -0.307767 -0.75849199 0.149046
v -0.31615001 -0.63612199 -0.05251
v -0.30693999 -0.63113201 -0.067562
v -0.322258 -0.642928 0.12617201
v -0.313737 -0.62882698 0.13727701
v -0.326419 -0.64931202 0.133312
v -0.314794 -0.63056898 -0.09758
v -0.29114199 -0.50937003 -0.129041
v -0.31835401 -0.47494301 0.197901
v -0.319336 -0.47156599 0.05531
v -0.31835401 -0.47494301 0.197901
v -0.321531 -0.40764099 -0.047091
v -0.32254201 -0.399838 -0.086887
v -0.31805399 -0.403247 -0.065857
v -0.31395599 -0.39484999 -0.082142
v -0.326446 -0.384424 -0.057642
v -0.31136999 -0.372096 -0.076748
v -0.3407 -0.32128 -0.045172
v -0.34097999 -0.33386499 -0.03095
v -0.30046701 -0.34442499 -0.040822
v -0.291264 -0.86064202 0.98817402
v -0.29585999 -0.851511 -0.136178
v -0.33156201 -0.85153401 -0.13518099
v -0.28787199 -0.851556 0.154066
v -0.317554 -0.851686 0.15416799
v -0.31670299 -0.84643501 -0.07591
v -0.29803899 -0.846542 -0.07147
v -0.29787001 -0.79708397 0.1538
v -0.31664899 -0.80330402 -0.068603
v -0.30741599 -0.76675999 0.068649
v -0.303624 -0.766716 0.142952
v -0.324247 -0.76850998 0.14444999
v -0.303624 -0.766716 0.142952
v -0.324247 -0.76850998 0.14444999
v -0.29695299 -0.71316701 -0.071355
v -0.30731899 -0.69796997 -0.108762
v -0.30668801 -0.66944098 0.180998
v -0.30693999 -0.63113201 -0.067562
v -0.31874999 -0.62968498 0.17865001
v -0.30668801 -0.66944098 0.180998
v -0.30583799 -0.62319499 0.15626
v -0.30693999 -0.63113201 -0.067562
v -0.31333199 -0.61494702 -0.057932
v -0.31615001 -0.63612199 -0.05251
v -0.31324899 -0.62964302 0.092139
v -0.314794 -0.63056898 -0.09758
v -0.31338999 -0.59240597 0.167887
v -0.317913 -0.52254701 0.178047
v -0.31329 -0.52321601 0.168659
v -0.313501 -0.52307302 -0.098129
v -0.31841201 -0.51376402 -0.10734
v -0.319511 -0.615982 -0.106439
v -0.310985 -0.51412201 -0.097099
v -0.31007701 -0.51403999 0.171756
v -0.31784901 -0.51212603 0.18213101
v -0.31007701 -0.51403999 0.171756
v -0.324523 -0.47965401 -0.130147
v -0.319947 -0.47698399 -0.117544
v -0.30992401 -0.49009499 -0.095329
v -0.30608699 -0.47621301 0.080511
v -0.30394399 -0.39812201 -0.032896
v -0.29516801 -0.36656001 -0.048776
v -0.30011299 -0.394169 -0.042551
v -0.28683701 -0.36622 -0.08998
v -0.317725 -0.36802199 -0.022749
v -0.289754 -0.344257 -0.060499
v -0.289754 -0.344257 -0.060499
v -0.29585999 -0.851511 -0.136178
v -0.191489 -0.851776 -0.039437
v -0.29768899 -0.84539199 0.159549
v -0.28787199 -0.851556 0.154066
v -0.28926301 -0.85154402 0.230262
v -0.305718 -0.84625399 0.227677
v -0.32814401 -0.85151398 0.22261
v -0.29232699 -0.80822998 0.217961
v -0.29530501 -0.79820597 -0.068045
v -0.31942299 -0.84356499 0.162967
v -0.32488701 -0.79970098 0.15599599
v -0.29768899 -0.84539199 0.159549
v -0.29787001 -0.79708397 0.1538
v -0.29530501 -0.79820597 -0.068045
v -0.30101699 -0.799191 -0.029703
v -0.30223501 -0.79891598 0.092315
v -0.295656 -0.773772 -0.068704
v -0.29036301 -0.78687501 -0.117271
v -0.307767 -0.75849199 0.149046
v -0.29810199 -0.70843601 0.15164199
v -0.29726401 -0.68440503 -0.092492
v -0.30731899 -0.69796997 -0.108762
v -0.310985 -0.51412201 -0.097099
v -0.29331899 -0.50821197 0.15339801
v -0.291168 -0.49743599 -0.13209701
v -0.29956499 -0.49151501 -0.036272
v -0.304683 -0.49125499 0.05163
v -0.294999 -0.49911299 0.056187
v -0.309982 -0.49172199 0.114095
v -0.29081699 -0.497343 0.20460799
v -0.31611499 -0.47121999 -0.09513
v -0.29775399 -0.48282999 -0.072533
v -0.304683 -0.49125499 0.05163
v -0.29956499 -0.49151501 -0.036272
v -0.29379499 -0.48242599 0.004765
v -0.30333701 -0.48235899 0.110573
v -0.30634099 -0.49140701 0.16893201
v -0.309982 -0.49172199 0.114095
v -0.29775399 -0.48282999 -0.072533
v -0.29379499 -0.48242599 0.004765
v -0.30504301 -0.47287801 0.168642
v -0.30608699 -0.47621301 0.080511
v -0.31835401 -0.47494301 0.197901
v -0.30394399 -0.39812201 -0.032896
v -0.28677499 -0.38654801 -0.033878
v -0.29209399 -0.37603101 -0.08467
v -0.224141 -0.86315203 0.41349599
v -0.27414101 -0.85160202 -0.069718
v -0.283292 -0.85185301 0.73592597
v -0.287622 -0.81056601 -0.12791
v -0.27780199 -0.81766701 0.164573
v -0.29530501 -0.79820597 -0.068045
v -0.29299501 -0.78805298 -0.067098
v -0.30101699 -0.799191 -0.029703
v -0.29891199 -0.79054397 0.073552
v -0.30223501 -0.79891598 0.092315
v -0.29787001 -0.79708397 0.1538
v -0.27589801 -0.80476099 0.19863001
v -0.307688 -0.76288599 0.20575
v -0.29232699 -0.80822998 0.217961
v -0.29837 -0.77974099 0.088156
v -0.29471201 -0.78150302 0.153741
v -0.295656 -0.773772 -0.068704
v -0.303624 -0.766716 0.142952
v -0.30741599 -0.76675999 0.068649
v -0.285106 -0.76551902 0.163351
v -0.295656 -0.773772 -0.068704
v -0.281306 -0.78511101 -0.105727
v -0.29036301 -0.78687501 -0.117271
v -0.28962401 -0.75040299 0.190424
v -0.29175401 -0.704445 0.168386
v -0.29695299 -0.71316701 -0.071355
v -0.293192 -0.50806302 -0.038411
v -0.294155 -0.50989503 0.204623
v -0.291168 -0.49743599 -0.13209701
v -0.29573199 -0.49999699 0.13779201
v -0.30634099 -0.49140701 0.16893201
v -0.29081699 -0.497343 0.20460799
v -0.31835401 -0.47494301 0.197901
v -0.30992401 -0.49009499 -0.095329
v -0.29775399 -0.48282999 -0.072533
v -0.31830701 -0.377168 -0.098781
v -0.28683701 -0.36622 -0.08998
v -0.29768899 -0.84539199 0.159549
v -0.27988201 -0.85136002 0.168402
v -0.28787199 -0.851556 0.154066
v -0.219594 -0.85123402 0.39168301
v -0.28926301 -0.85154402 0.230262
v -0.27988201 -0.85136002 0.168402
v -0.27560401 -0.84453702 0.20591401
v -0.277996 -0.805242 -0.083631
v -0.29299501 -0.78805298 -0.067098
v -0.278402 -0.79086399 0.17540801
v -0.286322 -0.743047 -0.086825
v -0.286322 -0.743047 -0.086825
v -0.29081699 -0.497343 0.20460799
v -0.31007701 -0.51403999 0.171756
v -0.29081699 -0.497343 0.20460799
v -0.294155 -0.50989503 0.204623
v -0.29114199 -0.50937003 -0.129041
v -0.293192 -0.50806302 -0.038411
v -0.29114199 -0.50937003 -0.129041
v -0.29331899 -0.50821197 0.15339801
v -0.28677499 -0.38654801 -0.033878
v -0.27799299 -0.37320101 -0.065269
v -0.28677499 -0.38654801 -0.033878
v -0.276416 -0.37487 -0.04041
v -0.279861 -0.851502 0.67381102
v -0.283292 -0.85185301 0.73592597
v -0.26067901 -0.85151798 0.69768399
v -0.27048901 -0.83434403 0.74976099
v -0.27121499 -0.85124803 -0.120298
v -0.29585999 -0.851511 -0.136178
v -0.27283701 -0.81336802 -0.107836
v -0.268906 -0.83487397 0.77135003
v -0.27702501 -0.84599 -0.085378
v -0.27560401 -0.84453702 0.20591401
v -0.27780199 -0.81766701 0.164573
v -0.287622 -0.81056601 -0.12791
v -0.277996 -0.805242 -0.083631
v -0.276416 -0.37487 -0.04041
v -0.27094701 -0.365318 -0.055464
v -0.073083 -0.86318803 0.66907102
v -0.153635 -0.85101098 -0.98671597
v -0.27121499 -0.85124803 -0.120298
v -0.27702501 -0.84599 -0.085378
v -0.26436701 -0.85159099 -0.096143
v -0.27988201 -0.85136002 0.168402
v -0.26531401 -0.851794 0.1963
v -0.28926301 -0.85154402 0.230262
v -0.24850599 -0.85150099 0.78985
v -0.27702501 -0.84599 -0.085378
v -0.27094701 -0.365318 -0.055464
v -0.27094701 -0.365318 -0.055464
v -0.208324 -0.85191202 -0.054249
v -0.237672 -0.85146302 0.32173601
v -0.26531401 -0.851794 0.1963
v -0.25641599 -0.84482598 0.74082702
v -0.25641599 -0.84482598 0.74082702
v -0.130302 -0.851219 -0.99427998
v 0.000701 -0.85279 0.98768002
v -0.018033 -0.85134703 -0.23490199
v -0.154824 -0.85171002 -0.105606
v -0.199751 -0.85159999 -0.098499
v -0.232118 -0.85135198 0.69761002
v -0.26067901 -0.85151798 0.69768399
v -0.24639501 -0.84591001 0.70369798
v -0.238813 -0.85176098 0.73675001
v -0.25641599 -0.84482598 0.74082702
v -0.27048901 -0.83434403 0.74976099
v -0.24850599 -0.85150099 0.78985
v -0.268906 -0.83487397 0.77135003
v -0.217436 -0.85129899 0.268345
v -0.232118 -0.85135198 0.69761002
v -0.027917 -0.86068499 -0.995866
v -0.242465 -0.86262101 -0.99427903
v -0.167702 -0.85193002 0.097742
v -0.224043 -0.84685701 0.340294
v -0.189092 -0.85133702 0.42513001
v -0.18381 -0.851349 0.790223
v -0.060185 -0.85113901 0.98604399
v -0.26531401 -0.851794 0.1963
v -0.20333201 -0.85188699 0.167408
v -0.27988201 -0.85136002 0.168402
v -0.20333201 -0.85188699 0.167408
v -0.21533599 -0.53770298 -0.095489
v -0.215426 -0.53760803 0.173703
v -0.218619 -0.53015798 -0.097665
v -0.218741 -0.52974099 0.166017
v -0.211677 -0.536834 0.186134
v -0.214904 -0.51306301 0.184696
v -0.218071 -0.51285398 0.16558599
v -0.21857101 -0.51570499 -0.096999
v -0.21492501 -0.50782597 -0.095233
v -0.206898 -0.51442802 -0.114936
v -0.19215 -0.84945399 0.150668
v -0.20333201 -0.85188699 0.167408
v -0.060185 -0.85113901 0.98604399
v -0.216465 -0.812047 -0.054108
v -0.202098 -0.78659701 -0.095315
v -0.212854 -0.82058698 -0.084492
v -0.20895401 -0.78321499 -0.058851
v -0.20670199 -0.53157502 -0.115005
v -0.207459 -0.54086298 -0.107256
v -0.21533599 -0.53770298 -0.095489
v -0.207459 -0.54086298 -0.107256
v -0.215426 -0.53760803 0.173703
v -0.207583 -0.54097402 0.17521
v -0.211677 -0.536834 0.186134
v -0.207545 -0.50490701 -0.105655
v -0.209738 -0.50506997 0.1767
v -0.20812599 -0.50476402 0.081886
v -0.066658 -0.863249 0.424858
v -0.19631401 -0.84664899 -0.083368
v -0.19224399 -0.844293 -0.046784
v -0.19224399 -0.844293 -0.046784
v -0.19631401 -0.84664899 -0.083368
v -0.20496 -0.81794399 -0.097342
v -0.194594 -0.84551901 0.17619701
v -0.21086399 -0.80722201 0.162967
v -0.202282 -0.82719398 0.144003
v -0.199919 -0.81014299 0.181482
v -0.192609 -0.77750099 0.14341199
v -0.20327 -0.80762899 0.10503
v -0.19966 -0.784603 0.174659
v -0.19713201 -0.52987498 0.191159
v -0.19976699 -0.51522702 0.190743
v -0.211677 -0.536834 0.186134
v -0.214904 -0.51306301 0.184696
v -0.19976699 -0.51522702 0.190743
v -0.209738 -0.50506997 0.1767
v -0.214904 -0.51306301 0.184696
v -0.143327 -0.86339003 0.096657
v -0.17678601 -0.846645 -0.097988
v -0.17482799 -0.85201299 0.120017
v -0.173849 -0.84731901 0.139164
v -0.194594 -0.84551901 0.17619701
v -0.20333201 -0.85188699 0.167408
v -0.17583001 -0.849944 0.185377
v -0.194594 -0.84551901 0.17619701
v -0.17678601 -0.846645 -0.097988
v -0.19215 -0.84945399 0.150668
v -0.173849 -0.84731901 0.139164
v -0.216465 -0.812047 -0.054108
v -0.19224399 -0.844293 -0.046784
v -0.188546 -0.80547702 -0.036554
v -0.183988 -0.83521801 0.103811
v -0.20895401 -0.78321499 -0.058851
v -0.182111 -0.76710403 0.125404
v -0.17798001 -0.764189 -0.088747
v -0.202098 -0.78659701 -0.095315
v -0.20895401 -0.78321499 -0.058851
v -0.179435 -0.76772302 -0.050951
v -0.168934 -0.54082102 -0.082281
v 0.072607 -0.86305398 0.98583502
v -0.20333201 -0.85188699 0.167408
v -0.217436 -0.85129899 0.268345
v -0.17583001 -0.849944 0.185377
v -0.075634 -0.85148603 0.34664199
v -0.199919 -0.81014299 0.181482
v -0.16729701 -0.81509501 0.098262
v -0.20327 -0.80762899 0.10503
v -0.180756 -0.79564601 0.098593
v -0.176466 -0.77648598 0.183227
v -0.19966 -0.784603 0.174659
v -0.192609 -0.77750099 0.14341199
v -0.19966 -0.784603 0.174659
v -0.17451499 -0.762312 0.16487999
v -0.176466 -0.77648598 0.183227
v -0.103082 -0.53919399 0.18551201
v -0.103082 -0.53919399 0.18551201
v -0.20812599 -0.50476402 0.081886
v -0.14530399 -0.50484997 0.10199
v 0.109238 -0.86305302 -0.334683
v -0.13581599 -0.85187298 -0.044025
v -0.092939 -0.85139298 0.61546302
v -0.14179701 -0.84616798 -0.049635
v -0.124146 -0.82913798 0.18603
v -0.183988 -0.83521801 0.103811
v -0.177821 -0.805767 -0.02743
v -0.188546 -0.80547702 -0.036554
v -0.15713 -0.813995 -0.03682
v -0.177821 -0.805767 -0.02743
v -0.174698 -0.80565602 0.08804
v -0.175649 -0.79075497 0.087888
v -0.17023601 -0.78142899 -0.027361
v -0.177821 -0.805767 -0.02743
v -0.179435 -0.76772302 -0.050951
v -0.20895401 -0.78321499 -0.058851
v -0.17023601 -0.78142899 -0.027361
v -0.164719 -0.76619101 0.106423
v -0.157133 -0.77851498 0.0965
v -0.164719 -0.76619101 0.106423
v -0.168892 -0.540892 0.16332699
v -0.045373 -0.86332101 0.227327
v -0.17482799 -0.85201299 0.120017
v -0.15886299 -0.84557801 0.105474
v -0.162201 -0.81504899 0.083839
v -0.174698 -0.80565602 0.08804
v -0.16729701 -0.81509501 0.098262
v -0.180756 -0.79564601 0.098593
v -0.180756 -0.79564601 0.098593
v -0.132955 -0.78849798 -0.099611
v -0.20496 -0.81794399 -0.097342
v -0.177821 -0.805767 -0.02743
v -0.175649 -0.79075497 0.087888
v -0.16916899 -0.781546 0.06799
v -0.180756 -0.79564601 0.098593
v -0.157133 -0.77851498 0.0965
v -0.155195 -0.76632297 0.14632
v -0.182111 -0.76710403 0.125404
v -0.15425199 -0.54303098 -0.091702
v -0.161746 -0.54435199 0.163982
v -0.092636 -0.50478899 0.1769
v -0.045203 -0.50632101 0.18525501
v 0.027724 -0.860654 0.988123
v 0.027724 -0.860654 0.988123
v -0.15886299 -0.84557801 0.105474
v -0.167702 -0.85193002 0.097742
v -0.128249 -0.851601 0.192292
v -0.17678601 -0.846645 -0.097988
v -0.15713 -0.813995 -0.03682
v -0.14344899 -0.81332898 0.09809
v -0.155857 -0.772089 -0.032706
v -0.161284 -0.77867502 -0.017236
v -0.153191 -0.76008999 -0.06634
v -0.164719 -0.76619101 0.106423
v -0.16169199 -0.57734102 -0.036085
v -0.160826 -0.57805002 -0.0698
v -0.154874 -0.593876 -0.068025
v -0.161934 -0.58357197 0.044818
v -0.153916 -0.59004301 0.106265
v -0.160494 -0.57426703 0.162384
v -0.153916 -0.59004301 0.106265
v -0.154126 -0.59231198 0.14415599
v -0.160494 -0.57426703 0.162384
v -0.161263 -0.57196301 -0.0809
v -0.162678 -0.54649502 0.025698
v -0.16242801 -0.54565001 -0.08279
v -0.161746 -0.54435199 0.163982
v -0.16242801 -0.54565001 -0.08279
v -0.162678 -0.54649502 0.025698
v -0.111856 -0.50489402 -0.106448
v -0.206898 -0.51442802 -0.114936
v -0.207545 -0.50490701 -0.105655
v 0.026556 -0.85278898 -0.99553102
v -0.130302 -0.851219 -0.99427998
v -0.144628 -0.84933901 -0.091199
v -0.14179701 -0.84616798 -0.049635
v -0.14344899 -0.81332898 0.09809
v -0.149013 -0.78081799 -0.017546
v -0.144526 -0.76511002 0.112834
v -0.14634 -0.76413602 -0.08325
v -0.15221401 -0.758488 -0.044475
v -0.15221401 -0.758488 -0.044475
v -0.15352 -0.75920397 0.124935
v -0.144526 -0.76511002 0.112834
v -0.150683 -0.75951099 0.144986
v -0.12862501 -0.77208298 0.177806
v -0.132046 -0.781039 0.186768
v -0.15624601 -0.65807402 -0.065458
v -0.153191 -0.76008999 -0.06634
v -0.15221401 -0.758488 -0.044475
v -0.145601 -0.69283903 -0.038454
v -0.15465701 -0.59441698 -0.042226
v -0.15352 -0.75920397 0.124935
v -0.15455 -0.593108 0.117736
v -0.150683 -0.75951099 0.144986
v -0.148598 -0.59055698 -0.075189
v -0.15394799 -0.58958 -0.034117
v -0.15394799 -0.58958 -0.034117
v -0.153916 -0.59004301 0.106265
v -0.161934 -0.58357197 0.044818
v -0.148598 -0.59055698 -0.075189
v -0.161263 -0.57196301 -0.0809
v -0.153707 -0.575257 -0.086436
v -0.16242801 -0.54565001 -0.08279
v -0.15425199 -0.54303098 -0.091702
v -0.13635901 -0.50476801 0.065669
v -0.13596 -0.85151201 0.105272
v -0.135244 -0.84768403 0.176965
v -0.144628 -0.84933901 -0.091199
v -0.17678601 -0.846645 -0.097988
v -0.126799 -0.81662798 -0.09762
v -0.119884 -0.82742 0.102548
v -0.15886299 -0.84557801 0.105474
v -0.132955 -0.78849798 -0.099611
v -0.11395 -0.81196201 -0.042202
v -0.14072099 -0.80502599 -0.035363
v -0.14444999 -0.80680102 0.043303
v -0.140885 -0.78949201 0.096251
v -0.123045 -0.775262 0.157635
v -0.14469001 -0.74035901 -0.075132
v -0.14634 -0.76413602 -0.08325
v -0.153191 -0.76008999 -0.06634
v -0.155857 -0.772089 -0.032706
v -0.140095 -0.77046299 -0.037
v -0.15221401 -0.758488 -0.044475
v -0.155195 -0.76632297 0.14632
v -0.137466 -0.76026899 0.152147
v -0.150683 -0.75951099 0.144986
v -0.14706001 -0.72626102 0.112319
v -0.144526 -0.76511002 0.112834
v -0.146237 -0.59175402 0.14986899
v -0.145601 -0.69283903 -0.038454
v -0.15624601 -0.65807402 -0.065458
v -0.145151 -0.59731603 0.111709
v -0.14706001 -0.72626102 0.112319
v -0.15455 -0.593108 0.117736
v -0.154874 -0.593876 -0.068025
v -0.14281 -0.62042201 -0.076505
v -0.154126 -0.59231198 0.14415599
v -0.145151 -0.59731603 0.111709
v -0.160494 -0.57426703 0.162384
v -0.100651 -0.54091603 -0.09637
v -0.20812599 -0.50476402 0.081886
v -0.14530399 -0.50484997 0.10199
v -0.13635901 -0.50476801 0.065669
v -0.140406 -0.84402299 0.115292
v -0.140406 -0.84402299 0.115292
v -0.141222 -0.84470803 0.15584099
v -0.13579901 -0.85188597 0.15114599
v -0.13596 -0.85151201 0.105272
v -0.140406 -0.84402299 0.115292
v -0.118575 -0.82556099 0.151113
v -0.135244 -0.84768403 0.176965
v -0.14072099 -0.80502599 -0.035363
v -0.14444999 -0.80680102 0.043303
v -0.14072099 -0.80502599 -0.035363
v -0.14135601 -0.794195 -0.025208
v -0.14344899 -0.81332898 0.09809
v -0.140885 -0.78949201 0.096251
v -0.132046 -0.781039 0.186768
v -0.140095 -0.77046299 -0.037
v -0.155857 -0.772089 -0.032706
v -0.14135601 -0.794195 -0.025208
v -0.140095 -0.77046299 -0.037
v -0.149013 -0.78081799 -0.017546
v -0.155857 -0.772089 -0.032706
v -0.140885 -0.78949201 0.096251
v -0.114652 -0.78136098 0.112076
v -0.117699 -0.77461898 -0.075816
v -0.123045 -0.775262 0.157635
v -0.118109 -0.72857499 -0.077071
v -0.126864 -0.72035998 -0.037568
v -0.13027801 -0.71525598 0.111485
v -0.118266 -0.728769 0.15328901
v -0.12749401 -0.68872201 -0.077185
v -0.120878 -0.68687999 0.151723
v -0.117536 -0.599419 0.11149
v -0.122848 -0.60139698 -0.039255
v -0.15465701 -0.59441698 -0.042226
v -0.15394799 -0.58958 -0.034117
v -0.121745 -0.58974898 -0.027343
v -0.11928 -0.59026903 0.107668
v -0.153916 -0.59004301 0.106265
v -0.108915 -0.57193202 -0.086262
v -0.121056 -0.59079099 -0.075824
v -0.114946 -0.546381 -0.090759
v -0.113824 -0.57591701 0.164314
v -0.161746 -0.54435199 0.163982
v -0.115418 -0.54485601 0.167556
v -0.114946 -0.546381 -0.090759
v -0.115418 -0.54485601 0.167556
v -0.099437 -0.540627 0.175724
v -0.14530399 -0.50484997 0.10199
v -0.140311 -0.49945799 0.089702
v -0.13635901 -0.50476801 0.065669
v -0.118599 -0.50375599 0.118535
v -0.140311 -0.49945799 0.089702
v -0.140322 -0.43318 0.103868
v -0.12795299 -0.48270401 0.116751
v -0.137825 -0.848288 -0.066248
v -0.135244 -0.84768403 0.176965
v -0.108724 -0.85147601 0.66085899
v -0.119412 -0.83484101 0.118977
v -0.116418 -0.83209503 0.16309001
v -0.14634 -0.76413602 -0.08325
v -0.128547 -0.78409499 -0.089755
v -0.128547 -0.78409499 -0.089755
v -0.11184 -0.732288 -0.039321
v -0.114408 -0.73458701 0.111839
v -0.123046 -0.681813 -0.038638
v -0.121073 -0.67496598 0.111788
v -0.122465 -0.59181702 0.150344
v 0.013534 -0.53129399 -0.114663
v -0.207459 -0.54086298 -0.107256
v -0.20670199 -0.53157502 -0.115005
v -0.206898 -0.51442802 -0.114936
v -0.00341 -0.51506901 -0.114861
v -0.12658501 -0.497758 0.065299
v -0.13098501 -0.43423399 0.071998
v -0.140322 -0.43318 0.103868
v -0.123616 -0.44486901 0.09009
v -0.13098501 -0.43423399 0.071998
v -0.07897 -0.85157901 -0.090112
v -0.108724 -0.85147601 0.66085899
v -0.119884 -0.82742 0.102548
v -0.14179701 -0.84616798 -0.049635
v -0.137825 -0.848288 -0.066248
v -0.11395 -0.81196201 -0.042202
v -0.119197 -0.81312698 -0.081181
v -0.106768 -0.80937302 -0.063085
v -0.113624 -0.72898698 -0.031625
v -0.12165 -0.71911299 0.105431
v -0.12235 -0.71874303 -0.028013
v -0.114408 -0.73458701 0.111839
v -0.13027801 -0.71525598 0.111485
v -0.122169 -0.69640797 0.105646
v -0.121285 -0.68916798 -0.02727
v -0.126864 -0.72035998 -0.037568
v -0.123046 -0.681813 -0.038638
v -0.120151 -0.68762398 0.106627
v -0.121073 -0.67496598 0.111788
v -0.120151 -0.68762398 0.106627
v -0.121073 -0.67496598 0.111788
v -0.113837 -0.68239498 0.113138
v -0.120616 -0.67919302 -0.076352
v -0.113887 -0.58864099 -0.040791
v -0.113887 -0.58864099 -0.040791
v -0.11928 -0.59026903 0.107668
v -0.118599 -0.50375599 0.118535
v -0.101597 -0.47810799 0.059415
v -0.12658501 -0.497758 0.065299
v -0.13098501 -0.43423399 0.071998
v -0.113459 -0.43407801 0.114222
v -0.13579901 -0.85188597 0.15114599
v -0.124146 -0.82913798 0.18603
v -0.109579 -0.80951101 0.176172
v -0.105054 -0.809219 0.117184
v -0.12862501 -0.77208298 0.177806
v -0.132046 -0.781039 0.186768
v -0.109579 -0.80951101 0.176172
v -0.117699 -0.77461898 -0.075816
v -0.11184 -0.732288 -0.039321
v -0.113707 -0.72824699 0.105304
v -0.099752 -0.69644499 0.154559
v -0.11249 -0.68569702 -0.076398
v -0.11249 -0.68569702 -0.076398
v -0.120616 -0.67919302 -0.076352
v -0.114732 -0.68129498 -0.06622
v -0.121285 -0.68916798 -0.02727
v -0.112801 -0.68197203 -0.032287
v -0.123046 -0.681813 -0.038638
v -0.112801 -0.68197203 -0.032287
v -0.121285 -0.68916798 -0.02727
v -0.113837 -0.68239498 0.113138
v -0.121073 -0.67496598 0.111788
v -0.114827 -0.679739 0.122093
v -0.123046 -0.681813 -0.038638
v -0.114732 -0.68129498 -0.06622
v -0.116146 -0.66806602 -0.04663
v -0.114696 -0.59224802 0.143969
v -0.114807 -0.68197298 0.144695
v -0.114696 -0.59224802 0.143969
v -0.120878 -0.68687999 0.151723
v -0.114827 -0.679739 0.122093
v -0.120616 -0.67919302 -0.076352
v -0.114506 -0.59338099 -0.066614
v -0.121073 -0.67496598 0.111788
v -0.117536 -0.599419 0.11149
v -0.121056 -0.59079099 -0.075824
v -0.122848 -0.60139698 -0.039255
v -0.113887 -0.58864099 -0.040791
v -0.116146 -0.66806602 -0.04663
v -0.113887 -0.58864099 -0.040791
v -0.122848 -0.60139698 -0.039255
v -0.108915 -0.57193202 -0.086262
v -0.111133 -0.58758998 0.108072
v -0.111133 -0.58758998 0.108072
v -0.111133 -0.58758998 0.108072
v 0.007808 -0.51536602 0.190911
v -0.045203 -0.50632101 0.18525501
v -0.090414 -0.50338602 0.062075
v -0.072343 -0.50411701 -0.003515
v -0.090414 -0.50338602 0.062075
v -0.13635901 -0.50476801 0.065669
v -0.12795299 -0.48270401 0.116751
v -0.100986 -0.475995 0.122069
v -0.140322 -0.43318 0.103868
v -0.123616 -0.44486901 0.09009
v -0.113459 -0.43407801 0.114222
v -0.11667 -0.470292 0.096744
v -0.123616 -0.44486901 0.09009
v -0.11667 -0.470292 0.096744
v -0.104752 -0.44321501 0.109249
v -0.113459 -0.43407801 0.114222
v -0.104752 -0.44321501 0.109249
v -0.102864 -0.43608201 0.095706
v -0.167702 -0.85193002 0.097742
v -0.13596 -0.85151201 0.105272
v -0.073103 -0.85172302 0.101696
v -0.105054 -0.809219 0.117184
v -0.105051 -0.80783802 0.145961
v -0.123045 -0.775262 0.157635
v -0.11184 -0.732288 -0.039321
v -0.109447 -0.73315102 -0.066336
v -0.105988 -0.735107 0.12269
v -0.105051 -0.80783802 0.145961
v -0.106365 -0.735116 0.145392
v -0.118109 -0.72857499 -0.077071
v -0.118109 -0.72857499 -0.077071
v -0.104426 -0.72350198 -0.077934
v -0.109447 -0.73315102 -0.066336
v -0.098824 -0.72845298 0.14656
v -0.104426 -0.72350198 -0.077934
v -0.095485 -0.72017199 0.15429699
v -0.106678 -0.57670802 -0.005546
v -0.107666 -0.57667297 0.155572
v -0.113824 -0.57591701 0.164314
v -0.114946 -0.546381 -0.090759
v -0.10742 -0.54529101 -0.081251
v -0.106841 -0.54597002 0.076923
v -0.107562 -0.54501802 0.15955099
v -0.115418 -0.54485601 0.167556
v -0.10742 -0.54529101 -0.081251
v -0.107562 -0.54501802 0.15955099
v -0.118599 -0.50375599 0.118535
v -0.11667 -0.470292 0.096744
v -0.113459 -0.43407801 0.114222
v -0.104752 -0.44321501 0.109249
v -0.104752 -0.44321501 0.109249
v -0.080366 -0.43400201 0.075475
v 0.196071 -0.85129201 -0.84463501
v -0.13581599 -0.85187298 -0.044025
v -0.05769 -0.851717 0.38119
v -0.092939 -0.85139298 0.61546302
v -0.108724 -0.85147601 0.66085899
v -0.098258 -0.82775801 0.65274101
v 0.075665 -0.85132998 0.79168898
v -0.105988 -0.735107 0.12269
v -0.106365 -0.735116 0.145392
v -0.098258 -0.72865701 -0.066718
v -0.11184 -0.732288 -0.039321
v -0.113624 -0.72898698 -0.031625
v -0.097521 -0.72908098 0.129326
v -0.114408 -0.73458701 0.111839
v -0.113707 -0.72824699 0.105304
v -0.097521 -0.72908098 0.129326
v -0.098824 -0.72845298 0.14656
v -0.105988 -0.735107 0.12269
v -0.098824 -0.72845298 0.14656
v -0.037575 -0.69592202 -0.079718
v -0.114807 -0.68197298 0.144695
v -0.067034 -0.68220401 0.122491
v -0.09876 -0.54100502 0.0708
v -0.106841 -0.54597002 0.076923
v -0.111856 -0.50489402 -0.106448
v -0.103862 -0.48252201 0.090443
v -0.098705 -0.48292699 0.09313
v -0.098322 -0.48075199 0.087723
v -0.103862 -0.48252201 0.090443
v -0.098322 -0.48075199 0.087723
v -0.096292 -0.467026 0.0905
v -0.098705 -0.48292699 0.09313
v -0.103862 -0.48252201 0.090443
v -0.096292 -0.467026 0.0905
v -0.080366 -0.43400201 0.075475
v -0.079012 -0.85173702 0.130068
v -0.13596 -0.85151201 0.105272
v -0.075103 -0.85197902 0.20861299
v -0.098258 -0.82775801 0.65274101
v -0.108724 -0.85147601 0.66085899
v -0.067563 -0.83588302 0.67637098
v -0.080929 -0.68201101 -0.043794
v -0.069283 -0.54080802 0.17557
v 0.020734 -0.54073501 -0.107092
v -0.061223 -0.50402701 -0.035909
v -0.076293 -0.50436902 0.113857
v -0.076293 -0.50436902 0.113857
v -0.098705 -0.48292699 0.09313
v -0.096292 -0.467026 0.0905
v -0.098322 -0.48075199 0.087723
v -0.072345 -0.48068801 0.072635
v -0.082148 -0.43331799 0.1088
v -0.09231 -0.45150399 0.089077
v -0.080366 -0.43400201 0.075475
v -0.102864 -0.43608201 0.095706
v -0.09231 -0.45150399 0.089077
v -0.102864 -0.43608201 0.095706
v -0.082148 -0.43331799 0.1088
v -0.082148 -0.43331799 0.1088
v 0.14066599 -0.85130101 -0.34732801
v -0.13596 -0.85151201 0.105272
v -0.079012 -0.85173702 0.130068
v -0.073103 -0.85172302 0.101696
v -0.07321 -0.85142601 0.16998801
v -0.070331 -0.85171998 0.25780699
v -0.075103 -0.85197902 0.20861299
v -0.128249 -0.851601 0.192292
v -0.066152 -0.85149598 0.304667
v -0.070331 -0.85171998 0.25780699
v -0.075634 -0.85148603 0.34664199
v -0.08115 -0.85118997 0.39749801
v -0.075918 -0.85187399 0.43321601
v -0.070352 -0.851188 0.546354
v -0.06657 -0.85107398 0.68035197
v -0.062495 -0.828022 0.62568098
v -0.123046 -0.681813 -0.038638
v -0.067053 -0.68083102 -0.060188
v -0.114732 -0.68129498 -0.06622
v -0.080929 -0.68201101 -0.043794
v -0.082536 -0.682293 0.111507
v -0.072091 -0.47196099 0.11204
v -0.080366 -0.43400201 0.075475
v -0.09231 -0.45150399 0.089077
v -0.082148 -0.43331799 0.1088
v -0.051391 -0.85184199 0.095385
v -0.068221 -0.850227 0.47415501
v -0.075918 -0.85187399 0.43321601
v -0.081221 -0.85149902 0.50915903
v -0.058231 -0.85137701 0.71486998
v -0.06657 -0.85107398 0.68035197
v -0.055242 -0.82780099 0.65252101
v -0.067053 -0.68083102 -0.060188
v -0.080929 -0.68201101 -0.043794
v -0.073394 -0.67307198 -0.044213
v -0.067053 -0.68083102 -0.060188
v -0.073499 -0.67755401 0.105654
v -0.073499 -0.67755401 0.105654
v 0.020734 -0.54073501 -0.107092
v 0.175869 -0.53011 0.19097599
v -0.072345 -0.48068801 0.072635
v -0.074721 -0.50318098 0.082085
v -0.090414 -0.50338602 0.062075
v -0.080366 -0.43400201 0.075475
v -0.082148 -0.43331799 0.1088
v -0.072091 -0.47196099 0.11204
v -0.058811 -0.83998001 0.109787
v -0.060028 -0.840509 0.131378
v -0.061095 -0.851201 0.14591999
v -0.07321 -0.85142601 0.16998801
v -0.054618 -0.83747798 0.192614
v -0.054873 -0.83860803 0.235029
v -0.059271 -0.83892602 0.333489
v -0.061263 -0.83668798 0.49634099
v -0.092939 -0.85139298 0.61546302
v -0.057613 -0.84780699 0.61386502
v -0.070352 -0.851188 0.546354
v -0.057804 -0.844886 0.21630099
v -0.05622 -0.83798599 0.415351
v -0.057613 -0.84780699 0.61386502
v -0.055242 -0.82780099 0.65252101
v 0.086224 -0.71885502 -0.079776
v -0.060066 -0.67283797 -0.057144
v -0.067053 -0.68083102 -0.060188
v -0.073394 -0.67307198 -0.044213
v -0.073499 -0.67755401 0.105654
v -0.067034 -0.68220401 0.122491
v -0.060527 -0.67100102 0.118114
v -0.067376 -0.58722502 -0.054219
v -0.07229 -0.58381498 0.107471
v -0.07229 -0.58381498 0.107471
v -0.07188 -0.58664203 -0.046137
v -0.067376 -0.58722502 -0.054219
v -0.063877 -0.57592201 -0.044114
v -0.071856 -0.471681 -0.017467
v -0.061223 -0.50402701 -0.035909
v -0.072343 -0.50411701 -0.003515
v -0.061653 -0.46875799 0.015562
v -0.058977 -0.50318998 0.015944
v -0.076293 -0.50436902 0.113857
v -0.050407 -0.84865499 0.168025
v -0.04742 -0.85022199 0.26683801
v -0.052553 -0.84802198 0.301714
v -0.047407 -0.85136902 0.35464001
v -0.059271 -0.83892602 0.333489
v -0.05541 -0.845936 0.52429402
v -0.061263 -0.83668798 0.49634099
v -0.081221 -0.85149902 0.50915903
v -0.06657 -0.85107398 0.68035197
v -0.052234 -0.85064697 0.67026001
v -0.067563 -0.83588302 0.67637098
v -0.04742 -0.85022199 0.26683801
v -0.058424 -0.586353 -0.05699
v -0.060103 -0.584544 -0.056279
v -0.058113 -0.585783 0.118896
v -0.063877 -0.57592201 -0.044114
v -0.058087 -0.57315898 -0.041137
v -0.07188 -0.58664203 -0.046137
v -0.07229 -0.58381498 0.107471
v -0.058087 -0.57315898 -0.041137
v -0.058352 -0.57406902 0.110962
v -0.058352 -0.57406902 0.110962
v -0.058977 -0.50318998 0.015944
v -0.021466 -0.50461501 0.047543
v -0.074721 -0.50318098 0.082085
v -0.007921 -0.50473303 0.106442
v 0.032715 -0.50480402 0.176465
v -0.055342 -0.46723399 -0.035152
v -0.050307 -0.43783301 -0.010389
v -0.044827 -0.85183102 0.43466499
v -0.068221 -0.850227 0.47415501
v -0.057613 -0.84780699 0.61386502
v -0.062495 -0.828022 0.62568098
v -0.055242 -0.82780099 0.65252101
v 0.089878 -0.72727799 -0.074623
v -0.038561 -0.656726 0.120118
v -0.045714 -0.624367 0.119659
v -0.029197 -0.57628298 -0.052276
v -0.058087 -0.57315898 -0.041137
v 0.070759 -0.54091299 0.028085
v -0.035496 -0.85152602 0.11201
v -0.041794 -0.85176802 0.13919599
v -0.036687 -0.851942 0.220036
v -0.033855 -0.85153902 0.40815601
v -0.038431 -0.85165298 0.49457401
v -0.043553 -0.85134298 0.52630103
v -0.040388 -0.85143 0.64314097
v -0.034447 -0.85177398 0.326152
v 0.08913 -0.72815299 0.14766499
v 0.006111 -0.68296403 0.145449
v -0.120878 -0.68687999 0.151723
v 0.050155 -0.67258501 -0.057135
v 0.040999 -0.572335 0.040029
v -0.061223 -0.50402701 -0.035909
v -0.055342 -0.46723399 -0.035152
v -0.024034 -0.500045 -0.041466
v -0.050307 -0.43783301 -0.010389
v -0.029097 -0.43878701 -0.02767
v 0.099278 -0.86255699 -0.99428201
v 0.099278 -0.86255699 -0.99428201
v 0.06865 -0.86303699 0.222836
v -0.036232 -0.85168803 0.181693
v -0.017614 -0.85107303 0.31714401
v -0.034447 -0.85177398 0.326152
v -0.026866 -0.85137999 0.512187
v -0.040388 -0.85143 0.64314097
v -0.052234 -0.85064697 0.67026001
v 0.089878 -0.72727799 -0.074623
v -0.036518 -0.64192802 0.133774
v -0.028979 -0.50471199 -0.052181
v 0.002168 -0.503295 0.023814
v -0.031115 -0.43735299 0.004226
v -0.050307 -0.43783301 -0.010389
v -0.031115 -0.43735299 0.004226
v -0.029097 -0.43878701 -0.02767
v 0.102149 -0.863159 0.47394001
v -0.036232 -0.85168803 0.181693
v -0.035496 -0.85152602 0.11201
v -0.041794 -0.85176802 0.13919599
v 0.03185 -0.85146898 0.26057801
v -0.018038 -0.61248201 0.120117
v 0.049652 -0.57467097 0.112019
v -0.028979 -0.50471199 -0.052181
v 0.002168 -0.503295 0.023814
v -0.061653 -0.46875799 0.015562
v -0.058977 -0.50318998 0.015944
v -0.017994 -0.47755101 -0.042368
v -0.024927 -0.464086 0.082521
v -0.032561 -0.48480499 0.065986
v -0.016528 -0.487259 0.084774
v -0.024927 -0.464086 0.082521
v -0.028304 -0.46571001 0.052032
v -0.032561 -0.48480499 0.065986
v 0.087733 -0.86341602 0.152183
v -0.017614 -0.85107303 0.31714401
v 0.0793 -0.85119498 0.986139
v 0.052625 -0.68045199 -0.060583
v 0.049288 -0.68112302 0.121936
v 0.050342 -0.66828603 0.117031
v 0.01774 -0.64707702 0.134543
v 0.049978 -0.57344902 -0.0453
v -0.029197 -0.57628298 -0.052276
v 0.049652 -0.57467097 0.112019
v -0.012421 -0.49925399 0.054145
v -0.032561 -0.48480499 0.065986
v -0.028304 -0.46571001 0.052032
v 0.002879 -0.44015399 0.002464
v 0.14267901 -0.86330402 -0.071627
v 0.10979 -0.85186303 0.138235
v 0.09854 -0.72021002 0.154746
v 0.052625 -0.68045199 -0.060583
v 0.030091 -0.66048598 0.118637
v -0.002974 -0.61453497 0.130632
v 0.009281 -0.611772 0.120559
v -0.004003 -0.49816099 0.09539
v -0.012421 -0.49925399 0.054145
v -0.012421 -0.49925399 0.054145
v 0.007653 -0.47509199 0.020611
v -0.002122 -0.499403 0.042945
v -0.004003 -0.49816099 0.09539
v 0.002879 -0.44015399 0.002464
v -0.031115 -0.43735299 0.004226
v -0.024927 -0.464086 0.082521
v -0.004003 -0.49816099 0.09539
v 0.00645 -0.456884 0.096272
v 0.000541 -0.43987399 0.079269
v 0.003812 -0.44536099 0.045634
v 0.005229 -0.43999401 -0.019631
v 0.03185 -0.85146898 0.26057801
v 0.052758 -0.85155803 0.198094
v 0.03185 -0.85146898 0.26057801
v 0.029213 -0.85149997 0.32590601
v 0.079936 -0.72890699 0.122237
v 0.009281 -0.611772 0.120559
v -0.018038 -0.61248201 0.120117
v -0.002974 -0.61453497 0.130632
v 0.172418 -0.53972501 -0.108
v 0.023498 -0.50467598 -0.040568
v -0.024034 -0.500045 -0.041466
v -0.002122 -0.499403 0.042945
v 0.022905 -0.50001401 -0.030394
v 0.000541 -0.43987399 0.079269
v 0.005229 -0.43999401 -0.019631
v -0.003854 0.94706303 -0.98653102
v -0.00393 0.94712102 -0.98592901
v -0.009965 0.94712102 -0.98641998
v -0.009965 0.94712102 -0.98641998
v -0.00393 0.94920999 -0.98641998
v -0.003854 0.94706303 -0.98653102
v -0.00393 0.94712102 -0.98592901
v -0.00393 0.94920999 -0.98641998
v -0.009965 0.94712102 -0.98641998
v 0.179934 -0.85131401 -0.99428201
v 0.179934 -0.85131401 -0.99428201
v 0.03577 -0.85097098 0.287709
v 0.0793 -0.85119498 0.986139
v 0.042247 -0.586321 0.119061
v 0.022905 -0.50001401 -0.030394
v 0.029037 -0.497495 0.100808
v 0.029037 -0.497495 0.100808
v 0.023756 -0.472767 0.04276
v 0.003812 -0.44536099 0.045634
v -0.00393 0.94712102 -0.98592901
v -0.003854 0.94706303 -0.98653102
v -0.00393 0.94920999 -0.98641998
v 0.23018201 -0.85107201 -0.98648399
v 0.04746 -0.85167497 0.345319
v 0.01646 -0.50105399 0.049818
v 0.023121 -0.46289501 -0.029019
v 0.01646 -0.50105399 0.049818
v 0.03577 -0.85097098 0.287709
v 0.049662 -0.58651102 -0.056813
v 0.090079 -0.54051799 0.163344
v 0.09039 -0.50492001 -0.106548
v 0.024584 -0.503865 0.001556
v 0.023134 -0.46637899 0.006445
v 0.005229 -0.43999401 -0.019631
v 0.023134 -0.46637899 0.006445
v 0.023121 -0.46289501 -0.029019
v 0.031147 -0.44978601 0.065528
v 0.002879 -0.44015399 0.002464
v 0.045654 -0.85198498 0.23149499
v 0.052758 -0.85155803 0.198094
v 0.093355 -0.690126 -0.079207
v 0.006111 -0.68296403 0.145449
v 0.047878 -0.50330502 0.103031
v 0.024584 -0.503865 0.001556
v 0.022905 -0.50001401 -0.030394
v 0.031721 -0.46160901 0.09254
v 0.031147 -0.44978601 0.065528
v 0.003812 -0.44536099 0.045634
v 0.032832 -0.44891 0.082062
v 0.000541 -0.43987399 0.079269
v 0.032832 -0.44891 0.082062
v 0.04581 -0.850021 0.30253899
v 0.086284 -0.72887099 -0.045658
v 0.08254 -0.728692 -0.066929
v 0.09039 -0.50492001 -0.106548
v 0.023498 -0.50467598 -0.040568
v 0.25127801 -0.86290699 -0.98720199
v 0.21750399 -0.86303103 -0.66259599
v 0.05454 -0.83911097 0.246995
v 0.061154 -0.84346598 0.26935399
v 0.066142 -0.85036701 0.31599501
v 0.29746699 -0.85125798 0.89717799
v 0.049288 -0.68112302 0.121936
v 0.098277 -0.68780601 0.153935
v 0.049978 -0.57344902 -0.0453
v 0.054124 -0.47630501 0.107496
v 0.032832 -0.44891 0.082062
v 0.059908 -0.41781801 0.078047
v 0.031147 -0.44978601 0.065528
v -0.051391 -0.85184199 0.095385
v 0.112243 -0.85172802 -0.045591
v -0.018033 -0.85134703 -0.23490199
v 0.061154 -0.84346598 0.26935399
v 0.051395 -0.835302 0.29265901
v 0.058351 -0.58753401 0.113537
v 0.060273 -0.58667302 -0.049985
v 0.053242 -0.57620299 0.022158
v 0.173254 -0.53933799 0.185691
v 0.058602 -0.50445402 0.143213
v 0.032715 -0.50480402 0.176465
v 0.074322 -0.50298202 0.16269
v 0.058602 -0.50445402 0.143213
v 0.06368 -0.475346 0.040872
v 0.047878 -0.50330502 0.103031
v 0.063721 -0.45284399 0.06022
v 0.076472 -0.41007599 0.060262
v 0.076472 -0.41007599 0.060262
v 0.065276 -0.84253699 0.205677
v 0.08913 -0.72815299 0.14766499
v 0.099541 -0.68196702 0.145998
v 0.098277 -0.68780601 0.153935
v 0.061268 -0.67498797 -0.050162
v 0.058926 -0.67178398 0.110922
v 0.064835 -0.68160701 0.113445
v 0.053242 -0.57620299 0.022158
v 0.060273 -0.58667302 -0.049985
v 0.049978 -0.57344902 -0.0453
v 0.059037 -0.58696097 0.069194
v 0.049652 -0.57467097 0.112019
v 0.058351 -0.58753401 0.113537
v 0.024584 -0.503865 0.001556
v 0.079263 -0.50278902 0.049814
v 0.098462 -0.50507802 0.17662901
v 0.079263 -0.50278902 0.049814
v 0.068447 -0.45739299 0.089192
v 0.073156 -0.43028101 0.089645
v 0.059908 -0.41781801 0.078047
v 0.105795 -0.85205698 0.187815
v 0.083562 -0.84207898 0.228293
v 0.083462 -0.83327401 0.27088201
v 0.090419 -0.68146598 -0.063872
v 0.061268 -0.67498797 -0.050162
v 0.065675 -0.68144 -0.037952
v 0.058926 -0.67178398 0.110922
v 0.065675 -0.68144 -0.037952
v 0.061268 -0.67498797 -0.050162
v 0.064835 -0.68160701 0.113445
v 0.104095 -0.540645 0.17660999
v 0.097482 -0.50447702 0.009935
v 0.07889 -0.50195003 0.09621
v 0.068054 -0.49919501 0.14211001
v 0.072429 -0.48998499 0.160853
v 0.072429 -0.48998499 0.160853
v 0.058602 -0.50445402 0.143213
v 0.074322 -0.50298202 0.16269
v 0.032715 -0.50480402 0.176465
v 0.098462 -0.50507802 0.17662901
v 0.074322 -0.50298202 0.16269
v 0.07889 -0.50195003 0.09621
v 0.072429 -0.48998499 0.160853
v 0.064101 -0.48588601 0.141286
v 0.068054 -0.49919501 0.14211001
v 0.147764 -0.86338198 0.105223
v 0.106086 -0.68335301 -0.07501
v 0.106086 -0.68335301 -0.07501
v 0.064835 -0.68160701 0.113445
v 0.112905 -0.68116701 0.106124
v 0.172418 -0.53972501 -0.108
v 0.090442 -0.54079503 -0.094139
v 0.090289 -0.54072601 0.056211
v 0.173254 -0.53933799 0.185691
v 0.081361 -0.504857 0.124332
v 0.084358 -0.48864701 0.095514
v 0.068447 -0.45739299 0.089192
v 0.054124 -0.47630501 0.107496
v 0.084358 -0.48864701 0.095514
v 0.090162 -0.48511001 0.061049
v 0.085135 -0.439964 0.079728
v 0.068447 -0.45739299 0.089192
v 0.063721 -0.45284399 0.06022
v 0.102392 -0.405853 0.056664
v 0.076987 -0.39355099 0.064165
v 0.059908 -0.41781801 0.078047
v 0.099277 -0.39205301 0.079886
v 0.076987 -0.39355099 0.064165
v 0.10979 -0.85186303 0.138235
v 0.052758 -0.85155803 0.198094
v 0.105795 -0.85205698 0.187815
v 0.095824 -0.83810002 0.29980099
v 0.109618 -0.72817302 0.104977
v 0.112729 -0.68071997 -0.02722
v 0.09112 -0.68123102 0.121396
v 0.090162 -0.48511001 0.061049
v 0.063721 -0.45284399 0.06022
v 0.068447 -0.45739299 0.089192
v 0.085135 -0.439964 0.079728
v 0.073156 -0.43028101 0.089645
v 0.103877 -0.85160202 -0.102612
v 0.100262 -0.85004199 0.19645301
v 0.13489901 -0.85162699 0.305821
v 0.103993 -0.85128897 0.291448
v 0.09318 -0.732427 -0.065102
v 0.11347 -0.72792202 -0.024973
v 0.096676 -0.73278302 0.116592
v 0.094785 -0.73374802 0.14539599
v 0.098618 -0.50176102 0.115721
v 0.107093 -0.50259298 0.12820899
v 0.090114 -0.50331801 0.15561999
v 0.098618 -0.50176102 0.115721
v 0.097681 -0.49205399 0.113177
v 0.064101 -0.48588601 0.141286
v 0.097681 -0.49205399 0.113177
v 0.068054 -0.49919501 0.14211001
v 0.097681 -0.49205399 0.113177
v 0.107093 -0.50259298 0.12820899
v 0.068054 -0.49919501 0.14211001
v 0.072429 -0.48998499 0.160853
v 0.074322 -0.50298202 0.16269
v 0.090114 -0.50331801 0.15561999
v 0.094907 -0.482876 0.154424
v 0.102586 -0.470534 0.13070101
v 0.102586 -0.470534 0.13070101
v 0.064101 -0.48588601 0.141286
v 0.094907 -0.482876 0.154424
v 0.072429 -0.48998499 0.160853
v 0.108855 -0.40633601 0.085393
v 0.097877 -0.36995101 0.051987
v 0.097877 -0.36995101 0.051987
v 0.098719 -0.85209298 0.234128
v 0.103993 -0.85128897 0.291448
v 0.098719 -0.85209298 0.234128
v 0.083462 -0.83327401 0.27088201
v 0.097708 -0.824054 0.14378101
v 0.116258 -0.84526002 0.17491999
v 0.100942 -0.81761199 0.175735
v 0.09827 -0.82460499 -0.050059
v 0.092641 -0.81218898 -0.089591
v 0.096907 -0.828794 -0.090964
v 0.094249 -0.800529 0.14919201
v 0.095773 -0.80411601 -0.04196
v 0.093143 -0.79160702 -0.068077
v 0.094258 -0.80709702 0.125907
v 0.096676 -0.73278302 0.116592
v 0.10245 -0.78457803 0.112567
v 0.094785 -0.73374802 0.14539599
v 0.097063 -0.73616898 -0.039831
v 0.09318 -0.732427 -0.065102
v 0.101285 -0.75988901 -0.07578
v 0.103099 -0.73035097 -0.076702
v 0.103099 -0.73035097 -0.076702
v 0.097063 -0.73616898 -0.039831
v 0.097063 -0.73616898 -0.039831
v 0.11347 -0.72792202 -0.024973
v 0.086284 -0.72887099 -0.045658
v 0.094785 -0.73374802 0.14539599
v 0.103099 -0.73035097 -0.076702
v 0.127138 -0.68669897 -0.075177
v 0.106758 -0.68533599 0.151958
v 0.098966 -0.67322302 -0.043807
v 0.098576 -0.67258501 -0.066679
v 0.090419 -0.68146598 -0.063872
v 0.112729 -0.68071997 -0.02722
v 0.099541 -0.68196702 0.145998
v 0.098276 -0.67299497 0.12439
v 0.09112 -0.68123102 0.121396
v 0.096928 -0.573291 0.163467
v 0.102262 -0.59066999 0.113501
v 0.099335 -0.590657 0.142858
v 0.099451 -0.58626699 -0.043196
v 0.097747 -0.58418697 0.106206
v 0.096859 -0.57727498 -0.06587
v 0.096896 -0.546399 0.116009
v 0.09635 -0.54596901 -0.084212
v 0.103959 -0.57790399 -0.086073
v 0.096577 -0.54678798 0.01896
v 0.096438 -0.54556203 0.165408
v 0.09635 -0.54596901 -0.084212
v 0.096577 -0.54678798 0.01896
v 0.096896 -0.546399 0.116009
v 0.096438 -0.54556203 0.165408
v 0.097482 -0.50447702 0.009935
v 0.079263 -0.50278902 0.049814
v 0.107843 -0.49367699 0.010242
v 0.090162 -0.48511001 0.061049
v 0.097681 -0.49205399 0.113177
v 0.109419 -0.48640999 0.105853
v 0.084358 -0.48864701 0.095514
v 0.118322 -0.40922099 0.070923
v 0.108855 -0.40633601 0.085393
v 0.118322 -0.40922099 0.070923
v 0.108629 -0.384689 0.06035
v 0.112243 -0.85172802 -0.045591
v 0.112323 -0.84617901 0.14781301
v 0.110251 -0.845882 -0.089145
v 0.105268 -0.83794397 -0.053698
v 0.112323 -0.84617901 0.14781301
v 0.124466 -0.84459102 0.132561
v 0.118853 -0.832497 0.104295
v 0.096907 -0.828794 -0.090964
v 0.092641 -0.81218898 -0.089591
v 0.114395 -0.78350002 -0.100305
v 0.115964 -0.845451 -0.099521
v 0.115285 -0.77701801 0.176726
v 0.105332 -0.78111702 -0.088512
v 0.114395 -0.78350002 -0.100305
v 0.11115 -0.76565099 0.151867
v 0.101285 -0.75988901 -0.07578
v 0.12599801 -0.76263201 -0.081197
v 0.105332 -0.78111702 -0.088512
v 0.094249 -0.800529 0.14919201
v 0.11115 -0.76565099 0.151867
v 0.095773 -0.80411601 -0.04196
v 0.126138 -0.78803998 -0.035003
v 0.097063 -0.73616898 -0.039831
v 0.123619 -0.733666 0.110608
v 0.123619 -0.733666 0.110608
v 0.12814 -0.71949297 0.152108
v 0.106086 -0.68335301 -0.07501
v 0.112729 -0.68071997 -0.02722
v 0.11132 -0.67136002 -0.036468
v 0.098966 -0.67322302 -0.043807
v 0.10495 -0.67247701 0.113142
v 0.112905 -0.68116701 0.106124
v 0.09112 -0.68123102 0.121396
v 0.10495 -0.67247701 0.113142
v 0.106288 -0.59061402 -0.037237
v 0.099451 -0.58626699 -0.043196
v 0.101091 -0.58782101 -0.073098
v 0.099335 -0.590657 0.142858
v 0.099541 -0.68196702 0.145998
v 0.106758 -0.68533599 0.151958
v 0.107338 -0.59365797 0.15018301
v 0.099451 -0.58626699 -0.043196
v 0.106288 -0.59061402 -0.037237
v 0.097747 -0.58418697 0.106206
v 0.110405 -0.59104002 0.11009
v 0.102262 -0.59066999 0.113501
v 0.106627 -0.58186603 0.15927
v 0.096928 -0.573291 0.163467
v 0.104737 -0.543652 -0.092502
v 0.104737 -0.543652 -0.092502
v 0.007808 -0.51536602 0.190911
v 0.120411 -0.49781799 0.124791
v 0.090114 -0.50331801 0.15561999
v 0.12546401 -0.49055699 0.134941
v 0.114741 -0.482959 0.025093
v 0.113679 -0.484611 0.067682
v 0.12546401 -0.49055699 0.134941
v 0.109419 -0.48640999 0.105853
v 0.108629 -0.384689 0.06035
v 0.28180999 -0.86315697 0.77747798
v 0.103877 -0.85160202 -0.102612
v 0.112243 -0.85172802 -0.045591
v 0.110251 -0.845882 -0.089145
v 0.123037 -0.84506297 -0.050403
v 0.120602 -0.85171402 0.099983
v 0.116258 -0.84526002 0.17491999
v 0.121685 -0.85159802 0.18374
v 0.116258 -0.84526002 0.17491999
v 0.123037 -0.84506297 -0.050403
v 0.105268 -0.83794397 -0.053698
v 0.123037 -0.84506297 -0.050403
v 0.09827 -0.82460499 -0.050059
v 0.12606201 -0.815624 0.097585
v 0.13637701 -0.76175398 0.111682
v 0.101285 -0.75988901 -0.07578
v 0.136536 -0.75894201 -0.073812
v 0.128369 -0.68239999 0.111609
v 0.101091 -0.58782101 -0.073098
v 0.110405 -0.59104002 0.11009
v 0.102262 -0.59066999 0.113501
v 0.161523 -0.51539701 -0.114478
v 0.118801 -0.50490099 -0.015582
v 0.118801 -0.50490099 -0.015582
v 0.119037 -0.503079 0.103883
v 0.124972 -0.49309501 0.093495
v 0.124972 -0.49309501 0.093495
v 0.152465 -0.48280099 0.118182
v 0.152465 -0.48280099 0.118182
v 0.134147 -0.47309601 0.122388
v 0.118322 -0.40922099 0.070923
v 0.130652 -0.38561699 0.101272
v 0.166695 -0.862284 0.144399
v 0.26905999 -0.85121101 -0.228071
v 0.115964 -0.845451 -0.099521
v 0.124466 -0.84459102 0.132561
v 0.112323 -0.84617901 0.14781301
v 0.13489901 -0.85162699 0.305821
v 0.115964 -0.845451 -0.099521
v 0.09827 -0.82460499 -0.050059
v 0.132588 -0.812612 -0.035591
v 0.125113 -0.80336702 -0.027259
v 0.124747 -0.79269201 0.098025
v 0.115285 -0.77701801 0.176726
v 0.13266701 -0.75986302 0.152054
v 0.11115 -0.76565099 0.151867
v 0.139952 -0.76671201 -0.039197
v 0.123073 -0.72039902 -0.032892
v 0.123073 -0.72039902 -0.032892
v 0.122979 -0.71965098 0.106051
v 0.112729 -0.68071997 -0.02722
v 0.122683 -0.68926799 -0.027682
v 0.11132 -0.67136002 -0.036468
v 0.122597 -0.68929702 0.105386
v 0.13148201 -0.69088101 -0.037029
v 0.13008299 -0.593768 0.15040199
v 0.13422 -0.59622699 -0.036423
v 0.14031 -0.59500402 -0.071536
v 0.103959 -0.57790399 -0.086073
v 0.13422 -0.59622699 -0.036423
v 0.137337 -0.59071201 -0.026806
v 0.138118 -0.59063202 0.11208
v 0.143117 -0.57574803 0.16330101
v 0.13952599 -0.54298401 0.168772
v 0.169974 -0.50569499 -0.106516
v 0.161523 -0.51539701 -0.114478
v 0.16602001 -0.50531697 -0.088446
v 0.13062 -0.50403702 0.057582
v 0.113679 -0.484611 0.067682
v 0.124972 -0.49309501 0.093495
v 0.121637 -0.49559501 -0.011374
v 0.137189 -0.48381099 -0.013742
v 0.12971801 -0.49382299 0.047853
v 0.109419 -0.48640999 0.105853
v 0.13314 -0.47571 0.102455
v 0.124972 -0.49309501 0.093495
v 0.13314 -0.47571 0.102455
v 0.135952 -0.37170601 0.054
v 0.143546 -0.39616999 0.055944
v 0.130842 -0.36421201 0.086513
v 0.130842 -0.36421201 0.086513
v 0.135952 -0.37170601 0.054
v 0.108629 -0.384689 0.06035
v 0.099277 -0.39205301 0.079886
v 0.16357701 -0.845716 -0.050529
v 0.112243 -0.85172802 -0.045591
v 0.16497301 -0.85164702 0.103008
v 0.30533701 -0.85145301 0.35592499
v 0.116258 -0.84526002 0.17491999
v 0.16968501 -0.78750002 0.17821901
v 0.100942 -0.81761199 0.175735
v 0.164886 -0.82731199 -0.100501
v 0.146817 -0.81428498 -0.038173
v 0.132588 -0.812612 -0.035591
v 0.09827 -0.82460499 -0.050059
v 0.130263 -0.81061798 0.085459
v 0.125113 -0.80336702 -0.027259
v 0.126138 -0.78803998 -0.035003
v 0.12599801 -0.76263201 -0.081197
v 0.101285 -0.75988901 -0.07578
v 0.136536 -0.75894201 -0.073812
v 0.13266701 -0.75986302 0.152054
v 0.123073 -0.72039902 -0.032892
v 0.13148201 -0.69088101 -0.037029
v 0.122683 -0.68926799 -0.027682
v 0.128369 -0.68239999 0.111609
v 0.123619 -0.733666 0.110608
v 0.122979 -0.71965098 0.106051
v 0.122597 -0.68929702 0.105386
v 0.13148201 -0.69088101 -0.037029
v 0.122683 -0.68926799 -0.027682
v 0.122597 -0.68929702 0.105386
v 0.104737 -0.543652 -0.092502
v 0.14533401 -0.573879 -0.085481
v 0.096438 -0.54556203 0.165408
v 0.13952599 -0.54298401 0.168772
v 0.172966 -0.52843201 -0.116018
v 0.121637 -0.49559501 -0.011374
v 0.136703 -0.50224799 -0.01235
v 0.118801 -0.50490099 -0.015582
v 0.121637 -0.49559501 -0.011374
v 0.118801 -0.50490099 -0.015582
v 0.12977099 -0.49908301 -0.001727
v 0.13806801 -0.50468898 0.008873
v 0.107843 -0.49367699 0.010242
v 0.13806801 -0.50468898 0.008873
v 0.118801 -0.50490099 -0.015582
v 0.12971801 -0.49382299 0.047853
v 0.142933 -0.50570703 0.07856
v 0.142933 -0.50570703 0.07856
v 0.119037 -0.503079 0.103883
v 0.13141499 -0.499024 0.103767
v 0.142933 -0.50570703 0.07856
v 0.119037 -0.503079 0.103883
v 0.107093 -0.50259298 0.12820899
v 0.18899199 -0.50500298 0.180747
v 0.090114 -0.50331801 0.15561999
v 0.181793 -0.51464802 0.190429
v 0.12977099 -0.49908301 -0.001727
v 0.107843 -0.49367699 0.010242
v 0.121637 -0.49559501 -0.011374
v 0.12971801 -0.49382299 0.047853
v 0.13141499 -0.499024 0.103767
v 0.16527 -0.85158098 -0.102005
v 0.103877 -0.85160202 -0.102612
v 0.15831999 -0.84388602 0.105076
v 0.118853 -0.832497 0.104295
v 0.15831999 -0.84388602 0.105076
v 0.124466 -0.84459102 0.132561
v 0.14595 -0.85202402 0.26070499
v 0.174899 -0.82234502 -0.045494
v 0.118853 -0.832497 0.104295
v 0.12606201 -0.815624 0.097585
v 0.15831999 -0.84388602 0.105076
v 0.146817 -0.81428498 -0.038173
v 0.130263 -0.81061798 0.085459
v 0.125113 -0.80336702 -0.027259
v 0.126138 -0.78803998 -0.035003
v 0.124747 -0.79269201 0.098025
v 0.13690899 -0.77992398 0.097348
v 0.13643301 -0.77978402 -0.026649
v 0.139952 -0.76671201 -0.039197
v 0.15019201 -0.77943403 0.098482
v 0.13690899 -0.77992398 0.097348
v 0.155781 -0.76409 -0.087592
v 0.156601 -0.76369703 0.166381
v 0.1371 -0.73834997 0.148715
v 0.139952 -0.76671201 -0.039197
v 0.139047 -0.75806999 -0.043219
v 0.123073 -0.72039902 -0.032892
v 0.14051799 -0.71036601 -0.068577
v 0.138118 -0.59063202 0.11208
v 0.13961101 -0.592897 0.147293
v 0.146791 -0.54624701 -0.087863
v 0.15161499 -0.54078299 -0.094696
v 0.146791 -0.54624701 -0.087863
v 0.12977099 -0.49908301 -0.001727
v 0.13806801 -0.50468898 0.008873
v 0.136703 -0.50224799 -0.01235
v 0.147126 -0.49985799 0.112861
v 0.13141499 -0.499024 0.103767
v 0.148693 -0.50559503 0.123807
v 0.148693 -0.50559503 0.123807
v 0.090114 -0.50331801 0.15561999
v 0.141601 -0.49328399 -0.014838
v 0.136703 -0.50224799 -0.01235
v 0.141601 -0.49328399 -0.014838
v 0.12977099 -0.49908301 -0.001727
v 0.137189 -0.48381099 -0.013742
v 0.12971801 -0.49382299 0.047853
v 0.147126 -0.49985799 0.112861
v 0.137189 -0.48381099 -0.013742
v 0.153281 -0.39807901 0.088885
v 0.153281 -0.39807901 0.088885
v 0.165857 -0.86307502 0.25554299
v 0.16272999 -0.84544897 -0.093324
v 0.168598 -0.85179698 -0.045646
v 0.162718 -0.85169202 0.18312199
v 0.14595 -0.85202402 0.26070499
v 0.26031801 -0.85169399 0.77863401
v 0.26102 -0.85136902 0.74658
v 0.15359899 -0.811589 0.082924
v 0.12606201 -0.815624 0.097585
v 0.150365 -0.78038299 -0.027843
v 0.15019201 -0.77943403 0.098482
v 0.172609 -0.780451 -0.092845
v 0.136536 -0.75894201 -0.073812
v 0.139047 -0.75806999 -0.043219
v 0.139952 -0.76671201 -0.039197
v 0.13637701 -0.76175398 0.111682
v 0.142002 -0.75413698 0.122877
v 0.14135499 -0.75820899 0.14286
v 0.14051799 -0.71036601 -0.068577
v 0.14135499 -0.75820899 0.14286
v 0.141059 -0.59466797 -0.043325
v 0.141059 -0.59466797 -0.043325
v 0.13637701 -0.76175398 0.111682
v 0.123619 -0.733666 0.110608
v 0.142002 -0.75413698 0.122877
v 0.14177901 -0.65506297 0.143545
v 0.14177901 -0.65506297 0.143545
v 0.143108 -0.59233099 0.12659
v 0.13961101 -0.592897 0.147293
v 0.143108 -0.59233099 0.12659
v 0.14031 -0.59500402 -0.071536
v 0.148312 -0.57588202 -0.063758
v 0.14031 -0.59500402 -0.071536
v 0.14533401 -0.573879 -0.085481
v 0.141059 -0.59466797 -0.043325
v 0.145946 -0.58643699 -0.039223
v 0.14802299 -0.58305597 0.104433
v 0.143108 -0.59233099 0.12659
v 0.13961101 -0.592897 0.147293
v 0.14693899 -0.57899398 0.148358
v 0.14693899 -0.57899398 0.148358
v 0.14750201 -0.54631698 0.161045
v 0.181793 -0.51464802 0.190429
v 0.16446 -0.49719301 0.074288
v 0.16446 -0.49719301 0.074288
v 0.16446 -0.49719301 0.074288
v 0.159566 -0.47945201 0.086903
v 0.153281 -0.39807901 0.088885
v 0.118322 -0.40922099 0.070923
v 0.143546 -0.39616999 0.055944
v 0.199543 -0.86351901 0.170987
v 0.103877 -0.85160202 -0.102612
v 0.16527 -0.85158098 -0.102005
v 0.13637701 -0.76175398 0.111682
v 0.16681901 -0.77351701 0.110029
v 0.15019201 -0.77943403 0.098482
v 0.155781 -0.76409 -0.087592
v 0.16978399 -0.77894503 -0.039484
v 0.16681901 -0.77351701 0.110029
v 0.167814 -0.76910597 0.12977999
v 0.167814 -0.76910597 0.12977999
v 0.13266701 -0.75986302 0.152054
v 0.156601 -0.76369703 0.166381
v 0.14693899 -0.57899398 0.148358
v 0.14802299 -0.58305597 0.104433
v 0.14750201 -0.54631698 0.161045
v 0.143117 -0.57574803 0.16330101
v 0.148312 -0.57588202 -0.063758
v 0.14533401 -0.573879 -0.085481
v 0.146791 -0.54624701 -0.087863
v 0.148664 -0.54595602 0.051627
v 0.148664 -0.54595602 0.051627
v 0.153469 -0.54036403 0.044489
v 0.153226 -0.54089099 0.16536701
v 0.14750201 -0.54631698 0.161045
v 0.136703 -0.50224799 -0.01235
v 0.179968 -0.50510699 -0.073841
v 0.17065901 -0.504879 0.065759
v 0.159566 -0.47945201 0.086903
v 0.135952 -0.37170601 0.054
v 0.153281 -0.39807901 0.088885
v 0.143546 -0.39616999 0.055944
v 0.130842 -0.36421201 0.086513
v 0.56451601 -0.86070698 -0.99587202
v 0.15831999 -0.84388602 0.105076
v 0.16564199 -0.84401798 0.122852
v 0.16497301 -0.85164702 0.103008
v 0.165627 -0.84612399 0.174564
v 0.167118 -0.83904302 0.27055699
v 0.165627 -0.84612399 0.174564
v 0.158067 -0.80639601 -0.036322
v 0.160954 -0.79802698 0.09656
v 0.160954 -0.79802698 0.09656
v 0.158067 -0.80639601 -0.036322
v 0.160708 -0.79286301 -0.028739
v 0.159935 -0.78985602 0.097512
v 0.159935 -0.78985602 0.097512
v 0.160708 -0.79286301 -0.028739
v 0.172637 -0.54065001 -0.086795
v 0.142933 -0.50570703 0.07856
v 0.17065901 -0.504879 0.065759
v 0.17795099 -0.50467801 0.107281
v 0.17241301 -0.495967 0.103465
v 0.147126 -0.49985799 0.112861
v 0.54645801 -0.86307698 0.97733098
v 0.48564601 -0.86273199 0.98643202
v 0.35417199 -0.85129499 -0.74581701
v 0.16272999 -0.84544897 -0.093324
v 0.16357701 -0.845716 -0.050529
v 0.168598 -0.85179698 -0.045646
v 0.16527 -0.85158098 -0.102005
v 0.221962 -0.85161698 0.126738
v 0.16564199 -0.84401798 0.122852
v 0.169883 -0.85324103 0.13612799
v 0.16497301 -0.85164702 0.103008
v 0.175513 -0.84616703 0.151328
v 0.37221801 -0.85129499 0.98626202
v 0.16978399 -0.77894503 -0.039484
v 0.159935 -0.78985602 0.097512
v 0.172609 -0.780451 -0.092845
v 0.181646 -0.77930701 0.15133099
v 0.16968501 -0.78750002 0.17821901
v 0.184641 -0.540645 -0.053281
v 0.172884 -0.50164998 -0.114934
v 0.169974 -0.50569499 -0.106516
v 0.172884 -0.50164998 -0.114934
v 0.161523 -0.51539701 -0.114478
v 0.179968 -0.50510699 -0.073841
v 0.178358 -0.49726999 0.074585
v 0.17795099 -0.50467801 0.107281
v 0.181115 -0.48764601 0.095064
v 0.181115 -0.48764601 0.095064
v 0.264112 -0.851843 0.112959
v 0.168598 -0.85179698 -0.045646
v 0.186535 -0.85222399 0.168201
v 0.188094 -0.85169202 0.26561299
v 0.167118 -0.83904302 0.27055699
v 0.188094 -0.85169202 0.26561299
v 0.14595 -0.85202402 0.26070499
v 0.18745901 -0.81388998 0.169126
v 0.165627 -0.84612399 0.174564
v 0.183998 -0.81350201 -0.083933
v 0.174899 -0.82234502 -0.045494
v 0.164886 -0.82731199 -0.100501
v 0.15831999 -0.84388602 0.105076
v 0.180053 -0.81062901 0.109672
v 0.18745901 -0.81388998 0.169126
v 0.183998 -0.81350201 -0.083933
v 0.16978399 -0.77894503 -0.039484
v 0.180053 -0.81062901 0.109672
v 0.172609 -0.780451 -0.092845
v 0.16978399 -0.77894503 -0.039484
v 0.183764 -0.804986 -0.057398
v 0.17363 -0.57690603 -0.31325001
v 0.17850401 -0.583691 -0.30100799
v 0.17366 -0.57573003 -0.146065
v 0.18058699 -0.58424902 -0.204916
v 0.173371 -0.49720901 -0.23854899
v 0.177766 -0.56651199 -0.084231
v 0.172637 -0.54065001 -0.086795
v 0.172418 -0.53972501 -0.108
v 0.172966 -0.52843201 -0.116018
v 0.19151799 -0.53940898 -0.080704
v 0.189639 -0.54012501 0.179506
v 0.16602001 -0.50531697 -0.088446
v 0.172824 -0.49713099 -0.089894
v 0.176939 -0.49869001 -0.082246
v 0.176939 -0.49869001 -0.082246
v 0.16602001 -0.50531697 -0.088446
v 0.179968 -0.50510699 -0.073841
v 0.173126 -0.461889 -0.314603
v 0.175478 -0.55143499 -0.319967
v 0.178358 -0.49726999 0.074585
v 0.173576 -0.360706 -0.25883099
v 0.17348801 -0.285476 -0.30947301
v 0.175818 -0.31694201 -0.32009199
v 0.17809901 -0.34557101 -0.08459
v 0.17320301 -0.32351601 -0.098311
v 0.178808 -0.31622699 -0.091466
v 0.178073 -0.28360099 -0.315047
v 0.17390899 -0.283972 -0.125732
v 0.17447899 -0.26978001 -0.266821
v 0.18199 -0.26671001 -0.27669299
v 0.17348801 -0.285476 -0.30947301
v 0.17447899 -0.26978001 -0.266821
v 0.176037 -0.26950201 -0.15281001
v 0.169883 -0.85324103 0.13612799
v 0.186535 -0.85222399 0.168201
v 0.175513 -0.84616703 0.151328
v 0.21895801 -0.85149401 0.165492
v 0.188094 -0.85169202 0.26561299
v 0.18878201 -0.80708301 0.14052001
v 0.17363 -0.57690603 -0.31325001
v 0.18590701 -0.57419097 -0.32015699
v 0.17850401 -0.583691 -0.30100799
v 0.17366 -0.57573003 -0.146065
v 0.18058699 -0.58424902 -0.204916
v 0.19975799 -0.57834297 -0.114304
v 0.181012 -0.57174999 -0.091526
v 0.181012 -0.57174999 -0.091526
v 0.175478 -0.55143499 -0.319967
v 0.18590701 -0.57419097 -0.32015699
v 0.17363 -0.57690603 -0.31325001
v 0.172637 -0.54065001 -0.086795
v 0.177766 -0.56651199 -0.084231
v 0.19151799 -0.53940898 -0.080704
v 0.185497 -0.51392698 -0.32214499
v 0.189639 -0.54012501 0.179506
v 0.196218 -0.53078699 0.18253399
v 0.192848 -0.498564 -0.082098
v 0.19040801 -0.50581002 0.072576
v 0.19040801 -0.50581002 0.072576
v 0.18902101 -0.50495499 0.085101
v 0.181115 -0.48764601 0.095064
v 0.18902101 -0.50495499 0.085101
v 0.178358 -0.49726999 0.074585
v 0.19040699 -0.44323501 -0.081748
v 0.18536399 -0.309681 -0.32218999
v 0.175818 -0.31694201 -0.32009199
v 0.194436 -0.38189399 -0.085548
v 0.17809901 -0.34557101 -0.08459
v 0.178073 -0.28360099 -0.315047
v 0.17390899 -0.283972 -0.125732
v 0.178808 -0.31622699 -0.091466
v 0.195022 -0.28974801 -0.115058
v 0.178073 -0.28360099 -0.315047
v 0.176037 -0.26950201 -0.15281001
v 0.17390899 -0.283972 -0.125732
v 0.195022 -0.28974801 -0.115058
v 0.16527 -0.85158098 -0.102005
v 0.239344 -0.85104603 -0.091837
v 0.26905999 -0.85121101 -0.228071
v 0.239344 -0.85104603 -0.091837
v 0.28717399 -0.85167599 0.31456199
v 0.28717399 -0.85167599 0.31456199
v 0.32799801 -0.85127801 0.66085398
v 0.201566 -0.549061 -0.083163
v 0.196127 -0.514696 0.179316
v 0.18899199 -0.50500298 0.180747
v 0.19188599 -0.50784802 -0.075387
v 0.195484 -0.51432699 -0.076067
v 0.192848 -0.498564 -0.082098
v 0.19188599 -0.50784802 -0.075387
v 0.19188599 -0.50784802 -0.075387
v 0.19040801 -0.50581002 0.072576
v 0.18902101 -0.50495499 0.085101
v 0.198487 -0.455201 -0.084069
v 0.197688 -0.47039399 -0.08813
v 0.198487 -0.455201 -0.084069
v 0.20193399 -0.422077 -0.317541
v 0.19607 -0.36224201 -0.084003
v 0.19847099 -0.344127 -0.091099
v 0.19454999 -0.32743201 -0.090889
v 0.195591 -0.27254599 -0.148064
v 0.19997101 -0.27560699 -0.29640701
v 0.19488101 -0.268278 -0.269079
v 0.31949499 -0.86340398 0.27737299
v 0.215867 -0.85162801 -0.059353
v 0.201983 -0.58099699 -0.30291399
v 0.20076001 -0.56942302 -0.317294
v 0.20076001 -0.56942302 -0.317294
v 0.33624801 -0.56323099 -0.081345
v 0.198511 -0.535855 -0.104365
v 0.19640601 -0.52905601 -0.053571
v 0.196218 -0.53078699 0.18253399
v 0.19151799 -0.53940898 -0.080704
v 0.198511 -0.535855 -0.104365
v 0.19640601 -0.52905601 -0.053571
v 0.19333 -0.492883 -0.18292101
v 0.20212001 -0.53452402 -0.184938
v 0.199889 -0.47847101 -0.196851
v 0.198984 -0.51388401 -0.102176
v 0.196127 -0.514696 0.179316
v 0.196218 -0.53078699 0.18253399
v 0.20050301 -0.50160903 -0.172832
v 0.18899199 -0.50500298 0.180747
v 0.199913 -0.49642399 -0.116451
v 0.194528 -0.489173 -0.105525
v 0.19738901 -0.471715 -0.18077099
v 0.195985 -0.44599801 -0.090033
v 0.19040699 -0.44323501 -0.081748
v 0.198487 -0.455201 -0.084069
v 0.196513 -0.43903899 -0.188774
v 0.19729801 -0.439244 -0.13301501
v 0.207562 -0.44225499 -0.174771
v 0.19729801 -0.439244 -0.13301501
v 0.197429 -0.41488799 -0.12659
v 0.19633999 -0.38114601 -0.286827
v 0.196722 -0.456083 -0.28712299
v 0.200902 -0.45200801 -0.29251599
v 0.202245 -0.380869 -0.293455
v 0.196982 -0.45496199 -0.20137
v 0.196513 -0.43903899 -0.188774
v 0.19623999 -0.38087201 -0.14769401
v 0.194436 -0.38189399 -0.085548
v 0.20240401 -0.37305799 -0.28744701
v 0.201263 -0.37407899 -0.189832
v 0.20150401 -0.37389299 -0.091114
v 0.20150401 -0.37389299 -0.091114
v 0.198909 -0.31065699 -0.24985699
v 0.19672699 -0.34231901 -0.206283
v 0.203114 -0.34710801 -0.21093
v 0.203114 -0.34710801 -0.21093
v 0.19672699 -0.34231901 -0.206283
v 0.196559 -0.34383699 -0.157175
v 0.19882999 -0.310597 -0.207164
v 0.19847099 -0.344127 -0.091099
v 0.196559 -0.34383699 -0.157175
v 0.19454999 -0.32743201 -0.090889
v 0.19796699 -0.345862 -0.24506199
v 0.19811 -0.35009199 -0.28894499
v 0.19700401 -0.27965701 -0.28893399
v 0.195591 -0.27254599 -0.148064
v 0.195022 -0.28974801 -0.115058
v 0.203512 -0.280747 -0.31627801
v 0.199109 -0.291915 -0.225098
v 0.210622 -0.27134401 -0.306793
v 0.19997101 -0.27560699 -0.29640701
v 0.19488101 -0.268278 -0.269079
v 0.177766 -0.56651199 -0.084231
v 0.33624801 -0.56323099 -0.081345
v 0.219745 -0.540034 -0.091415
v 0.20212001 -0.53452402 -0.184938
v 0.20050301 -0.50160903 -0.172832
v 0.218642 -0.50450802 -0.182053
v 0.198984 -0.51388401 -0.102176
v 0.199889 -0.47847101 -0.196851
v 0.20212001 -0.53452402 -0.184938
v 0.218642 -0.50450802 -0.182053
v 0.198984 -0.51388401 -0.102176
v 0.219045 -0.498458 -0.095428
v 0.199913 -0.49642399 -0.116451
v 0.199913 -0.49642399 -0.116451
v 0.22524101 -0.47854599 -0.126984
v 0.195985 -0.44599801 -0.090033
v 0.218062 -0.443885 -0.099252
v 0.209729 -0.43757099 -0.143564
v 0.22492801 -0.43649301 -0.101683
v 0.200902 -0.45200801 -0.29251599
v 0.207817 -0.44332999 -0.29359901
v 0.202245 -0.380869 -0.293455
v 0.27391601 -0.35053501 -0.087247
v 0.19811 -0.35009199 -0.28894499
v 0.19796699 -0.345862 -0.24506199
v 0.213119 -0.34636199 -0.254913
v 0.203114 -0.34710801 -0.21093
v 0.217278 -0.349601 -0.18579599
v 0.213838 -0.34711301 -0.12996399
v 0.19847099 -0.344127 -0.091099
v 0.19882999 -0.310597 -0.207164
v 0.198909 -0.31065699 -0.24985699
v 0.213119 -0.34636199 -0.254913
v 0.203114 -0.34710801 -0.21093
v 0.20843001 -0.341934 -0.29270899
v 0.207478 -0.280256 -0.29277
v 0.19811 -0.35009199 -0.28894499
v 0.22362299 -0.28731999 -0.195823
v 0.19882999 -0.310597 -0.207164
v 0.226827 -0.298004 -0.18066999
v 0.19700401 -0.27965701 -0.28893399
v 0.199109 -0.291915 -0.225098
v 0.203512 -0.280747 -0.31627801
v 0.21795399 -0.279897 -0.242937
v 0.19997101 -0.27560699 -0.29640701
v 0.264925 -0.86335498 -0.06241
v 0.49338001 -0.86068898 0.988204
v 0.49338001 -0.86068898 0.988204
v 0.26931801 -0.85175198 -0.023075
v 0.30533701 -0.85145301 0.35592499
v 0.310168 -0.55235898 -0.081569
v 0.20119999 -0.54735303 -0.17603201
v 0.229821 -0.54702502 -0.18638401
v 0.21906 -0.535909 -0.177793
v 0.219745 -0.540034 -0.091415
v 0.219045 -0.498458 -0.095428
v 0.239568 -0.47264999 -0.177673
v 0.239568 -0.47264999 -0.177673
v 0.19738901 -0.471715 -0.18077099
v 0.199889 -0.47847101 -0.196851
v 0.243075 -0.44287801 -0.192654
v 0.196982 -0.45496199 -0.20137
v 0.25051701 -0.45595801 -0.20290001
v 0.228182 -0.43600601 -0.17245901
v 0.22492801 -0.43649301 -0.101683
v 0.19956701 -0.41226101 -0.128315
v 0.209729 -0.43757099 -0.143564
v 0.234007 -0.39572799 -0.17381901
v 0.209729 -0.43757099 -0.143564
v 0.19956701 -0.41226101 -0.128315
v 0.228089 -0.40688699 -0.100574
v 0.217048 -0.392768 -0.13473301
v 0.19956701 -0.41226101 -0.128315
v 0.201263 -0.37407899 -0.189832
v 0.20240401 -0.37305799 -0.28744701
v 0.25194499 -0.373799 -0.178606
v 0.334438 -0.365493 -0.086608
v 0.27542201 -0.27918801 -0.31659499
v 0.213119 -0.34636199 -0.254913
v 0.198909 -0.31065699 -0.24985699
v 0.211854 -0.29905 -0.26414001
v 0.22616 -0.33879599 -0.18751299
v 0.226827 -0.298004 -0.18066999
v 0.218541 -0.33395499 -0.17047299
v 0.209245 -0.32687899 -0.146523
v 0.213442 -0.28726301 -0.158547
v 0.22198699 -0.29570001 -0.122333
v 0.21795399 -0.279897 -0.242937
v 0.199109 -0.291915 -0.225098
v 0.42736301 -0.86310202 0.549375
v 0.55900699 -0.85283601 -0.99546802
v 0.26725301 -0.85110998 -0.090764
v 0.21895801 -0.85149401 0.165492
v 0.223739 -0.84680903 0.14011399
v 0.221962 -0.85161698 0.126738
v 0.231379 -0.84651297 0.168402
v 0.223474 -0.67015702 0.15713599
v 0.222957 -0.648085 0.157666
v 0.223649 -0.670632 -0.026282
v 0.228451 -0.65151399 0.16994999
v 0.22504801 -0.66999 -0.088834
v 0.223451 -0.64789897 -0.072425
v 0.227017 -0.64896202 -0.09238
v 0.20119999 -0.54735303 -0.17603201
v 0.21906 -0.535909 -0.177793
v 0.26522499 -0.55126601 -0.16350199
v 0.244036 -0.51658201 -0.091879
v 0.23142999 -0.473299 -0.117955
v 0.197688 -0.47039399 -0.08813
v 0.228089 -0.40688699 -0.100574
v 0.46780199 -0.38108701 -0.293376
v 0.217048 -0.392768 -0.13473301
v 0.279423 -0.37406701 -0.23532
v 0.20150401 -0.37389299 -0.091114
v 0.23446199 -0.37449199 -0.14678299
v 0.22616 -0.33879599 -0.18751299
v 0.22060899 -0.34209299 -0.143077
v 0.247127 -0.34187499 -0.183413
v 0.27265799 -0.344771 -0.09768
v 0.209245 -0.32687899 -0.146523
v 0.218541 -0.33395499 -0.17047299
v 0.22060899 -0.34209299 -0.143077
v 0.209245 -0.32687899 -0.146523
v 0.22060899 -0.34209299 -0.143077
v 0.232576 -0.340094 -0.124946
v 0.23651899 -0.30094799 -0.27575201
v 0.22198699 -0.29570001 -0.122333
v 0.238442 -0.28170699 -0.266285
v 0.229662 -0.282217 -0.230427
v 0.30747801 -0.274847 -0.29488501
v 0.30747801 -0.274847 -0.29488501
v 0.222435 -0.267528 -0.154386
v 0.217278 -0.243184 -0.235432
v 0.21795399 -0.279897 -0.242937
v 0.229662 -0.282217 -0.230427
v 0.215867 -0.85162801 -0.059353
v 0.225389 -0.84563798 -0.074649
v 0.239344 -0.85104603 -0.091837
v 0.225389 -0.84563798 -0.074649
v 0.215867 -0.85162801 -0.059353
v 0.231823 -0.84658402 -0.045297
v 0.24673299 -0.84739399 0.1213
v 0.264112 -0.851843 0.112959
v 0.231823 -0.84658402 -0.045297
v 0.229903 -0.80464602 -0.062481
v 0.225389 -0.84563798 -0.074649
v 0.229903 -0.80464602 -0.062481
v 0.239686 -0.80681902 -0.08337
v 0.248226 -0.80427402 -0.036138
v 0.235976 -0.80830401 0.162441
v 0.231686 -0.80772299 0.13367701
v 0.231929 -0.67719001 -0.088892
v 0.232143 -0.67817301 0.15903801
v 0.228899 -0.63865697 -0.080973
v 0.228466 -0.63849598 0.15168101
v 0.236536 -0.63966501 0.16897701
v 0.28632599 -0.57779002 -0.31047601
v 0.26117399 -0.53106701 -0.17282
v 0.251151 -0.49422401 -0.103839
v 0.219045 -0.498458 -0.095428
v 0.244036 -0.51658201 -0.091879
v 0.251151 -0.49422401 -0.103839
v 0.196722 -0.456083 -0.28712299
v 0.228182 -0.43600601 -0.17245901
v 0.25277001 -0.38950601 -0.111977
v 0.24265601 -0.381098 -0.154522
v 0.26479101 -0.37384 -0.128111
v 0.335814 -0.37240899 -0.092363
v 0.443479 -0.36511701 -0.31726599
v 0.261195 -0.34903601 -0.26188299
v 0.249138 -0.343027 -0.259985
v 0.261195 -0.34903601 -0.26188299
v 0.217278 -0.349601 -0.18579599
v 0.23909 -0.34493601 -0.18934999
v 0.22616 -0.33879599 -0.18751299
v 0.23909 -0.34493601 -0.18934999
v 0.213838 -0.34711301 -0.12996399
v 0.232576 -0.340094 -0.124946
v 0.22060899 -0.34209299 -0.143077
v 0.27391601 -0.35053501 -0.087247
v 0.235732 -0.33607799 -0.184972
v 0.247127 -0.34187499 -0.183413
v 0.235732 -0.33607799 -0.184972
v 0.22616 -0.33879599 -0.18751299
v 0.22198699 -0.29570001 -0.122333
v 0.248455 -0.28635401 -0.14793
v 0.213442 -0.28726301 -0.158547
v 0.244041 -0.266222 -0.240449
v 0.213442 -0.28726301 -0.158547
v 0.248455 -0.28635401 -0.14793
v 0.222435 -0.267528 -0.154386
v 0.29022101 -0.27915999 -0.29272699
v 0.217278 -0.243184 -0.235432
v 0.24224401 -0.27994999 -0.16995201
v 0.226827 -0.298004 -0.18066999
v 0.222435 -0.267528 -0.154386
v 0.222435 -0.267528 -0.154386
v 0.248455 -0.28635401 -0.14793
v 0.24224401 -0.27994999 -0.16995201
v 0.26931801 -0.85175198 -0.023075
v 0.231823 -0.84658402 -0.045297
v 0.215867 -0.85162801 -0.059353
v 0.21895801 -0.85149401 0.165492
v 0.25790101 -0.85149002 0.18560199
v 0.231379 -0.84651297 0.168402
v 0.28389701 -0.85152102 0.245077
v 0.25790101 -0.85149002 0.18560199
v 0.244541 -0.77115899 -0.037614
v 0.240629 -0.737176 0.138174
v 0.248191 -0.78442699 0.115613
v 0.22504801 -0.66999 -0.088834
v 0.240402 -0.66980898 -0.097868
v 0.231929 -0.67719001 -0.088892
v 0.231929 -0.67719001 -0.088892
v 0.255555 -0.679932 -0.019093
v 0.232143 -0.67817301 0.15903801
v 0.232143 -0.67817301 0.15903801
v 0.243966 -0.674909 0.170726
v 0.228451 -0.65151399 0.16994999
v 0.243662 -0.66324002 0.174279
v 0.227017 -0.64896202 -0.09238
v 0.227017 -0.64896202 -0.09238
v 0.228899 -0.63865697 -0.080973
v 0.241145 -0.63893801 -0.092258
v 0.24021 -0.63500202 -0.077716
v 0.241081 -0.63427597 -0.057291
v 0.242185 -0.63375199 0.082298
v 0.228466 -0.63849598 0.15168101
v 0.24525701 -0.63440597 0.14154699
v 0.236536 -0.63966501 0.16897701
v 0.20119999 -0.54735303 -0.17603201
v 0.26522499 -0.55126601 -0.16350199
v 0.229821 -0.54702502 -0.18638401
v 0.25220001 -0.51990598 -0.176292
v 0.25220001 -0.51990598 -0.176292
v 0.244884 -0.50761002 -0.177132
v 0.244884 -0.50761002 -0.177132
v 0.24593499 -0.490356 -0.18421599
v 0.25602201 -0.49378699 -0.165234
v 0.26996601 -0.479871 -0.194103
v 0.32984799 -0.44949099 -0.086942
v 0.195985 -0.44599801 -0.090033
v 0.198487 -0.455201 -0.084069
v 0.24265601 -0.381098 -0.154522
v 0.213838 -0.34711301 -0.12996399
v 0.25408101 -0.34243399 -0.126013
v 0.210622 -0.27134401 -0.306793
v 0.244041 -0.266222 -0.240449
v 0.217278 -0.243184 -0.235432
v 0.229662 -0.282217 -0.230427
v 0.57042599 -0.86254501 -0.99428397
v 0.57042599 -0.86254501 -0.99428397
v 0.37058699 -0.85277599 0.98768997
v 0.231823 -0.84658402 -0.045297
v 0.26931801 -0.85175198 -0.023075
v 0.253602 -0.84606099 -0.035506
v 0.25686899 -0.84595197 0.17703199
v 0.37221801 -0.85129499 0.98626202
v 0.253602 -0.84606099 -0.035506
v 0.248226 -0.80427402 -0.036138
v 0.231823 -0.84658402 -0.045297
v 0.25409201 -0.80855799 0.171653
v 0.26198599 -0.80615503 -0.088983
v 0.235976 -0.80830401 0.162441
v 0.24996699 -0.78255498 -0.03258
v 0.25374201 -0.68191302 -0.063878
v 0.247108 -0.68707901 -0.04511
v 0.247108 -0.68707901 -0.04511
v 0.25127301 -0.70279098 0.117574
v 0.25374201 -0.68191302 -0.063878
v 0.247108 -0.68707901 -0.04511
v 0.255555 -0.679932 -0.019093
v 0.25374201 -0.68191302 -0.063878
v 0.25448599 -0.67995298 0.103098
v 0.247161 -0.68079001 0.12952501
v 0.25045201 -0.64930499 -0.098423
v 0.26262301 -0.64869797 0.174005
v 0.241145 -0.63893801 -0.092258
v 0.236536 -0.63966501 0.16897701
v 0.26200399 -0.630665 -0.023718
v 0.348948 -0.58367503 -0.19338199
v 0.37382001 -0.57088101 -0.087997
v 0.26164901 -0.55078101 -0.19000199
v 0.219745 -0.540034 -0.091415
v 0.310168 -0.55235898 -0.081569
v 0.258405 -0.542916 -0.098217
v 0.253517 -0.52546602 -0.18383101
v 0.258405 -0.542916 -0.098217
v 0.351096 -0.45718199 -0.28696901
v 0.200902 -0.45200801 -0.29251599
v 0.36991999 -0.45637801 -0.22944701
v 0.260986 -0.43709701 -0.185288
v 0.25729901 -0.409693 -0.19154599
v 0.260986 -0.43709701 -0.185288
v 0.26396599 -0.38306099 -0.13589901
v 0.24265601 -0.381098 -0.154522
v 0.335814 -0.37240899 -0.092363
v 0.30454701 -0.350795 -0.287687
v 0.247977 -0.32725799 -0.185532
v 0.235732 -0.33607799 -0.184972
v 0.247977 -0.32725799 -0.185532
v 0.247127 -0.34187499 -0.183413
v 0.2613 -0.30296999 -0.26439199
v 0.25778699 -0.304194 -0.128409
v 0.248243 -0.300901 -0.185468
v 0.256827 -0.29501501 -0.176715
v 0.22198699 -0.29570001 -0.122333
v 0.25778699 -0.304194 -0.128409
v 0.248243 -0.300901 -0.185468
v 0.26572901 -0.27969801 -0.233578
v 0.31214499 -0.27166101 -0.31050199
v 0.26572901 -0.27969801 -0.233578
v 0.306034 -0.863482 0.121627
v 0.30673799 -0.85164303 0.082589
v 0.259792 -0.80001098 0.113998
v 0.25285301 -0.79223198 -0.025951
v 0.268273 -0.79953998 -0.026231
v 0.25285301 -0.79223198 -0.025951
v 0.259792 -0.80001098 0.113998
v 0.248191 -0.78442699 0.115613
v 0.231686 -0.80772299 0.13367701
v 0.24996699 -0.78255498 -0.03258
v 0.254078 -0.77199799 0.102286
v 0.25384101 -0.77194798 -0.027495
v 0.24996699 -0.78255498 -0.03258
v 0.26239699 -0.68873501 0.150607
v 0.25384101 -0.77194798 -0.027495
v 0.261087 -0.76193303 0.110491
v 0.240629 -0.737176 0.138174
v 0.270601 -0.68056399 -0.073233
v 0.257559 -0.70647502 -0.028666
v 0.247161 -0.68079001 0.12952501
v 0.247161 -0.68079001 0.12952501
v 0.269366 -0.67943603 0.156518
v 0.270601 -0.68056399 -0.073233
v 0.269366 -0.67943603 0.156518
v 0.46594101 -0.63489801 -0.081086
v 0.26830301 -0.63224101 0.092686
v 0.27969801 -0.63177299 0.150543
v 0.34154499 -0.582322 -0.29184601
v 0.36600301 -0.576446 -0.106849
v 0.229821 -0.54702502 -0.18638401
v 0.26164901 -0.55078101 -0.19000199
v 0.253517 -0.52546602 -0.18383101
v 0.25220001 -0.51990598 -0.176292
v 0.253517 -0.52546602 -0.18383101
v 0.244884 -0.50761002 -0.177132
v 0.272232 -0.53068101 -0.194105
v 0.25602201 -0.49378699 -0.165234
v 0.26858899 -0.44409901 -0.099201
v 0.22492801 -0.43649301 -0.101683
v 0.26858899 -0.44409901 -0.099201
v 0.26411501 -0.43202999 -0.100363
v 0.218062 -0.443885 -0.099252
v 0.26396599 -0.38306099 -0.13589901
v 0.30454701 -0.350795 -0.287687
v 0.259296 -0.349399 -0.193204
v 0.266868 -0.34434399 -0.206267
v 0.26072699 -0.34166199 -0.111254
v 0.25408101 -0.34243399 -0.126013
v 0.266868 -0.34434399 -0.206267
v 0.248243 -0.300901 -0.185468
v 0.248243 -0.300901 -0.185468
v 0.27264199 -0.339843 -0.16617601
v 0.256827 -0.29501501 -0.176715
v 0.2613 -0.30296999 -0.26439199
v 0.23651899 -0.30094799 -0.27575201
v 0.238442 -0.28170699 -0.266285
v 0.25258401 -0.27865601 -0.1718
v 0.25908101 -0.28615201 -0.153871
v 0.25258401 -0.27865601 -0.1718
v 0.258921 -0.260793 -0.181733
v 0.25258401 -0.27865601 -0.1718
v 0.26327899 -0.230442 -0.16742501
v 0.26327899 -0.230442 -0.16742501
v 0.25258401 -0.27865601 -0.1718
v 0.25908101 -0.28615201 -0.153871
v 0.27276301 -0.84722698 -0.042955
v 0.24673299 -0.84739399 0.1213
v 0.269483 -0.84575802 0.126334
v 0.264112 -0.851843 0.112959
v 0.28523299 -0.851928 0.74312299
v 0.27712899 -0.83825803 0.76444399
v 0.26725301 -0.85110998 -0.090764
v 0.27135199 -0.80483598 -0.039491
v 0.273155 -0.80626202 0.165356
v 0.268273 -0.79953998 -0.026231
v 0.266498 -0.79960299 0.110472
v 0.268273 -0.79953998 -0.026231
v 0.25384101 -0.77194798 -0.027495
v 0.26325801 -0.76503801 -0.030352
v 0.244541 -0.77115899 -0.037614
v 0.27108601 -0.766451 0.000112
v 0.254078 -0.77199799 0.102286
v 0.26328799 -0.76626498 0.018667
v 0.27090499 -0.76666403 0.105533
v 0.261087 -0.76193303 0.110491
v 0.26325801 -0.76503801 -0.030352
v 0.27061501 -0.709764 0.106082
v 0.27061501 -0.709764 0.106082
v 0.25127301 -0.70279098 0.117574
v 0.261729 -0.7051 0.105948
v 0.26560399 -0.70787901 -0.019739
v 0.26052701 -0.68953598 -0.021061
v 0.261729 -0.7051 0.105948
v 0.25799999 -0.68966103 0.105467
v 0.25799999 -0.68966103 0.105467
v 0.261729 -0.7051 0.105948
v 0.255555 -0.679932 -0.019093
v 0.25448599 -0.67995298 0.103098
v 0.26052701 -0.68953598 -0.021061
v 0.26052701 -0.68953598 -0.021061
v 0.243966 -0.674909 0.170726
v 0.26523799 -0.62643999 0.13235401
v 0.26117399 -0.53106701 -0.17282
v 0.270006 -0.54618001 -0.14332999
v 0.26522499 -0.55126601 -0.16350199
v 0.26198 -0.493054 0.15023901
v 0.26567799 -0.52388799 0.117456
v 0.260488 -0.56148499 0.153478
v 0.27162099 -0.52096701 -0.111638
v 0.271281 -0.50876498 -0.130283
v 0.271281 -0.50876498 -0.130283
v 0.341984 -0.47080299 -0.089018
v 0.20240401 -0.37305799 -0.28744701
v 0.25408101 -0.34243399 -0.126013
v 0.26856601 -0.34311301 -0.14796001
v 0.263183 -0.31991801 -0.150938
v 0.26718 -0.319864 -0.091469
v 0.25975201 -0.246858 -0.09518
v 0.26072699 -0.34166199 -0.111254
v 0.27731699 -0.29998401 -0.215075
v 0.244041 -0.266222 -0.240449
v 0.26072699 -0.34166199 -0.111254
v 0.25975201 -0.246858 -0.09518
v 0.265158 -0.29460999 -0.122563
v 0.26572901 -0.27969801 -0.233578
v 0.27768499 -0.276418 -0.199857
v 0.256827 -0.29501501 -0.176715
v 0.27296099 -0.23042201 -0.194291
v 0.27751601 -0.849536 0.166784
v 0.27594599 -0.81389201 -0.082624
v 0.269483 -0.84575802 0.126334
v 0.24673299 -0.84739399 0.1213
v 0.280857 -0.80628002 0.13101999
v 0.27276301 -0.84722698 -0.042955
v 0.259792 -0.80001098 0.113998
v 0.272881 -0.782987 0.16469701
v 0.273314 -0.767304 -0.031359
v 0.273314 -0.767304 -0.031359
v 0.27829301 -0.70962697 -0.028291
v 0.281183 -0.69510698 0.15157899
v 0.26560399 -0.70787901 -0.019739
v 0.257559 -0.70647502 -0.028666
v 0.27829301 -0.70962697 -0.028291
v 0.27141801 -0.62660998 0.104179
v 0.26523799 -0.62643999 0.13235401
v 0.27103499 -0.56522298 0.123958
v 0.27141801 -0.62660998 0.104179
v 0.35478401 -0.56957299 -0.317321
v 0.30379301 -0.55747497 -0.20104
v 0.260488 -0.56148499 0.153478
v 0.27280101 -0.55952901 0.17377999
v 0.26198 -0.493054 0.15023901
v 0.27637401 -0.53903103 -0.105947
v 0.258405 -0.542916 -0.098217
v 0.280729 -0.52474701 0.177791
v 0.27162099 -0.52096701 -0.111638
v 0.270836 -0.493074 0.159575
v 0.28584599 -0.49873701 0.071985
v 0.197688 -0.47039399 -0.08813
v 0.33649001 -0.45972601 -0.085234
v 0.33976001 -0.452014 -0.29344401
v 0.33976001 -0.452014 -0.29344401
v 0.31417701 -0.45423499 -0.192278
v 0.32984799 -0.44949099 -0.086942
v 0.285979 -0.409917 -0.118406
v 0.27599201 -0.394995 -0.123834
v 0.28953001 -0.38138199 -0.18341599
v 0.28953001 -0.38138199 -0.18341599
v 0.24265601 -0.381098 -0.154522
v 0.25194499 -0.373799 -0.178606
v 0.249138 -0.343027 -0.259985
v 0.272194 -0.342067 -0.228677
v 0.28065401 -0.34776899 -0.211634
v 0.27264199 -0.339843 -0.16617601
v 0.26856601 -0.34311301 -0.14796001
v 0.28741801 -0.343144 -0.13274799
v 0.272194 -0.342067 -0.228677
v 0.249138 -0.343027 -0.259985
v 0.28741801 -0.343144 -0.13274799
v 0.277558 -0.30320299 -0.23537999
v 0.27265799 -0.344771 -0.09768
v 0.263183 -0.31991801 -0.150938
v 0.26856601 -0.34311301 -0.14796001
v 0.27771899 -0.325064 -0.143886
v 0.27731699 -0.29998401 -0.215075
v 0.27264199 -0.339843 -0.16617601
v 0.27889201 -0.29713699 -0.19627699
v 0.27840999 -0.28997299 -0.139185
v 0.27731699 -0.29998401 -0.215075
v 0.28543401 -0.23772199 -0.119325
v 0.278106 -0.22877599 -0.147626
v 0.27488801 -0.232797 -0.101529
v 0.280092 -0.85109699 -0.060334
v 0.27276301 -0.84722698 -0.042955
v 0.26931801 -0.85175198 -0.023075
v 0.264112 -0.851843 0.112959
v 0.279944 -0.84572101 0.145172
v 0.279944 -0.84572101 0.145172
v 0.27751601 -0.849536 0.166784
v 0.29122201 -0.852229 0.13635699
v 0.26725301 -0.85110998 -0.090764
v 0.27594599 -0.81389201 -0.082624
v 0.284399 -0.80285501 -0.063897
v 0.26198599 -0.80615503 -0.088983
v 0.27135199 -0.80483598 -0.039491
v 0.28251699 -0.78654301 -0.039593
v 0.268273 -0.79953998 -0.026231
v 0.280543 -0.79137599 0.031664
v 0.266498 -0.79960299 0.110472
v 0.28254399 -0.78677797 0.098272
v 0.280857 -0.80628002 0.13101999
v 0.28277901 -0.78687 0.121582
v 0.280857 -0.80628002 0.13101999
v 0.29043999 -0.78162301 -0.044752
v 0.288279 -0.788629 0.15568499
v 0.27108601 -0.766451 0.000112
v 0.28024501 -0.77294302 0.024737
v 0.273314 -0.767304 -0.031359
v 0.27090499 -0.76666403 0.105533
v 0.27792799 -0.77192599 0.116963
v 0.28488699 -0.77645701 -0.075057
v 0.28579599 -0.69087303 -0.069684
v 0.261087 -0.76193303 0.110491
v 0.27792799 -0.77192599 0.116963
v 0.261087 -0.76193303 0.110491
v 0.29140601 -0.71247202 0.119732
v 0.27061501 -0.709764 0.106082
v 0.27061501 -0.709764 0.106082
v 0.28153101 -0.70695502 0.107411
v 0.29140601 -0.71247202 0.119732
v 0.28153101 -0.70695502 0.107411
v 0.279468 -0.56523001 0.102874
v 0.29117301 -0.57324803 0.152155
v 0.26523799 -0.62643999 0.13235401
v 0.27969801 -0.63177299 0.150543
v 0.27103499 -0.56522298 0.123958
v 0.27103499 -0.56522298 0.123958
v 0.29117301 -0.57324803 0.152155
v 0.260488 -0.56148499 0.153478
v 0.27280101 -0.55952901 0.17377999
v 0.30272201 -0.56901503 0.175758
v 0.270006 -0.54618001 -0.14332999
v 0.282653 -0.54748899 -0.163132
v 0.357627 -0.474875 -0.31741399
v 0.28584599 -0.49873701 0.071985
v 0.26198 -0.493054 0.15023901
v 0.27496901 -0.483594 0.146359
v 0.270836 -0.493074 0.159575
v 0.32968801 -0.473149 -0.155192
v 0.285391 -0.43903601 -0.125534
v 0.30788499 -0.44322199 -0.10384
v 0.285391 -0.43903601 -0.125534
v 0.28926 -0.40166101 -0.191218
v 0.307244 -0.37363499 -0.181917
v 0.28953001 -0.38138199 -0.18341599
v 0.25194499 -0.373799 -0.178606
v 0.28714401 -0.350095 -0.26826301
v 0.28041899 -0.34715 -0.22791
v 0.28065401 -0.34776899 -0.211634
v 0.266868 -0.34434399 -0.206267
v 0.272194 -0.342067 -0.228677
v 0.277558 -0.30320299 -0.23537999
v 0.289527 -0.283703 -0.129196
v 0.28292 -0.250848 -0.074431
v 0.286771 -0.23283599 -0.089187
v 0.27488801 -0.232797 -0.101529
v 0.278106 -0.22877599 -0.147626
v 0.28879401 -0.24181899 -0.17208201
v 0.27296099 -0.23042201 -0.194291
v 0.26327899 -0.230442 -0.16742501
v 0.27977601 -0.18569399 -0.088079
v 0.28465199 -0.182468 -0.101368
v 0.30905601 -0.84123403 0.102656
v 0.279944 -0.84572101 0.145172
v 0.29122201 -0.852229 0.13635699
v 0.27751601 -0.849536 0.166784
v 0.29381299 -0.85007799 0.75661701
v 0.293951 -0.85189903 0.78170598
v 0.27751601 -0.849536 0.166784
v 0.279944 -0.84572101 0.145172
v 0.273155 -0.80626202 0.165356
v 0.28860399 -0.79773402 0.142571
v 0.286814 -0.79433203 -0.071345
v 0.28895599 -0.79470801 -0.050855
v 0.288279 -0.788629 0.15568499
v 0.286814 -0.79433203 -0.071345
v 0.28283599 -0.782022 0.034483
v 0.28251699 -0.78654301 -0.039593
v 0.28915501 -0.77022702 -0.050226
v 0.273314 -0.767304 -0.031359
v 0.29123899 -0.76070797 0.134342
v 0.28277901 -0.78687 0.121582
v 0.290445 -0.76751202 0.147038
v 0.28865501 -0.76336598 -0.065156
v 0.27829301 -0.70962697 -0.028291
v 0.292431 -0.69623601 -0.039371
v 0.28822899 -0.69639999 -0.027238
v 0.28153101 -0.70695502 0.107411
v 0.28682199 -0.69299698 0.145559
v 0.40805399 -0.677899 0.161881
v 0.32797101 -0.63103497 0.051725
v 0.302421 -0.62432998 0.090983
v 0.30570799 -0.63141 0.08465
v 0.30570799 -0.63141 0.08465
v 0.29706901 -0.57758403 0.09392
v 0.306979 -0.55346698 -0.183753
v 0.30379301 -0.55747497 -0.20104
v 0.258405 -0.542916 -0.098217
v 0.310168 -0.55235898 -0.081569
v 0.27637401 -0.53903103 -0.105947
v 0.290003 -0.56810898 0.070057
v 0.270006 -0.54618001 -0.14332999
v 0.271281 -0.50876498 -0.130283
v 0.282653 -0.54748899 -0.163132
v 0.29066399 -0.50871998 -0.15996601
v 0.28885001 -0.52555698 -0.015354
v 0.28883901 -0.518938 0.003098
v 0.27339301 -0.51469398 -0.006318
v 0.271281 -0.50876498 -0.130283
v 0.291848 -0.50853699 -0.118888
v 0.28684899 -0.499419 -0.142768
v 0.27162099 -0.52096701 -0.111638
v 0.301182 -0.50719899 -0.019955
v 0.27339301 -0.51469398 -0.006318
v 0.288564 -0.50518298 -0.003956
v 0.27339301 -0.51469398 -0.006318
v 0.28883901 -0.518938 0.003098
v 0.288564 -0.50518298 -0.003956
v 0.28684899 -0.499419 -0.142768
v 0.26996601 -0.479871 -0.194103
v 0.311957 -0.48956501 -0.19452199
v 0.341984 -0.47080299 -0.089018
v 0.28041899 -0.34715 -0.22791
v 0.28457701 -0.34225199 -0.25207299
v 0.28714401 -0.350095 -0.26826301
v 0.29806 -0.343687 -0.183827
v 0.28650701 -0.342522 -0.094907
v 0.28064999 -0.311248 -0.207903
v 0.28741801 -0.343144 -0.13274799
v 0.29036599 -0.326217 -0.184663
v 0.29036599 -0.326217 -0.184663
v 0.29806 -0.343687 -0.183827
v 0.28046101 -0.312287 -0.247633
v 0.27889201 -0.29713699 -0.19627699
v 0.280673 -0.29346001 -0.228771
v 0.28650701 -0.342522 -0.094907
v 0.28657699 -0.28579 -0.25688699
v 0.291942 -0.277044 -0.235893
v 0.287956 -0.268246 -0.221679
v 0.27768499 -0.276418 -0.199857
v 0.30097201 -0.26136199 -0.199183
v 0.287956 -0.268246 -0.221679
v 0.27768499 -0.276418 -0.199857
v 0.30097201 -0.26136199 -0.199183
v 0.29843599 -0.246575 -0.078574
v 0.309793 -0.23470099 -0.186777
v 0.290454 -0.201469 -0.109066
v 0.27977601 -0.18569399 -0.088079
v 0.289529 -0.195557 -0.080969
v 0.280092 -0.85109699 -0.060334
v 0.41566199 -0.85122401 -0.080286
v 0.26725301 -0.85110998 -0.090764
v 0.32281399 -0.85158098 0.22736201
v 0.309652 -0.835706 0.29427201
v 0.28389701 -0.85152102 0.245077
v 0.308319 -0.83735698 0.33492899
v 0.30968401 -0.834782 0.25325501
v 0.28860399 -0.79773402 0.142571
v 0.28277901 -0.78687 0.121582
v 0.299007 -0.793055 0.130642
v 0.299007 -0.793055 0.130642
v 0.28277901 -0.78687 0.121582
v 0.29646099 -0.78210503 0.127277
v 0.29517499 -0.77348399 0.129437
v 0.28915501 -0.77022702 -0.050226
v 0.28251699 -0.78654301 -0.039593
v 0.29043999 -0.78162301 -0.044752
v 0.29123899 -0.76070797 0.134342
v 0.295607 -0.766927 0.138062
v 0.29412901 -0.77784598 0.155696
v 0.295607 -0.766927 0.138062
v 0.29123899 -0.76070797 0.134342
v 0.290445 -0.76751202 0.147038
v 0.28865501 -0.76336598 -0.065156
v 0.29404399 -0.71597099 -0.050791
v 0.29348701 -0.70748299 0.139842
v 0.290445 -0.76751202 0.147038
v 0.28579599 -0.69087303 -0.069684
v 0.29348701 -0.70748299 0.139842
v 0.29639599 -0.70963699 -0.059132
v 0.29404399 -0.71597099 -0.050791
v 0.292431 -0.69623601 -0.039371
v 0.29404399 -0.71597099 -0.050791
v 0.29837 -0.704247 -0.042955
v 0.28699499 -0.68878102 0.104627
v 0.28699499 -0.68878102 0.104627
v 0.29516399 -0.70047998 0.116255
v 0.28826299 -0.687729 -0.038681
v 0.29637 -0.686185 0.115429
v 0.292665 -0.67922401 0.105681
v 0.29516801 -0.67964101 -0.034379
v 0.292665 -0.67922401 0.105681
v 0.456406 -0.63874799 -0.092645
v 0.312729 -0.63010401 0.15115599
v 0.401761 -0.63130999 -0.045876
v 0.28632599 -0.57779002 -0.31047601
v 0.29706901 -0.57758403 0.09392
v 0.279468 -0.56523001 0.102874
v 0.290003 -0.56810898 0.070057
v 0.31779099 -0.56158799 0.19080099
v 0.31053299 -0.548558 -0.193956
v 0.30787101 -0.50752401 -0.17411099
v 0.317534 -0.518336 -0.033943
v 0.28885001 -0.52555698 -0.015354
v 0.311957 -0.48956501 -0.19452199
v 0.31627101 -0.48735201 0.068787
v 0.31790099 -0.48213401 0.17316
v 0.323834 -0.48110601 0.131282
v 0.322054 -0.474246 -0.181509
v 0.46778399 -0.443609 -0.293464
v 0.33282399 -0.44350401 -0.18854301
v 0.35082501 -0.37327501 -0.229375
v 0.307244 -0.37363499 -0.181917
v 0.28650701 -0.342522 -0.094907
v 0.310422 -0.348131 -0.091025
v 0.30092001 -0.341804 -0.27252901
v 0.28065401 -0.34776899 -0.211634
v 0.30173099 -0.34516001 -0.144576
v 0.29433301 -0.276649 -0.26524201
v 0.30298501 -0.28593099 -0.14159399
v 0.294936 -0.286006 -0.081237
v 0.29124799 -0.25910801 -0.25494599
v 0.29929 -0.239527 -0.143429
v 0.294936 -0.286006 -0.081237
v 0.29843599 -0.246575 -0.078574
v 0.28292 -0.250848 -0.074431
v 0.29043099 -0.223662 -0.279699
v 0.309793 -0.23470099 -0.186777
v 0.286771 -0.23283599 -0.089187
v 0.29932401 -0.234595 -0.103202
v 0.28543401 -0.23772199 -0.119325
v 0.290454 -0.201469 -0.109066
v 0.29932401 -0.234595 -0.103202
v 0.302928 -0.21155401 -0.094132
v 0.29932401 -0.234595 -0.103202
v 0.29347599 -0.187695 -0.305233
v 0.29043099 -0.223662 -0.279699
v 0.30008501 -0.18911301 -0.284334
v 0.30463201 -0.183156 -0.091478
v 0.28465199 -0.182468 -0.101368
v 0.314592 -0.85192698 0.17535301
v 0.32281399 -0.85158098 0.22736201
v 0.30968401 -0.834782 0.25325501
v 0.33668599 -0.851322 0.76303798
v 0.29381299 -0.85007799 0.75661701
v 0.302169 -0.85234398 0.76023602
v 0.28523299 -0.851928 0.74312299
v 0.302169 -0.85234398 0.76023602
v 0.40510899 -0.76623499 -0.06259
v 0.306416 -0.70907801 -0.051385
v 0.29404399 -0.71597099 -0.050791
v 0.29639599 -0.70963699 -0.059132
v 0.306416 -0.70907801 -0.051385
v 0.30840299 -0.70774901 0.124843
v 0.29140601 -0.71247202 0.119732
v 0.30840299 -0.70774901 0.124843
v 0.29348701 -0.70748299 0.139842
v 0.370534 -0.67861998 -0.073014
v 0.40328699 -0.680439 0.143784
v 0.370534 -0.67861998 -0.073014
v 0.456406 -0.63874799 -0.092645
v 0.312729 -0.63010401 0.15115599
v 0.29117301 -0.57324803 0.152155
v 0.27969801 -0.63177299 0.150543
v 0.31180301 -0.53387898 -0.093582
v 0.31358001 -0.51828903 -0.003804
v 0.32396099 -0.506248 -0.096383
v 0.290003 -0.56810898 0.070057
v 0.28584599 -0.49873701 0.071985
v 0.32508501 -0.51447499 0.056958
v 0.32241201 -0.48558301 -0.162533
v 0.32241201 -0.48558301 -0.162533
v 0.31627101 -0.48735201 0.068787
v 0.30788499 -0.44322199 -0.10384
v 0.31564701 -0.434003 -0.17742901
v 0.30769801 -0.392497 -0.11195
v 0.309571 -0.378405 -0.119833
v 0.309571 -0.378405 -0.119833
v 0.30496699 -0.33489501 -0.184525
v 0.28065401 -0.34776899 -0.211634
v 0.314365 -0.34461701 -0.189412
v 0.314365 -0.34461701 -0.189412
v 0.28741801 -0.343144 -0.13274799
v 0.30430299 -0.34181601 -0.114688
v 0.30173099 -0.34516001 -0.144576
v 0.28650701 -0.342522 -0.094907
v 0.310422 -0.348131 -0.091025
v 0.29036599 -0.326217 -0.184663
v 0.30496699 -0.33489501 -0.184525
v 0.30430299 -0.34181601 -0.114688
v 0.28741801 -0.343144 -0.13274799
v 0.308828 -0.328004 -0.120046
v 0.30430299 -0.34181601 -0.114688
v 0.30996901 -0.32386801 -0.105693
v 0.28650701 -0.342522 -0.094907
v 0.30092001 -0.341804 -0.27252901
v 0.29433301 -0.276649 -0.26524201
v 0.322115 -0.33190301 -0.277408
v 0.289527 -0.283703 -0.129196
v 0.308862 -0.28869301 -0.094297
v 0.291942 -0.277044 -0.235893
v 0.307515 -0.258562 -0.24514399
v 0.29124799 -0.25910801 -0.25494599
v 0.31147799 -0.27616799 -0.23267201
v 0.291942 -0.277044 -0.235893
v 0.31147799 -0.27616799 -0.23267201
v 0.30834001 -0.274755 -0.11026
v 0.29043099 -0.223662 -0.279699
v 0.30447999 -0.26569599 -0.27423501
v 0.29433301 -0.276649 -0.26524201
v 0.31363401 -0.24877299 -0.100343
v 0.307302 -0.22694699 -0.259617
v 0.29929 -0.239527 -0.143429
v 0.31332299 -0.236552 -0.1561
v 0.302928 -0.21155401 -0.094132
v 0.29347599 -0.187695 -0.305233
v 0.30463201 -0.183156 -0.091478
v 0.28465199 -0.182468 -0.101368
v 0.29347599 -0.187695 -0.305233
v 0.31198901 -0.17524099 -0.29381299
v 0.31182501 -0.18499599 -0.310996
v 0.31198901 -0.17524099 -0.29381299
v 0.32179099 -0.839127 0.13284101
v 0.369562 -0.78947699 -0.045276
v 0.29043999 -0.78162301 -0.044752
v 0.28895599 -0.79470801 -0.050855
v 0.412139 -0.77401501 -0.071027
v 0.28865501 -0.76336598 -0.065156
v 0.40510899 -0.76623499 -0.06259
v 0.40328699 -0.680439 0.143784
v 0.36340499 -0.64011198 0.169407
v 0.31579599 -0.63415802 0.15505899
v 0.36340499 -0.64011198 0.169407
v 0.334474 -0.57510799 0.07846
v 0.306979 -0.55346698 -0.183753
v 0.311957 -0.48956501 -0.19452199
v 0.31053299 -0.548558 -0.193956
v 0.317534 -0.518336 -0.033943
v 0.32837799 -0.53413999 -0.026059
v 0.31358001 -0.51828903 -0.003804
v 0.32396099 -0.506248 -0.096383
v 0.33061001 -0.491395 -0.115001
v 0.32539001 -0.51838303 0.201013
v 0.31790099 -0.48213401 0.17316
v 0.349924 -0.485724 0.08749
v 0.31564701 -0.434003 -0.17742901
v 0.31471601 -0.42296901 -0.100322
v 0.318095 -0.392248 -0.180117
v 0.31638101 -0.38078001 -0.16763499
v 0.307244 -0.37363499 -0.181917
v 0.31638101 -0.38078001 -0.16763499
v 0.28953001 -0.38138199 -0.18341599
v 0.34710899 -0.37490901 -0.115945
v 0.46780199 -0.38108701 -0.293376
v 0.32616299 -0.348692 -0.27729601
v 0.34197101 -0.350903 -0.087798
v 0.32616299 -0.348692 -0.27729601
v 0.28714401 -0.350095 -0.26826301
v 0.31862599 -0.34211099 -0.17159501
v 0.314509 -0.341811 -0.107572
v 0.29806 -0.343687 -0.183827
v 0.30496699 -0.33489501 -0.184525
v 0.31862599 -0.34211099 -0.17159501
v 0.308828 -0.328004 -0.120046
v 0.324983 -0.31251299 -0.267075
v 0.324983 -0.31251299 -0.267075
v 0.31544599 -0.28846601 -0.105379
v 0.31544599 -0.28846601 -0.105379
v 0.32506499 -0.26914901 -0.205129
v 0.31363401 -0.24877299 -0.100343
v 0.30834001 -0.274755 -0.11026
v 0.30298501 -0.28593099 -0.14159399
v 0.31332299 -0.236552 -0.1561
v 0.29929 -0.239527 -0.143429
v 0.32165101 -0.22535101 -0.28450799
v 0.31487 -0.20736399 -0.297241
v 0.314852 -0.201869 -0.280007
v 0.31182501 -0.18499599 -0.310996
v 0.314592 -0.85192698 0.17535301
v 0.33639899 -0.83586103 0.249366
v 0.462569 -0.67348999 0.172038
v 0.462569 -0.67348999 0.172038
v 0.33765399 -0.63248402 0.125127
v 0.322474 -0.57821798 0.109524
v 0.32792699 -0.62715799 0.111556
v 0.302421 -0.62432998 0.090983
v 0.29706901 -0.57758403 0.09392
v 0.324819 -0.57826 0.13278399
v 0.322474 -0.57821798 0.109524
v 0.329501 -0.56031001 0.066376
v 0.334474 -0.57510799 0.07846
v 0.30379301 -0.55747497 -0.20104
v 0.33859 -0.54660499 -0.076138
v 0.322054 -0.474246 -0.181509
v 0.301182 -0.50719899 -0.019955
v 0.34340501 -0.39883101 -0.101787
v 0.31236199 -0.33632699 -0.155674
v 0.316448 -0.33968899 -0.143251
v 0.34197101 -0.350903 -0.087798
v 0.317653 -0.30686399 -0.16892
v 0.31779501 -0.333857 -0.155287
v 0.31779501 -0.333857 -0.155287
v 0.314509 -0.341811 -0.107572
v 0.308828 -0.328004 -0.120046
v 0.316448 -0.33968899 -0.143251
v 0.30996901 -0.32386801 -0.105693
v 0.314509 -0.341811 -0.107572
v 0.34026501 -0.318607 -0.088179
v 0.30996901 -0.32386801 -0.105693
v 0.317554 -0.31756899 -0.16110399
v 0.317554 -0.31756899 -0.16110399
v 0.314365 -0.34461701 -0.189412
v 0.32712799 -0.34281901 -0.203292
v 0.30496699 -0.33489501 -0.184525
v 0.31236199 -0.33632699 -0.155674
v 0.317554 -0.31756899 -0.16110399
v 0.30173099 -0.34516001 -0.144576
v 0.321623 -0.305408 -0.153078
v 0.31779501 -0.333857 -0.155287
v 0.312457 -0.28138 -0.18308
v 0.312457 -0.28138 -0.18308
v 0.31736299 -0.27222601 -0.16524699
v 0.31736299 -0.27222601 -0.16524699
v 0.31544599 -0.28846601 -0.105379
v 0.30447999 -0.26569599 -0.27423501
v 0.325001 -0.285393 -0.25378099
v 0.324857 -0.28033501 -0.13726699
v 0.325001 -0.285393 -0.25378099
v 0.307515 -0.258562 -0.24514399
v 0.31147799 -0.27616799 -0.23267201
v 0.32165101 -0.22535101 -0.28450799
v 0.32111701 -0.25776801 -0.26334101
v 0.32506499 -0.26914901 -0.205129
v 0.30097201 -0.26136199 -0.199183
v 0.30097201 -0.26136199 -0.199183
v 0.309793 -0.23470099 -0.186777
v 0.32111701 -0.25776801 -0.26334101
v 0.32165101 -0.22535101 -0.28450799
v 0.307302 -0.22694699 -0.259617
v 0.31182501 -0.18499599 -0.310996
v 0.31198901 -0.17524099 -0.29381299
v 0.31487 -0.20736399 -0.297241
v 0.314852 -0.201869 -0.280007
v 0.57363701 -0.86287099 -0.84852999
v 0.639934 -0.86316401 -0.287893
v 0.34252599 -0.8398 0.20911901
v 0.33599001 -0.85114002 0.27462
v 0.309652 -0.835706 0.29427201
v 0.32565701 -0.85204703 0.34022501
v 0.308319 -0.83735698 0.33492899
v 0.34742099 -0.85197902 0.16841
v 0.288279 -0.788629 0.15568499
v 0.39959601 -0.79679602 0.144346
v 0.40887401 -0.78985798 0.151253
v 0.28860399 -0.79773402 0.142571
v 0.40887401 -0.78985798 0.151253
v 0.40492699 -0.77476698 0.124538
v 0.35773101 -0.76934201 0.129628
v 0.405938 -0.76999599 0.14795101
v 0.39467999 -0.701051 -0.067575
v 0.40037301 -0.68686497 -0.068121
v 0.240402 -0.66980898 -0.097868
v 0.40585199 -0.67678702 -0.090274
v 0.30570799 -0.63141 0.08465
v 0.32761201 -0.62445402 0.13260899
v 0.32761201 -0.62445402 0.13260899
v 0.324819 -0.57826 0.13278399
v 0.33131301 -0.572465 0.152229
v 0.31779099 -0.56158799 0.19080099
v 0.33859 -0.54660499 -0.076138
v 0.323228 -0.531748 -0.042735
v 0.31180301 -0.53387898 -0.093582
v 0.34377101 -0.524261 0.009982
v 0.32396099 -0.506248 -0.096383
v 0.31180301 -0.53387898 -0.093582
v 0.328282 -0.50612402 -0.060702
v 0.323228 -0.531748 -0.042735
v 0.34021199 -0.506962 -0.041357
v 0.34021199 -0.506962 -0.041357
v 0.323228 -0.531748 -0.042735
v 0.34403199 -0.48813501 -0.14705101
v 0.32968801 -0.473149 -0.155192
v 0.32984799 -0.44949099 -0.086942
v 0.33734301 -0.442543 -0.0997
v 0.339825 -0.38100401 -0.12071
v 0.339825 -0.38100401 -0.12071
v 0.32712799 -0.34281901 -0.203292
v 0.34036201 -0.34969601 -0.202684
v 0.31862599 -0.34211099 -0.17159501
v 0.31544599 -0.28846601 -0.105379
v 0.32450399 -0.30018699 -0.175026
v 0.32978201 -0.32178301 -0.232195
v 0.33863801 -0.27847499 -0.101486
v 0.32810801 -0.279001 -0.116834
v 0.33863801 -0.27847499 -0.101486
v 0.31332299 -0.236552 -0.1561
v 0.443694 -0.85155702 0.112736
v 0.34414899 -0.85180998 0.133203
v 0.38167 -0.85129303 0.368424
v 0.40812901 -0.76450998 0.14058401
v 0.40812901 -0.76450998 0.14058401
v 0.404405 -0.69036502 0.112498
v 0.347278 -0.63070202 0.152062
v 0.33765399 -0.63248402 0.125127
v 0.32761201 -0.62445402 0.13260899
v 0.324819 -0.57826 0.13278399
v 0.34043801 -0.57543802 0.124177
v 0.34377101 -0.524261 0.009982
v 0.34733799 -0.50523198 0.009143
v 0.34978601 -0.493375 0.072919
v 0.34853199 -0.49312001 0.19415499
v 0.387615 -0.471596 -0.117589
v 0.357068 -0.39611301 -0.181455
v 0.35058701 -0.343977 -0.19402
v 0.35339901 -0.34349301 -0.099151
v 0.32978201 -0.32178301 -0.232195
v 0.35058701 -0.343977 -0.19402
v 0.35339901 -0.34349301 -0.099151
v 0.342421 -0.29540199 -0.147471
v 0.34415501 -0.287884 -0.25367999
v 0.324857 -0.28033501 -0.13726699
v 0.342421 -0.29540199 -0.147471
v 0.321623 -0.305408 -0.153078
v 0.33955199 -0.28949001 -0.23841
v 0.325001 -0.285393 -0.25378099
v 0.32978201 -0.32178301 -0.232195
v 0.33601901 -0.268051 -0.181502
v 0.337037 -0.25400999 -0.130136
v 0.32944301 -0.244261 -0.102134
v 0.41494101 -0.85163897 -0.049332
v 0.41392699 -0.78639001 -0.073689
v 0.40993801 -0.77805698 0.15281101
v 0.40304399 -0.708435 -0.059206
v 0.40304399 -0.708435 -0.059206
v 0.40248799 -0.70537198 0.13895001
v 0.40099999 -0.70928401 0.129381
v 0.34697601 -0.582129 0.125971
v 0.33883199 -0.57688498 0.152542
v 0.36899999 -0.55398703 0.204293
v 0.36917001 -0.53617197 0.075452
v 0.34997401 -0.53386801 -0.021971
v 0.35474601 -0.51799101 -0.092707
v 0.32396099 -0.506248 -0.096383
v 0.349125 -0.50873101 -0.065
v 0.328282 -0.50612402 -0.060702
v 0.34021199 -0.506962 -0.041357
v 0.35813901 -0.49856201 -0.109717
v 0.34403199 -0.48813501 -0.14705101
v 0.32968801 -0.473149 -0.155192
v 0.32241201 -0.48558301 -0.162533
v 0.37813199 -0.48259199 0.180263
v 0.37013099 -0.47434399 -0.14790501
v 0.38106799 -0.37399799 -0.17871401
v 0.31638101 -0.38078001 -0.16763499
v 0.37899899 -0.38176599 -0.170608
v 0.467962 -0.37307599 -0.28705901
v 0.32616299 -0.348692 -0.27729601
v 0.36365601 -0.34054101 -0.246831
v 0.35014799 -0.349323 -0.26658699
v 0.36365601 -0.34054101 -0.246831
v 0.34036201 -0.34969601 -0.202684
v 0.34712601 -0.319125 -0.222176
v 0.34415501 -0.287884 -0.25367999
v 0.325001 -0.285393 -0.25378099
v 0.33955199 -0.28949001 -0.23841
v 0.34652901 -0.279414 -0.135418
v 0.337037 -0.25400999 -0.130136
v 0.33863801 -0.27847499 -0.101486
v 0.345727 -0.25674999 -0.104021
v 0.32944301 -0.244261 -0.102134
v 0.46998101 -0.86320603 -0.045102
v 0.35856399 -0.85161197 0.253315
v 0.41294801 -0.80030698 -0.060917
v 0.286814 -0.79433203 -0.071345
v 0.41512701 -0.788225 0.123234
v 0.4048 -0.69699198 0.14288899
v 0.40248799 -0.70537198 0.13895001
v 0.40714401 -0.67900902 0.106033
v 0.35742399 -0.631253 0.107688
v 0.342316 -0.619138 0.15494999
v 0.34697601 -0.582129 0.125971
v 0.35422099 -0.61726999 0.115214
v 0.33883199 -0.57688498 0.152542
v 0.38765499 -0.574386 0.106449
v 0.36895001 -0.57007402 0.17110001
v 0.37119099 -0.565157 0.194388
v 0.355286 -0.549317 -0.083027
v 0.33859 -0.54660499 -0.076138
v 0.356253 -0.52110898 -0.041624
v 0.34997401 -0.53386801 -0.021971
v 0.356253 -0.52110898 -0.041624
v 0.32396099 -0.506248 -0.096383
v 0.35474601 -0.51799101 -0.092707
v 0.35813901 -0.49856201 -0.109717
v 0.34978601 -0.493375 0.072919
v 0.37013099 -0.47434399 -0.14790501
v 0.33734301 -0.442543 -0.0997
v 0.354047 -0.438384 -0.110458
v 0.34340501 -0.39883101 -0.101787
v 0.37899899 -0.38176599 -0.170608
v 0.35058701 -0.343977 -0.19402
v 0.353614 -0.294292 -0.19602799
v 0.36161301 -0.29278699 -0.243288
v 0.35374001 -0.28914899 -0.220138
v 0.36400101 -0.301631 -0.104646
v 0.36467099 -0.302553 -0.154809
v 0.36065 -0.27309901 -0.161755
v 0.342421 -0.29540199 -0.147471
v 0.33601901 -0.268051 -0.181502
v 0.33863801 -0.27847499 -0.101486
v 0.34652901 -0.279414 -0.135418
v 0.345727 -0.25674999 -0.104021
v 0.337037 -0.25400999 -0.130136
v 0.32944301 -0.244261 -0.102134
v 0.44184601 -0.85136002 -0.099922
v 0.44447199 -0.85113698 -0.24266
v 0.46747401 -0.85125601 0.91932303
v 0.40608901 -0.70529801 0.116004
v 0.40706599 -0.68546897 -0.037729
v 0.28826299 -0.687729 -0.038681
v 0.29516801 -0.67964101 -0.034379
v 0.46574599 -0.67038101 -0.097538
v 0.347278 -0.63070202 0.152062
v 0.36107901 -0.61243999 0.110658
v 0.34697601 -0.582129 0.125971
v 0.36262199 -0.57637697 0.122417
v 0.36107901 -0.61243999 0.110658
v 0.34043801 -0.57543802 0.124177
v 0.36262199 -0.57637697 0.122417
v 0.37443 -0.57732201 0.16583499
v 0.36895001 -0.57007402 0.17110001
v 0.33883199 -0.57688498 0.152542
v 0.33131301 -0.572465 0.152229
v 0.36899999 -0.55398703 0.204293
v 0.33859 -0.54660499 -0.076138
v 0.355286 -0.549317 -0.083027
v 0.35516399 -0.53741401 -0.093457
v 0.35516399 -0.53741401 -0.093457
v 0.35474601 -0.51799101 -0.092707
v 0.36372 -0.51761401 -0.017851
v 0.34377101 -0.524261 0.009982
v 0.378126 -0.51859701 0.199274
v 0.36372 -0.51761401 -0.017851
v 0.37019899 -0.500723 0.002565
v 0.366734 -0.49341699 -0.14754599
v 0.34853199 -0.49312001 0.19415499
v 0.390522 -0.45418099 -0.190163
v 0.36925399 -0.44699699 -0.089607
v 0.35749599 -0.435651 -0.172747
v 0.35749599 -0.435651 -0.172747
v 0.36161101 -0.382442 -0.14108001
v 0.339825 -0.38100401 -0.12071
v 0.36161101 -0.382442 -0.14108001
v 0.36888999 -0.35014299 -0.14100701
v 0.345752 -0.34555399 -0.144531
v 0.36269599 -0.343705 -0.122626
v 0.345752 -0.34555399 -0.144531
v 0.342421 -0.29540199 -0.147471
v 0.353614 -0.294292 -0.19602799
v 0.36400101 -0.301631 -0.104646
v 0.36161301 -0.29278699 -0.243288
v 0.35374001 -0.28914899 -0.220138
v 0.31214499 -0.27166101 -0.31050199
v 0.374632 -0.29241601 -0.180674
v 0.353614 -0.294292 -0.19602799
v 0.33601901 -0.268051 -0.181502
v 0.525388 -0.851192 -0.99373603
v 0.43228999 -0.85150898 0.18000799
v 0.40812901 -0.76450998 0.14058401
v 0.402053 -0.70945901 -0.050897
v 0.29837 -0.704247 -0.042955
v 0.40608901 -0.70529801 0.116004
v 0.39692101 -0.67969298 -0.034781
v 0.46443099 -0.64972699 -0.09848
v 0.396631 -0.63220602 -0.012973
v 0.38040701 -0.62275302 0.107698
v 0.38040701 -0.62275302 0.107698
v 0.39371401 -0.59609002 0.133397
v 0.342316 -0.619138 0.15494999
v 0.38141099 -0.52752697 -0.121902
v 0.38372901 -0.51458502 -0.012121
v 0.38234299 -0.51590699 0.082388
v 0.37670001 -0.50364 -0.018273
v 0.366734 -0.49341699 -0.14754599
v 0.39526099 -0.49318999 0.099702
v 0.38417399 -0.43471399 -0.187729
v 0.36588201 -0.436979 -0.142857
v 0.354047 -0.438384 -0.110458
v 0.36850199 -0.44097999 -0.125323
v 0.354047 -0.438384 -0.110458
v 0.36925399 -0.44699699 -0.089607
v 0.36588201 -0.436979 -0.142857
v 0.367953 -0.40406501 -0.127038
v 0.366456 -0.393397 -0.18611699
v 0.39688 -0.34412301 -0.093025
v 0.35339901 -0.34349301 -0.099151
v 0.36888999 -0.35014299 -0.14100701
v 0.37835199 -0.325495 -0.214018
v 0.35339901 -0.34349301 -0.099151
v 0.374309 -0.29269099 -0.21408799
v 0.467558 -0.278813 -0.29278299
v 0.36065 -0.27309901 -0.161755
v 0.66920298 -0.85132098 -0.48536801
v 0.26905999 -0.85121101 -0.228071
v 0.44447199 -0.85113698 -0.24266
v 0.14066599 -0.85130101 -0.34732801
v 0.44783199 -0.851237 0.26635399
v 0.39676201 -0.702115 -0.04018
v 0.39676201 -0.702115 -0.04018
v 0.292665 -0.67922401 0.105681
v 0.29516801 -0.67964101 -0.034379
v 0.40470901 -0.67956501 0.081447
v 0.40714401 -0.67900902 0.106033
v 0.38762099 -0.63291001 0.169193
v 0.38762099 -0.63291001 0.169193
v 0.347278 -0.63070202 0.152062
v 0.38925001 -0.61537302 0.174559
v 0.40262699 -0.61016703 0.126737
v 0.47169101 -0.57794303 -0.31067199
v 0.39845201 -0.571733 0.130334
v 0.38271201 -0.54447502 -0.114119
v 0.36372 -0.51761401 -0.017851
v 0.37670001 -0.50364 -0.018273
v 0.38372901 -0.51458502 -0.012121
v 0.366734 -0.49341699 -0.14754599
v 0.37813199 -0.48259199 0.180263
v 0.384866 -0.48544601 -0.139066
v 0.38693899 -0.455672 -0.254096
v 0.38417399 -0.43471399 -0.187729
v 0.38648301 -0.37374601 -0.136637
v 0.47745499 -0.36565399 -0.085292
v 0.35014799 -0.349323 -0.26658699
v 0.36365601 -0.34054101 -0.246831
v 0.38896599 -0.34952801 -0.22630499
v 0.35014799 -0.349323 -0.26658699
v 0.36888999 -0.35014299 -0.14100701
v 0.36269599 -0.343705 -0.122626
v 0.37119299 -0.341903 -0.121571
v 0.36888999 -0.35014299 -0.14100701
v 0.373456 -0.30878499 -0.141123
v 0.36467099 -0.302553 -0.154809
v 0.373456 -0.30878499 -0.141123
v 0.374309 -0.29269099 -0.21408799
v 0.37216201 -0.293437 -0.110163
v 0.37990499 -0.31619599 -0.191873
v 0.374632 -0.29241601 -0.180674
v 0.37371799 -0.29806799 -0.164736
v 0.37371799 -0.29806799 -0.164736
v 0.525388 -0.851192 -0.99373603
v 0.41294801 -0.80030698 -0.060917
v 0.40245101 -0.63965702 0.16958401
v 0.38762099 -0.63291001 0.169193
v 0.396687 -0.63220799 0.065765
v 0.422315 -0.632348 0.104468
v 0.39845201 -0.571733 0.130334
v 0.36895001 -0.57007402 0.17110001
v 0.37443 -0.57732201 0.16583499
v 0.38701299 -0.57521498 0.14415
v 0.38765499 -0.574386 0.106449
v 0.40430701 -0.55144101 0.103748
v 0.38701299 -0.57521498 0.14415
v 0.38161701 -0.56011701 0.19133499
v 0.38161701 -0.56011701 0.19133499
v 0.378126 -0.51859701 0.199274
v 0.36899999 -0.55398703 0.204293
v 0.37019899 -0.500723 0.002565
v 0.39526099 -0.49318999 0.099702
v 0.38141099 -0.52752697 -0.121902
v 0.386567 -0.476035 -0.13393299
v 0.386567 -0.476035 -0.13393299
v 0.377395 -0.451938 -0.22417299
v 0.40825099 -0.44287801 -0.099753
v 0.367953 -0.40406501 -0.127038
v 0.40274099 -0.419402 -0.09756
v 0.377395 -0.451938 -0.22417299
v 0.378656 -0.42574 -0.224683
v 0.390066 -0.42507699 -0.24718601
v 0.38656101 -0.34115401 -0.206384
v 0.35339901 -0.34349301 -0.099151
v 0.38656101 -0.34115401 -0.206384
v 0.379197 -0.34279799 -0.19650801
v 0.38656101 -0.34115401 -0.206384
v 0.37835199 -0.325495 -0.214018
v 0.386628 -0.334571 -0.126626
v 0.38703299 -0.32956901 -0.118138
v 0.37119299 -0.341903 -0.121571
v 0.379197 -0.34279799 -0.19650801
v 0.373456 -0.30878499 -0.141123
v 0.37119299 -0.341903 -0.121571
v 0.38703299 -0.32956901 -0.118138
v 0.37216201 -0.293437 -0.110163
v 0.37371799 -0.29806799 -0.164736
v 0.391592 -0.29742199 -0.173372
v 0.374632 -0.29241601 -0.180674
v 0.38759899 -0.28719401 -0.151411
v 0.37371799 -0.29806799 -0.164736
v 0.37927401 -0.280449 -0.119439
v 0.46689999 -0.27916399 -0.31663901
v 0.381262 -0.24151701 -0.104538
v 0.38874799 -0.246702 -0.13390499
v 0.66628599 -0.863159 -0.53716898
v 0.44739801 -0.86336601 0.14873999
v 0.412855 -0.69293898 -0.070323
v 0.38040701 -0.62275302 0.107698
v 0.39371401 -0.59609002 0.133397
v 0.47169101 -0.57794303 -0.31067199
v 0.39845201 -0.571733 0.130334
v 0.355286 -0.549317 -0.083027
v 0.419018 -0.542427 -0.088312
v 0.38271201 -0.54447502 -0.114119
v 0.4082 -0.52279198 0.127563
v 0.37813199 -0.48259199 0.180263
v 0.37019899 -0.500723 0.002565
v 0.38372901 -0.51458502 -0.012121
v 0.37670001 -0.50364 -0.018273
v 0.399396 -0.48787501 -0.14546099
v 0.40166301 -0.48912001 0.123474
v 0.472184 -0.45489699 -0.28981701
v 0.472184 -0.45489699 -0.28981701
v 0.38693899 -0.455672 -0.254096
v 0.390522 -0.45418099 -0.190163
v 0.38417399 -0.43471399 -0.187729
v 0.39930901 -0.40092 -0.19163799
v 0.40857801 -0.39717001 -0.106531
v 0.36161101 -0.382442 -0.14108001
v 0.411329 -0.34793901 -0.248127
v 0.35339901 -0.34349301 -0.099151
v 0.39688 -0.34412301 -0.093025
v 0.37119299 -0.341903 -0.121571
v 0.388304 -0.344035 -0.126605
v 0.379197 -0.34279799 -0.19650801
v 0.37990499 -0.31619599 -0.191873
v 0.38656101 -0.34115401 -0.206384
v 0.392562 -0.323026 -0.214322
v 0.39192 -0.30835801 -0.125374
v 0.401104 -0.313575 -0.146065
v 0.393444 -0.287972 -0.108637
v 0.374632 -0.29241601 -0.180674
v 0.397163 -0.286639 -0.19210599
v 0.397163 -0.286639 -0.19210599
v 0.38759899 -0.28719401 -0.151411
v 0.381262 -0.24151701 -0.104538
v 0.390544 -0.246857 -0.121811
v 0.389523 -0.23086099 -0.098691
v 0.64047098 -0.86297202 0.79307401
v 0.41313699 -0.851731 0.134137
v 0.39959601 -0.79679602 0.144346
v 0.369562 -0.78947699 -0.045276
v 0.40470901 -0.77075702 -0.048634
v 0.41036099 -0.76963103 0.12661301
v 0.39692101 -0.67969298 -0.034781
v 0.405072 -0.62119699 0.16625801
v 0.38925001 -0.61537302 0.174559
v 0.39845201 -0.571733 0.130334
v 0.434313 -0.55126101 -0.081498
v 0.419018 -0.542427 -0.088312
v 0.38141099 -0.52752697 -0.121902
v 0.38271201 -0.54447502 -0.114119
v 0.39410001 -0.51400203 -0.095587
v 0.40759799 -0.49005201 -0.122459
v 0.39410001 -0.51400203 -0.095587
v 0.40166301 -0.48912001 0.123474
v 0.384866 -0.48544601 -0.139066
v 0.399396 -0.48787501 -0.14546099
v 0.40267199 -0.453989 -0.26442501
v 0.38693899 -0.455672 -0.254096
v 0.390066 -0.42507699 -0.24718601
v 0.40267199 -0.453989 -0.26442501
v 0.40436 -0.41035199 -0.24766
v 0.39930901 -0.40092 -0.19163799
v 0.411432 -0.39291501 -0.218027
v 0.41946501 -0.38079101 -0.14035501
v 0.388304 -0.344035 -0.126605
v 0.39692399 -0.33353999 -0.129751
v 0.388304 -0.344035 -0.126605
v 0.38703299 -0.32956901 -0.118138
v 0.39692399 -0.33353999 -0.129751
v 0.39688 -0.34412301 -0.093025
v 0.38703299 -0.32956901 -0.118138
v 0.388304 -0.344035 -0.126605
v 0.39192 -0.30835801 -0.125374
v 0.40331 -0.32704899 -0.089269
v 0.40102199 -0.290234 -0.09861
v 0.39836201 -0.28924 -0.20860399
v 0.39664701 -0.28872001 -0.14558899
v 0.393444 -0.287972 -0.108637
v 0.40011001 -0.25319201 -0.160363
v 0.38759899 -0.28719401 -0.151411
v 0.39664701 -0.28872001 -0.14558899
v 0.40011001 -0.25319201 -0.160363
v 0.40075701 -0.28219199 -0.17027999
v 0.38759899 -0.28719401 -0.151411
v 0.40461001 -0.248523 -0.17675801
v 0.39664701 -0.28872001 -0.14558899
v 0.38759899 -0.28719401 -0.151411
v 0.38874799 -0.246702 -0.13390499
v 0.390544 -0.246857 -0.121811
v 0.38874799 -0.246702 -0.13390499
v 0.390544 -0.246857 -0.121811
v 0.401838 -0.242321 -0.105629
v 0.39192 -0.30835801 -0.125374
v 0.401838 -0.242321 -0.105629
v 0.389523 -0.23086099 -0.098691
v 0.68799597 -0.85127997 0.75452602
v 0.41512701 -0.788225 0.123234
v 0.40812901 -0.76450998 0.14058401
v 0.40248799 -0.70537198 0.13895001
v 0.40099999 -0.70928401 0.129381
v 0.40848899 -0.71153003 -0.036324
v 0.40869099 -0.69912601 -0.032663
v 0.40706599 -0.68546897 -0.037729
v 0.42238101 -0.63269299 0.149855
v 0.41108301 -0.61824101 -0.034032
v 0.41533199 -0.61307901 0.065685
v 0.42524701 -0.62238699 0.087641
v 0.35742399 -0.631253 0.107688
v 0.422315 -0.632348 0.104468
v 0.405072 -0.62119699 0.16625801
v 0.41158199 -0.61339402 -0.015377
v 0.405072 -0.62119699 0.16625801
v 0.40262699 -0.61016703 0.126737
v 0.40430701 -0.55144101 0.103748
v 0.38765499 -0.574386 0.106449
v 0.39526099 -0.49318999 0.099702
v 0.43171901 -0.454339 -0.26826599
v 0.43808499 -0.38769099 -0.193378
v 0.38648301 -0.37374601 -0.136637
v 0.469042 -0.37289599 -0.091758
v 0.43334001 -0.37386101 -0.127369
v 0.40649799 -0.34514701 -0.223208
v 0.410384 -0.33220699 -0.231038
v 0.40649799 -0.34514701 -0.223208
v 0.39692399 -0.33353999 -0.129751
v 0.404129 -0.316769 -0.13755
v 0.401104 -0.313575 -0.146065
v 0.42733601 -0.318845 -0.22992299
v 0.404129 -0.316769 -0.13755
v 0.393444 -0.287972 -0.108637
v 0.468108 -0.342127 -0.29307601
v 0.391592 -0.29742199 -0.173372
v 0.40075701 -0.28219199 -0.17027999
v 0.41090599 -0.291143 -0.172923
v 0.391592 -0.29742199 -0.173372
v 0.393444 -0.287972 -0.108637
v 0.41457099 -0.199729 -0.168111
v 0.389523 -0.23086099 -0.098691
v 0.415613 -0.792458 -0.045314
v 0.41512701 -0.788225 0.123234
v 0.41332999 -0.80865902 0.139019
v 0.39959601 -0.79679602 0.144346
v 0.41332999 -0.80865902 0.139019
v 0.415613 -0.792458 -0.045314
v 0.415613 -0.792458 -0.045314
v 0.41497499 -0.76628298 -0.041008
v 0.40470901 -0.77075702 -0.048634
v 0.41115299 -0.76101297 -0.065717
v 0.417088 -0.76737499 0.155573
v 0.41497499 -0.76628298 -0.041008
v 0.41115299 -0.76101297 -0.065717
v 0.402053 -0.70945901 -0.050897
v 0.41115299 -0.76101297 -0.065717
v 0.40848899 -0.71153003 -0.036324
v 0.41036099 -0.76963103 0.12661301
v 0.40608901 -0.70529801 0.116004
v 0.40304399 -0.708435 -0.059206
v 0.40848899 -0.71153003 -0.036324
v 0.41896001 -0.70708698 0.106931
v 0.41314399 -0.70149201 0.106568
v 0.41198701 -0.68767601 0.106097
v 0.40706599 -0.68546897 -0.037729
v 0.40869099 -0.69912601 -0.032663
v 0.404405 -0.69036502 0.112498
v 0.43752599 -0.679784 -0.073724
v 0.41198701 -0.68767601 0.106097
v 0.40714401 -0.67900902 0.106033
v 0.43752599 -0.679784 -0.073724
v 0.44000199 -0.631459 -0.048184
v 0.419018 -0.542427 -0.088312
v 0.42190301 -0.50756401 -0.090279
v 0.44089001 -0.47498301 -0.14292599
v 0.46715301 -0.47174001 -0.13827901
v 0.36925399 -0.44699699 -0.089607
v 0.43171901 -0.454339 -0.26826599
v 0.42242101 -0.42216101 -0.25845301
v 0.40436 -0.41035199 -0.24766
v 0.43808499 -0.38769099 -0.193378
v 0.45254001 -0.373373 -0.176539
v 0.43212199 -0.35161299 -0.087064
v 0.411329 -0.34793901 -0.248127
v 0.41090599 -0.291143 -0.172923
v 0.414186 -0.28858501 -0.161149
v 0.42945701 -0.29403901 -0.139548
v 0.393444 -0.287972 -0.108637
v 0.40102199 -0.290234 -0.09861
v 0.42945701 -0.29403901 -0.139548
v 0.40075701 -0.28219199 -0.17027999
v 0.414186 -0.28858501 -0.161149
v 0.41984901 -0.25140399 -0.160034
v 0.414186 -0.28858501 -0.161149
v 0.40075701 -0.28219199 -0.17027999
v 0.40461001 -0.248523 -0.17675801
v 0.46725199 -0.27320799 -0.295937
v 0.41984901 -0.25140399 -0.160034
v 0.41457099 -0.199729 -0.168111
v 0.417225 -0.22980601 -0.183567
v 0.426184 -0.190704 -0.189165
v 0.66920298 -0.85132098 -0.48536801
v 0.41494101 -0.85163897 -0.049332
v 0.41713801 -0.84557998 -0.067973
v 0.41566199 -0.85122401 -0.080286
v 0.41856301 -0.845191 0.15833101
v 0.41313699 -0.851731 0.134137
v 0.43228999 -0.85150898 0.18000799
v 0.41294801 -0.80030698 -0.060917
v 0.42206299 -0.81668502 -0.081209
v 0.43132401 -0.80485499 -0.034265
v 0.41332999 -0.80865902 0.139019
v 0.43131399 -0.81709301 0.17277101
v 0.427946 -0.79325497 -0.082406
v 0.42206299 -0.81668502 -0.081209
v 0.427448 -0.76922202 0.113147
v 0.42662299 -0.71116197 -0.025176
v 0.426687 -0.68282402 0.15234999
v 0.42046601 -0.70828098 -0.019974
v 0.40869099 -0.69912601 -0.032663
v 0.42046601 -0.70828098 -0.019974
v 0.41314399 -0.70149201 0.106568
v 0.41896001 -0.70708698 0.106931
v 0.426687 -0.68282402 0.15234999
v 0.45889801 -0.64850301 0.173921
v 0.42238101 -0.63269299 0.149855
v 0.422315 -0.632348 0.104468
v 0.49136099 -0.58228898 -0.170127
v 0.489737 -0.57748401 -0.113129
v 0.37382001 -0.57088101 -0.087997
v 0.492466 -0.56226701 -0.081756
v 0.466544 -0.46972001 -0.086284
v 0.44351801 -0.40232399 -0.112033
v 0.47287899 -0.569085 -0.31785601
v 0.44891399 -0.38007101 -0.169154
v 0.44891399 -0.38007101 -0.169154
v 0.41946501 -0.38079101 -0.14035501
v 0.4296 -0.349022 -0.264424
v 0.43086699 -0.34263399 -0.094972
v 0.42788801 -0.319653 -0.25118899
v 0.40331 -0.32704899 -0.089269
v 0.42945701 -0.29403901 -0.139548
v 0.43245399 -0.29875201 -0.100591
v 0.40102199 -0.290234 -0.09861
v 0.40331 -0.32704899 -0.089269
v 0.41984901 -0.25140399 -0.160034
v 0.417225 -0.22980601 -0.183567
v 0.452079 -0.85143697 -0.03502
v 0.43215001 -0.84635901 0.123024
v 0.41313699 -0.851731 0.134137
v 0.41856301 -0.845191 0.15833101
v 0.41856301 -0.845191 0.15833101
v 0.43215001 -0.84635901 0.123024
v 0.43469799 -0.80085498 0.117949
v 0.40887401 -0.78985798 0.151253
v 0.42802101 -0.78729302 -0.02802
v 0.42802101 -0.78729302 -0.02802
v 0.429737 -0.78985298 0.103049
v 0.43147701 -0.77166599 0.106991
v 0.43147701 -0.77166599 0.106991
v 0.43469799 -0.80085498 0.117949
v 0.44505799 -0.77600199 0.16595501
v 0.43131399 -0.81709301 0.17277101
v 0.436055 -0.76116502 -0.028079
v 0.430069 -0.773929 -0.015673
v 0.436055 -0.76116502 -0.028079
v 0.40848899 -0.71153003 -0.036324
v 0.42662299 -0.71116197 -0.025176
v 0.42842099 -0.70875299 0.099901
v 0.46574599 -0.67038101 -0.097538
v 0.42190301 -0.50756401 -0.090279
v 0.39410001 -0.51400203 -0.095587
v 0.44835499 -0.489786 -0.115182
v 0.44239399 -0.484745 -0.147842
v 0.44239399 -0.484745 -0.147842
v 0.46752799 -0.44690299 -0.08794
v 0.44239599 -0.41771001 -0.23865101
v 0.411432 -0.39291501 -0.218027
v 0.452167 -0.39817399 -0.23030201
v 0.44039601 -0.34734899 -0.253539
v 0.44039601 -0.34734899 -0.253539
v 0.441185 -0.29396799 -0.213653
v 0.39836201 -0.28924 -0.20860399
v 0.44543099 -0.28926101 -0.19168399
v 0.441185 -0.29396799 -0.213653
v 0.43245399 -0.29875201 -0.100591
v 0.46394101 -0.27155 -0.31047699
v 0.46725199 -0.27320799 -0.295937
v 0.43440899 -0.207065 -0.17295501
v 0.43440899 -0.207065 -0.17295501
v 0.426184 -0.190704 -0.189165
v 0.450324 -0.845788 -0.093521
v 0.41713801 -0.84557998 -0.067973
v 0.443694 -0.85155702 0.112736
v 0.41713801 -0.84557998 -0.067973
v 0.450324 -0.845788 -0.093521
v 0.43823501 -0.810794 -0.088398
v 0.43629801 -0.796965 -0.02721
v 0.42802101 -0.78729302 -0.02802
v 0.43629801 -0.796965 -0.02721
v 0.429737 -0.78985298 0.103049
v 0.43625301 -0.79678398 0.103235
v 0.43469799 -0.80085498 0.117949
v 0.43817499 -0.76577002 -0.019218
v 0.436055 -0.76116502 -0.028079
v 0.430069 -0.773929 -0.015673
v 0.43147701 -0.77166599 0.106991
v 0.44097501 -0.73953599 -0.078298
v 0.427448 -0.76922202 0.113147
v 0.44424999 -0.76497102 0.109836
v 0.436055 -0.76116502 -0.028079
v 0.44438601 -0.70775801 -0.03048
v 0.42662299 -0.71116197 -0.025176
v 0.427448 -0.76922202 0.113147
v 0.41896001 -0.70708698 0.106931
v 0.44424999 -0.76497102 0.109836
v 0.441268 -0.70850199 0.109058
v 0.441268 -0.70850199 0.109058
v 0.43961301 -0.70264602 -0.024303
v 0.43961301 -0.70264602 -0.024303
v 0.43764701 -0.704597 0.095489
v 0.466869 -0.63620502 0.16333599
v 0.45508999 -0.61435997 -0.030383
v 0.441605 -0.60926098 0.02279
v 0.45141399 -0.61044902 0.056035
v 0.49147701 -0.58393401 -0.29160401
v 0.46433699 -0.51318699 -0.104963
v 0.46433699 -0.51318699 -0.104963
v 0.44956601 -0.44089901 -0.114312
v 0.43808499 -0.38769099 -0.193378
v 0.44292301 -0.37777901 -0.13979501
v 0.44292301 -0.37777901 -0.13979501
v 0.469042 -0.37289599 -0.091758
v 0.43086699 -0.34263399 -0.094972
v 0.43860701 -0.34245101 -0.101756
v 0.40331 -0.32704899 -0.089269
v 0.42733601 -0.318845 -0.22992299
v 0.439071 -0.32107699 -0.236305
v 0.42788801 -0.319653 -0.25118899
v 0.43860701 -0.34245101 -0.101756
v 0.43513799 -0.344955 -0.13326301
v 0.43573299 -0.30236399 -0.13943
v 0.42945701 -0.29403901 -0.139548
v 0.44819701 -0.28279999 -0.165151
v 0.46394101 -0.27155 -0.31047699
v 0.426184 -0.190704 -0.189165
v 0.452169 -0.84598202 0.119928
v 0.452079 -0.85143697 -0.03502
v 0.43132401 -0.80485499 -0.034265
v 0.41494101 -0.85163897 -0.049332
v 0.452169 -0.84598202 0.119928
v 0.44924399 -0.79888201 -0.027091
v 0.43629801 -0.796965 -0.02721
v 0.44424999 -0.79866898 0.10508
v 0.45094201 -0.80495101 0.118511
v 0.44924399 -0.79888201 -0.027091
v 0.44642401 -0.68699098 0.144721
v 0.43764701 -0.704597 0.095489
v 0.43961301 -0.70264602 -0.024303
v 0.44189599 -0.69551301 0.106297
v 0.441268 -0.70850199 0.109058
v 0.447146 -0.68896198 -0.062623
v 0.44097501 -0.73953599 -0.078298
v 0.43752599 -0.679784 -0.073724
v 0.440164 -0.68806702 0.057961
v 0.44026101 -0.68699503 -0.027581
v 0.44215801 -0.683406 0.10631
v 0.45138699 -0.68767703 0.127226
v 0.45440501 -0.679425 -0.050215
v 0.44464701 -0.67903399 -0.030419
v 0.444013 -0.67954803 0.036834
v 0.444013 -0.67954803 0.036834
v 0.45835099 -0.67875701 0.128456
v 0.440164 -0.68806702 0.057961
v 0.44215801 -0.683406 0.10631
v 0.46363401 -0.63356 0.055477
v 0.445784 -0.61891299 0.070254
v 0.445784 -0.61891299 0.070254
v 0.49520701 -0.57097399 -0.089199
v 0.47406501 -0.53973699 -0.103359
v 0.466544 -0.46972001 -0.086284
v 0.45174801 -0.44105601 -0.25521201
v 0.30454701 -0.350795 -0.287687
v 0.46592101 -0.34393001 -0.094558
v 0.490998 -0.350972 -0.08383
v 0.46592101 -0.34393001 -0.094558
v 0.439071 -0.32107699 -0.236305
v 0.44819701 -0.28279999 -0.165151
v 0.45660999 -0.80855 -0.085424
v 0.45094201 -0.80495101 0.118511
v 0.44924399 -0.79888201 -0.027091
v 0.47025201 -0.81185502 -0.044389
v 0.45771801 -0.79110199 -0.034995
v 0.47025201 -0.81185502 -0.044389
v 0.45188001 -0.79658699 0.113153
v 0.44505799 -0.77600199 0.16595501
v 0.466506 -0.81576401 0.16815899
v 0.46794999 -0.80315799 0.155342
v 0.466506 -0.81576401 0.16815899
v 0.454429 -0.77676803 -0.078914
v 0.452544 -0.76797998 -0.032593
v 0.456554 -0.77257699 0.115103
v 0.452544 -0.76797998 -0.032593
v 0.45583299 -0.75644499 -0.039742
v 0.45725799 -0.73762399 0.122697
v 0.454429 -0.77676803 -0.078914
v 0.45725799 -0.73762399 0.122697
v 0.44438601 -0.70775801 -0.03048
v 0.45065099 -0.68809098 -0.050069
v 0.45835099 -0.67875701 0.128456
v 0.44642401 -0.68699098 0.144721
v 0.47423699 -0.67532003 -0.090558
v 0.467435 -0.67826003 0.002864
v 0.45835099 -0.67875701 0.128456
v 0.46663201 -0.678204 0.159968
v 0.466869 -0.63620502 0.16333599
v 0.40245101 -0.63965702 0.16958401
v 0.441605 -0.60926098 0.02279
v 0.45141399 -0.61044902 0.056035
v 0.45785999 -0.61846799 0.019652
v 0.47862199 -0.547463 -0.083665
v 0.46752799 -0.44690299 -0.08794
v 0.46186599 -0.439118 -0.13595399
v 0.44351801 -0.40232399 -0.112033
v 0.44956601 -0.44089901 -0.114312
v 0.46441501 -0.39767101 -0.146723
v 0.44891399 -0.38007101 -0.169154
v 0.44292301 -0.37777901 -0.13979501
v 0.46751201 -0.350234 -0.28771999
v 0.45393401 -0.34469101 -0.235797
v 0.468072 -0.34999099 -0.24588101
v 0.44039601 -0.34734899 -0.253539
v 0.42788801 -0.319653 -0.25118899
v 0.439071 -0.32107699 -0.236305
v 0.45393401 -0.34469101 -0.235797
v 0.443656 -0.34284201 -0.2211
v 0.456328 -0.309928 -0.20260701
v 0.441185 -0.29396799 -0.213653
v 0.44543099 -0.28926101 -0.19168399
v 0.43228999 -0.85150898 0.18000799
v 0.47345999 -0.851367 0.17625301
v 0.46921101 -0.84728998 0.16903999
v 0.46673799 -0.80153298 -0.049542
v 0.45188001 -0.79658699 0.113153
v 0.45804799 -0.79004598 0.11294
v 0.46779299 -0.788468 0.13309699
v 0.45094201 -0.80495101 0.118511
v 0.45966601 -0.77710801 -0.034423
v 0.456554 -0.77257699 0.115103
v 0.46557 -0.77756 -0.054799
v 0.452544 -0.76797998 -0.032593
v 0.45583299 -0.75644499 -0.039742
v 0.456554 -0.77257699 0.115103
v 0.46178699 -0.74528003 0.13837001
v 0.46696401 -0.80297101 -0.068395
v 0.45440501 -0.679425 -0.050215
v 0.44464701 -0.67903399 -0.030419
v 0.47413 -0.637954 0.070796
v 0.44000199 -0.631459 -0.048184
v 0.45508999 -0.61435997 -0.030383
v 0.46602201 -0.633542 -0.026029
v 0.47647199 -0.496539 -0.14274099
v 0.467529 -0.47900301 -0.17600299
v 0.47158301 -0.44767299 -0.251515
v 0.452167 -0.39817399 -0.23030201
v 0.43808499 -0.38769099 -0.193378
v 0.46766999 -0.40590701 -0.219998
v 0.46672401 -0.420701 -0.183984
v 0.45254001 -0.373373 -0.176539
v 0.46843699 -0.37270799 -0.191209
v 0.46751201 -0.350234 -0.28771999
v 0.43513799 -0.344955 -0.13326301
v 0.46388799 -0.34623599 -0.151601
v 0.46625 -0.34138101 -0.175364
v 0.463833 -0.30402699 -0.160144
v 0.46388799 -0.34623599 -0.151601
v 0.482705 -0.85130501 -0.079257
v 0.47734201 -0.84486699 -0.067797
v 0.452169 -0.84598202 0.119928
v 0.475575 -0.84968299 0.135325
v 0.443694 -0.85155702 0.112736
v 0.47345999 -0.851367 0.17625301
v 0.47548699 -0.82224602 0.135336
v 0.47734201 -0.84486699 -0.067797
v 0.47246799 -0.85089302 -0.043396
v 0.45660999 -0.80855 -0.085424
v 0.478596 -0.65080899 0.166575
v 0.47762001 -0.64176399 -0.085893
v 0.47762001 -0.64176399 -0.085893
v 0.46602201 -0.633542 -0.026029
v 0.49520701 -0.57097399 -0.089199
v 0.467529 -0.47900301 -0.17600299
v 0.47158301 -0.44767299 -0.251515
v 0.46186599 -0.439118 -0.13595399
v 0.46766999 -0.40590701 -0.219998
v 0.466178 -0.43995899 -0.170524
v 0.443656 -0.34284201 -0.2211
v 0.46763301 -0.34893599 -0.19232699
v 0.46763301 -0.34893599 -0.19232699
v 0.54196799 -0.851349 0.048113
v 0.47246799 -0.85089302 -0.043396
v 0.47734201 -0.84486699 -0.067797
v 0.47246799 -0.85089302 -0.043396
v 0.46921101 -0.84728998 0.16903999
v 0.47814801 -0.67249101 -0.083213
v 0.479054 -0.67177802 0.153154
v 0.478596 -0.65080899 0.166575
v 0.462569 -0.67348999 0.172038
v 0.46663201 -0.678204 0.159968
v 0.47423699 -0.67532003 -0.090558
v 0.47692701 -0.475815 -0.090637
v 0.482342 -0.46505401 -0.081974
v 0.47692701 -0.475815 -0.090637
v 0.476917 -0.43847999 -0.088746
v 0.476311 -0.440956 -0.28752199
v 0.476917 -0.43847999 -0.088746
v 0.47701001 -0.437471 -0.17644
v 0.466178 -0.43995899 -0.170524
v 0.476264 -0.40560499 -0.217508
v 0.47701001 -0.437471 -0.17644
v 0.47676 -0.37972701 -0.28788599
v 0.46766999 -0.40590701 -0.219998
v 0.47701001 -0.437471 -0.17644
v 0.476264 -0.40560499 -0.217508
v 0.47676 -0.37972701 -0.28788599
v 0.47680399 -0.37911499 -0.17959601
v 0.47718599 -0.37974101 -0.090575
v 0.477943 -0.30317199 -0.31976101
v 0.47694999 -0.344621 -0.28764001
v 0.47694999 -0.344621 -0.28764001
v 0.47661299 -0.34369701 -0.15951601
v 0.46388799 -0.34623599 -0.151601
v 0.47661299 -0.34369701 -0.15951601
v 0.477456 -0.341618 -0.087945
v 0.477456 -0.341618 -0.087945
v 0.476033 -0.27898899 -0.28753999
v 0.49587899 -0.27986801 -0.31034201
v 0.488157 -0.27154499 -0.29677701
v 0.49587899 -0.27986801 -0.31034201
v 0.482705 -0.85130501 -0.079257
v 0.47345999 -0.851367 0.17625301
v 0.479054 -0.67177802 0.153154
v 0.47991201 -0.64891702 0.016676
v 0.47814801 -0.67249101 -0.083213
v 0.47762001 -0.64176399 -0.085893
v 0.47423699 -0.67532003 -0.090558
v 0.478596 -0.65080899 0.166575
v 0.47991201 -0.64891702 0.016676
v 0.47762001 -0.64176399 -0.085893
v 0.46594101 -0.63489801 -0.081086
v 0.47406501 -0.53973699 -0.103359
v 0.47692701 -0.475815 -0.090637
v 0.46433699 -0.51318699 -0.104963
v 0.47647199 -0.496539 -0.14274099
v 0.47862199 -0.547463 -0.083665
v 0.482342 -0.46505401 -0.081974
v 0.46715301 -0.47174001 -0.13827901
v 0.467529 -0.47900301 -0.17600299
v 0.476311 -0.440956 -0.28752199
v 0.472184 -0.45489699 -0.28981701
v 0.47158301 -0.44767299 -0.251515
v 0.48969999 -0.57216197 -0.321623
v 0.489986 -0.37253499 -0.321915
v 0.476264 -0.40560499 -0.217508
v 0.476917 -0.43847999 -0.088746
v 0.47718599 -0.37974101 -0.090575
v 0.47701001 -0.437471 -0.17644
v 0.482342 -0.46505401 -0.081974
v 0.47680399 -0.37911499 -0.17959601
v 0.47676 -0.37972701 -0.28788599
v 0.47718599 -0.37974101 -0.090575
v 0.482342 -0.46505401 -0.081974
v 0.49184501 -0.401779 -0.081925
v 0.47718599 -0.37974101 -0.090575
v 0.49184501 -0.401779 -0.081925
v 0.47694999 -0.344621 -0.28764001
v 0.47661299 -0.34369701 -0.15951601
v 0.47705001 -0.273408 -0.27640399
v 0.47862601 -0.307836 -0.097308
v 0.477456 -0.341618 -0.087945
v 0.47751901 -0.28448501 -0.12603299
v 0.476033 -0.27898899 -0.28753999
v 0.48139301 -0.28049299 -0.11833
v 0.49438801 -0.29930601 -0.321004
v 0.476033 -0.27898899 -0.28753999
v 0.47705001 -0.273408 -0.27640399
v 0.47994801 -0.26907301 -0.153925
v 0.48917699 -0.26533201 -0.27225599
v 0.47994801 -0.26907301 -0.153925
v 0.475575 -0.84968299 0.135325
v 0.33668599 -0.851322 0.76303798
v 0.46747401 -0.85125601 0.91932303
v 0.68799597 -0.85127997 0.75452602
v 0.48969999 -0.57216197 -0.321623
v 0.47862601 -0.307836 -0.097308
v 0.49250001 -0.30180299 -0.096801
v 0.48139301 -0.28049299 -0.11833
v 0.48139301 -0.28049299 -0.11833
v 0.49949101 -0.27365801 -0.14053901
v 0.50001901 -0.269941 -0.161676
v 0.70574498 -0.851282 -0.85705
v 0.47345999 -0.851367 0.17625301
v 0.44783199 -0.851237 0.26635399
v 0.54196799 -0.851349 0.048113
v 0.499672 -0.57849199 -0.295176
v 0.49960199 -0.57638597 -0.158701
v 0.499672 -0.57849199 -0.295176
v 0.48969999 -0.57216197 -0.321623
v 0.49947199 -0.56810802 -0.31098101
v 0.49697 -0.55299699 -0.31827801
v 0.49520701 -0.57097399 -0.089199
v 0.499448 -0.55847299 -0.090069
v 0.492466 -0.56226701 -0.081756
v 0.49184501 -0.401779 -0.081925
v 0.49959999 -0.32711399 -0.31230599
v 0.49697 -0.55299699 -0.31827801
v 0.49438801 -0.29930601 -0.321004
v 0.49962699 -0.32052499 -0.092952
v 0.49587899 -0.27986801 -0.31034201
v 0.49250001 -0.30180299 -0.096801
v 0.49985099 -0.27353701 -0.27415401
v 0.49960199 -0.57638597 -0.158701
v 0.49977201 -0.45711401 -0.140266
v 0.499354 -0.37655601 -0.26460701
v 0.49936199 -0.38920701 -0.090568
v 0.490998 -0.350972 -0.08383
v 0.49962699 -0.32052499 -0.092952
v 0.50001901 -0.269941 -0.161676
v 0.49985099 -0.27353701 -0.27415401
v 0.49949101 -0.27365801 -0.14053901
v 0.49250001 -0.30180299 -0.096801
v 0.77401298 -0.85132098 0.35698199
v 0.74583602 -0.85139799 -0.378124
v 0.694085 -0.86301601 -0.98648101
v 0.82558298 -0.85131001 -0.130532
v 0.73220402 -0.86306697 0.40648299
v 0.80985498 -0.85132402 0.148688
v 0.87598801 -0.85118598 -0.99428397
v 0.87694901 -0.851179 0.98765802
v 0.85813802 -0.85097402 0.97879702
v 0.876445 -0.85070097 -0.98507798
v 0.87598801 -0.85118598 -0.99428397
v 0.80985498 -0.85132402 0.148688
v 0.778521 -0.86308998 0.003411
v 0.85813802 -0.85097402 0.97879702
v 0.87694901 -0.851179 0.98765802
v 0.85797799 -0.85114199 0.54426402
v 0.87648898 -0.86284399 0.985888
v 0.87639803 -0.86285001 -0.84969401
v 0.88215399 -0.852777 0.98772901
v 0.881962 -0.86066997 0.98797297
v 0.88204402 -0.85273099 -0.99560201
v 0.881962 -0.86066997 0.98797297
v 0.87635499 -0.86289603 -0.213558
v 0.87646198 -0.85095203 -0.701904
v 0.85797799 -0.85114199 0.54426402
v 0.88205802 -0.86155498 -0.99557197
v 0.87630397 -0.862948 -0.51961201
v 0.876329 -0.86295599 0.18102901
v 0.876302 -0.86288601 0.495029
v 0.87638801 -0.862903 0.77630901
v 0.87642699 -0.850779 0.27548999
v 0.88205802 -0.86155498 -0.99557197
v 0.87636298 -0.850972 -0.198569
v 0.87634498 -0.85092598 0.73581398
v 0.88219702 -0.860654 -0.83184898
v 0.88249898 -0.86066198 -0.44966099
v 0.88235199 -0.86065298 -0.123018
v 0.88227999 -0.86063802 0.30115101
v 0.882249 -0.86068302 0.804842
v 0.88162899 -0.85280102 -0.85582697
v 0.88205802 -0.86155498 -0.99557197
v 0.88204402 -0.85273099 -0.99560201
v 0.88219702 -0.860654 -0.83184898
v 0.88152897 -0.85282099 -0.46331501
v 0.88249898 -0.86066198 -0.44966099
v 0.881356 -0.85277802 -0.15617301
v 0.88235199 -0.86065298 -0.123018
v 0.88156497 -0.85278398 0.247693
v 0.88227999 -0.86063802 0.30115101
v 0.88145 -0.85280502 0.69253099
v 0.882249 -0.86068302 0.804842
v 0.88215399 -0.852777 0.98772901
v 0.881962 -0.86066997 0.98797297
v 0.876445 -0.85070097 -0.98507798
v 0.88204402 -0.85273099 -0.99560201
v 0.87598801 -0.85118598 -0.99428397
v 0.88162899 -0.85280102 -0.85582697
v 0.87646198 -0.85095203 -0.701904
v 0.88152897 -0.85282099 -0.46331501
v 0.87636298 -0.850972 -0.198569
v 0.881356 -0.85277802 -0.15617301
v 0.88156497 -0.85278398 0.247693
v 0.87642699 -0.850779 0.27548999
v 0.87634498 -0.85092598 0.73581398
v 0.88145 -0.85280502 0.69253099
v 0.88215399 -0.852777 0.98772901
v 0.87694901 -0.851179 0.98765802
vt 0.00082 0.00088
vt 0.00199 0.05592
vt 0.00047 0.04593
vt 0.00052 0.15883
vt 0.00199 0.1914
vt 0.00201 0.25045
vt 0.0005 0.30122
vt 0.002 0.35009
vt 0.00056 0.42663
vt 0.00199 0.47837
vt 0.00054 0.50633
vt 0.00055 0.56231
vt 0.00202 0.56154
vt 0.95126 0.53378
vt 0.99014 0.53431
vt 0.99011 0.53027
vt 0.94822 0.53097
vt 0.84322 0.53109
vt 0.85226 0.5339
vt 0.76199 0.534
vt 0.71079 0.53122
vt 0.68457 0.53408
vt 0.6069 0.53417
vt 0.59415 0.53136
vt 0.53213 0.53425
vt 0.52007 0.53143
vt 0.46861 0.53431
vt 0.46808 0.53149
vt 0.47371 0.56001
vt 0.47374 0.55748
vt 0.47513 0.56054
vt 0.63107 0.57467
vt 0.66734 0.5728
vt 0.66995 0.57436
vt 0.60181 0.57271
vt 0.53206 0.57457
vt 0.45587 0.57271
vt 0.44178 0.57457
vt 0.36434 0.57459
vt 0.36385 0.57269
vt 0.28666 0.57454
vt 0.27089 0.57265
vt 0.21189 0.57455
vt 0.14789 0.57268
vt 0.14836 0.57467
vt 0.04081 0.05034
vt 0.5362 0.51084
vt 0.54913 0.50522
vt 0.47069 0.51088
vt 0.68209 0.51092
vt 0.93662 0.52321
vt 0.84366 0.52321
vt 0.90686 0.51211
vt 0.06129 0.10597
vt 0.03969 0.39749
vt 0.68709 0.50043
vt 0.75402 0.50416
vt 0.77409 0.51098
vt 0.77309 0.50348
vt 0.80386 0.5002
vt 0.86709 0.51103
vt 0.84738 0.50431
vt 0.9261 0.50407
vt 0.99014 0.51109
vt 0.05199 0.0005
vt 0.04574 0.00143
vt 0.03953 0.30893
vt 0.05126 0.49038
vt 0.94788 0.54283
vt 0.94789 0.54642
vt 0.89675 0.54332
vt 0.76111 0.49868
vt 0.55354 0.4249
vt 0.07269 0.56256
vt 0.54588 0.55738
vt 0.76155 0.49125
vt 0.2619 0.9662
vt 0.24836 0.97629
vt 0.24925 0.96853
vt 0.87684 0.44605
vt 0.86086 0.54628
vt 0.08719 0.56178
vt 0.53412 0.56033
vt 0.29155 0.97629
vt 0.09548 0.23947
vt 0.06079 0.55907
vt 0.46808 0.51211
vt 0.46818 0.41847
vt 0.79643 0.4268
vt 0.9901 0.44768
vt 0.77724 0.42694
vt 0.66928 0.3934
vt 0.98312 0.40629
vt 0.15013 0.23627
vt 0.11334 0.00143
vt 0.10044 0.32953
vt 0.74752 0.41184
vt 0.69889 0.41284
vt 0.82435 0.38005
vt 0.69446 0.4084
vt 0.12733 0.37848
vt 0.83051 0.79819
vt 0.82656 0.80502
vt 0.8131 0.79282
vt 0.36854 0.98519
vt 0.37464 0.99063
vt 0.36895 0.99445
vt 0.83521 0.80676
vt 0.81971 0.80667
vt 0.80902 0.79386
vt 0.97499 0.56155
vt 0.97351 0.56714
vt 0.95844 0.56352
vt 0.96561 0.57085
vt 0.95634 0.57265
vt 0.89812 0.78738
vt 0.89638 0.7775
vt 0.89338 0.78413
vt 0.79859 0.76264
vt 0.8102 0.76509
vt 0.7989 0.7664
vt 0.89243 0.77822
vt 0.71122 0.41048
vt 0.7902 0.40803
vt 0.77648 0.41333
vt 0.80591 0.7567
vt 0.81222 0.76127
vt 0.01098 0.93189
vt 0.00408 0.94145
vt 0.00718 0.95143
vt 0.81004 0.80211
vt 0.38449 0.98859
vt 0.37718 0.98032
vt 0.99835 0.9096
vt 0.99639 0.89948
vt 0.99859 0.89732
vt 0.70068 0.41141
vt 0.99577 0.90845
vt 0.77 0.40237
vt 0.65577 0.58489
vt 0.65515 0.59171
vt 0.65775 0.59001
vt 0.65775 0.57731
vt 0.64477 0.58824
vt 0.68201 0.54743
vt 0.68273 0.55359
vt 0.72013 0.55171
vt 0.7656 0.55474
vt 0.76826 0.55072
vt 0.77042 0.5555
vt 0.81509 0.93592
vt 0.81334 0.9326
vt 0.81831 0.93115
vt 0.72601 0.54833
vt 0.7281 0.73978
vt 0.77082 0.7442
vt 0.72731 0.74336
vt 0.72588 0.73939
vt 0.68559 0.7442
vt 0.68498 0.74084
vt 0.82864 0.76034
vt 0.82864 0.74881
vt 0.82321 0.75522
vt 0.99294 0.64733
vt 0.97841 0.64128
vt 0.99577 0.64093
vt 0.00235 0.95409
vt 0.88592 0.79651
vt 0.65481 0.57669
vt 0.64845 0.58308
vt 0.45587 0.67053
vt 0.44677 0.67413
vt 0.45577 0.67784
vt 0.98669 0.90227
vt 0.98672 0.89488
vt 0.98013 0.90979
vt 0.6406 0.59105
vt 0.98194 0.89653
vt 0.98246 0.90519
vt 0.67934 0.55367
vt 0.6808 0.5555
vt 0.67068 0.73314
vt 0.62567 0.7334
vt 0.66887 0.73577
vt 0.58772 0.73713
vt 0.58485 0.73447
vt 0.58285 0.73546
vt 0.91357 0.92919
vt 0.91033 0.9232
vt 0.91406 0.92129
vt 0.8166 0.9277
vt 0.77343 0.7409
vt 0.68548 0.73779
vt 0.82301 0.74521
vt 0.8234 0.75777
vt 0.06031 0.69231
vt 0.06244 0.70384
vt 0.05327 0.70384
vt 0.81351 0.75607
vt 0.98088 0.63587
vt 0.16939 0.71007
vt 0.1732 0.71797
vt 0.16291 0.72401
vt 0.39405 0.98609
vt 0.69684 0.40518
vt 0.65425 0.59931
vt 0.65401 0.59617
vt 0.64529 0.5786
vt 0.64236 0.59464
vt 0.17038 0.73849
vt 0.19627 0.73557
vt 0.16949 0.7331
vt 0.64524 0.60738
vt 0.64226 0.60727
vt 0.64354 0.63243
vt 0.6423 0.58131
vt 0.96341 0.90188
vt 0.97696 0.90937
vt 0.63951 0.65042
vt 0.63864 0.60506
vt 0.62134 0.58507
vt 0.67277 0.73369
vt 0.67275 0.73027
vt 0.62663 0.72652
vt 0.91684 0.92987
vt 0.91703 0.92715
vt 0.77163 0.73811
vt 0.72725 0.73551
vt 0.81161 0.92851
vt 0.81416 0.92525
vt 0.68216 0.68971
vt 0.67876 0.70081
vt 0.68216 0.69957
vt 0.77094 0.36075
vt 0.7723 0.35448
vt 0.76386 0.35521
vt 0.76893 0.35167
vt 0.05023 0.699
vt 0.05402 0.69173
vt 0.89533 0.79863
vt 0.49423 0.51901
vt 0.49812 0.52422
vt 0.4862 0.52422
vt 0.80591 0.78329
vt 0.79841 0.78953
vt 0.91423 0.60394
vt 0.91294 0.59491
vt 0.9169 0.60084
vt 0.39953 0.99445
vt 0.98545 0.56426
vt 0.39328 0.98038
vt 0.98121 0.57265
vt 0.16308 0.4941
vt 0.69667 0.39296
vt 0.2493 0.68197
vt 0.23984 0.68111
vt 0.24562 0.67958
vt 0.4784 0.88345
vt 0.52695 0.85318
vt 0.55987 0.88345
vt 0.99466 0.91473
vt 0.44937 0.68204
vt 0.65509 0.65463
vt 0.64663 0.64881
vt 0.64215 0.65012
vt 0.63663 0.59555
vt 0.63647 0.63503
vt 0.63631 0.64955
vt 0.63541 0.60581
vt 0.96155 0.89455
vt 0.95969 0.90839
vt 0.58521 0.0005
vt 0.60235 0.00113
vt 0.59928 0.00382
vt 0.61724 0.59167
vt 0.74186 0.72733
vt 0.75885 0.72011
vt 0.6859 0.71612
vt 0.71469 0.71391
vt 0.67371 0.6983
vt 0.67486 0.6905
vt 0.76103 0.36075
vt 0.82134 0.76106
vt 0.81513 0.75105
vt 0.01174 0.63925
vt 0.01174 0.65237
vt 0.00329 0.64059
vt 0.82207 0.7664
vt 0.48592 0.51514
vt 0.78528 0.78047
vt 0.79296 0.77122
vt 0.79332 0.77897
vt 0.80061 0.76921
vt 0.80414 0.7719
vt 0.79403 0.79357
vt 0.81156 0.77895
vt 0.18522 0.71872
vt 0.18574 0.72304
vt 0.18283 0.72402
vt 0.90823 0.58248
vt 0.90258 0.59024
vt 0.90437 0.57793
vt 0.90714 0.6011
vt 0.13798 0.00052
vt 0.81083 0.54319
vt 0.78947 0.39613
vt 0.44274 0.68017
vt 0.94729 0.66549
vt 0.94507 0.64987
vt 0.95078 0.65172
vt 0.15205 0.73745
vt 0.19352 0.74488
vt 0.20122 0.74274
vt 0.20958 0.74126
vt 0.44222 0.67382
vt 0.21009 0.73504
vt 0.42279 0.67776
vt 0.24433 0.66134
vt 0.23808 0.66143
vt 0.2393 0.63599
vt 0.62827 0.75025
vt 0.65862 0.75083
vt 0.63643 0.75515
vt 0.66905 0.75124
vt 0.65983 0.75594
vt 0.23412 0.63759
vt 0.59688 0.0078
vt 0.93843 0.89564
vt 0.93675 0.90421
vt 0.9424 0.91194
vt 0.93616 0.90905
vt 0.60276 0.59421
vt 0.60203 0.59006
vt 0.66383 0.72552
vt 0.66694 0.72553
vt 0.58939 0.72581
vt 0.54319 0.99142
vt 0.54319 0.9995
vt 0.5385 0.9959
vt 0.78092 0.77821
vt 0.78428 0.7719
vt 0.78772 0.76161
vt 0.79664 0.75917
vt 0.18119 0.71222
vt 0.17728 0.71667
vt 0.19222 0.72107
vt 0.8964 0.59111
vt 0.90417 0.59551
vt 0.05785 0.87171
vt 0.05962 0.87841
vt 0.05962 0.86418
vt 0.94309 0.07417
vt 0.9424 0.08244
vt 0.94695 0.07669
vt 0.23723 0.68365
vt 0.955 0.66521
vt 0.24376 0.66619
vt 0.04556 0.86996
vt 0.04618 0.87465
vt 0.15606 0.74424
vt 0.66733 0.75567
vt 0.59993 0.0106
vt 0.61595 0.75557
vt 0.61232 0.75028
vt 0.243 0.58914
vt 0.23897 0.59066
vt 0.24342 0.59294
vt 0.24335 0.61393
vt 0.2529 0.62277
vt 0.56833 0.00388
vt 0.23118 0.61824
vt 0.60379 0.58266
vt 0.60159 0.58577
vt 0.25067 0.62815
vt 0.9338 0.89716
vt 0.99953 0.39506
vt 0.99584 0.39304
vt 0.99202 0.39506
vt 0.5637 0.6622
vt 0.56857 0.62257
vt 0.56103 0.66281
vt 0.56596 0.6201
vt 0.57263 0.58165
vt 0.57099 0.57763
vt 0.93507 0.92341
vt 0.77606 0.71854
vt 0.79138 0.74823
vt 0.79502 0.7567
vt 0.81988 0.75317
vt 0.97549 0.64011
vt 0.88808 0.80189
vt 0.17492 0.70648
vt 0.01174 0.95409
vt 0.39953 0.96754
vt 0.40586 0.98234
vt 0.40758 0.96746
vt 0.41591 0.97219
vt 0.41862 0.97799
vt 0.19128 0.71049
vt 0.89316 0.58749
vt 0.89182 0.57265
vt 0.89743 0.60169
vt 0.87846 0.59178
vt 0.88358 0.5922
vt 0.87758 0.60206
vt 0.88719 0.59324
vt 0.87214 0.59648
vt 0.20754 0.98961
vt 0.19676 0.999
vt 0.19492 0.99061
vt 0.86995 0.60394
vt 0.1939 0.9995
vt 0.13187 0.56165
vt 0.47058 0.36785
vt 0.46817 0.35306
vt 0.70017 0.39386
vt 0.0568 0.86348
vt 0.92594 0.37302
vt 0.86654 0.3875
vt 0.45562 0.68826
vt 0.44272 0.68702
vt 0.15041 0.74179
vt 0.16628 0.74899
vt 0.95946 0.65341
vt 0.95598 0.64934
vt 0.64684 0.18186
vt 0.64554 0.18618
vt 0.65442 0.18517
vt 0.64767 0.17654
vt 0.65567 0.17561
vt 0.24499 0.58792
vt 0.24318 0.5838
vt 0.43086 0.68263
vt 0.0174 0.98739
vt 0.01549 0.98141
vt 0.02101 0.98572
vt 0.63105 0.75774
vt 0.4002 0.67878
vt 0.94021 0.91473
vt 0.25436 0.62495
vt 0.93629 0.91393
vt 0.59643 0.65034
vt 0.60038 0.65158
vt 0.60678 0.59882
vt 0.39581 0.67595
vt 0.39816 0.68098
vt 0.51686 0.93895
vt 0.51283 0.94127
vt 0.52347 0.94198
vt 0.50845 0.94198
vt 0.5902 0.66549
vt 0.37001 0.6723
vt 0.36884 0.67544
vt 0.57415 0.57844
vt 0.36744 0.67164
vt 0.66509 0.72186
vt 0.76613 0.93106
vt 0.78234 0.75148
vt 0.77139 0.77323
vt 0.77457 0.76334
vt 0.77449 0.78101
vt 0.89812 0.80371
vt 0.9795 0.62922
vt 0.2135 0.99435
vt 0.712 0.39465
vt 0.94225 0.08773
vt 0.774 0.39761
vt 0.78243 0.39535
vt 0.7766 0.39326
vt 0.78899 0.39905
vt 0.78575 0.3933
vt 0.04579 0.86316
vt 0.44557 0.6899
vt 0.03897 0.86955
vt 0.17241 0.74504
vt 0.17845 0.74752
vt 0.23116 0.66721
vt 0.15295 0.7545
vt 0.66288 0.18618
vt 0.66251 0.17917
vt 0.24055 0.58026
vt 0.24601 0.58017
vt 0.67558 0.65924
vt 0.67522 0.66895
vt 0.66995 0.65641
vt 0.25031 0.58806
vt 0.94695 0.71731
vt 0.93918 0.71594
vt 0.94186 0.72246
vt 0.83052 0.8796
vt 0.82325 0.885
vt 0.83052 0.88951
vt 0.43849 0.68694
vt 0.6387 0.76065
vt 0.0207 0.97837
vt 0.61747 0.76744
vt 0.64186 0.76196
vt 0.65277 0.76269
vt 0.40569 0.68373
vt 0.43246 0.68986
vt 0.25617 0.6216
vt 0.23267 0.65893
vt 0.22729 0.62076
vt 0.56667 0.0106
vt 0.56291 0.59564
vt 0.55676 0.59538
vt 0.5612 0.59789
vt 0.22498 0.61878
vt 0.23127 0.58805
vt 0.67048 0.69595
vt 0.73256 0.72339
vt 0.76202 0.77428
vt 0.76301 0.7666
vt 0.77991 0.75812
vt 0.76488 0.78367
vt 0.96652 0.64077
vt 0.96577 0.63291
vt 0.81535 0.74521
vt 0.89441 0.80979
vt 0.17993 0.70108
vt 0.88899 0.58254
vt 0.21549 0.9884
vt 0.05641 0.85487
vt 0.05734 0.85116
vt 0.96389 0.66549
vt 0.04473 0.85778
vt 0.96573 0.65203
vt 0.2315 0.68108
vt 0.93756 0.72322
vt 0.22816 0.66346
vt 0.68122 0.65813
vt 0.82301 0.8774
vt 0.66526 0.17407
vt 0.62567 0.76552
vt 0.25962 0.62151
vt 0.05087 0.98739
vt 0.40177 0.68691
vt 0.36976 0.68638
vt 0.75164 0.78091
vt 0.76923 0.75889
vt 0.77482 0.75882
vt 0.76303 0.79767
vt 0.7673 0.78559
vt 0.77274 0.78923
vt 0.76431 0.80285
vt 0.96636 0.62589
vt 0.9755 0.62308
vt 0.41432 0.96035
vt 0.88539 0.57734
vt 0.20165 0.72017
vt 0.88964 0.59224
vt 0.60329 0.81211
vt 0.61656 0.81668
vt 0.6051 0.81685
vt 0.61776 0.81026
vt 0.62587 0.80979
vt 0.6277 0.81685
vt 0.91665 0.91473
vt 0.91033 0.90477
vt 0.91972 0.91355
vt 0.17093 0.00121
vt 0.17512 0.9597
vt 0.16385 0.95573
vt 0.16851 0.96418
vt 0.16677 0.75842
vt 0.19388 0.75831
vt 0.17255 0.95325
vt 0.16467 0.94915
vt 0.94695 0.7281
vt 0.43388 0.69133
vt 0.63002 0.76893
vt 0.02266 0.971
vt 0.02047 0.97023
vt 0.99765 0.4694
vt 0.99765 0.43441
vt 0.99206 0.44546
vt 0.99108 0.46973
vt 0.22797 0.65563
vt 0.22264 0.63252
vt 0.22135 0.62316
vt 0.40325 0.6917
vt 0.55286 0.59528
vt 0.55932 0.64765
vt 0.5532 0.65207
vt 0.51221 0.90954
vt 0.51548 0.90973
vt 0.51426 0.91271
vt 0.56894 0.91271
vt 0.56822 0.90951
vt 0.57136 0.9098
vt 0.51481 0.88954
vt 0.38997 0.69094
vt 0.51293 0.88701
vt 0.22001 0.60892
vt 0.22105 0.59587
vt 0.57114 0.88707
vt 0.56819 0.88761
vt 0.51778 0.88648
vt 0.0493 0.68043
vt 0.0493 0.73508
vt 0.04755 0.68044
vt 0.04795 0.6776
vt 0.75622 0.93351
vt 0.72446 0.71644
vt 0.79335 0.92497
vt 0.77689 0.75141
vt 0.29812 0.56769
vt 0.3111 0.5666
vt 0.30051 0.57064
vt 0.76078 0.80676
vt 0.93908 0.84064
vt 0.93563 0.8469
vt 0.93944 0.82795
vt 0.93286 0.83
vt 0.42604 0.97178
vt 0.42486 0.98234
vt 0.88439 0.58445
vt 0.20534 0.71035
vt 0.21478 0.9995
vt 0.89851 0.90552
vt 0.77714 0.37744
vt 0.80098 0.38145
vt 0.54883 0.86888
vt 0.15446 0.57165
vt 0.14481 0.5666
vt 0.14225 0.57165
vt 0.15351 0.75633
vt 0.15727 0.75753
vt 0.99014 0.82694
vt 0.981 0.82048
vt 0.97699 0.82694
vt 0.21097 0.74613
vt 0.21111 0.75419
vt 0.21575 0.74768
vt 0.44158 0.70322
vt 0.98895 0.81854
vt 0.25218 0.57568
vt 0.25716 0.58295
vt 0.25962 0.58527
vt 0.67288 0.75968
vt 0.68 0.76015
vt 0.67043 0.77082
vt 0.99118 0.43535
vt 0.05117 0.97841
vt 0.22043 0.59182
vt 0.3665 0.67179
vt 0.77334 0.74957
vt 0.76083 0.78967
vt 0.40553 0.75832
vt 0.4012 0.76601
vt 0.40496 0.76554
vt 0.31386 0.57026
vt 0.31972 0.57064
vt 0.61028 0.67457
vt 0.62286 0.67802
vt 0.6179 0.68264
vt 0.6061 0.68264
vt 0.40508 0.77429
vt 0.41561 0.77021
vt 0.96765 0.62071
vt 0.93944 0.85116
vt 0.97066 0.6174
vt 0.42551 0.9664
vt 0.42415 0.95812
vt 0.21362 0.71013
vt 0.21271 0.72401
vt 0.89964 0.899
vt 0.94695 0.10343
vt 0.17148 0.75688
vt 0.9422 0.73108
vt 0.16905 0.69682
vt 0.1723 0.68886
vt 0.16479 0.6887
vt 0.43546 0.72451
vt 0.17512 0.94803
vt 0.68122 0.67053
vt 0.63519 0.76465
vt 0.98238 0.81584
vt 0.61147 0.77069
vt 0.60047 0.76315
vt 0.60769 0.75962
vt 0.55343 0.58748
vt 0.55535 0.58299
vt 0.55135 0.58604
vt 0.39692 0.70041
vt 0.2095 0.58476
vt 0.23329 0.58527
vt 0.58864 0.69943
vt 0.76496 0.70854
vt 0.95876 0.64662
vt 0.95304 0.646
vt 0.95805 0.63611
vt 0.6277 0.68214
vt 0.17956 0.6927
vt 0.18623 0.69651
vt 0.74601 0.71834
vt 0.74976 0.71191
vt 0.74976 0.722
vt 0.27981 0.82188
vt 0.28685 0.81735
vt 0.27491 0.81483
vt 0.27183 0.82237
vt 0.8972 0.88206
vt 0.90115 0.89163
vt 0.89235 0.88256
vt 0.19364 0.69831
vt 0.8921 0.89786
vt 0.20217 0.07065
vt 0.78056 0.38178
vt 0.14508 0.74603
vt 0.13995 0.74649
vt 0.14663 0.75405
vt 0.1723 0.70081
vt 0.1788 0.75878
vt 0.21664 0.77375
vt 0.22207 0.74758
vt 0.51616 0.6627
vt 0.50958 0.65047
vt 0.51784 0.64833
vt 0.50939 0.66449
vt 0.51784 0.66751
vt 0.87063 0.57461
vt 0.86669 0.58073
vt 0.87151 0.57978
vt 0.86432 0.57377
vt 0.63867 0.77118
vt 0.65709 0.76769
vt 0.65652 0.77155
vt 0.64812 0.77858
vt 0.34319 0.93794
vt 0.33974 0.93835
vt 0.34282 0.97053
vt 0.38506 0.69257
vt 0.21735 0.60475
vt 0.21804 0.60057
vt 0.37516 0.69165
vt 0.21633 0.59518
vt 0.01794 0.69883
vt 0.77439 0.68425
vt 0.94865 0.64733
vt 0.95203 0.6375
vt 0.40047 0.74565
vt 0.41497 0.74626
vt 0.95893 0.62829
vt 0.41348 0.75898
vt 0.41514 0.77464
vt 0.8205 0.77831
vt 0.81724 0.7886
vt 0.8173 0.77743
vt 0.96535 0.61403
vt 0.43052 0.95973
vt 0.56761 0.58195
vt 0.55964 0.58649
vt 0.55915 0.57871
vt 0.27487 0.82795
vt 0.90171 0.90914
vt 0.88898 0.90978
vt 0.86558 0.37976
vt 0.84158 0.37983
vt 0.14589 0.76709
vt 0.8784 0.58073
vt 0.87473 0.57366
vt 0.27559 0.84802
vt 0.28447 0.84653
vt 0.28779 0.85116
vt 0.27823 0.8434
vt 0.28779 0.84107
vt 0.66965 0.76743
vt 0.60879 0.78221
vt 0.62946 0.78021
vt 0.49404 0.88547
vt 0.49371 0.91816
vt 0.43906 0.88576
vt 0.38006 0.69874
vt 0.36514 0.70309
vt 0.77584 0.92846
vt 0.771 0.68284
vt 0.7147 0.70308
vt 0.94038 0.63126
vt 0.96102 0.61855
vt 0.18571 0.68965
vt 0.5666 0.59385
vt 0.88516 0.88531
vt 0.78514 0.37754
vt 0.15009 0.76803
vt 0.16614 0.76501
vt 0.17894 0.76571
vt 0.20673 0.75725
vt 0.20621 0.76529
vt 0.61253 0.78205
vt 0.67492 0.78641
vt 0.55088 0.65843
vt 0.52465 0.65309
vt 0.36787 0.70991
vt 0.2072 0.58851
vt 0.88762 0.97561
vt 0.8891 0.9783
vt 0.85688 0.9783
vt 0.04912 0.74016
vt 0.01733 0.73993
vt 0.66474 0.69541
vt 0.41247 0.7408
vt 0.41862 0.75123
vt 0.82348 0.7816
vt 0.82761 0.77639
vt 0.81905 0.7728
vt 0.19953 0.73007
vt 0.19782 0.722
vt 0.19484 0.73007
vt 0.53112 0.55348
vt 0.536 0.54844
vt 0.5385 0.55348
vt 0.4662 0.74016
vt 0.4662 0.75126
vt 0.4615 0.74371
vt 0.80022 0.37717
vt 0.82201 0.37579
vt 0.82724 0.37591
vt 0.56103 0.87835
vt 0.8705 0.37715
vt 0.13637 0.76103
vt 0.1399 0.76999
vt 0.19454 0.77072
vt 0.65482 0.78138
vt 0.68028 0.79949
vt 0.52092 0.59762
vt 0.85681 0.95243
vt 0.88744 0.95486
vt 0.8578 0.95571
vt 0.20037 0.60906
vt 0.20644 0.6054
vt 0.20994 0.60059
vt 0.31878 0.93957
vt 0.31988 0.97231
vt 0.2056 0.59533
vt 0.133 0.57366
vt 0.14286 0.58315
vt 0.14507 0.57651
vt 0.95034 0.63093
vt 0.42153 0.76942
vt 0.8696 0.77762
vt 0.86436 0.77731
vt 0.86995 0.77081
vt 0.19533 0.68769
vt 0.87809 0.88325
vt 0.88559 0.87437
vt 0.55991 0.59385
vt 0.19771 0.69237
vt 0.20368 0.69276
vt 0.28685 0.82587
vt 0.80007 0.54613
vt 0.78293 0.3741
vt 0.80402 0.3751
vt 0.86328 0.37518
vt 0.1755 0.76988
vt 0.67148 0.78455
vt 0.60301 0.79904
vt 0.63847 0.78139
vt 0.49624 0.91856
vt 0.20057 0.61809
vt 0.38338 0.70739
vt 0.37409 0.70476
vt 0.13359 0.58299
vt 0.42598 0.7584
vt 0.95595 0.61758
vt 0.42107 0.77413
vt 0.81455 0.77066
vt 0.86173 0.76692
vt 0.86663 0.76169
vt 0.82817 0.76539
vt 0.85958 0.76307
vt 0.86425 0.75911
vt 0.23333 0.93724
vt 0.23897 0.93189
vt 0.23897 0.94299
vt 0.19941 0.68878
vt 0.52535 0.54885
vt 0.88178 0.89685
vt 0.52718 0.32748
vt 0.80146 0.37217
vt 0.82446 0.37161
vt 0.86615 0.37172
vt 0.16707 0.77046
vt 0.19176 0.77877
vt 0.20994 0.77296
vt 0.68536 0.75641
vt 0.68564 0.80057
vt 0.58341 0.6863
vt 0.85215 0.78211
vt 0.85548 0.7886
vt 0.85228 0.77032
vt 0.43521 0.96945
vt 0.43991 0.96014
vt 0.43991 0.97023
vt 0.99012 0.35289
vt 0.14015 0.78314
vt 0.14788 0.77142
vt 0.22207 0.78482
vt 0.19323 0.66765
vt 0.85493 0.0116
vt 0.85565 0.00162
vt 0.87243 0.01096
vt 0.88097 0.0116
vt 0.8831 0.00318
vt 0.87307 0.00151
vt 0.77512 0.0005
vt 0.75822 0.00191
vt 0.77285 0.00423
vt 0.39616 0.71695
vt 0.39063 0.72615
vt 0.88759 0.95207
vt 0.01708 0.67809
vt 0.14277 0.5908
vt 0.13216 0.59241
vt 0.42958 0.77259
vt 0.42913 0.77952
vt 0.84496 0.77718
vt 0.83675 0.77497
vt 0.69822 0.93402
vt 0.70077 0.92987
vt 0.70481 0.93631
vt 0.43538 0.96089
vt 0.85523 0.7591
vt 0.87709 0.8921
vt 0.87089 0.91473
vt 0.87558 0.89823
vt 0.7054 0.3562
vt 0.77473 0.35502
vt 0.8006 0.87143
vt 0.8063 0.8663
vt 0.80628 0.87039
vt 0.17952 0.78272
vt 0.77512 0.0116
vt 0.7585 0.00912
vt 0.79759 0.86698
vt 0.41757 0.69485
vt 0.42585 0.69475
vt 0.41737 0.70888
vt 0.61198 0.78764
vt 0.29381 0.84884
vt 0.30133 0.84866
vt 0.29155 0.85318
vt 0.52562 0.59204
vt 0.385 0.71241
vt 0.20221 0.59368
vt 0.4234 0.74016
vt 0.14507 0.5999
vt 0.14487 0.60922
vt 0.13575 0.60643
vt 0.14152 0.61503
vt 0.83927 0.76367
vt 0.92494 0.64096
vt 0.9341 0.6443
vt 0.93225 0.64006
vt 0.92441 0.64783
vt 0.91334 0.87552
vt 0.91153 0.87134
vt 0.90641 0.87499
vt 0.93811 0.6461
vt 0.93862 0.63623
vt 0.94225 0.64272
vt 0.41174 0.89455
vt 0.40883 0.88974
vt 0.41066 0.88682
vt 0.40396 0.89455
vt 0.28506 0.67356
vt 0.29093 0.67805
vt 0.2831 0.68063
vt 0.86526 0.74403
vt 0.88967 0.75323
vt 0.88967 0.67356
vt 0.88277 0.7553
vt 0.18985 0.66383
vt 0.79667 0.86683
vt 0.79555 0.88309
vt 0.63924 0.7947
vt 0.65298 0.79889
vt 0.19625 0.6224
vt 0.7636 0.92536
vt 0.42958 0.74417
vt 0.7 0.942
vt 0.70016 0.94646
vt 0.69249 0.943
vt 0.83232 0.75759
vt 0.8393 0.75718
vt 0.70563 0.94198
vt 0.70537 0.94904
vt 0.92479 0.65833
vt 0.93644 0.65459
vt 0.40141 0.88922
vt 0.69456 0.35454
vt 0.78765 0.35258
vt 0.90754 0.33997
vt 0.14576 0.78591
vt 0.21568 0.78489
vt 0.29366 0.84107
vt 0.96301 0.12291
vt 0.96761 0.12817
vt 0.954 0.13471
vt 0.43052 0.72369
vt 0.79989 0.88521
vt 0.30939 0.85318
vt 0.67579 0.80063
vt 0.52852 0.58274
vt 0.4001 0.71618
vt 0.43897 0.91857
vt 0.76186 0.69781
vt 0.1216 0.58132
vt 0.36761 0.92325
vt 0.38056 0.9141
vt 0.3667 0.91551
vt 0.35915 0.92793
vt 0.69405 0.94904
vt 0.90949 0.87985
vt 0.91473 0.88034
vt 0.97815 0.03321
vt 0.98263 0.03888
vt 0.98263 0.03049
vt 0.92066 0.87239
vt 0.40569 0.88648
vt 0.18747 0.00338
vt 0.16335 0.3318
vt 0.30192 0.84169
vt 0.42512 0.70742
vt 0.42958 0.70888
vt 0.60929 0.79945
vt 0.52356 0.65843
vt 0.18863 0.61797
vt 0.38162 0.90666
vt 0.38357 0.91939
vt 0.70582 0.68554
vt 0.12343 0.59241
vt 0.37411 0.9365
vt 0.3806 0.92304
vt 0.3646 0.93669
vt 0.83074 0.75249
vt 0.83495 0.74806
vt 0.29522 0.67592
vt 0.93685 0.66246
vt 0.29531 0.68063
vt 0.77194 0.33859
vt 0.71475 0.34698
vt 0.44477 0.71212
vt 0.44031 0.72808
vt 0.44485 0.72434
vt 0.21096 0.67727
vt 0.20845 0.66953
vt 0.21362 0.66977
vt 0.19159 0.65581
vt 0.66979 0.80372
vt 0.92827 0.94496
vt 0.93265 0.94113
vt 0.9338 0.9561
vt 0.1507 0.60115
vt 0.15728 0.61272
vt 0.15172 0.61302
vt 0.09955 0.99849
vt 0.09812 0.98955
vt 0.10096 0.99163
vt 0.51751 0.6458
vt 0.19292 0.61906
vt 0.18807 0.58799
vt 0.97338 0.92852
vt 0.57887 0.67277
vt 0.96723 0.92079
vt 0.96654 0.92367
vt 0.75151 0.68755
vt 0.75184 0.69077
vt 0.38292 0.9358
vt 0.37803 0.94513
vt 0.38357 0.94586
vt 0.38298 0.9551
vt 0.37038 0.94959
vt 0.77016 0.61024
vt 0.77657 0.60959
vt 0.77104 0.61953
vt 0.78169 0.60898
vt 0.78169 0.62877
vt 0.92052 0.87906
vt 0.97677 0.02856
vt 0.38545 0.62067
vt 0.39296 0.61907
vt 0.39296 0.62613
vt 0.83077 0.74722
vt 0.94225 0.66144
vt 0.66995 0.66549
vt 0.62582 0.66549
vt 0.63424 0.65742
vt 0.83585 0.31453
vt 0.92755 0.34413
vt 0.95106 0.12779
vt 0.19687 0.6705
vt 0.19994 0.6785
vt 0.21361 0.68164
vt 0.73944 0.70384
vt 0.7337 0.69823
vt 0.73806 0.69374
vt 0.13151 0.98993
vt 0.13193 0.9964
vt 0.12919 0.99849
vt 0.11437 0.98705
vt 0.15654 0.58992
vt 0.10145 0.98638
vt 0.39651 0.72485
vt 0.40024 0.72161
vt 0.52087 0.59501
vt 0.43935 0.92079
vt 0.49469 0.92079
vt 0.88967 0.9531
vt 0.01592 0.92166
vt 0.01528 0.89758
vt 0.01362 0.92281
vt 0.34319 0.97326
vt 0.07089 0.92281
vt 0.07028 0.89783
vt 0.06852 0.92056
vt 0.36291 0.72374
vt 0.01549 0.6806
vt 0.18799 0.5848
vt 0.67277 0.66997
vt 0.6644 0.6751
vt 0.58811 0.67573
vt 0.73656 0.69211
vt 0.72772 0.68891
vt 0.71926 0.68977
vt 0.68662 0.68475
vt 0.25054 0.97897
vt 0.2558 0.98049
vt 0.25023 0.98638
vt 0.26391 0.98638
vt 0.26094 0.9783
vt 0.63135 0.55734
vt 0.56038 0.55651
vt 0.62233 0.56031
vt 0.23624 0.88961
vt 0.23302 0.89758
vt 0.22713 0.88874
vt 0.80047 0.9783
vt 0.79076 0.98519
vt 0.80047 0.99163
vt 0.13474 0.78628
vt 0.12629 0.57165
vt 0.13286 0.57165
vt 0.12787 0.56862
vt 0.44585 0.72983
vt 0.1976 0.793
vt 0.19349 0.67078
vt 0.80704 0.88493
vt 0.22184 0.9894
vt 0.22978 0.9907
vt 0.23239 0.99748
vt 0.43081 0.72631
vt 0.68685 0.80676
vt 0.15728 0.57799
vt 0.15275 0.5777
vt 0.19581 0.64307
vt 0.19466 0.654
vt 0.19152 0.63964
vt 0.41367 0.72327
vt 0.76319 0.88284
vt 0.79298 0.88525
vt 0.76338 0.88882
vt 0.89676 0.9477
vt 0.90782 0.95115
vt 0.89805 0.9561
vt 0.89437 0.94623
vt 0.74257 0.686
vt 0.7262 0.6832
vt 0.75996 0.92924
vt 0.90376 0.88767
vt 0.90837 0.8992
vt 0.77504 0.63118
vt 0.91907 0.89134
vt 0.96707 0.02915
vt 0.26807 0.98169
vt 0.18999 0.25984
vt 0.70023 0.35312
vt 0.69508 0.34886
vt 0.70716 0.35436
vt 0.42961 0.67255
vt 0.43145 0.67457
vt 0.42394 0.67457
vt 0.90469 0.02674
vt 0.89592 0.02462
vt 0.90126 0.02226
vt 0.83427 0.53935
vt 0.84742 0.53935
vt 0.83922 0.53734
vt 0.00516 0.57972
vt 0.00047 0.57183
vt 0.00516 0.5666
vt 0.72347 0.52422
vt 0.67653 0.52422
vt 0.68119 0.51413
vt 0.97858 0.32624
vt 0.79469 0.99354
vt 0.23803 0.88078
vt 0.22582 0.8774
vt 0.94789 0.1226
vt 0.94925 0.13471
vt 0.17523 0.78585
vt 0.20114 0.79105
vt 0.18512 0.67686
vt 0.80619 0.89043
vt 0.19353 0.67722
vt 0.21737 0.99748
vt 0.21018 0.78931
vt 0.21102 0.78422
vt 0.19835 0.7825
vt 0.6219 0.79572
vt 0.61209 0.80044
vt 0.61184 0.79297
vt 0.19014 0.68164
vt 0.7216 0.70384
vt 0.72464 0.69725
vt 0.42365 0.73083
vt 0.18746 0.65275
vt 0.79443 0.89138
vt 0.62589 0.7926
vt 0.61938 0.80054
vt 0.92459 0.93953
vt 0.18922 0.62454
vt 0.58204 0.66903
vt 0.74734 0.68146
vt 0.69501 0.67656
vt 0.76501 0.68103
vt 0.76479 0.62878
vt 0.96046 0.03986
vt 0.97694 0.02229
vt 0.19005 0.55851
vt 0.71502 0.74924
vt 0.72629 0.74924
vt 0.72247 0.74722
vt 0.93678 0.3419
vt 0.7892 0.99647
vt 0.81831 0.88506
vt 0.81732 0.89572
vt 0.23803 0.90061
vt 0.45284 0.73746
vt 0.44051 0.73599
vt 0.16402 0.78923
vt 0.16489 0.7937
vt 0.35038 0.69215
vt 0.34883 0.68071
vt 0.35728 0.68063
vt 0.35728 0.69576
vt 0.72258 0.69441
vt 0.18394 0.65476
vt 0.92413 0.93585
vt 0.51735 0.59495
vt 0.51502 0.59059
vt 0.33281 0.61613
vt 0.33639 0.61196
vt 0.33366 0.61818
vt 0.39453 0.72881
vt 0.67008 0.6672
vt 0.75913 0.92482
vt 0.72497 0.68116
vt 0.68719 0.68017
vt 0.64753 0.16196
vt 0.63991 0.14934
vt 0.64549 0.15554
vt 0.64414 0.14876
vt 0.64897 0.15285
vt 0.6496 0.14782
vt 0.58169 0.7463
vt 0.58228 0.75176
vt 0.59379 0.74964
vt 0.15808 0.56256
vt 0.45322 0.74218
vt 0.45587 0.73305
vt 0.77052 0.33034
vt 0.89394 0.0217
vt 0.71217 0.35022
vt 0.71207 0.34479
vt 0.20959 0.79714
vt 0.15024 0.79238
vt 0.64617 0.80461
vt 0.66518 0.80649
vt 0.66581 0.80083
vt 0.92641 0.93391
vt 0.92809 0.93955
vt 0.78243 0.89774
vt 0.41276 0.7325
vt 0.18459 0.62843
vt 0.76009 0.89696
vt 0.34865 0.61144
vt 0.34951 0.62233
vt 0.34193 0.6105
vt 0.28063 0.61068
vt 0.28355 0.60566
vt 0.28519 0.6119
vt 0.32402 0.61128
vt 0.2725 0.60936
vt 0.34495 0.60125
vt 0.34826 0.58124
vt 0.3456 0.58116
vt 0.27368 0.5784
vt 0.27092 0.57568
vt 0.26997 0.60506
vt 0.27417 0.57575
vt 0.34639 0.5784
vt 0.3496 0.57865
vt 0.59086 0.67344
vt 0.58614 0.87173
vt 0.58976 0.87181
vt 0.5953 0.8772
vt 0.71837 0.67702
vt 0.91504 0.90079
vt 0.65524 0.15082
vt 0.65428 0.15773
vt 0.95504 0.03181
vt 0.59145 0.75933
vt 0.96064 0.02194
vt 0.59751 0.74521
vt 0.6943 0.34444
vt 0.71587 0.31332
vt 0.89025 0.02674
vt 0.88685 0.02594
vt 0.17541 0.68365
vt 0.17961 0.6808
vt 0.1863 0.68061
vt 0.17761 0.66827
vt 0.8049 0.89626
vt 0.04621 0.82767
vt 0.05869 0.82795
vt 0.04518 0.82162
vt 0.05869 0.82021
vt 0.15045 0.79869
vt 0.16065 0.79691
vt 0.19316 0.79631
vt 0.61081 0.80676
vt 0.43602 0.74075
vt 0.34032 0.64785
vt 0.3425 0.63416
vt 0.27253 0.6256
vt 0.26662 0.62795
vt 0.6617 0.67305
vt 0.59566 0.6683
vt 0.9762 0.92627
vt 0.61088 0.88061
vt 0.63417 0.87969
vt 0.63533 0.8834
vt 0.6507 0.87883
vt 0.75164 0.93195
vt 0.59596 0.87134
vt 0.6024 0.87721
vt 0.79839 0.52386
vt 0.77502 0.52346
vt 0.78586 0.5198
vt 0.81406 0.52108
vt 0.82937 0.52523
vt 0.8149 0.52476
vt 0.75903 0.67482
vt 0.73853 0.67356
vt 0.82962 0.51936
vt 0.80625 0.51816
vt 0.83803 0.52096
vt 0.65583 0.16196
vt 0.92066 0.90262
vt 0.65087 0.14258
vt 0.17575 0.39964
vt 0.71193 0.33786
vt 0.92389 0.34094
vt 0.44256 0.742
vt 0.05207 0.81483
vt 0.28943 0.66914
vt 0.28924 0.66635
vt 0.29903 0.66803
vt 0.32389 0.66054
vt 0.32887 0.66208
vt 0.34384 0.6587
vt 0.35728 0.65935
vt 0.36044 0.64565
vt 0.36356 0.6585
vt 0.32704 0.657
vt 0.34356 0.65438
vt 0.28825 0.66258
vt 0.3398 0.65057
vt 0.3216 0.65368
vt 0.3471 0.6498
vt 0.79853 0.89655
vt 0.2647 0.6546
vt 0.26071 0.65374
vt 0.3538 0.64469
vt 0.34697 0.63286
vt 0.27735 0.63463
vt 0.6462 0.66778
vt 0.75187 0.93592
vt 0.58545 0.88294
vt 0.65692 0.88379
vt 0.66514 0.8797
vt 0.67465 0.88435
vt 0.67289 0.87386
vt 0.75915 0.52523
vt 0.76533 0.52095
vt 0.64053 0.13915
vt 0.65269 0.13875
vt 0.9507 0.96186
vt 0.95446 0.95751
vt 0.95413 0.96216
vt 0.8258 0.32171
vt 0.78057 0.3362
vt 0.04272 0.81646
vt 0.16948 0.67759
vt 0.80697 0.90257
vt 0.80229 0.8966
vt 0.35103 0.6565
vt 0.79061 0.90262
vt 0.27167 0.64313
vt 0.58193 0.6665
vt 0.21925 0.71594
vt 0.21925 0.72805
vt 0.21549 0.72614
vt 0.97699 0.92987
vt 0.61028 0.88587
vt 0.58628 0.88648
vt 0.66098 0.88648
vt 0.65922 0.15532
vt 0.65742 0.14556
vt 0.60172 0.75933
vt 0.60317 0.75487
vt 0.90352 0.82593
vt 0.88779 0.8208
vt 0.89933 0.81849
vt 0.92873 0.33585
vt 0.25788 0.67355
vt 0.25023 0.67067
vt 0.26285 0.66308
vt 0.9329 0.33614
vt 0.81739 0.90262
vt 0.36091 0.6694
vt 0.34953 0.66423
vt 0.25664 0.66006
vt 0.26983 0.66163
vt 0.6615 0.15121
vt 0.60422 0.74959
vt 0.21551 0.47197
vt 0.47048 0.30409
vt 0.69848 0.33747
vt 0.70773 0.33941
vt 0.70484 0.33553
vt 0.3519 0.67302
vt 0.35973 0.67355
vt 0.36761 0.66565
vt 0.93808 0.33109
vt 0.26773 0.67356
vt 0.6614 0.14586
vt 0.95352 0.02069
vt 0.71405 0.31898
vt 0.80658 0.32452
vt 0.77196 0.3268
vt 0.88898 0.81289
vt 0.92463 0.33421
vt 0.4685 0.29749
vt 0.7082 0.5598
vt 0.66835 0.26581
vt 0.70236 0.30454
vt 0.70362 0.31731
vt 0.90193 0.81088
vt 0.91262 0.33444
vt 0.91534 0.33081
vt 0.9241 0.32835
vt 0.67089 0.91372
vt 0.67233 0.9076
vt 0.68498 0.91372
vt 0.67836 0.90666
vt 0.79338 0.31572
vt 0.9138 0.32646
vt 0.72146 0.54318
vt 0.77788 0.54239
vt 0.75027 0.29974
vt 0.812 0.32117
vt 0.97343 0.82593
vt 0.93818 0.31279
vt 0.98971 0.27781
vt 0.84742 0.3911
vt 0.85493 0.40918
vt 0.85493 0.38698
vt 0.76644 0.30749
vt 0.70064 0.90398
vt 0.62851 0.90464
vt 0.70082 0.90139
vt 0.63066 0.90209
vt 0.62488 0.90428
vt 0.62559 0.89676
vt 0.63078 0.89693
vt 0.70041 0.89709
vt 0.70003 0.89456
vt 0.70595 0.89562
vt 0.97778 0.95162
vt 0.97316 0.9486
vt 0.69216 0.56054
vt 0.93107 0.70484
vt 0.92362 0.69156
vt 0.93262 0.6949
vt 0.92347 0.70351
vt 0.70657 0.90116
vt 0.70479 0.90464
vt 0.39406 0.5872
vt 0.39631 0.58385
vt 0.3939 0.66387
vt 0.39617 0.66421
vt 0.39498 0.66751
vt 0.70303 0.89253
vt 0.62769 0.89357
vt 0.65291 0.89277
vt 0.2172 0.40285
vt 0.70691 0.31764
vt 0.71312 0.31362
vt 0.94225 0.7048
vt 0.94124 0.69357
vt 0.93204 0.69041
vt 0.76049 0.07762
vt 0.77056 0.08187
vt 0.76519 0.08721
vt 0.77007 0.07619
vt 0.77885 0.08796
vt 0.76997 0.09886
vt 0.77684 0.07881
vt 0.33619 0.87391
vt 0.33539 0.8782
vt 0.33231 0.87149
vt 0.33099 0.87856
vt 0.68526 0.58002
vt 0.68264 0.58499
vt 0.68122 0.58179
vt 0.19702 0.30997
vt 0.70458 0.31083
vt 0.98544 0.9575
vt 0.98356 0.95226
vt 0.97472 0.945
vt 0.85211 0.9561
vt 0.84421 0.95735
vt 0.84964 0.95825
vt 0.94225 0.68769
vt 0.75878 0.08462
vt 0.75594 0.09
vt 0.14489 0.64571
vt 0.15313 0.65338
vt 0.15311 0.64188
vt 0.76089 0.09992
vt 0.14413 0.63714
vt 0.78263 0.09342
vt 0.52503 0.84068
vt 0.52277 0.83159
vt 0.53312 0.83091
vt 0.53481 0.84106
vt 0.40649 0.591
vt 0.25385 0.56162
vt 0.83747 0.81382
vt 0.81549 0.83097
vt 0.8392 0.82296
vt 0.81977 0.27895
vt 0.85162 0.9688
vt 0.65506 0.69441
vt 0.65484 0.70484
vt 0.65088 0.699
vt 0.84568 0.97931
vt 0.85211 0.97639
vt 0.29907 0.75227
vt 0.29044 0.75227
vt 0.29544 0.74469
vt 0.28967 0.74462
vt 0.42393 0.66749
vt 0.36095 0.87074
vt 0.68306 0.61211
vt 0.6997 0.60634
vt 0.2635 0.18789
vt 0.71597 0.29652
vt 0.93492 0.78174
vt 0.1666 0.65275
vt 0.83027 0.96451
vt 0.66106 0.69804
vt 0.99138 0.52419
vt 0.9939 0.52724
vt 0.9939 0.51764
vt 0.86526 0.9884
vt 0.83459 0.98335
vt 0.83413 0.9884
vt 0.15711 0.63395
vt 0.15681 0.64121
vt 0.17735 0.95888
vt 0.17606 0.94904
vt 0.18482 0.95977
vt 0.64263 0.69652
vt 0.64605 0.6937
vt 0.78545 0.1004
vt 0.40635 0.66075
vt 0.2228 0.34695
vt 0.75637 0.30059
vt 0.75352 0.1004
vt 0.96206 0.51868
vt 0.96103 0.52332
vt 0.95822 0.52003
vt 0.95847 0.52686
vt 0.83145 0.98649
vt 0.51465 0.85015
vt 0.51513 0.82694
vt 0.18445 0.95222
vt 0.21535 0.95489
vt 0.21015 0.95842
vt 0.21815 0.95262
vt 0.218 0.96141
vt 0.30138 0.74113
vt 0.30516 0.75037
vt 0.41036 0.58826
vt 0.4084 0.66109
vt 0.71366 0.58494
vt 0.72622 0.58251
vt 0.24203 0.56256
vt 0.71531 0.55733
vt 0.99136 0.9587
vt 0.9899 0.96216
vt 0.8468 0.83397
vt 0.50469 0.83116
vt 0.16168 0.64331
vt 0.65342 0.68805
vt 0.18323 0.96466
vt 0.18756 0.96253
vt 0.52947 0.84877
vt 0.31157 0.74685
vt 0.87953 0.84095
vt 0.8705 0.84077
vt 0.87097 0.83593
vt 0.90109 0.83906
vt 0.91751 0.83652
vt 0.93241 0.84158
vt 0.80339 0.93794
vt 0.80308 0.94919
vt 0.79765 0.95409
vt 0.86759 0.8426
vt 0.89604 0.84971
vt 0.86714 0.85015
vt 0.93286 0.85015
vt 0.40862 0.59105
vt 0.40864 0.62167
vt 0.70859 0.66594
vt 0.68341 0.66953
vt 0.68324 0.66572
vt 0.70713 0.5457
vt 0.74844 0.54638
vt 0.70621 0.30167
vt 0.71478 0.29841
vt 0.95836 0.51307
vt 0.18787 0.96622
vt 0.64059 0.69084
vt 0.52385 0.84955
vt 0.17904 0.9672
vt 0.53568 0.85015
vt 0.30774 0.7414
vt 0.31221 0.74052
vt 0.30252 0.73897
vt 0.29406 0.73169
vt 0.29048 0.73184
vt 0.87144 0.81765
vt 0.87054 0.7886
vt 0.87635 0.78889
vt 0.87891 0.80756
vt 0.87779 0.8357
vt 0.84733 0.9481
vt 0.80394 0.94141
vt 0.84692 0.95409
vt 0.86833 0.83609
vt 0.88004 0.8368
vt 0.05935 0.66031
vt 0.09742 0.65953
vt 0.08072 0.65742
vt 0.99541 0.61397
vt 0.99887 0.61949
vt 0.99641 0.61921
vt 0.99953 0.62701
vt 0.99646 0.62815
vt 0.70208 0.61675
vt 0.99765 0.95789
vt 0.8485 0.82942
vt 0.31278 0.95249
vt 0.3169 0.96115
vt 0.30319 0.95422
vt 0.65565 0.68071
vt 0.66242 0.69046
vt 0.29736 0.95913
vt 0.17324 0.64215
vt 0.99357 0.51211
vt 0.97283 0.51307
vt 0.21831 0.9672
vt 0.29976 0.73108
vt 0.99506 0.57136
vt 0.99489 0.56432
vt 0.99888 0.56632
vt 0.16192 0.63238
vt 0.16591 0.63047
vt 0.16204 0.62714
vt 0.9892 0.65739
vt 0.98418 0.65898
vt 0.9882 0.65941
vt 0.83907 0.94293
vt 0.8493 0.94384
vt 0.98535 0.70834
vt 0.16398 0.60836
vt 0.99861 0.59486
vt 0.59582 0.7013
vt 0.63072 0.6939
vt 0.59532 0.70484
vt 0.99788 0.61302
vt 0.99403 0.60553
vt 0.98785 0.70775
vt 0.80648 0.93933
vt 0.98882 0.71462
vt 0.42458 0.58702
vt 0.72693 0.24975
vt 0.72817 0.26892
vt 0.71784 0.26892
vt 0.99561 0.95481
vt 0.48587 0.9567
vt 0.48374 0.94533
vt 0.4863 0.94565
vt 0.48873 0.95909
vt 0.66244 0.68452
vt 0.47648 0.94836
vt 0.83319 0.95867
vt 0.16584 0.64034
vt 0.64268 0.98944
vt 0.62118 0.99041
vt 0.62378 0.98709
vt 0.65775 0.99041
vt 0.65687 0.98366
vt 0.83326 0.97878
vt 0.62019 0.98049
vt 0.56948 0.96115
vt 0.56948 0.95308
vt 0.56479 0.95943
vt 0.62564 0.98282
vt 0.62134 0.98032
vt 0.64763 0.68899
vt 0.64333 0.68154
vt 0.98738 0.5624
vt 0.98036 0.65445
vt 0.98822 0.57488
vt 0.16914 0.61609
vt 0.62691 0.68975
vt 0.97862 0.66793
vt 0.99038 0.5861
vt 0.97914 0.6803
vt 0.59482 0.69305
vt 0.16949 0.58213
vt 0.16094 0.58033
vt 0.16153 0.5777
vt 0.06135 0.67009
vt 0.59221 0.69417
vt 0.59385 0.70443
vt 0.98502 0.61975
vt 0.98824 0.6138
vt 0.98642 0.62696
vt 0.97671 0.71423
vt 0.9892 0.72301
vt 0.97712 0.72297
vt 0.42068 0.589
vt 0.42062 0.66213
vt 0.42491 0.66464
vt 0.91431 0.044
vt 0.91793 0.0427
vt 0.92425 0.0449
vt 0.70679 0.60163
vt 0.70121 0.6101
vt 0.91344 0.02398
vt 0.90973 0.03846
vt 0.71278 0.29973
vt 0.48203 0.93948
vt 0.90413 0.29154
vt 0.47998 0.95707
vt 0.47681 0.94458
vt 0.28737 0.96115
vt 0.29478 0.95632
vt 0.99076 0.55853
vt 0.17324 0.6194
vt 0.63117 0.68424
vt 0.16992 0.60506
vt 0.61545 0.68944
vt 0.97886 0.70817
vt 0.73677 0.87691
vt 0.6784 0.88042
vt 0.6786 0.87692
vt 0.67856 0.87195
vt 0.73229 0.87221
vt 0.92535 0.04168
vt 0.9223 0.02371
vt 0.15258 0.66532
vt 0.15906 0.66358
vt 0.15759 0.65742
vt 0.70645 0.28307
vt 0.92223 0.78153
vt 0.47974 0.96216
vt 0.311 0.94003
vt 0.31114 0.94506
vt 0.29888 0.93895
vt 0.30099 0.95015
vt 0.2984 0.94502
vt 0.9085 0.96109
vt 0.94525 0.96327
vt 0.9094 0.9651
vt 0.94631 0.95812
vt 0.94789 0.96465
vt 0.94547 0.97006
vt 0.91005 0.97393
vt 0.90657 0.96518
vt 0.90724 0.97629
vt 0.94568 0.97271
vt 0.94701 0.97629
vt 0.51516 0.00255
vt 0.51878 0.0028
vt 0.51687 0.00555
vt 0.98852 0.58878
vt 0.1723 0.57882
vt 0.05775 0.67255
vt 0.09797 0.67008
vt 0.90845 0.0449
vt 0.85063 0.74496
vt 0.84554 0.75238
vt 0.86338 0.75344
vt 0.1577 0.67154
vt 0.85416 0.82503
vt 0.47614 0.93794
vt 0.82676 0.97055
vt 0.64971 0.67659
vt 0.45934 0.94195
vt 0.46099 0.93855
vt 0.47051 0.94209
vt 0.29067 0.95187
vt 0.90672 0.9598
vt 0.94481 0.95975
vt 0.97343 0.67741
vt 0.98641 0.58691
vt 0.17606 0.86943
vt 0.17567 0.87235
vt 0.17318 0.8703
vt 0.15764 0.87209
vt 0.15959 0.86933
vt 0.16125 0.87224
vt 0.4784 0.00555
vt 0.47975 0.00151
vt 0.12111 0.8694
vt 0.12098 0.87235
vt 0.11864 0.86968
vt 0.09098 0.7209
vt 0.0835 0.72099
vt 0.08837 0.7169
vt 0.97629 0.70749
vt 0.13891 0.71971
vt 0.13745 0.69375
vt 0.14145 0.72099
vt 0.13288 0.71942
vt 0.08045 0.7206
vt 0.08199 0.69591
vt 0.1296 0.71823
vt 0.12889 0.69632
vt 0.07897 0.69584
vt 0.09161 0.69814
vt 0.08875 0.69432
vt 0.49061 0.55449
vt 0.46901 0.55449
vt 0.4725 0.55146
vt 0.07678 0.68957
vt 0.09812 0.67255
vt 0.59108 0.69186
vt 0.12785 0.69246
vt 0.39012 0.87833
vt 0.37613 0.88143
vt 0.71425 0.61777
vt 0.71904 0.63651
vt 0.84371 0.74167
vt 0.84366 0.7553
vt 0.39617 0.78681
vt 0.40352 0.78895
vt 0.39202 0.80172
vt 0.70845 0.22375
vt 0.71408 0.21746
vt 0.71408 0.22957
vt 0.20381 0.85419
vt 0.19953 0.86125
vt 0.20798 0.86125
vt 0.3998 0.80138
vt 0.16476 0.66841
vt 0.16536 0.66405
vt 0.12347 0.9484
vt 0.13039 0.95397
vt 0.14601 0.96014
vt 0.4727 0.95946
vt 0.47088 0.95107
vt 0.46091 0.94792
vt 0.27746 0.9423
vt 0.27897 0.95
vt 0.6306 0.68045
vt 0.97475 0.64531
vt 0.97497 0.66574
vt 0.27829 0.9542
vt 0.68828 0.75328
vt 0.68779 0.75716
vt 0.69137 0.75532
vt 0.97316 0.66733
vt 0.98463 0.57607
vt 0.97237 0.67053
vt 0.09793 0.69008
vt 0.14017 0.68868
vt 0.14295 0.68881
vt 0.07465 0.68231
vt 0.07783 0.68189
vt 0.11931 0.68053
vt 0.14108 0.67962
vt 0.14413 0.67966
vt 0.42265 0.59143
vt 0.4226 0.65995
vt 0.39893 0.78061
vt 0.70094 0.19223
vt 0.70094 0.20434
vt 0.69812 0.20144
vt 0.40301 0.79935
vt 0.86338 0.73835
vt 0.50792 0.20515
vt 0.14601 0.91473
vt 0.82955 0.27566
vt 0.15689 0.98454
vt 0.14789 0.99499
vt 0.15497 0.99757
vt 0.93856 0.23937
vt 0.45241 0.96216
vt 0.4512 0.95536
vt 0.69115 0.75874
vt 0.69832 0.75448
vt 0.70056 0.7545
vt 0.62841 0.67794
vt 0.73922 0.75381
vt 0.73695 0.75473
vt 0.74331 0.7594
vt 0.74789 0.75906
vt 0.74147 0.7565
vt 0.44836 0.95566
vt 0.96674 0.58316
vt 0.11263 0.86955
vt 0.1187 0.85614
vt 0.42511 0.63471
vt 0.42261 0.63645
vt 0.70366 0.86831
vt 0.7 0.75105
vt 0.70188 0.75025
vt 0.70188 0.75227
vt 0.96291 0.96922
vt 0.96182 0.9672
vt 0.95822 0.96922
vt 0.36385 0.68264
vt 0.36383 0.68063
vt 0.35915 0.68264
vt 0.17136 0.65812
vt 0.86808 0.83388
vt 0.86375 0.8169
vt 0.85226 0.84862
vt 0.03629 0.59635
vt 0.03427 0.60446
vt 0.04686 0.60062
vt 0.16268 0.86033
vt 0.43292 0.6646
vt 0.73866 0.88042
vt 0.72199 0.64577
vt 0.71799 0.60296
vt 0.41044 0.78052
vt 0.88404 0.75832
vt 0.88404 0.76337
vt 0.88216 0.75927
vt 0.85034 0.73612
vt 0.40935 0.80172
vt 0.26244 0.86932
vt 0.26167 0.86125
vt 0.25681 0.86932
vt 0.77606 0.85724
vt 0.78169 0.85621
vt 0.78169 0.86327
vt 0.17136 0.66718
vt 0.63878 0.22089
vt 0.74917 0.29809
vt 0.76164 0.28672
vt 0.75562 0.28168
vt 0.86068 0.84221
vt 0.78789 0.30913
vt 0.77812 0.29989
vt 0.76498 0.30681
vt 0.83689 0.86879
vt 0.8451 0.85866
vt 0.82707 0.87518
vt 0.83186 0.28336
vt 0.8431 0.28339
vt 0.95411 0.78245
vt 0.04742 0.60495
vt 0.16585 0.99129
vt 0.35822 0.62613
vt 0.36573 0.64127
vt 0.36573 0.62751
vt 0.36096 0.63792
vt 0.12159 0.86054
vt 0.41174 0.79013
vt 0.19671 0.75429
vt 0.20423 0.75429
vt 0.2022 0.74622
vt 0.75527 0.27529
vt 0.97222 0.78891
vt 0.98169 0.79495
vt 0.96236 0.78897
vt 0.91835 0.27725
vt 0.90926 0.27962
vt 0.16667 0.9995
vt 0.17072 0.85696
vt 0.60422 0.64261
vt 0.60729 0.643
vt 0.60638 0.64833
vt 0.12326 0.85774
vt 0.60952 0.5999
vt 0.45676 0.58396
vt 0.43435 0.87408
vt 0.77847 0.10721
vt 0.78469 0.10958
vt 0.78545 0.10242
vt 0.76573 0.10858
vt 0.76581 0.11804
vt 0.77661 0.11848
vt 0.75982 0.27819
vt 0.76467 0.28139
vt 0.76779 0.28526
vt 0.77103 0.29204
vt 0.77956 0.29161
vt 0.78754 0.3005
vt 0.83283 0.87655
vt 0.96746 0.78323
vt 0.89234 0.28723
vt 0.89177 0.27719
vt 0.87405 0.28118
vt 0.78301 0.29764
vt 0.83902 0.27788
vt 0.16667 0.98436
vt 0.04742 0.59284
vt 0.9343 0.57527
vt 0.52835 0.96046
vt 0.52697 0.96317
vt 0.52347 0.96017
vt 0.53193 0.79786
vt 0.52778 0.80071
vt 0.52642 0.79681
vt 0.52662 0.93576
vt 0.6342 0.6017
vt 0.52886 0.77009
vt 0.62997 0.64569
vt 0.62962 0.64833
vt 0.63342 0.64666
vt 0.33883 0.98267
vt 0.34621 0.97528
vt 0.3478 0.98532
vt 0.33815 0.99243
vt 0.34789 0.99243
vt 0.78545 0.11857
vt 0.77418 0.28647
vt 0.79415 0.30727
vt 0.8401 0.87104
vt 0.82314 0.27149
vt 0.81638 0.27393
vt 0.86819 0.27679
vt 0.861 0.27875
vt 0.86428 0.2843
vt 0.28045 0.65035
vt 0.27814 0.65485
vt 0.28404 0.65298
vt 0.84771 0.86508
vt 0.52907 0.93574
vt 0.52866 0.93532
vt 0.52411 0.77148
vt 0.52731 0.93117
vt 0.63521 0.64608
vt 0.85493 0.93824
vt 0.85493 0.89429
vt 0.8498 0.93675
vt 0.52445 0.76741
vt 0.85041 0.89325
vt 0.72259 0.63095
vt 0.73252 0.6219
vt 0.7184 0.61204
vt 0.7361 0.60507
vt 0.74686 0.58506
vt 0.33574 0.97667
vt 0.32838 0.98549
vt 0.84461 0.27346
vt 0.85499 0.2801
vt 0.27832 0.67255
vt 0.28404 0.66919
vt 0.28357 0.66112
vt 0.68876 0.81247
vt 0.51986 0.79277
vt 0.52127 0.78298
vt 0.53678 0.93253
vt 0.52878 0.92987
vt 0.47001 0.62251
vt 0.75965 0.2708
vt 0.76898 0.27718
vt 0.78856 0.29211
vt 0.83763 0.27035
vt 0.86037 0.27167
vt 0.86872 0.2731
vt 0.27559 0.66304
vt 0.83894 0.87963
vt 0.92263 0.66662
vt 0.11293 0.83534
vt 0.11033 0.87122
vt 0.55752 0.96066
vt 0.82368 0.91317
vt 0.82702 0.9995
vt 0.8167 0.99861
vt 0.82514 0.98841
vt 0.8061 0.9995
vt 0.80801 0.99171
vt 0.68804 0.5424
vt 0.26088 0.00121
vt 0.25281 0.34568
vt 0.77925 0.28501
vt 0.84386 0.88113
vt 0.81636 0.26647
vt 0.86501 0.26838
vt 0.89947 0.2722
vt 0.90661 0.27557
vt 0.93346 0.57239
vt 0.51785 0.788
vt 0.82864 0.98887
vt 0.73878 0.6287
vt 0.32535 0.99205
vt 0.69061 0.88428
vt 0.68458 0.88143
vt 0.68602 0.89051
vt 0.26163 0.41675
vt 0.597 0.96519
vt 0.6108 0.95205
vt 0.60645 0.95847
vt 0.80294 0.26644
vt 0.51392 0.77961
vt 0.49492 0.76901
vt 0.73054 0.65042
vt 0.07213 0.99445
vt 0.08967 0.98427
vt 0.08892 0.99445
vt 0.81891 0.98742
vt 0.72723 0.99267
vt 0.7315 0.98642
vt 0.73414 0.99345
vt 0.1078 0.67356
vt 0.10761 0.66443
vt 0.10282 0.668
vt 0.25783 0.32568
vt 0.81424 0.26354
vt 0.7289 0.56047
vt 0.55794 0.96317
vt 0.49597 0.80071
vt 0.4956 0.79641
vt 0.50565 0.78959
vt 0.82099 0.93754
vt 0.84207 0.93996
vt 0.82163 0.89253
vt 0.20619 0.90373
vt 0.20986 0.91066
vt 0.20439 0.91434
vt 0.67559 0.88417
vt 0.2723 0.26234
vt 0.76657 0.22969
vt 0.91985 0.66944
vt 0.1685 0.82317
vt 0.50134 0.79393
vt 0.50994 0.78121
vt 0.50616 0.77982
vt 0.73786 0.60841
vt 0.73527 0.61998
vt 0.7385 0.98436
vt 0.07112 0.98615
vt 0.20252 0.90188
vt 0.7385 0.99748
vt 0.07232 0.97474
vt 0.08159 0.97427
vt 0.97326 0.69187
vt 0.96141 0.68971
vt 0.96769 0.70068
vt 0.1174 0.67356
vt 0.11784 0.66347
vt 0.67635 0.89051
vt 0.56948 0.96519
vt 0.57837 0.94904
vt 0.86396 0.87966
vt 0.81599 0.25251
vt 0.74112 0.81001
vt 0.38732 0.96014
vt 0.38732 0.96821
vt 0.38451 0.96373
vt 0.77872 0.88013
vt 0.74443 0.64709
vt 0.73178 0.64705
vt 0.73785 0.62307
vt 0.82329 0.97427
vt 0.97418 0.70312
vt 0.8067 0.98141
vt 0.98545 0.80676
vt 0.98638 0.80679
vt 0.98545 0.80878
vt 0.80892 0.26488
vt 0.80707 0.26388
vt 0.80704 0.26488
vt 0.94507 0.61907
vt 0.94507 0.62008
vt 0.94319 0.61912
vt 0.66672 0.5463
vt 0.46853 0.2097
vt 0.85957 0.88589
vt 0.98974 0.23834
vt 0.4972 0.77276
vt 0.74422 0.6439
vt 0.74603 0.60644
vt 0.95507 0.69751
vt 0.193 0.90488
vt 0.19425 0.91473
vt 0.89437 0.97528
vt 0.89437 0.97629
vt 0.89343 0.97575
vt 0.47059 0.19548
vt 0.8211 0.24735
vt 0.7429 0.62145
vt 0.81319 0.97569
vt 0.19843 0.89856
vt 0.8066 0.25147
vt 0.55749 0.93612
vt 0.47517 0.66107
vt 0.75707 0.86847
vt 0.06338 0.99347
vt 0.06615 0.98242
vt 0.76843 0.98636
vt 0.76121 0.99546
vt 0.76064 0.98515
vt 0.18606 0.91085
vt 0.76948 0.99263
vt 0.78953 0.24932
vt 0.78171 0.24589
vt 0.93209 0.58342
vt 0.94477 0.6818
vt 0.75088 0.60604
vt 0.75076 0.99546
vt 0.75056 0.98608
vt 0.96242 0.70631
vt 0.71614 0.89476
vt 0.70802 0.88951
vt 0.7169 0.8996
vt 0.70751 0.8996
vt 0.96628 0.70968
vt 0.81035 0.24812
vt 0.69649 0.81148
vt 0.69089 0.81045
vt 0.76216 0.66594
vt 0.74883 0.98335
vt 0.30089 0.00322
vt 0.292 0.09509
vt 0.79456 0.24595
vt 0.86808 0.88749
vt 0.81337 0.24207
vt 0.96633 0.1766
vt 0.11935 0.82322
vt 0.91988 0.67883
vt 0.558 0.93124
vt 0.9535 0.70795
vt 0.48325 0.60603
vt 0.4831 0.61843
vt 0.48779 0.60595
vt 0.72911 0.8552
vt 0.77033 0.81282
vt 0.81643 0.8552
vt 0.79992 0.24469
vt 0.80627 0.24663
vt 0.49268 0.77302
vt 0.56073 0.93568
vt 0.82019 0.91822
vt 0.43383 0.87091
vt 0.75372 0.59455
vt 0.3892 0.5888
vt 0.38263 0.57833
vt 0.3892 0.57669
vt 0.18534 0.89803
vt 0.94983 0.70004
vt 0.18033 0.90356
vt 0.16965 0.91017
vt 0.48779 0.62412
vt 0.78429 0.24253
vt 0.74789 0.81258
vt 0.1132 0.80889
vt 0.11059 0.80923
vt 0.56103 0.96115
vt 0.49249 0.79714
vt 0.49061 0.80027
vt 0.1885 0.91656
vt 0.20798 0.91972
vt 0.20669 0.91574
vt 0.17582 0.91973
vt 0.16424 0.91602
vt 0.16386 0.91987
vt 0.74457 0.6352
vt 0.75922 0.62165
vt 0.76427 0.58499
vt 0.18507 0.88951
vt 0.95688 0.7166
vt 0.96219 0.72301
vt 0.96801 0.72249
vt 0.7796 0.23083
vt 0.79017 0.23787
vt 0.80062 0.23862
vt 0.16869 0.81243
vt 0.16523 0.82097
vt 0.16172 0.81932
vt 0.16452 0.94407
vt 0.2047 0.94702
vt 0.20798 0.9451
vt 0.16385 0.947
vt 0.47896 0.66489
vt 0.76402 0.63265
vt 0.7591 0.608
vt 0.75659 0.59434
vt 0.7579 0.58841
vt 0.9971 0.53431
vt 0.99014 0.53834
vt 0.99765 0.53834
vt 0.99859 0.43138
vt 0.99859 0.41221
vt 0.99484 0.41926
vt 0.94276 0.70647
vt 0.37042 0.83098
vt 0.3659 0.82694
vt 0.36479 0.83098
vt 0.27363 0.31239
vt 0.92858 0.58548
vt 0.17137 0.80778
vt 0.12167 0.81886
vt 0.12381 0.80529
vt 0.49695 0.58375
vt 0.47524 0.58766
vt 0.47516 0.63054
vt 0.49728 0.66751
vt 0.75977 0.59992
vt 0.9438 0.71088
vt 0.68595 0.82144
vt 0.68382 0.81382
vt 0.67576 0.81905
vt 0.17931 0.89191
vt 0.99494 0.68846
vt 0.99108 0.68212
vt 0.99953 0.68063
vt 0.16357 0.90553
vt 0.1663 0.914
vt 0.17561 0.91473
vt 0.96592 0.73555
vt 0.97152 0.73088
vt 0.43239 0.99849
vt 0.40986 0.99849
vt 0.42186 0.98959
vt 0.80764 0.23396
vt 0.7366 0.81852
vt 0.15909 0.80595
vt 0.11968 0.81139
vt 0.67559 0.82997
vt 0.68779 0.82997
vt 0.52817 0.80774
vt 0.52129 0.80777
vt 0.52255 0.80273
vt 0.78503 0.81682
vt 0.78193 0.23239
vt 0.8107 0.2226
vt 0.80489 0.22995
vt 0.69148 0.81362
vt 0.70197 0.81935
vt 0.73963 0.81482
vt 0.74709 0.81466
vt 0.76437 0.60247
vt 0.76664 0.59904
vt 0.99296 0.41465
vt 0.9357 0.71064
vt 0.93763 0.71303
vt 0.57324 0.97442
vt 0.5848 0.97598
vt 0.57394 0.9783
vt 0.78845 0.91877
vt 0.78808 0.91323
vt 0.777 0.91674
vt 0.27465 0.99528
vt 0.27423 0.9995
vt 0.26951 0.99937
vt 0.26832 0.99281
vt 0.58293 0.96821
vt 0.63492 0.74212
vt 0.64628 0.74102
vt 0.63998 0.74823
vt 0.64648 0.74754
vt 0.96201 0.73524
vt 0.15673 0.91392
vt 0.97418 0.73994
vt 0.79186 0.23279
vt 0.30417 0.90262
vt 0.31233 0.88869
vt 0.31315 0.90127
vt 0.08673 0.8821
vt 0.07746 0.88843
vt 0.07849 0.87949
vt 0.45634 0.97303
vt 0.45383 0.98477
vt 0.45838 0.98468
vt 0.08621 0.87526
vt 0.4507 0.97124
vt 0.44776 0.97911
vt 0.09183 0.8782
vt 0.09875 0.85884
vt 0.09737 0.87347
vt 0.09132 0.85721
vt 0.43258 0.97148
vt 0.43187 0.97893
vt 0.4393 0.98252
vt 0.43145 0.98337
vt 0.68834 0.81626
vt 0.698 0.81493
vt 0.34086 0.67154
vt 0.33474 0.67457
vt 0.34413 0.67457
vt 0.9215 0.66491
vt 0.9299 0.57175
vt 0.92296 0.58404
vt 0.11141 0.80682
vt 0.02105 0.85851
vt 0.01513 0.8584
vt 0.01634 0.85528
vt 0.02642 0.85743
vt 0.07205 0.85608
vt 0.06631 0.85824
vt 0.06575 0.8552
vt 0.07598 0.88664
vt 0.06285 0.88135
vt 0.07057 0.88156
vt 0.02112 0.88274
vt 0.06085 0.88354
vt 0.0152 0.88541
vt 0.06344 0.89434
vt 0.01026 0.89432
vt 0.00956 0.88489
vt 0.03768 0.8942
vt 0.07653 0.89455
vt 0.47714 0.59061
vt 0.47744 0.61993
vt 0.47747 0.64758
vt 0.47727 0.66136
vt 0.24957 0.68407
vt 0.26126 0.68365
vt 0.24873 0.68847
vt 0.26315 0.69041
vt 0.27559 0.69825
vt 0.27231 0.70081
vt 0.2723 0.69265
vt 0.99953 0.70081
vt 0.51109 0.80325
vt 0.50905 0.80774
vt 0.96909 0.74098
vt 0.7182 0.22898
vt 0.43155 0.99536
vt 0.46403 0.98339
vt 0.46041 0.97357
vt 0.08477 0.8893
vt 0.08962 0.89152
vt 0.09723 0.88805
vt 0.70545 0.97455
vt 0.70751 0.9701
vt 0.70261 0.9606
vt 0.69902 0.97808
vt 0.07789 0.86713
vt 0.44504 0.9861
vt 0.44536 0.99041
vt 0.0848 0.86419
vt 0.70751 0.95106
vt 0.70068 0.95202
vt 0.70594 0.95811
vt 0.91945 0.64611
vt 0.91601 0.65646
vt 0.8449 0.81318
vt 0.84971 0.80435
vt 0.86319 0.81382
vt 0.10578 0.8608
vt 0.7395 0.82157
vt 0.91184 0.66984
vt 0.01201 0.85576
vt 0.93445 0.04818
vt 0.93262 0.04489
vt 0.92861 0.04552
vt 0.95469 0.54155
vt 0.95167 0.54381
vt 0.95359 0.53633
vt 0.06296 0.8586
vt 0.93074 0.02186
vt 0.92817 0.02069
vt 0.01328 0.88224
vt 0.9208 0.70577
vt 0.92002 0.68042
vt 0.9176 0.67951
vt 0.91798 0.70548
vt 0.61631 0.90061
vt 0.61478 0.90303
vt 0.57673 0.90075
vt 0.57578 0.90503
vt 0.57455 0.9028
vt 0.91791 0.70963
vt 0.92004 0.71225
vt 0.00704 0.89455
vt 0.47907 0.58818
vt 0.74031 0.57972
vt 0.79168 0.91185
vt 0.77978 0.90952
vt 0.79124 0.90868
vt 0.25179 0.69322
vt 0.26245 0.6977
vt 0.25844 0.99506
vt 0.58846 0.97442
vt 0.15757 0.90773
vt 0.30891 0.50265
vt 0.49249 0.95106
vt 0.49249 0.93391
vt 0.49056 0.94683
vt 0.48873 0.93486
vt 0.75651 0.22663
vt 0.42675 0.9894
vt 0.77859 0.22631
vt 0.77627 0.22795
vt 0.46526 0.97169
vt 0.9172 0.99089
vt 0.92057 0.98646
vt 0.9177 0.99546
vt 0.10132 0.88457
vt 0.10743 0.8693
vt 0.93075 0.56328
vt 0.92136 0.56305
vt 0.95239 0.54855
vt 0.92802 0.6134
vt 0.9765 0.5419
vt 0.97645 0.53932
vt 0.77585 0.87232
vt 0.76967 0.63994
vt 0.24092 0.68626
vt 0.93054 0.71553
vt 0.93066 0.72045
vt 0.79782 0.91877
vt 0.24992 0.99243
vt 0.62199 0.74823
vt 0.62677 0.74508
vt 0.1609 0.89953
vt 0.9626 0.74077
vt 0.27861 0.32349
vt 0.67018 0.18458
vt 0.48878 0.94963
vt 0.76521 0.22501
vt 0.76931 0.22836
vt 0.29514 0.90226
vt 0.46526 0.98653
vt 0.83897 0.81382
vt 0.84132 0.80267
vt 0.84513 0.80358
vt 0.10319 0.8783
vt 0.44831 0.95056
vt 0.45681 0.94683
vt 0.45522 0.95308
vt 0.85577 0.80071
vt 0.86808 0.8064
vt 0.70004 0.82274
vt 0.7364 0.82291
vt 0.76009 0.61109
vt 0.76029 0.61486
vt 0.76385 0.60898
vt 0.94986 0.54694
vt 0.93839 0.05034
vt 0.91198 0.70556
vt 0.9386 0.02329
vt 0.9176 0.61045
vt 0.92674 0.61806
vt 0.61509 0.91105
vt 0.6123 0.91231
vt 0.57538 0.91322
vt 0.90894 0.71161
vt 0.48833 0.66272
vt 0.78324 0.66592
vt 0.78102 0.66953
vt 0.78219 0.66076
vt 0.89143 0.92458
vt 0.89459 0.91744
vt 0.90108 0.92206
vt 0.24192 0.68929
vt 0.23991 0.69473
vt 0.25577 0.70081
vt 0.90469 0.91748
vt 0.59389 0.96978
vt 0.59383 0.97582
vt 0.62382 0.74016
vt 0.14883 0.90546
vt 0.15165 0.8979
vt 0.96556 0.74319
vt 0.31502 0.97427
vt 0.30563 0.97256
vt 0.30911 0.96456
vt 0.31502 0.96216
vt 0.9299 0.98005
vt 0.9169 0.98605
vt 0.75731 0.21407
vt 0.82389 0.17438
vt 0.43052 0.94756
vt 0.44754 0.93444
vt 0.43719 0.95308
vt 0.68694 0.97026
vt 0.27219 0.94649
vt 0.27111 0.94238
vt 0.27559 0.93189
vt 0.10503 0.88453
vt 0.13528 0.89152
vt 0.1385 0.88785
vt 0.85989 0.85451
vt 0.86148 0.84813
vt 0.86181 0.8573
vt 0.91036 0.6583
vt 0.71947 0.88441
vt 0.7169 0.89305
vt 0.72026 0.89365
vt 0.75728 0.89859
vt 0.75728 0.88345
vt 0.75591 0.88751
vt 0.75517 0.89639
vt 0.76385 0.61705
vt 0.15926 0.80224
vt 0.12405 0.80172
vt 0.92532 0.62815
vt 0.9155 0.61763
vt 0.92016 0.71944
vt 0.90978 0.7202
vt 0.77887 0.87612
vt 0.48404 0.64354
vt 0.47934 0.64594
vt 0.48206 0.64127
vt 0.29485 0.69576
vt 0.29624 0.69879
vt 0.29144 0.69693
vt 0.28779 0.69879
vt 0.87833 0.91675
vt 0.8784 0.92626
vt 0.87149 0.92106
vt 0.88873 0.9219
vt 0.89689 0.92821
vt 0.92347 0.72341
vt 0.08783 0.92987
vt 0.08954 0.92643
vt 0.09711 0.92801
vt 0.7696 0.60589
vt 0.08053 0.92926
vt 0.78826 0.58433
vt 0.76195 0.59097
vt 0.78638 0.58042
vt 0.14319 0.61874
vt 0.13662 0.62236
vt 0.14059 0.61604
vt 0.14319 0.6332
vt 0.79758 0.91501
vt 0.68558 0.97893
vt 0.70214 0.98032
vt 0.7585 0.21588
vt 0.27834 0.67659
vt 0.26995 0.68466
vt 0.28216 0.68466
vt 0.29798 0.88931
vt 0.93593 0.98434
vt 0.10188 0.95597
vt 0.09657 0.9561
vt 0.10042 0.94393
vt 0.93111 0.99157
vt 0.23905 0.94551
vt 0.26856 0.93919
vt 0.87323 0.85472
vt 0.90939 0.855
vt 0.90902 0.86018
vt 0.87459 0.8588
vt 0.87012 0.85941
vt 0.11073 0.87572
vt 0.10722 0.87581
vt 0.69243 0.95225
vt 0.45404 0.93922
vt 0.90913 0.66453
vt 0.94062 0.07215
vt 0.94131 0.06951
vt 0.93587 0.05881
vt 0.9193 0.57696
vt 0.97699 0.55
vt 0.90944 0.70546
vt 0.91408 0.62561
vt 0.49145 0.58761
vt 0.48982 0.58981
vt 0.00047 0.89382
vt 0.00329 0.89051
vt 0.00329 0.89657
vt 0.77668 0.60388
vt 0.77227 0.60597
vt 0.77731 0.60039
vt 0.08686 0.91877
vt 0.07183 0.92987
vt 0.48068 0.64872
vt 0.86418 0.87639
vt 0.86338 0.87314
vt 0.86771 0.87618
vt 0.86497 0.87033
vt 0.88122 0.87639
vt 0.79966 0.91005
vt 0.48404 0.64934
vt 0.49906 0.80321
vt 0.95893 0.74271
vt 0.2784 0.35494
vt 0.68641 0.9759
vt 0.92996 0.9773
vt 0.77842 0.2147
vt 0.79884 0.21941
vt 0.93513 0.18712
vt 0.92669 0.18692
vt 0.24062 0.9521
vt 0.23521 0.94522
vt 0.87402 0.86314
vt 0.90926 0.8641
vt 0.6872 0.95638
vt 0.16707 0.9672
vt 0.16712 0.97617
vt 0.16479 0.9773
vt 0.19238 0.88951
vt 0.18989 0.88603
vt 0.19146 0.87961
vt 0.18001 0.96911
vt 0.907 0.65893
vt 0.21071 0.9773
vt 0.94131 0.02282
vt 0.93099 0.55113
vt 0.93865 0.54781
vt 0.93341 0.55449
vt 0.15995 0.87708
vt 0.9079 0.68802
vt 0.14038 0.88157
vt 0.14093 0.87447
vt 0.97664 0.55449
vt 0.2108 0.96904
vt 0.62203 0.91851
vt 0.62406 0.91257
vt 0.6277 0.91877
vt 0.6168 0.9127
vt 0.61555 0.91532
vt 0.57745 0.9169
vt 0.57135 0.91423
vt 0.56573 0.91406
vt 0.56576 0.91877
vt 0.90696 0.7082
vt 0.90719 0.71909
vt 0.43601 0.87858
vt 0.10094 0.92234
vt 0.80986 0.91646
vt 0.60542 0.97487
vt 0.60202 0.96968
vt 0.81549 0.0106
vt 0.82676 0.0106
vt 0.82164 0.00252
vt 0.28726 0.33101
vt 0.70318 0.23134
vt 0.70335 0.21396
vt 0.07746 0.9561
vt 0.08082 0.94716
vt 0.08373 0.95253
vt 0.85818 0.86221
vt 0.8697 0.86763
vt 0.20137 0.88774
vt 0.20013 0.88197
vt 0.89906 0.65502
vt 0.1912 0.8756
vt 0.19732 0.87179
vt 0.45608 0.92306
vt 0.46773 0.9218
vt 0.45274 0.9329
vt 0.45211 0.92403
vt 0.51236 0.92378
vt 0.51812 0.92435
vt 0.51878 0.93266
vt 0.48177 0.9329
vt 0.49019 0.62925
vt 0.49211 0.62721
vt 0.49196 0.66164
vt 0.48999 0.66022
vt 0.87253 0.92598
vt 0.85633 0.93841
vt 0.89337 0.93618
vt 0.61564 0.74161
vt 0.74419 0.70683
vt 0.75352 0.69677
vt 0.74413 0.69932
vt 0.75352 0.70888
vt 0.56567 0.54316
vt 0.76761 0.13976
vt 0.76794 0.1337
vt 0.77042 0.13976
vt 0.77565 0.21426
vt 0.29091 0.88886
vt 0.43206 0.93328
vt 0.93488 0.99165
vt 0.23719 0.95671
vt 0.08848 0.94862
vt 0.27207 0.95058
vt 0.2704 0.9548
vt 0.23714 0.95913
vt 0.90885 0.86831
vt 0.87428 0.86785
vt 0.49705 0.58983
vt 0.6001 0.9783
vt 0.60808 0.97722
vt 0.78497 0.60527
vt 0.2431 0.99626
vt 0.25022 0.99839
vt 0.37857 0.55921
vt 0.36256 0.56179
vt 0.53394 0.16043
vt 0.4026 0.82847
vt 0.40402 0.84129
vt 0.40208 0.84309
vt 0.40047 0.82611
vt 0.76356 0.19795
vt 0.22053 0.88422
vt 0.22256 0.88017
vt 0.223 0.88943
vt 0.22042 0.87589
vt 0.80606 0.56038
vt 0.27388 0.95913
vt 0.08635 0.94941
vt 0.85681 0.86831
vt 0.20394 0.87618
vt 0.20396 0.86831
vt 0.50032 0.59935
vt 0.77887 0.86836
vt 0.33158 0.74128
vt 0.33275 0.74364
vt 0.32823 0.7433
vt 0.78588 0.65658
vt 0.60879 0.97332
vt 0.24213 0.9995
vt 0.24026 0.99311
vt 0.61204 0.74782
vt 0.75994 0.18602
vt 0.71819 0.21303
vt 0.77447 0.20797
vt 0.80011 0.20749
vt 0.72911 0.51887
vt 0.7338 0.51312
vt 0.7338 0.52523
vt 0.21184 0.87092
vt 0.22152 0.86903
vt 0.41327 0.82998
vt 0.4112 0.84192
vt 0.40688 0.82492
vt 0.22097 0.88951
vt 0.21121 0.88708
vt 0.44118 0.92785
vt 0.68122 0.96461
vt 0.94225 0.99546
vt 0.0899 0.94097
vt 0.42263 0.82745
vt 0.42301 0.84309
vt 0.41559 0.83755
vt 0.31297 0.79972
vt 0.31077 0.79626
vt 0.31324 0.75245
vt 0.31033 0.76909
vt 0.33393 0.77858
vt 0.31553 0.73491
vt 0.32247 0.73568
vt 0.32272 0.74168
vt 0.3257 0.74395
vt 0.50204 0.5915
vt 0.50163 0.6657
vt 0.33108 0.73633
vt 0.33386 0.73656
vt 0.33371 0.73411
vt 0.22018 0.67201
vt 0.21643 0.67219
vt 0.22084 0.66896
vt 0.34323 0.80006
vt 0.31967 0.80172
vt 0.60798 0.74263
vt 0.36985 0.7843
vt 0.38967 0.79862
vt 0.38138 0.80172
vt 0.37381 0.73474
vt 0.37959 0.7389
vt 0.38167 0.73656
vt 0.39023 0.80064
vt 0.39003 0.74662
vt 0.3938 0.78655
vt 0.0638 0.72099
vt 0.05962 0.73086
vt 0.06184 0.71812
vt 0.3939 0.75428
vt 0.76603 0.21269
vt 0.22163 0.87023
vt 0.76972 0.21103
vt 0.77376 0.19879
vt 0.28452 0.88699
vt 0.21045 0.87853
vt 0.55401 0.74624
vt 0.55076 0.74823
vt 0.5528 0.74231
vt 0.55446 0.69834
vt 0.55235 0.71518
vt 0.54741 0.68943
vt 0.55247 0.68279
vt 0.3138 0.73686
vt 0.79471 0.73424
vt 0.78872 0.73116
vt 0.78775 0.73512
vt 0.57116 0.76236
vt 0.57793 0.76011
vt 0.57037 0.75674
vt 0.80466 0.73147
vt 0.43853 0.87033
vt 0.4401 0.87344
vt 0.22436 0.67176
vt 0.89511 0.94198
vt 0.61268 0.97393
vt 0.23615 0.99732
vt 0.47121 0.85432
vt 0.46792 0.85933
vt 0.46527 0.85546
vt 0.22461 0.68748
vt 0.85865 0.732
vt 0.8568 0.73483
vt 0.22645 0.70485
vt 0.22265 0.71538
vt 0.86582 0.73401
vt 0.22294 0.73713
vt 0.223 0.72384
vt 0.22817 0.73327
vt 0.06103 0.73241
vt 0.06593 0.6866
vt 0.06663 0.67805
vt 0.07253 0.67562
vt 0.70675 0.23562
vt 0.7092 0.25688
vt 0.67277 0.26488
vt 0.70604 0.19301
vt 0.81296 0.17943
vt 0.25571 0.89266
vt 0.90413 0.16796
vt 0.57283 0.75366
vt 0.44085 0.87828
vt 0.43925 0.88143
vt 0.42546 0.85902
vt 0.42508 0.8611
vt 0.42377 0.85644
vt 0.22405 0.66852
vt 0.85587 0.94198
vt 0.4646 0.85966
vt 0.7878 0.61166
vt 0.42403 0.8441
vt 0.42267 0.84829
vt 0.22662 0.68395
vt 0.82898 0.72682
vt 0.22737 0.71047
vt 0.22819 0.71606
vt 0.22713 0.72074
vt 0.07118 0.6859
vt 0.06762 0.7277
vt 0.06743 0.71947
vt 0.31884 0.36111
vt 0.71458 0.19965
vt 0.54653 0.74294
vt 0.54668 0.74818
vt 0.79001 0.72684
vt 0.57415 0.71493
vt 0.56644 0.75301
vt 0.50469 0.59931
vt 0.50465 0.66655
vt 0.42363 0.86831
vt 0.41725 0.86676
vt 0.43093 0.86551
vt 0.39738 0.85241
vt 0.39447 0.86407
vt 0.3939 0.84776
vt 0.41816 0.86057
vt 0.49272 0.86367
vt 0.49343 0.86831
vt 0.39976 0.85584
vt 0.4932 0.86024
vt 0.41462 0.85558
vt 0.41774 0.85335
vt 0.39838 0.84636
vt 0.10937 0.73798
vt 0.11009 0.73512
vt 0.10657 0.73686
vt 0.46643 0.7862
vt 0.46588 0.7706
vt 0.46332 0.78237
vt 0.11117 0.75026
vt 0.11761 0.74843
vt 0.12651 0.79421
vt 0.10672 0.79435
vt 0.10781 0.79634
vt 0.12691 0.79667
vt 0.107 0.76982
vt 0.11123 0.76621
vt 0.12664 0.75446
vt 0.12632 0.73665
vt 0.12911 0.7947
vt 0.12885 0.76652
vt 0.12911 0.73828
vt 0.22901 0.70662
vt 0.30947 0.92603
vt 0.32112 0.93505
vt 0.31947 0.93693
vt 0.03563 0.61071
vt 0.03442 0.61302
vt 0.02117 0.61302
vt 0.32087 0.92603
vt 0.35156 0.93585
vt 0.3341 0.93555
vt 0.35164 0.93099
vt 0.31036 0.93614
vt 0.29872 0.93693
vt 0.29926 0.91689
vt 0.3366 0.91536
vt 0.3453 0.92028
vt 0.86638 0.7267
vt 0.31616 0.92074
vt 0.07045 0.73098
vt 0.29718 0.91564
vt 0.30459 0.91372
vt 0.55335 0.68025
vt 0.51126 0.67861
vt 0.56922 0.74871
vt 0.38894 0.81584
vt 0.38844 0.82648
vt 0.38299 0.82414
vt 0.5627 0.75078
vt 0.05663 0.97629
vt 0.07132 0.97271
vt 0.06296 0.96907
vt 0.62864 0.11359
vt 0.62137 0.11288
vt 0.62605 0.11958
vt 0.39296 0.84293
vt 0.3846 0.8418
vt 0.46714 0.75844
vt 0.46118 0.76058
vt 0.46259 0.77354
vt 0.45868 0.76173
vt 0.39013 0.88244
vt 0.38834 0.88503
vt 0.39014 0.90335
vt 0.2482 0.71383
vt 0.64272 0.96317
vt 0.6428 0.95042
vt 0.64677 0.95331
vt 0.64426 0.94056
vt 0.02879 0.60673
vt 0.01375 0.60812
vt 0.00334 0.6128
vt 0.77002 0.95383
vt 0.75929 0.95812
vt 0.75446 0.9481
vt 0.76594 0.944
vt 0.95086 0.0453
vt 0.96767 0.04504
vt 0.94852 0.0423
vt 0.83978 0.78671
vt 0.83052 0.78508
vt 0.84108 0.78153
vt 0.96761 0.04188
vt 0.83132 0.79269
vt 0.06766 0.73411
vt 0.83558 0.7997
vt 0.96948 0.04311
vt 0.30447 0.26495
vt 0.3646 0.56256
vt 0.83798 0.55724
vt 0.72414 0.18453
vt 0.24806 0.90262
vt 0.57172 0.72259
vt 0.32425 0.9773
vt 0.31972 0.98487
vt 0.32441 0.98356
vt 0.62864 0.10339
vt 0.3889 0.85116
vt 0.05399 0.9642
vt 0.93368 0.86333
vt 0.92254 0.86253
vt 0.92322 0.85745
vt 0.45412 0.7879
vt 0.46638 0.7919
vt 0.45218 0.79272
vt 0.45772 0.7816
vt 0.03632 0.8377
vt 0.0446 0.82768
vt 0.03615 0.82492
vt 0.48817 0.83534
vt 0.49987 0.82699
vt 0.50282 0.83506
vt 0.72803 0.84093
vt 0.73059 0.8307
vt 0.73662 0.83457
vt 0.57367 0.78658
vt 0.59955 0.78684
vt 0.57077 0.80094
vt 0.26436 0.70951
vt 0.86693 0.70625
vt 0.51476 0.97528
vt 0.50439 0.97427
vt 0.5044 0.96811
vt 0.77484 0.94213
vt 0.78078 0.95234
vt 0.77993 0.94119
vt 0.78697 0.93996
vt 0.78827 0.95204
vt 0.79671 0.94577
vt 0.49702 0.96694
vt 0.496 0.97528
vt 0.34723 0.4381
vt 0.56712 0.54566
vt 0.70939 0.26488
vt 0.37324 0.80641
vt 0.37242 0.81331
vt 0.37512 0.81552
vt 0.37024 0.80575
vt 0.00445 0.79797
vt 0.01033 0.79827
vt 0.00456 0.74603
vt 0.00938 0.8022
vt 0.00464 0.72814
vt 0.01075 0.7329
vt 0.01055 0.72704
vt 0.6831 0.7553
vt 0.67954 0.75047
vt 0.6831 0.73612
vt 0.61925 0.10412
vt 0.93167 0.88072
vt 0.92282 0.88951
vt 0.0446 0.83905
vt 0.31948 0.9048
vt 0.49758 0.84027
vt 0.58575 0.80883
vt 0.54755 0.78668
vt 0.56226 0.79615
vt 0.03014 0.60296
vt 0.01712 0.60546
vt 0.02802 0.59792
vt 0.00463 0.59153
vt 0.67653 0.9561
vt 0.67596 0.94832
vt 0.67094 0.95507
vt 0.79108 0.58986
vt 0.79474 0.59401
vt 0.80025 0.59166
vt 0.50771 0.96147
vt 0.7961 0.57871
vt 0.50201 0.95971
vt 0.83952 0.7969
vt 0.09688 0.72765
vt 0.96914 0.07341
vt 0.79023 0.95812
vt 0.65211 0.86428
vt 0.65211 0.87538
vt 0.64742 0.87537
vt 0.6061 0.87119
vt 0.6111 0.87003
vt 0.61684 0.87235
vt 0.35634 0.91574
vt 0.35258 0.91179
vt 0.35634 0.90666
vt 0.37296 0.82125
vt 0.37325 0.82601
vt 0.34269 0.6998
vt 0.33758 0.68795
vt 0.34789 0.69323
vt 0.6106 0.85765
vt 0.61662 0.85938
vt 0.33147 0.69439
vt 0.36135 0.8094
vt 0.36289 0.81719
vt 0.00183 0.7281
vt 0.00141 0.79903
vt 0.01362 0.73034
vt 0.0135 0.79691
vt 0.01362 0.80273
vt 0.5241 0.74503
vt 0.67742 0.73817
vt 0.55726 0.74431
vt 0.55984 0.75348
vt 0.56416 0.74588
vt 0.37921 0.85051
vt 0.46714 0.81627
vt 0.4911 0.82505
vt 0.72153 0.83605
vt 0.72391 0.82492
vt 0.55711 0.80462
vt 0.54759 0.82452
vt 0.84456 0.65827
vt 0.65944 0.95555
vt 0.51935 0.96605
vt 0.52254 0.96407
vt 0.023 0.59183
vt 0.02122 0.58555
vt 0.01982 0.58947
vt 0.02968 0.60033
vt 0.15915 0.70686
vt 0.16479 0.70686
vt 0.16043 0.70182
vt 0.00141 0.59121
vt 0.01859 0.58679
vt 0.66995 0.94097
vt 0.67355 0.94216
vt 0.67653 0.94271
vt 0.77512 0.79768
vt 0.78545 0.79768
vt 0.7807 0.78759
vt 0.49378 0.95906
vt 0.68589 0.83098
vt 0.67747 0.83804
vt 0.68685 0.83804
vt 0.96786 0.06851
vt 0.48685 0.96636
vt 0.49693 0.85799
vt 0.50188 0.85237
vt 0.50188 0.86428
vt 0.15302 0.94097
vt 0.15734 0.94933
vt 0.16043 0.94324
vt 0.93756 0.14077
vt 0.93568 0.12785
vt 0.93756 0.12159
vt 0.25305 0.86865
vt 0.2426 0.87235
vt 0.24964 0.86819
vt 0.79468 0.18039
vt 0.77904 0.18776
vt 0.32591 0.68692
vt 0.34453 0.82008
vt 0.35768 0.82493
vt 0.07746 0.91118
vt 0.08225 0.91137
vt 0.07897 0.91372
vt 0.47587 0.8219
vt 0.49443 0.8152
vt 0.54177 0.8219
vt 0.67747 0.65439
vt 0.67615 0.64968
vt 0.66962 0.65385
vt 0.67293 0.64951
vt 0.07867 0.90473
vt 0.23521 0.8108
vt 0.23654 0.8065
vt 0.23984 0.80984
vt 0.23969 0.80549
vt 0.23997 0.79969
vt 0.24027 0.75962
vt 0.23639 0.73975
vt 0.24101 0.74266
vt 0.23842 0.73473
vt 0.90256 0.29415
vt 0.89556 0.31197
vt 0.90376 0.30299
vt 0.32441 0.99445
vt 0.67465 0.74114
vt 0.37597 0.82691
vt 0.06376 0.96169
vt 0.05872 0.96144
vt 0.37408 0.83293
vt 0.05495 0.95443
vt 0.57587 0.52381
vt 0.54038 0.52624
vt 0.54096 0.52292
vt 0.48847 0.84208
vt 0.79546 0.59485
vt 0.8061 0.59172
vt 0.86995 0.72474
vt 0.99754 0.04447
vt 0.99765 0.055
vt 0.99108 0.04495
vt 0.56412 0.54238
vt 0.38489 0.00121
vt 0.80563 0.55974
vt 0.68779 0.86217
vt 0.69906 0.8663
vt 0.6942 0.8632
vt 0.24236 0.86943
vt 0.98977 0.15545
vt 0.07534 0.82494
vt 0.06418 0.82667
vt 0.07559 0.83199
vt 0.24208 0.85819
vt 0.6228 0.85932
vt 0.24752 0.85718
vt 0.32668 0.69075
vt 0.61941 0.82291
vt 0.61384 0.82322
vt 0.31125 0.66852
vt 0.33625 0.82791
vt 0.58545 0.52926
vt 0.58048 0.52624
vt 0.57324 0.52926
vt 0.48255 0.81562
vt 0.5269 0.81555
vt 0.53393 0.81756
vt 0.08507 0.90522
vt 0.66928 0.64404
vt 0.08253 0.90162
vt 0.66646 0.6514
vt 0.24564 0.79006
vt 0.50767 0.71159
vt 0.50125 0.68137
vt 0.90301 0.31247
vt 0.48685 0.76943
vt 0.48685 0.79566
vt 0.4831 0.78021
vt 0.32197 0.99405
vt 0.62082 0.09536
vt 0.42622 0.81763
vt 0.46609 0.81824
vt 0.42071 0.80142
vt 0.44931 0.7854
vt 0.48184 0.83094
vt 0.48185 0.82341
vt 0.71849 0.83023
vt 0.56424 0.7991
vt 0.26474 0.70693
vt 0.94793 0.07248
vt 0.01608 0.58329
vt 0.13433 0.78961
vt 0.13557 0.79348
vt 0.13186 0.79186
vt 0.51301 0.9561
vt 0.8061 0.58014
vt 0.49608 0.85015
vt 0.49343 0.85277
vt 0.14695 0.95023
vt 0.1549 0.95706
vt 0.84702 0.78346
vt 0.84891 0.7997
vt 0.86959 0.69584
vt 0.99765 0.03683
vt 0.31529 0.31704
vt 0.75195 0.17395
vt 0.36185 0.82639
vt 0.32713 0.6942
vt 0.32726 0.69912
vt 0.12429 0.96702
vt 0.08711 0.96613
vt 0.08717 0.96014
vt 0.0784 0.96227
vt 0.12629 0.96412
vt 0.35572 0.83047
vt 0.37139 0.86928
vt 0.37512 0.86932
vt 0.23771 0.82274
vt 0.32349 0.6899
vt 0.35194 0.82961
vt 0.24702 0.8352
vt 0.62464 0.82291
vt 0.31112 0.67645
vt 0.33005 0.82511
vt 0.24419 0.81887
vt 0.23513 0.8201
vt 0.48005 0.81091
vt 0.5411 0.81131
vt 0.30041 0.80726
vt 0.24724 0.75659
vt 0.25007 0.73988
vt 0.50945 0.73951
vt 0.50329 0.68696
vt 0.07465 0.96311
vt 0.07411 0.95408
vt 0.06779 0.95779
vt 0.81441 0.86159
vt 0.81222 0.86051
vt 0.81739 0.85923
vt 0.06838 0.95157
vt 0.82207 0.86203
vt 0.448 0.75941
vt 0.72878 0.84903
vt 0.71781 0.85116
vt 0.71873 0.84777
vt 0.73051 0.85113
vt 0.56016 0.80506
vt 0.67079 0.96317
vt 0.03148 0.59487
vt 0.03542 0.59361
vt 0.00859 0.59467
vt 0.01259 0.59654
vt 0.02211 0.57617
vt 0.00892 0.58189
vt 0.14209 0.79668
vt 0.12911 0.80071
vt 0.14225 0.80071
vt 0.79818 0.8166
vt 0.79491 0.82287
vt 0.80066 0.82492
vt 0.49405 0.85764
vt 0.16056 0.95025
vt 0.16291 0.94483
vt 0.1359 0.9831
vt 0.14069 0.98638
vt 0.12748 0.98638
vt 0.56854 0.97011
vt 0.55573 0.9662
vt 0.55314 0.97144
vt 0.69906 0.86024
vt 0.94702 0.98234
vt 0.94319 0.9884
vt 0.94789 0.9884
vt 0.92571 0.17986
vt 0.93073 0.18164
vt 0.62435 0.87227
vt 0.06424 0.81977
vt 0.23655 0.85772
vt 0.06056 0.82124
vt 0.08792 0.96826
vt 0.12398 0.97225
vt 0.76725 0.86507
vt 0.76797 0.86144
vt 0.77042 0.86731
vt 0.75956 0.85986
vt 0.73238 0.86731
vt 0.75467 0.86254
vt 0.73123 0.86191
vt 0.72911 0.86471
vt 0.32094 0.68964
vt 0.33866 0.83405
vt 0.17102 0.98145
vt 0.16761 0.98739
vt 0.17093 0.98432
vt 0.30916 0.67921
vt 0.30646 0.67455
vt 0.28173 0.6998
vt 0.27934 0.69602
vt 0.33324 0.83231
vt 0.33745 0.83226
vt 0.30455 0.67216
vt 0.3305 0.83297
vt 0.49393 0.81212
vt 0.3332 0.86866
vt 0.54507 0.81852
vt 0.24666 0.74531
vt 0.812 0.86466
vt 0.81139 0.87437
vt 0.80798 0.86947
vt 0.3169 0.62233
vt 0.30851 0.63144
vt 0.29859 0.62109
vt 0.56261 0.73623
vt 0.82207 0.87381
vt 0.37063 0.84461
vt 0.96086 0.8889
vt 0.39013 0.90565
vt 0.15579 0.96821
vt 0.16291 0.96697
vt 0.16205 0.96005
vt 0.61144 0.71104
vt 0.63122 0.71594
vt 0.60443 0.71594
vt 0.85399 0.79299
vt 0.80892 0.82282
vt 0.32827 0.88042
vt 0.30248 0.88042
vt 0.31634 0.87503
vt 0.80885 0.81544
vt 0.13979 0.97546
vt 0.145 0.98428
vt 0.12764 0.97813
vt 0.23599 0.87043
vt 0.62701 0.86137
vt 0.75272 0.37587
vt 0.75432 0.38194
vt 0.74126 0.37365
vt 0.07559 0.81887
vt 0.74038 0.38194
vt 0.23648 0.85076
vt 0.76798 0.85822
vt 0.31947 0.69216
vt 0.3078 0.6813
vt 0.23272 0.82521
vt 0.20547 0.98479
vt 0.20782 0.98739
vt 0.20798 0.98105
vt 0.24836 0.75306
vt 0.28085 0.62671
vt 0.29737 0.63
vt 0.28055 0.63498
vt 0.79027 0.68306
vt 0.07465 0.94161
vt 0.7169 0.95657
vt 0.7221 0.9562
vt 0.71762 0.97683
vt 0.5675 0.73427
vt 0.56975 0.73944
vt 0.72489 0.96627
vt 0.36948 0.85116
vt 0.72084 0.97641
vt 0.31513 0.64551
vt 0.54066 0.51819
vt 0.57757 0.52064
vt 0.4293 0.81988
vt 0.35318 0.88323
vt 0.43517 0.79032
vt 0.43229 0.75429
vt 0.71175 0.84012
vt 0.71504 0.83493
vt 0.47429 0.8393
vt 0.26807 0.86932
vt 0.26807 0.88547
vt 0.26338 0.87946
vt 0.65594 0.95467
vt 0.66205 0.94564
vt 0.03689 0.58965
vt 0.0246 0.59015
vt 0.01849 0.59237
vt 0.01436 0.587
vt 0.79759 0.80071
vt 0.79014 0.8095
vt 0.33005 0.87012
vt 0.80453 0.80903
vt 0.60422 0.71009
vt 0.54429 0.97326
vt 0.53839 0.97382
vt 0.54253 0.97781
vt 0.01071 0.57
vt 0.15788 0.98264
vt 0.14539 0.97575
vt 0.5521 0.97834
vt 0.80892 0.80626
vt 0.30111 0.86939
vt 0.56854 0.97729
vt 0.2987 0.87538
vt 0.38971 0.59736
vt 0.39007 0.60281
vt 0.39296 0.60782
vt 0.75446 0.3795
vt 0.75246 0.36983
vt 0.54988 0.76683
vt 0.55489 0.76337
vt 0.54976 0.77144
vt 0.38779 0.58981
vt 0.38038 0.59462
vt 0.37696 0.59971
vt 0.381 0.59113
vt 0.37948 0.60712
vt 0.3738 0.60766
vt 0.37906 0.61124
vt 0.37576 0.62784
vt 0.38093 0.65002
vt 0.37507 0.6468
vt 0.08196 0.97225
vt 0.3752 0.65369
vt 0.37999 0.65784
vt 0.37142 0.60599
vt 0.23141 0.85239
vt 0.3676 0.61906
vt 0.37063 0.62603
vt 0.36816 0.61012
vt 0.36777 0.649
vt 0.37062 0.65226
vt 0.6297 0.85048
vt 0.62878 0.82589
vt 0.36479 0.65088
vt 0.87025 0.99224
vt 0.87283 0.99748
vt 0.88608 0.98855
vt 0.88685 0.99572
vt 0.93377 0.63421
vt 0.93481 0.6309
vt 0.93192 0.62685
vt 0.17078 0.9783
vt 0.29725 0.63651
vt 0.33193 0.63731
vt 0.32563 0.62064
vt 0.33193 0.62008
vt 0.32254 0.63824
vt 0.01466 0.94205
vt 0.02303 0.93746
vt 0.01531 0.93317
vt 0.02028 0.92901
vt 0.02798 0.93219
vt 0.88967 0.31205
vt 0.89439 0.31688
vt 0.81533 0.68244
vt 0.85211 0.29317
vt 0.85434 0.31652
vt 0.8579 0.31384
vt 0.85758 0.31852
vt 0.95749 0.86968
vt 0.44304 0.76654
vt 0.43764 0.75983
vt 0.71026 0.84897
vt 0.47435 0.83325
vt 0.18357 0.84712
vt 0.18075 0.84199
vt 0.18357 0.83098
vt 0.66626 0.95749
vt 0.6646 0.94577
vt 0.66527 0.94112
vt 0.66179 0.93895
vt 0.023 0.56953
vt 0.01307 0.56458
vt 0.31396 0.86731
vt 0.63111 0.70646
vt 0.63711 0.70926
vt 0.63697 0.71413
vt 0.15391 0.61503
vt 0.15171 0.62353
vt 0.15801 0.62916
vt 0.15915 0.62029
vt 0.28501 0.87564
vt 0.28498 0.87111
vt 0.7576 0.17357
vt 0.76862 0.18275
vt 0.7664 0.1792
vt 0.77407 0.1822
vt 0.92978 0.17696
vt 0.93594 0.1776
vt 0.39296 0.66788
vt 0.39147 0.66136
vt 0.38057 0.66852
vt 0.37639 0.66098
vt 0.37468 0.5975
vt 0.37439 0.60335
vt 0.37412 0.66518
vt 0.63044 0.85569
vt 0.37322 0.62873
vt 0.64554 0.12397
vt 0.6401 0.12464
vt 0.64407 0.13024
vt 0.87295 0.98578
vt 0.8662 0.99052
vt 0.23008 0.84601
vt 0.63159 0.84617
vt 0.63276 0.14139
vt 0.62686 0.14045
vt 0.6288 0.14345
vt 0.64554 0.17729
vt 0.23036 0.82477
vt 0.54219 0.77188
vt 0.26326 0.76831
vt 0.28154 0.64461
vt 0.27934 0.64632
vt 0.25723 0.75886
vt 0.29412 0.64231
vt 0.89877 0.32524
vt 0.90376 0.32543
vt 0.65493 0.98133
vt 0.63991 0.98133
vt 0.65116 0.97629
vt 0.29657 0.64632
vt 0.23709 0.96531
vt 0.22803 0.96014
vt 0.23614 0.97192
vt 0.22604 0.97
vt 0.59182 0.78058
vt 0.59654 0.77808
vt 0.59671 0.78355
vt 0.223 0.64609
vt 0.21689 0.6481
vt 0.21937 0.64091
vt 0.22221 0.65237
vt 0.7348 0.90565
vt 0.74319 0.9028
vt 0.74015 0.90666
vt 0.99859 0.76236
vt 0.99356 0.76284
vt 0.99577 0.76663
vt 0.22421 0.96473
vt 0.94143 0.85763
vt 0.95272 0.85621
vt 0.57896 0.51708
vt 0.02094 0.82393
vt 0.02737 0.8256
vt 0.03149 0.82291
vt 0.03019 0.58389
vt 0.00424 0.58746
vt 0.01512 0.8339
vt 0.53662 0.98019
vt 0.00892 0.82887
vt 0.15426 0.97523
vt 0.15915 0.97373
vt 0.02553 0.83421
vt 0.01188 0.83783
vt 0.02041 0.83945
vt 0.60489 0.70549
vt 0.02794 0.84197
vt 0.02254 0.84512
vt 0.01844 0.84703
vt 0.01245 0.84384
vt 0.47934 0.97245
vt 0.47368 0.96711
vt 0.47934 0.96519
vt 0.1352 0.96918
vt 0.6348 0.70346
vt 0.14701 0.62916
vt 0.2906 0.86896
vt 0.64878 0.71078
vt 0.64604 0.70831
vt 0.7143 0.1817
vt 0.70834 0.14355
vt 0.70608 0.18521
vt 0.78949 0.1711
vt 0.25092 0.88433
vt 0.26319 0.87445
vt 0.24742 0.89536
vt 0.25482 0.87336
vt 0.11805 0.89253
vt 0.11972 0.8996
vt 0.1153 0.89643
vt 0.05662 0.57669
vt 0.05211 0.57486
vt 0.0559 0.57336
vt 0.05558 0.57065
vt 0.53772 0.5225
vt 0.53944 0.52825
vt 0.53729 0.52621
vt 0.05422 0.56685
vt 0.05601 0.56752
vt 0.2294 0.84964
vt 0.94095 0.11348
vt 0.94225 0.1115
vt 0.9385 0.11217
vt 0.63616 0.1226
vt 0.62884 0.13434
vt 0.88685 0.98261
vt 0.8708 0.98234
vt 0.62019 0.13421
vt 0.22835 0.82896
vt 0.63132 0.83205
vt 0.6303 0.83486
vt 0.45324 0.72601
vt 0.45962 0.72601
vt 0.45579 0.72448
vt 0.64059 0.17862
vt 0.93988 0.62867
vt 0.93542 0.62551
vt 0.62529 0.1419
vt 0.93922 0.62474
vt 0.638 0.18012
vt 0.62316 0.14418
vt 0.94225 0.62618
vt 0.13981 0.90232
vt 0.25885 0.73966
vt 0.2833 0.79643
vt 0.78732 0.70248
vt 0.01929 0.95469
vt 0.01362 0.95134
vt 0.01541 0.96144
vt 0.73552 0.9551
vt 0.07149 0.93996
vt 0.22371 0.97611
vt 0.72876 0.90258
vt 0.73809 0.90016
vt 0.05579 0.94217
vt 0.86004 0.2892
vt 0.87116 0.31638
vt 0.8684 0.30477
vt 0.95543 0.86203
vt 0.31916 0.88643
vt 0.43025 0.78704
vt 0.58396 0.82907
vt 0.57153 0.81661
vt 0.25157 0.71701
vt 0.25795 0.71503
vt 0.03427 0.82633
vt 0.01673 0.82318
vt 0.5375 0.98522
vt 0.0308 0.84475
vt 0.55336 0.98537
vt 0.62111 0.70283
vt 0.02794 0.84979
vt 0.56583 0.98366
vt 0.3595 0.59608
vt 0.35766 0.60726
vt 0.36197 0.60656
vt 0.03427 0.86024
vt 0.12723 0.9672
vt 0.35605 0.61302
vt 0.35138 0.61115
vt 0.96714 0.945
vt 0.97717 0.94251
vt 0.9685 0.93854
vt 0.64189 0.70403
vt 0.63568 0.70437
vt 0.99953 0.13229
vt 0.99953 0.11958
vt 0.99512 0.1285
vt 0.64892 0.70376
vt 0.65211 0.70894
vt 0.56198 0.77144
vt 0.57512 0.76569
vt 0.79723 0.17336
vt 0.93103 0.16551
vt 0.78219 0.80878
vt 0.78451 0.8108
vt 0.77793 0.8108
vt 0.93029 0.17528
vt 0.66189 0.84857
vt 0.65777 0.00537
vt 0.6615 0.00474
vt 0.66044 0.00757
vt 0.45847 0.72217
vt 0.93238 0.62151
vt 0.44178 0.88143
vt 0.44635 0.87959
vt 0.44221 0.87507
vt 0.6512 0.82315
vt 0.19952 0.8211
vt 0.48 0.78264
vt 0.29781 0.8108
vt 0.37315 0.57683
vt 0.3656 0.59284
vt 0.36479 0.57568
vt 0.56587 0.72357
vt 0.59215 0.77226
vt 0.55818 0.72078
vt 0.64004 0.97615
vt 0.62089 0.9773
vt 0.62452 0.96722
vt 0.21645 0.9732
vt 0.21082 0.63219
vt 0.61737 0.96876
vt 0.70211 0.84814
vt 0.46716 0.82351
vt 0.70588 0.83368
vt 0.70646 0.82917
vt 0.55502 0.81721
vt 0.78854 0.74199
vt 0.79859 0.74622
vt 0.78732 0.74622
vt 0.0322 0.5796
vt 0.88312 0.65434
vt 0.88591 0.6609
vt 0.88792 0.65239
vt 0.87934 0.66436
vt 0.88516 0.66819
vt 0.79176 0.73814
vt 0.15708 0.9714
vt 0.93943 0.9374
vt 0.9385 0.945
vt 0.94281 0.93757
vt 0.35518 0.5777
vt 0.35452 0.58362
vt 0.36197 0.57949
vt 0.35999 0.73073
vt 0.3616 0.71202
vt 0.35423 0.72805
vt 0.95443 0.94497
vt 0.35465 0.59432
vt 0.99787 0.09941
vt 0.99389 0.10567
vt 0.99884 0.10703
vt 0.99251 0.09939
vt 0.46914 0.9674
vt 0.46901 0.97351
vt 0.9574 0.93687
vt 0.97355 0.7553
vt 0.98486 0.75156
vt 0.98808 0.7553
vt 0.96468 0.93417
vt 0.99343 0.1158
vt 0.14719 0.61526
vt 0.14413 0.61995
vt 0.97498 0.93637
vt 0.96253 0.75093
vt 0.98263 0.936
vt 0.98263 0.94286
vt 0.88779 0.59788
vt 0.88779 0.60595
vt 0.8831 0.60183
vt 0.99293 0.1337
vt 0.76524 0.17065
vt 0.69746 0.99124
vt 0.67532 0.99142
vt 0.67511 0.98797
vt 0.66403 0.85147
vt 0.538 0.51766
vt 0.50706 0.51756
vt 0.53737 0.77333
vt 0.66746 0.6155
vt 0.25984 0.73818
vt 0.27255 0.7331
vt 0.02814 0.96216
vt 0.2354 0.9813
vt 0.21828 0.9836
vt 0.23393 0.98443
vt 0.58287 0.77791
vt 0.58367 0.77173
vt 0.98814 0.76752
vt 0.20695 0.65237
vt 0.2058 0.64547
vt 0.7389 0.96731
vt 0.73461 0.97931
vt 0.87028 0.29047
vt 0.43492 0.78304
vt 0.70143 0.84205
vt 0.46601 0.83605
vt 0.46598 0.84131
vt 0.99202 0.38025
vt 0.99484 0.37588
vt 0.99484 0.38497
vt 0.55384 0.82775
vt 0.60141 0.86259
vt 0.67653 0.96021
vt 0.26636 0.71373
vt 0.35317 0.73282
vt 0.36385 0.7331
vt 0.02767 0.5778
vt 0.88795 0.66381
vt 0.00429 0.96317
vt 0.00578 0.96596
vt 0.01096 0.96375
vt 0.35195 0.58038
vt 0.3531 0.72187
vt 0.99765 0.74624
vt 0.95388 0.93391
vt 0.3514 0.59321
vt 0.47598 0.97931
vt 0.35087 0.60533
vt 0.34977 0.59734
vt 0.06146 0.58678
vt 0.07465 0.58136
vt 0.07393 0.58678
vt 0.9749 0.7442
vt 0.96894 0.74558
vt 0.99108 0.12508
vt 0.96197 0.74514
vt 0.77609 0.17174
vt 0.79544 0.16689
vt 0.54496 0.75634
vt 0.67747 0.58764
vt 0.2658 0.74705
vt 0.31639 0.7105
vt 0.31497 0.69596
vt 0.32386 0.69709
vt 0.32441 0.7109
vt 0.37659 0.59284
vt 0.02729 0.95228
vt 0.63743 0.96502
vt 0.64178 0.96247
vt 0.23709 0.98638
vt 0.56946 0.7145
vt 0.21411 0.97887
vt 0.99302 0.77176
vt 0.6957 0.83321
vt 0.89243 0.65039
vt 0.89189 0.65427
vt 0.8929 0.67255
vt 0.01161 0.97378
vt 0.01549 0.96614
vt 0.89396 0.65103
vt 0.35349 0.97225
vt 0.35643 0.96781
vt 0.36289 0.97107
vt 0.35252 0.96718
vt 0.34883 0.98788
vt 0.35684 0.98103
vt 0.35384 0.99041
vt 0.01379 0.97073
vt 0.89718 0.64733
vt 0.13005 0.93309
vt 0.12653 0.93703
vt 0.12957 0.92894
vt 0.04784 0.58212
vt 0.05285 0.57985
vt 0.04554 0.58661
vt 0.36576 0.96144
vt 0.36612 0.96956
vt 0.11741 0.92054
vt 0.00765 0.98118
vt 0.01289 0.9836
vt 0.06502 0.57871
vt 0.35316 0.9565
vt 0.36175 0.71046
vt 0.35285 0.71324
vt 0.36181 0.95421
vt 0.10603 0.93989
vt 0.10058 0.93231
vt 0.10642 0.93214
vt 0.36385 0.69778
vt 0.35747 0.70645
vt 0.11075 0.9243
vt 0.11077 0.91675
vt 0.00235 0.98707
vt 0.00688 0.99445
vt 0.0983 0.93843
vt 0.08805 0.9397
vt 0.09132 0.93214
vt 0.07491 0.93996
vt 0.07465 0.93423
vt 0.08192 0.93931
vt 0.08267 0.93412
vt 0.38574 0.04247
vt 0.40318 0.20114
vt 0.78545 0.1654
vt 0.80249 0.1657
vt 0.80705 0.17342
vt 0.81975 0.16863
vt 0.81719 0.17463
vt 0.77454 0.16245
vt 0.79859 0.51114
vt 0.82847 0.5125
vt 0.83072 0.50908
vt 0.79903 0.51614
vt 0.19978 0.85271
vt 0.08518 0.57259
vt 0.07254 0.57011
vt 0.20076 0.84677
vt 0.65723 0.82999
vt 0.65898 0.82615
vt 0.47277 0.81951
vt 0.47539 0.77267
vt 0.3244 0.69439
vt 0.26191 0.74586
vt 0.37887 0.5795
vt 0.02973 0.94594
vt 0.03315 0.94105
vt 0.03301 0.92886
vt 0.56931 0.77359
vt 0.57967 0.77468
vt 0.56854 0.78355
vt 0.5908 0.76236
vt 0.15436 0.89657
vt 0.15446 0.88749
vt 0.14446 0.89603
vt 0.14002 0.88785
vt 0.1385 0.89657
vt 0.72254 0.90666
vt 0.72593 0.89859
vt 0.20428 0.63553
vt 0.21268 0.97127
vt 0.69469 0.85113
vt 0.69407 0.84594
vt 0.69901 0.82669
vt 0.5557 0.82554
vt 0.03652 0.57702
vt 0.03667 0.57288
vt 0.37048 0.97209
vt 0.36379 0.99041
vt 0.37185 0.95991
vt 0.11737 0.93996
vt 0.36761 0.98368
vt 0.35641 0.95196
vt 0.35164 0.94996
vt 0.01549 0.99376
vt 0.75989 0.1352
vt 0.76527 0.16337
vt 0.82718 0.15278
vt 0.08605 0.5666
vt 0.94225 0.14581
vt 0.93861 0.59363
vt 0.26848 0.73909
vt 0.31069 0.69374
vt 0.30939 0.69751
vt 0.31016 0.7109
vt 0.03324 0.94964
vt 0.97901 0.76579
vt 0.97863 0.77116
vt 0.61884 0.95865
vt 0.74456 0.97526
vt 0.97283 0.88051
vt 0.45471 0.83428
vt 0.03441 0.56963
vt 0.89718 0.67007
vt 0.04554 0.57977
vt 0.38118 0.97225
vt 0.35058 0.97592
vt 0.36401 0.95496
vt 0.3478 0.71404
vt 0.48086 0.84914
vt 0.47703 0.8552
vt 0.47277 0.84999
vt 0.51226 0.99857
vt 0.50657 0.9995
vt 0.51239 0.9881
vt 0.37529 0.95053
vt 0.3623 0.94586
vt 0.35548 0.94097
vt 0.71724 0.14332
vt 0.66481 0.85514
vt 0.1994 0.84936
vt 0.65916 0.83322
vt 0.63202 0.00757
vt 0.47162 0.87437
vt 0.47128 0.87744
vt 0.03582 0.94989
vt 0.03543 0.94171
vt 0.75033 0.95706
vt 0.63059 0.95272
vt 0.58215 0.76529
vt 0.99045 0.79768
vt 0.99859 0.79354
vt 0.98848 0.78949
vt 0.99257 0.78523
vt 0.98681 0.78253
vt 0.19859 0.64608
vt 0.57557 0.94151
vt 0.57291 0.94803
vt 0.56854 0.94569
vt 0.88685 0.31166
vt 0.96815 0.8717
vt 0.57051 0.8375
vt 0.56729 0.81914
vt 0.56756 0.83687
vt 0.59884 0.86235
vt 0.78826 0.51614
vt 0.77512 0.51614
vt 0.78158 0.51312
vt 0.34055 0.72956
vt 0.52092 0.97931
vt 0.51718 0.98954
vt 0.28618 0.98848
vt 0.28498 0.98302
vt 0.28995 0.98623
vt 0.48254 0.8552
vt 0.48873 0.85095
vt 0.10657 0.75732
vt 0.10282 0.75185
vt 0.10657 0.74722
vt 0.35845 0.26985
vt 0.79688 0.1593
vt 0.70979 0.98603
vt 0.67465 0.98234
vt 0.08779 0.57669
vt 0.19931 0.82581
vt 0.2003 0.8282
vt 0.94225 0.59284
vt 0.27117 0.75221
vt 0.03376 0.86286
vt 0.02294 0.87032
vt 0.03228 0.87446
vt 0.02207 0.86226
vt 0.04448 0.95856
vt 0.04411 0.93918
vt 0.04641 0.93304
vt 0.57051 0.7094
vt 0.01268 0.69579
vt 0.0063 0.70755
vt 0.01133 0.71227
vt 0.98198 0.78602
vt 0.99299 0.72666
vt 0.98841 0.73379
vt 0.98365 0.72774
vt 0.86882 0.28607
vt 0.58412 0.94298
vt 0.77042 0.27397
vt 0.77579 0.27338
vt 0.7728 0.26126
vt 0.44831 0.84
vt 0.52441 0.98132
vt 0.38169 0.95791
vt 0.34231 0.71471
vt 0.51861 0.99886
vt 0.36288 0.97427
vt 0.1779 0.60709
vt 0.17787 0.61584
vt 0.18446 0.60945
vt 0.18451 0.6221
vt 0.64964 0.52926
vt 0.64771 0.51946
vt 0.65531 0.52692
vt 0.655 0.51897
vt 0.66056 0.52535
vt 0.70393 0.1357
vt 0.66636 0.13494
vt 0.97215 0.1285
vt 0.93437 0.59301
vt 0.45211 0.69341
vt 0.45079 0.72704
vt 0.44836 0.72493
vt 0.47287 0.7557
vt 0.03709 0.86443
vt 0.03143 0.87689
vt 0.9986 0.91732
vt 0.99404 0.91726
vt 0.99691 0.92787
vt 0.99953 0.91473
vt 0.03905 0.95192
vt 0.66049 0.9889
vt 0.66071 0.99192
vt 0.67028 0.99157
vt 0.67183 0.99344
vt 0.04718 0.92897
vt 0.99577 0.74088
vt 0.99136 0.74319
vt 0.98885 0.73922
vt 0.00667 0.69173
vt 0.00153 0.6935
vt 0.00582 0.71485
vt 0.01268 0.72205
vt 0.75258 0.96777
vt 0.97753 0.78055
vt 0.973 0.77424
vt 0.58144 0.93778
vt 0.88119 0.31937
vt 0.41498 0.7904
vt 0.6831 0.84597
vt 0.42401 0.78157
vt 0.45552 0.8219
vt 0.78545 0.25706
vt 0.77708 0.2558
vt 0.56081 0.83166
vt 0.62582 0.51842
vt 0.63073 0.51413
vt 0.63005 0.52208
vt 0.18451 0.59502
vt 0.644 0.5152
vt 0.52441 0.99649
vt 0.64055 0.5286
vt 0.29007 0.99286
vt 0.29563 0.98895
vt 0.09809 0.73234
vt 0.30729 0.99258
vt 0.30211 0.98748
vt 0.30761 0.97931
vt 0.46872 0.11195
vt 0.7776 0.13844
vt 0.20092 0.84444
vt 0.63229 0.00519
vt 0.65992 0.00262
vt 0.47277 0.88143
vt 0.45013 0.69617
vt 0.14156 0.90628
vt 0.28136 0.78681
vt 0.2779 0.75213
vt 0.03709 0.88042
vt 0.98592 0.92414
vt 0.67183 0.97945
vt 0.97784 0.73783
vt 0.00047 0.71736
vt 0.62502 0.94831
vt 0.9723 0.7806
vt 0.19862 0.63464
vt 0.88288 0.28839
vt 0.41657 0.78483
vt 0.74789 0.94143
vt 0.74694 0.94965
vt 0.74445 0.94443
vt 0.69015 0.84025
vt 0.74181 0.95409
vt 0.78545 0.27338
vt 0.7827 0.26374
vt 0.45163 0.83427
vt 0.28101 0.71631
vt 0.26935 0.71769
vt 0.17808 0.59284
vt 0.33243 0.72277
vt 0.62907 0.52926
vt 0.29849 0.99445
vt 0.96775 0.11872
vt 0.31315 0.98641
vt 0.60252 0.07132
vt 0.80268 0.59938
vt 0.84828 0.59082
vt 0.77793 0.64127
vt 0.80032 0.13405
vt 0.63371 0.00151
vt 0.45663 0.69661
vt 0.3865 0.9561
vt 0.42394 0.95417
vt 0.39205 0.92392
vt 0.38545 0.92353
vt 0.27935 0.73391
vt 0.66049 0.97225
vt 0.6717 0.97573
vt 0.65846 0.97707
vt 0.98504 0.92927
vt 0.47482 0.74485
vt 0.0493 0.9527
vt 0.97977 0.74319
vt 0.28779 0.88098
vt 0.29343 0.87941
vt 0.29343 0.88446
vt 0.97418 0.72502
vt 0.7511 0.97931
vt 0.58747 0.93789
vt 0.41645 0.80863
vt 0.4473 0.82204
vt 0.55916 0.83891
vt 0.30259 0.7097
vt 0.6831 0.95779
vt 0.39875 0.90654
vt 0.40666 0.90219
vt 0.39648 0.91373
vt 0.82429 0.95894
vt 0.82461 0.96495
vt 0.8223 0.96478
vt 0.85117 0.99748
vt 0.86154 0.99344
vt 0.86432 0.99748
vt 0.81332 0.95947
vt 0.334 0.7135
vt 0.80966 0.96879
vt 0.32707 0.7191
vt 0.32535 0.71169
vt 0.17418 0.60862
vt 0.3115 0.99445
vt 0.57595 0.54642
vt 0.66378 0.86046
vt 0.66771 0.60447
vt 0.66579 0.60859
vt 0.28157 0.76451
vt 0.28846 0.75334
vt 0.98414 0.91712
vt 0.1077 0.80676
vt 0.10628 0.80937
vt 0.09965 0.8105
vt 0.64178 0.94452
vt 0.6352 0.93996
vt 0.04666 0.94825
vt 0.0493 0.93415
vt 0.98603 0.99041
vt 0.99075 0.97934
vt 0.99108 0.98996
vt 0.00278 0.72402
vt 0.61903 0.94305
vt 0.58441 0.92501
vt 0.5897 0.94018
vt 0.97258 0.87559
vt 0.41836 0.80001
vt 0.73169 0.94877
vt 0.74217 0.93479
vt 0.73261 0.94184
vt 0.49313 0.99932
vt 0.49303 0.99209
vt 0.49945 0.9906
vt 0.40643 0.89597
vt 0.82582 0.97225
vt 0.32865 0.72643
vt 0.23991 0.98133
vt 0.23709 0.97906
vt 0.23991 0.97427
vt 0.56986 0.99492
vt 0.57141 0.99716
vt 0.56667 0.99849
vt 0.32711 0.7268
vt 0.17772 0.6021
vt 0.47183 0.67569
vt 0.47593 0.67962
vt 0.4851 0.67356
vt 0.90143 0.9773
vt 0.90023 0.9829
vt 0.89711 0.97854
vt 0.80674 0.95579
vt 0.81156 0.95207
vt 0.80576 0.96601
vt 0.86735 0.65183
vt 0.79585 0.97147
vt 0.79642 0.96189
vt 0.41012 0.13059
vt 0.3525 0.32471
vt 0.66242 0.82813
vt 0.99297 0.93268
vt 0.0977 0.81722
vt 0.78762 0.64994
vt 0.09478 0.81074
vt 0.13005 0.82291
vt 0.13005 0.84208
vt 0.1216 0.83192
vt 0.9707 0.97558
vt 0.98835 0.9679
vt 0.66338 0.70585
vt 0.66338 0.71292
vt 0.65962 0.71105
vt 0.5918 0.93698
vt 0.88685 0.29411
vt 0.3942 0.81971
vt 0.31793 0.88314
vt 0.50188 0.9995
vt 0.48322 0.9995
vt 0.4831 0.99352
vt 0.44262 0.83161
vt 0.73153 0.93574
vt 0.74352 0.9279
vt 0.41255 0.90843
vt 0.99859 0.96014
vt 0.99859 0.97326
vt 0.99207 0.96446
vt 0.56758 0.99393
vt 0.12358 0.70318
vt 0.1243 0.71068
vt 0.12038 0.70358
vt 0.11762 0.70852
vt 0.57704 0.99528
vt 0.57624 0.98861
vt 0.48755 0.67939
vt 0.12817 0.71701
vt 0.12195 0.71998
vt 0.8949 0.98566
vt 0.90637 0.98068
vt 0.4994 0.67367
vt 0.79636 0.9655
vt 0.79202 0.97225
vt 0.40331 0.50707
vt 0.76552 0.14385
vt 0.08813 0.89268
vt 0.51622 0.52779
vt 0.50704 0.52188
vt 0.08668 0.57101
vt 0.42322 0.92515
vt 0.65493 0.97324
vt 0.10939 0.82093
vt 0.96903 0.98966
vt 0.57155 0.68681
vt 0.56849 0.69113
vt 0.21274 0.79768
vt 0.21268 0.79217
vt 0.22173 0.79768
vt 0.59497 0.93099
vt 0.59206 0.92079
vt 0.972 0.96587
vt 0.97183 0.87262
vt 0.97556 0.87062
vt 0.41235 0.81172
vt 0.13474 0.82956
vt 0.1432 0.82896
vt 0.13536 0.83493
vt 0.49979 0.98448
vt 0.48449 0.98302
vt 0.49177 0.97915
vt 0.72987 0.92594
vt 0.99014 0.96933
vt 0.57012 0.99186
vt 0.98169 0.5448
vt 0.98574 0.54232
vt 0.98502 0.54692
vt 0.72155 0.98951
vt 0.72004 0.99877
vt 0.72441 0.9995
vt 0.99154 0.54416
vt 0.71644 0.9894
vt 0.70751 0.99571
vt 0.11785 0.71831
vt 0.58293 0.98994
vt 0.70803 0.9995
vt 0.04963 0.99156
vt 0.05957 0.99107
vt 0.05962 0.99461
vt 0.55989 0.92277
vt 0.56686 0.92778
vt 0.57006 0.9218
vt 0.55756 0.92722
vt 0.54976 0.91675
vt 0.54976 0.92079
vt 0.53756 0.91906
vt 0.59332 0.99849
vt 0.5939 0.99497
vt 0.57818 0.86831
vt 0.57986 0.87437
vt 0.56197 0.86947
vt 0.50007 0.67962
vt 0.50282 0.67547
vt 0.9288 0.06611
vt 0.08404 0.8996
vt 0.21126 0.81564
vt 0.22708 0.81565
vt 0.22615 0.81284
vt 0.62958 0.00167
vt 0.45612 0.69256
vt 0.42394 0.92182
vt 0.66359 0.59761
vt 0.28681 0.79208
vt 0.2883 0.76531
vt 0.28988 0.7587
vt 0.99953 0.93243
vt 0.98357 0.93996
vt 0.6615 0.60474
vt 0.28735 0.78711
vt 0.10637 0.82527
vt 0.09585 0.82199
vt 0.96303 0.98215
vt 0.96197 0.99041
vt 0.96537 0.96519
vt 0.4047 0.81314
vt 0.43128 0.83417
vt 0.73787 0.92473
vt 0.54729 0.86224
vt 0.5567 0.8521
vt 0.4114 0.90123
vt 0.11102 0.70556
vt 0.11375 0.70212
vt 0.91502 0.97804
vt 0.9118 0.98258
vt 0.9093 0.98225
vt 0.10785 0.71087
vt 0.98979 0.5495
vt 0.99765 0.54036
vt 0.95051 0.11875
vt 0.57136 0.92886
vt 0.72066 0.23865
vt 0.71977 0.23461
vt 0.71502 0.23865
vt 0.5676 0.87437
vt 0.5446 0.92208
vt 0.58451 0.87294
vt 0.71033 0.99142
vt 0.20483 0.81049
vt 0.19873 0.81393
vt 0.2022 0.81784
vt 0.83239 0.51614
vt 0.50397 0.52825
vt 0.22012 0.92204
vt 0.21986 0.92965
vt 0.22327 0.92823
vt 0.66328 0.84769
vt 0.19685 0.84624
vt 0.50376 0.52351
vt 0.50517 0.51614
vt 0.22639 0.94512
vt 0.22676 0.92952
vt 0.22205 0.94535
vt 0.20992 0.81159
vt 0.22711 0.80872
vt 0.22864 0.94476
vt 0.45962 0.69343
vt 0.22617 0.80431
vt 0.22809 0.80535
vt 0.23178 0.8054
vt 0.23427 0.76438
vt 0.23055 0.76564
vt 0.2312 0.80826
vt 0.66881 0.82382
vt 0.38546 0.92079
vt 0.23427 0.80635
vt 0.47978 0.76371
vt 0.29362 0.79787
vt 0.22394 0.78658
vt 0.59974 0.92144
vt 0.98681 0.87272
vt 0.99367 0.87445
vt 0.58636 0.52443
vt 0.13682 0.8432
vt 0.14476 0.83837
vt 0.14784 0.83255
vt 0.48515 0.97124
vt 0.56977 0.85773
vt 0.29044 0.71366
vt 0.10774 0.6998
vt 0.90056 0.98879
vt 0.5832 0.98301
vt 0.99765 0.55449
vt 0.44016 0.76741
vt 0.44325 0.7695
vt 0.43239 0.77952
vt 0.9015 0.98492
vt 0.90381 0.9893
vt 0.59349 0.98234
vt 0.4446 0.84442
vt 0.44554 0.84949
vt 0.45475 0.85116
vt 0.14052 0.7289
vt 0.04751 0.99748
vt 0.03474 0.99041
vt 0.55143 0.92886
vt 0.54038 0.92817
vt 0.9216 0.64127
vt 0.21808 0.90404
vt 0.22322 0.90553
vt 0.22644 0.90363
vt 0.50401 0.90071
vt 0.49718 0.90262
vt 0.51127 0.90262
vt 0.22374 0.91873
vt 0.22864 0.91275
vt 0.21491 0.91852
vt 0.49852 0.89001
vt 0.50938 0.89255
vt 0.67006 0.8565
vt 0.67025 0.86349
vt 0.20942 0.8054
vt 0.21634 0.94601
vt 0.19273 0.82222
vt 0.45873 0.68769
vt 0.85761 0.58577
vt 0.85385 0.58193
vt 0.81741 0.58577
vt 0.81726 0.5838
vt 0.53935 0.76661
vt 0.67088 0.58867
vt 0.10161 0.8309
vt 0.08958 0.83021
vt 0.46991 0.70473
vt 0.47047 0.68856
vt 0.57707 0.70424
vt 0.57485 0.67024
vt 0.61203 0.51682
vt 0.7232 0.93468
vt 0.79061 0.64944
vt 0.42864 0.84208
vt 0.56717 0.85664
vt 0.56065 0.84831
vt 0.41734 0.9131
vt 0.29001 0.71708
vt 0.10328 0.70769
vt 0.28248 0.7214
vt 0.91037 0.99235
vt 0.23893 0.92437
vt 0.23085 0.92835
vt 0.22958 0.91713
vt 0.45456 0.8441
vt 0.46084 0.8506
vt 0.72101 0.13282
vt 0.15653 0.7795
vt 0.16219 0.77649
vt 0.16667 0.78254
vt 0.18826 0.81786
vt 0.18858 0.80706
vt 0.20068 0.80532
vt 0.50105 0.88446
vt 0.2145 0.924
vt 0.6615 0.61267
vt 0.65903 0.64988
vt 0.65399 0.65054
vt 0.20881 0.80329
vt 0.6615 0.65439
vt 0.18898 0.84945
vt 0.19232 0.86164
vt 0.21333 0.93174
vt 0.65756 0.61584
vt 0.65426 0.61201
vt 0.85869 0.58564
vt 0.8553 0.57982
vt 0.8192 0.5806
vt 0.14207 0.9125
vt 0.55912 0.69175
vt 0.56183 0.69954
vt 0.60515 0.9306
vt 0.60313 0.93938
vt 0.9864 0.86961
vt 0.71488 0.95398
vt 0.15012 0.84389
vt 0.15743 0.83341
vt 0.15629 0.84583
vt 0.42018 0.90996
vt 0.1 0.69987
vt 0.10664 0.71998
vt 0.89061 0.98678
vt 0.89697 0.9995
vt 0.89095 0.99937
vt 0.44366 0.77952
vt 0.86995 0.65263
vt 0.96948 0.1185
vt 0.46763 0.84528
vt 0.03459 0.99748
vt 0.02864 0.99422
vt 0.70655 0.13381
vt 0.71169 0.14342
vt 0.15205 0.77879
vt 0.66908 0.87235
vt 0.67966 0.86963
vt 0.6743 0.86077
vt 0.21268 0.92089
vt 0.40989 0.63421
vt 0.41357 0.63388
vt 0.40986 0.59721
vt 0.41253 0.59684
vt 0.41188 0.59278
vt 0.94784 0.6044
vt 0.94528 0.60392
vt 0.94882 0.6016
vt 0.98388 0.60115
vt 0.67141 0.8406
vt 0.98561 0.5999
vt 0.98477 0.60534
vt 0.63113 0.92684
vt 0.61743 0.93391
vt 0.61692 0.92823
vt 0.25434 0.72906
vt 0.27183 0.72906
vt 0.25479 0.72434
vt 0.27044 0.72249
vt 0.81643 0.57649
vt 0.61549 0.93234
vt 0.85491 0.57568
vt 0.82037 0.57758
vt 0.10455 0.84384
vt 0.29798 0.79154
vt 0.29508 0.77694
vt 0.29743 0.76769
vt 0.46966 0.73911
vt 0.5587 0.67881
vt 0.61105 0.92562
vt 0.71943 0.94508
vt 0.16573 0.83942
vt 0.72421 0.92492
vt 0.56005 0.85487
vt 0.3002 0.70708
vt 0.35418 0.86344
vt 0.35225 0.86133
vt 0.36291 0.86428
vt 0.80892 0.91271
vt 0.80516 0.91079
vt 0.80892 0.90666
vt 0.23922 0.91132
vt 0.24779 0.91081
vt 0.24953 0.92333
vt 0.24907 0.92635
vt 0.9042 0.99937
vt 0.1395 0.73311
vt 0.47183 0.85116
vt 0.15164 0.78254
vt 0.90657 0.69315
vt 0.89364 0.69867
vt 0.90655 0.70484
vt 0.18835 0.80128
vt 0.89061 0.69371
vt 0.89062 0.69756
vt 0.41493 0.59611
vt 0.41632 0.59183
vt 0.41737 0.63374
vt 0.18693 0.82324
vt 0.27908 0.85651
vt 0.30837 0.85723
vt 0.27631 0.85913
vt 0.27562 0.85555
vt 0.31893 0.86202
vt 0.32611 0.84892
vt 0.32223 0.86529
vt 0.28817 0.86105
vt 0.30909 0.86144
vt 0.2765 0.86231
vt 0.27063 0.86223
vt 0.31523 0.8643
vt 0.30985 0.86379
vt 0.29333 0.86356
vt 0.50893 0.76176
vt 0.53313 0.75755
vt 0.51467 0.76397
vt 0.52746 0.76257
vt 0.07558 0.84115
vt 0.07871 0.83396
vt 0.2958 0.76291
vt 0.57793 0.66953
vt 0.56545 0.67511
vt 0.99358 0.88951
vt 0.14278 0.84799
vt 0.38451 0.91978
vt 0.34465 0.86268
vt 0.30603 0.71409
vt 0.29924 0.71734
vt 0.10435 0.71035
vt 0.25756 0.92867
vt 0.67893 0.8589
vt 0.19928 0.80078
vt 0.31077 0.82821
vt 0.31793 0.82547
vt 0.31339 0.83126
vt 0.89589 0.68693
vt 0.41737 0.59405
vt 0.25429 0.8407
vt 0.25342 0.82777
vt 0.25756 0.83057
vt 0.18275 0.86072
vt 0.67687 0.85012
vt 0.94413 0.60898
vt 0.98638 0.60898
vt 0.63427 0.93121
vt 0.63167 0.93391
vt 0.26162 0.71796
vt 0.32614 0.8376
vt 0.26948 0.84792
vt 0.31043 0.85583
vt 0.31544 0.86173
vt 0.2707 0.86529
vt 0.26603 0.86336
vt 0.47519 0.7533
vt 0.49992 0.75517
vt 0.18204 0.81932
vt 0.54148 0.75523
vt 0.66691 0.58589
vt 0.10746 0.82558
vt 0.06575 0.83225
vt 0.07452 0.83366
vt 0.06542 0.8376
vt 0.57096 0.67409
vt 0.61244 0.52369
vt 0.78335 0.98201
vt 0.79108 0.97121
vt 0.79001 0.98234
vt 0.78061 0.97066
vt 0.77572 0.96338
vt 0.78408 0.96327
vt 0.4273 0.91978
vt 0.42358 0.90472
vt 0.42754 0.9077
vt 0.28685 0.91795
vt 0.28297 0.92619
vt 0.27911 0.92239
vt 0.28148 0.9144
vt 0.27652 0.91488
vt 0.2687 0.92246
vt 0.27152 0.92886
vt 0.26521 0.92886
vt 0.19193 0.87183
vt 0.18075 0.87235
vt 0.18161 0.86982
vt 0.31854 0.82876
vt 0.27108 0.82985
vt 0.27087 0.83245
vt 0.26444 0.83327
vt 0.26983 0.82751
vt 0.31314 0.83562
vt 0.27054 0.83772
vt 0.31908 0.83603
vt 0.31232 0.83896
vt 0.31435 0.84209
vt 0.25211 0.72064
vt 0.26496 0.84626
vt 0.32365 0.82918
vt 0.48592 0.75891
vt 0.49115 0.76165
vt 0.07981 0.84463
vt 0.04502 0.84053
vt 0.05205 0.83732
vt 0.05362 0.84351
vt 0.61268 0.93767
vt 0.99426 0.8636
vt 0.1426 0.85419
vt 0.75728 0.96663
vt 0.76816 0.96273
vt 0.75971 0.97212
vt 0.77011 0.97608
vt 0.77363 0.96115
vt 0.5736 0.86229
vt 0.94789 0.11882
vt 0.35392 0.8525
vt 0.34654 0.84662
vt 0.26318 0.91192
vt 0.2581 0.9215
vt 0.25679 0.90991
vt 0.70937 0.12414
vt 0.71282 0.12568
vt 0.2678 0.81596
vt 0.26023 0.81618
vt 0.27049 0.81382
vt 0.77662 0.12677
vt 0.26155 0.82376
vt 0.68873 0.86594
vt 0.90655 0.68668
vt 0.32911 0.82904
vt 0.67127 0.58274
vt 0.14601 0.90321
vt 0.30376 0.80939
vt 0.30056 0.79169
vt 0.46895 0.68155
vt 0.60926 0.94803
vt 0.3939 0.80861
vt 0.71434 0.9376
vt 0.15677 0.85167
vt 0.774 0.98184
vt 0.42096 0.90037
vt 0.42769 0.89224
vt 0.26773 0.90969
vt 0.7429 0.10739
vt 0.71881 0.12704
vt 0.32517 0.81716
vt 0.319 0.81467
vt 0.25144 0.819
vt 0.47712 0.75189
vt 0.53966 0.75126
vt 0.76158 0.90759
vt 0.76479 0.91524
vt 0.76145 0.91675
vt 0.14526 0.91372
vt 0.99671 0.88817
vt 0.61643 0.51799
vt 0.61446 0.51413
vt 0.61494 0.52624
vt 0.3169 0.88726
vt 0.71112 0.95409
vt 0.70751 0.92381
vt 0.71143 0.92537
vt 0.15748 0.85419
vt 0.77101 0.98234
vt 0.3171 0.90525
vt 0.48779 0.58174
vt 0.50282 0.58174
vt 0.4887 0.57871
vt 0.59951 0.86528
vt 0.5705 0.86529
vt 0.54695 0.86528
vt 0.86102 0.64856
vt 0.94961 0.12159
vt 0.43021 0.91978
vt 0.43052 0.88279
vt 0.42713 0.88042
vt 0.34319 0.8441
vt 0.34132 0.86428
vt 0.3028 0.71744
vt 0.96759 0.12156
vt 0.86796 0.64342
vt 0.1463 0.72936
vt 0.14824 0.73411
vt 0.32856 0.81566
vt 0.2493 0.81751
vt 0.75816 0.91396
vt 0.7219 0.90807
vt 0.69561 0.91584
vt 0.6947 0.90666
vt 0.69343 0.91675
vt 0.10525 0.84914
vt 0.06544 0.84829
vt 0.03803 0.84914
vt 0.03898 0.84512
vt 0.42395 0.71412
vt 0.40674 0.71718
vt 0.41672 0.7117
vt 0.41019 0.70156
vt 0.42582 0.71998
vt 0.40375 0.71998
vt 0.40329 0.70371
vt 0.40395 0.69273
vt 0.99532 0.83347
vt 0.99577 0.8293
vt 0.98572 0.83166
vt 0.78995 0.64451
vt 0.8427 0.64494
vt 0.97706 0.84398
vt 0.9429 0.83544
vt 0.94373 0.85217
vt 0.96603 0.83517
vt 0.94038 0.82795
vt 0.96721 0.85178
vt 0.99577 0.85092
vt 0.52723 0.67447
vt 0.54953 0.67276
vt 0.53309 0.66992
vt 0.30231 0.70541
vt 0.30733 0.69977
vt 0.63803 0.93512
vt 0.67236 0.93592
vt 0.64159 0.91496
vt 0.68931 0.92623
vt 0.69155 0.93592
vt 0.68179 0.91936
vt 0.63856 0.91646
vt 0.6839 0.91827
vt 0.86208 0.64387
vt 0.14284 0.72601
vt 0.14427 0.72286
vt 0.67445 0.91473
vt 0.14812 0.72248
vt 0.15338 0.69026
vt 0.76585 0.12618
vt 0.00516 0.67962
vt 0.02104 0.62421
vt 0.09158 0.64317
vt 0.46988 0.74823
vt 0.30428 0.72732
vt 0.30815 0.72843
vt 0.30536 0.73713
vt 0.15639 0.68032
vt 0.15925 0.68795
vt 0.15791 0.69373
vt 0.50471 0.06093
vt 0.95758 0.7545
vt 0.97136 0.77649
vt 0.92993 0.72603
vt 0.46714 0.74032
vt 0.46731 0.70137
vt 0.01737 0.75252
vt 0.01863 0.7442
vt 0.0202 0.74809
vt 0.0241 0.74575
vt 0.01941 0.81131
vt 0.02286 0.81082
vt 0.0217 0.81382
vt 0.06428 0.81382
vt 0.08375 0.74743
vt 0.79503 0.64228
vt 0.09113 0.74463
vt 0.30939 0.72276
vt 0.09628 0.74777
vt 0.16197 0.67356
vt 0.15122 0.72411
vt 0.01804 0.79134
vt 0.04959 0.79646
vt 0.07077 0.76103
vt 0.06758 0.81054
vt 0.07773 0.81346
vt 0.08575 0.80979
vt 0.09906 0.79018
vt 0.09798 0.75817
vt 0.0981 0.7962
vt 0.0911 0.8091
vt 0.8242 0.04176
vt 0.63075 0.04965
vt 0.41744 0.00343
vt 0.69592 0.02711
vt 0.42746 0.39766
vt 0.87089 0.77649
vt 0.48375 0.54642
vt 0.939 0.56016
vt 0.98781 0.01796
vt 0.47104 0.01261
vt 0.46861 0.01274
vt 0.76939 0.0316
vt 0.43966 0.28358
vt 0.11009 0.56559
vt 0.99014 0.01263
vt 0.87347 0.018
vt 0.46543 0.56164
vt 0.46543 0.04214
vt 0.94038 0.55966
vt 0.46692 0.56236
vt 0.48217 0.54577
vt 0.94032 0.5572
vt 0.46541 0.22218
vt 0.54556 0.01264
vt 0.15446 0.67962
vt 0.48216 0.54297
vt 0.4654 0.13556
vt 0.4654 0.33385
vt 0.46539 0.42272
vt 0.46541 0.50233
vt 0.80276 0.01278
vt 0.46692 0.00085
vt 0.67802 0.01274
vt 0.92387 0.01279
vt 0.46706 0.04719
vt 0.46714 0.15536
vt 0.46709 0.2478
vt 0.46708 0.36785
vt 0.46706 0.5104
vt 0.83692 0.5676
vt 0.8737 0.56458
vt 0.87371 0.56761
vt 0.83061 0.56489
vt 0.73361 0.56759
vt 0.73002 0.56487
vt 0.65278 0.56761
vt 0.64405 0.56488
vt 0.54648 0.5676
vt 0.53241 0.56488
vt 0.4294 0.56759
vt 0.39984 0.56487
vt 0.35171 0.56758
vt 0.35164 0.56488
vt 0.39103 0.56971
vt 0.38826 0.57165
vt 0.38861 0.56963
vt 0.42505 0.57152
vt 0.46557 0.56974
vt 0.52838 0.57149
vt 0.59806 0.5697
vt 0.60922 0.57142
vt 0.71553 0.57148
vt 0.72285 0.56969
vt 0.84402 0.56967
vt 0.83262 0.57144
vt 0.91033 0.57165
vt 0.91031 0.56988
usemtl mat0
f 1/1 2/2 3/3
f 3/3 2/2 4/4
f 2/2 5/5 4/4
f 5/5 6/6 4/4
f 4/4 6/6 7/7
f 6/6 8/8 7/7
f 7/7 8/8 9/9
f 8/8 10/10 9/9
f 9/9 10/10 11/11
f 11/11 10/10 12/12
f 10/10 13/13 12/12
f 14/14 15/15 16/16
f 17/17 14/14 16/16
f 18/18 14/14 17/17
f 19/19 14/14 18/18
f 20/20 19/19 18/18
f 21/21 20/20 18/18
f 22/22 20/20 21/21
f 23/23 22/22 21/21
f 24/24 23/23 21/21
f 25/25 23/23 24/24
f 26/26 25/25 24/24
f 27/27 25/25 26/26
f 28/28 27/27 26/26
f 29/29 30/30 31/31
f 32/32 33/33 34/34
f 35/35 33/33 32/32
f 36/36 35/35 32/32
f 37/37 35/35 36/36
f 38/38 37/37 36/36
f 39/39 37/37 38/38
f 40/40 37/37 39/39
f 41/41 40/40 39/39
f 42/42 40/40 41/41
f 43/43 42/42 41/41
f 44/44 42/42 43/43
f 45/45 44/44 43/43
f 2/2 1/1 46/46
f 47/47 48/48 49/49
f 50/50 48/48 47/47
f 51/51 52/52 53/53
f 2/2 46/46 54/54
f 8/8 55/55 10/10
f 50/50 56/56 48/48
f 50/50 57/57 56/56
f 58/58 57/57 50/50
f 58/58 59/59 57/57
f 58/58 60/60 59/59
f 61/61 62/62 60/60
f 61/61 63/63 62/62
f 64/64 63/63 61/61
f 1/1 65/65 66/66
f 8/8 6/6 67/67
f 8/8 67/67 55/55
f 68/68 10/10 55/55
f 69/69 70/70 71/71
f 1/1 66/66 46/46
f 2/2 54/54 5/5
f 10/10 68/68 13/13
f 57/57 59/59 72/72
f 56/56 73/73 48/48
f 74/74 12/12 13/13
f 30/30 75/75 31/31
f 57/57 72/72 76/76
f 77/77 78/78 79/79
f 63/63 80/80 62/62
f 71/71 70/70 81/81
f 82/82 74/74 13/13
f 75/75 83/83 31/31
f 84/84 78/78 77/77
f 5/5 54/54 85/85
f 48/48 73/73 49/49
f 13/13 68/68 86/86
f 13/13 86/86 82/82
f 87/87 49/49 88/88
f 60/60 89/89 76/76
f 5/5 85/85 6/6
f 64/64 90/90 63/63
f 57/57 76/76 91/91
f 62/62 80/80 60/60
f 6/6 85/85 67/67
f 60/60 80/80 89/89
f 91/91 56/56 57/57
f 76/76 89/89 91/91
f 90/90 80/80 63/63
f 56/56 92/92 73/73
f 73/73 88/88 49/49
f 90/90 93/93 80/80
f 54/54 94/94 85/85
f 66/66 95/95 46/46
f 67/67 96/96 55/55
f 56/56 97/97 98/98
f 80/80 99/99 89/89
f 56/56 98/98 100/100
f 91/91 97/97 56/56
f 55/55 101/101 68/68
f 102/102 103/103 104/104
f 105/105 106/106 107/107
f 103/103 102/102 108/108
f 103/103 109/109 104/104
f 66/66 65/65 95/95
f 104/104 109/109 110/110
f 111/111 112/112 113/113
f 113/113 114/114 115/115
f 55/55 96/96 101/101
f 116/116 117/117 118/118
f 119/119 120/120 121/121
f 117/117 122/122 118/118
f 114/114 113/113 112/112
f 56/56 100/100 92/92
f 97/97 123/123 98/98
f 91/91 124/124 125/125
f 91/91 89/89 124/124
f 119/119 126/126 127/127
f 119/119 127/127 120/120
f 128/128 129/129 130/130
f 110/110 109/109 131/131
f 105/105 132/132 106/106
f 132/132 105/105 133/133
f 67/67 85/85 96/96
f 134/134 135/135 136/136
f 98/98 137/137 100/100
f 134/134 138/138 135/135
f 91/91 125/125 139/139
f 140/140 141/141 142/142
f 143/143 140/140 142/142
f 144/144 141/141 140/140
f 145/145 146/146 147/147
f 146/146 148/148 147/147
f 147/147 148/148 149/149
f 148/148 150/150 149/149
f 151/151 152/152 153/153
f 154/154 145/145 147/147
f 149/149 154/154 147/147
f 155/155 156/156 157/157
f 158/158 157/157 159/159
f 160/160 158/158 159/159
f 161/161 162/162 163/163
f 164/164 165/165 166/166
f 129/129 167/167 130/130
f 168/168 118/118 122/122
f 169/169 140/140 143/143
f 170/170 140/140 169/169
f 171/171 172/172 173/173
f 174/174 175/175 135/135
f 138/138 174/174 135/135
f 176/176 174/174 138/138
f 141/141 144/144 177/177
f 140/140 170/170 144/144
f 175/175 174/174 178/178
f 179/179 178/178 174/174
f 179/179 174/174 176/176
f 180/180 181/181 146/146
f 182/182 183/183 184/184
f 184/184 183/183 185/185
f 183/183 186/186 185/185
f 185/185 186/186 187/187
f 145/145 180/180 146/146
f 188/188 189/189 190/190
f 153/153 152/152 191/191
f 156/156 155/155 192/192
f 158/158 155/155 157/157
f 193/193 158/158 160/160
f 162/162 194/194 163/163
f 163/163 195/195 161/161
f 196/196 197/197 198/198
f 127/127 126/126 199/199
f 166/166 165/165 200/200
f 201/201 202/202 203/203
f 204/204 132/132 133/133
f 205/205 100/100 137/137
f 139/139 97/97 91/91
f 142/142 141/141 206/206
f 141/141 177/177 207/207
f 170/170 169/169 208/208
f 207/207 177/177 209/209
f 210/210 211/211 212/212
f 213/213 214/214 215/215
f 144/144 170/170 216/216
f 170/170 208/208 216/216
f 178/178 179/179 217/217
f 176/176 218/218 179/179
f 214/214 219/219 215/215
f 220/220 219/219 214/214
f 217/217 179/179 218/218
f 216/216 221/221 144/144
f 222/222 223/223 182/182
f 183/183 182/182 224/224
f 225/225 188/188 226/226
f 188/188 190/190 226/226
f 155/155 227/227 192/192
f 155/155 228/228 227/227
f 158/158 193/193 228/228
f 229/229 230/230 191/191
f 152/152 229/229 191/191
f 231/231 232/232 233/233
f 234/234 235/235 236/236
f 236/236 235/235 237/237
f 238/238 239/239 196/196
f 238/238 196/196 198/198
f 116/116 118/118 240/240
f 241/241 242/242 243/243
f 244/244 110/110 245/245
f 110/110 244/244 104/104
f 246/246 247/247 248/248
f 131/131 245/245 110/110
f 204/204 249/249 132/132
f 112/112 111/111 250/250
f 204/204 133/133 251/251
f 112/112 252/252 114/114
f 46/46 95/95 54/54
f 86/86 68/68 253/253
f 100/100 254/254 92/92
f 141/141 207/207 206/206
f 255/255 256/256 257/257
f 258/258 259/259 260/260
f 138/138 261/261 176/176
f 173/173 172/172 262/262
f 263/263 264/264 265/265
f 215/215 265/265 264/264
f 209/209 214/214 213/213
f 209/209 220/220 214/214
f 215/215 219/219 265/265
f 209/209 266/266 220/220
f 209/209 177/177 266/266
f 219/219 267/267 268/268
f 219/219 220/220 267/267
f 267/267 220/220 269/269
f 266/266 269/269 220/220
f 178/178 217/217 270/270
f 217/217 218/218 271/271
f 272/272 273/273 274/274
f 144/144 221/221 177/177
f 275/275 177/177 221/221
f 183/183 224/224 186/186
f 227/227 276/276 277/277
f 227/227 228/228 276/276
f 193/193 278/278 279/279
f 231/231 280/280 232/232
f 280/280 231/231 281/281
f 236/236 282/282 234/234
f 199/199 283/283 127/127
f 284/284 199/199 126/126
f 120/120 127/127 283/283
f 285/285 286/286 287/287
f 288/288 120/120 283/283
f 241/241 243/243 289/289
f 290/290 291/291 292/292
f 293/293 294/294 291/291
f 294/294 292/292 291/291
f 295/295 292/292 245/245
f 294/294 244/244 292/292
f 244/244 245/245 292/292
f 294/294 296/296 244/244
f 297/297 298/298 299/299
f 300/300 301/301 302/302
f 303/303 247/247 246/246
f 250/250 252/252 112/112
f 65/65 304/304 95/95
f 71/71 81/81 305/305
f 138/138 134/134 261/261
f 99/99 306/306 89/89
f 172/172 307/307 262/262
f 308/308 309/309 310/310
f 212/212 311/311 210/210
f 211/211 210/210 312/312
f 211/211 312/312 313/313
f 211/211 313/313 314/314
f 315/315 307/307 172/172
f 316/316 211/211 314/314
f 307/307 315/315 317/317
f 318/318 319/319 320/320
f 321/321 322/322 323/323
f 324/324 325/325 322/322
f 320/320 319/319 326/326
f 275/275 266/266 177/177
f 272/272 274/274 327/327
f 328/328 270/270 217/217
f 271/271 329/329 217/217
f 271/271 330/330 329/329
f 329/329 328/328 217/217
f 331/331 329/329 330/330
f 332/332 275/275 333/333
f 333/333 275/275 221/221
f 224/224 182/182 334/334
f 182/182 335/335 334/334
f 186/186 224/224 336/336
f 193/193 279/279 228/228
f 337/337 338/338 339/339
f 290/290 340/340 341/341
f 341/341 342/342 291/291
f 342/342 343/343 291/291
f 341/341 291/291 290/290
f 118/118 168/168 240/240
f 201/201 344/344 202/202
f 292/292 295/295 290/290
f 344/344 345/345 202/202
f 345/345 297/297 299/299
f 298/298 297/297 346/346
f 302/302 301/301 347/347
f 303/303 348/348 247/247
f 254/254 100/100 205/205
f 349/349 350/350 351/351
f 352/352 353/353 354/354
f 255/255 355/355 256/256
f 356/356 308/308 310/310
f 257/257 256/256 357/357
f 349/349 358/358 359/359
f 210/210 311/311 360/360
f 318/318 357/357 319/319
f 319/319 357/357 256/256
f 324/324 361/361 325/325
f 327/327 274/274 362/362
f 321/321 363/363 364/364
f 365/365 366/366 367/367
f 366/366 368/368 367/367
f 369/369 367/367 368/368
f 327/327 370/370 272/272
f 371/371 320/320 326/326
f 221/221 372/372 373/373
f 369/369 368/368 374/374
f 333/333 221/221 373/373
f 375/375 328/328 329/329
f 376/376 377/377 378/378
f 379/379 380/380 381/381
f 381/381 380/380 382/382
f 382/382 380/380 383/383
f 384/384 382/382 383/383
f 226/226 190/190 385/385
f 192/192 227/227 386/386
f 342/342 387/387 388/388
f 388/388 343/343 342/342
f 199/199 389/389 283/283
f 199/199 284/284 389/389
f 165/165 390/390 200/200
f 240/240 168/168 391/391
f 201/201 392/392 344/344
f 130/130 167/167 393/393
f 394/394 395/395 396/396
f 397/397 396/396 395/395
f 345/345 344/344 297/297
f 397/397 395/395 398/398
f 297/297 344/344 399/399
f 400/400 401/401 302/302
f 347/347 400/400 302/302
f 348/348 303/303 402/402
f 348/348 347/347 301/301
f 403/403 404/404 405/405
f 406/406 405/405 404/404
f 405/405 407/407 403/403
f 408/408 409/409 410/410
f 405/405 411/411 407/407
f 412/412 410/410 409/409
f 253/253 413/413 86/86
f 88/88 414/414 415/415
f 205/205 416/416 254/254
f 349/349 351/351 417/417
f 89/89 306/306 124/124
f 80/80 418/418 419/419
f 80/80 93/93 418/418
f 349/349 417/417 358/358
f 173/173 262/262 420/420
f 262/262 307/307 421/421
f 360/360 311/311 422/422
f 210/210 360/360 423/423
f 424/424 310/310 425/425
f 426/426 427/427 428/428
f 426/426 428/428 429/429
f 429/429 428/428 430/430
f 431/431 432/432 365/365
f 421/421 307/307 433/433
f 434/434 435/435 436/436
f 323/323 437/437 321/321
f 365/365 367/367 431/431
f 307/307 317/317 433/433
f 433/433 317/317 438/438
f 439/439 331/331 330/330
f 369/369 374/374 440/440
f 441/441 331/331 439/439
f 332/332 442/442 443/443
f 444/444 332/332 443/443
f 445/445 446/446 438/438
f 447/447 448/448 449/449
f 448/448 450/450 449/449
f 332/332 451/451 442/442
f 452/452 446/446 445/445
f 453/453 446/446 452/452
f 372/372 383/383 373/373
f 372/372 454/454 383/383
f 380/380 379/379 451/451
f 451/451 332/332 380/380
f 373/373 380/380 332/332
f 373/373 383/383 380/380
f 452/452 455/455 453/453
f 384/384 383/383 454/454
f 456/456 334/334 335/335
f 152/152 457/457 229/229
f 458/458 387/387 342/342
f 459/459 460/460 341/341
f 460/460 342/342 341/341
f 341/341 340/340 459/459
f 340/340 461/461 459/459
f 391/391 462/462 240/240
f 200/200 390/390 463/463
f 347/347 348/348 402/402
f 408/408 464/464 409/409
f 97/97 465/465 123/123
f 353/353 466/466 354/354
f 467/467 468/468 469/469
f 468/468 470/470 471/471
f 470/470 306/306 471/471
f 417/417 472/472 358/358
f 262/262 473/473 420/420
f 310/310 424/424 356/356
f 421/421 473/473 262/262
f 474/474 358/358 472/472
f 210/210 423/423 475/475
f 475/475 476/476 210/210
f 210/210 476/476 312/312
f 256/256 477/477 319/319
f 422/422 478/478 360/360
f 428/428 479/479 480/480
f 481/481 432/432 482/482
f 483/483 484/484 485/485
f 432/432 431/431 482/482
f 482/482 431/431 486/486
f 487/487 488/488 489/489
f 490/490 491/491 492/492
f 421/421 433/433 493/493
f 494/494 437/437 323/323
f 436/436 435/435 495/495
f 321/321 496/496 363/363
f 322/322 497/497 323/323
f 322/322 498/498 497/497
f 325/325 498/498 322/322
f 499/499 500/500 433/433
f 367/367 501/501 431/431
f 319/319 502/502 326/326
f 367/367 369/369 501/501
f 433/433 438/438 499/499
f 502/502 503/503 326/326
f 327/327 504/504 370/370
f 326/326 503/503 371/371
f 505/505 506/506 507/507
f 503/503 508/508 371/371
f 508/508 509/509 371/371
f 182/182 223/223 510/510
f 182/182 510/510 335/335
f 228/228 511/511 276/276
f 459/459 512/512 513/513
f 342/342 514/514 458/458
f 514/514 342/342 460/460
f 459/459 461/461 515/515
f 390/390 516/516 517/517
f 284/284 518/518 389/389
f 390/390 517/517 463/463
f 391/391 519/519 462/462
f 520/520 344/344 392/392
f 399/399 346/346 297/297
f 406/406 404/404 521/521
f 464/464 408/408 522/522
f 404/404 403/403 521/521
f 523/523 417/417 524/524
f 417/417 351/351 524/524
f 469/469 468/468 471/471
f 417/417 523/523 472/472
f 525/525 356/356 424/424
f 472/472 523/523 526/526
f 525/525 424/424 527/527
f 528/528 477/477 256/256
f 489/489 488/488 529/529
f 477/477 530/530 319/319
f 530/530 502/502 319/319
f 483/483 531/531 484/484
f 490/490 532/532 491/491
f 480/480 430/430 428/428
f 494/494 323/323 497/497
f 430/430 480/480 533/533
f 534/534 321/321 437/437
f 433/433 500/500 493/493
f 535/535 486/486 431/431
f 431/431 501/501 535/535
f 536/536 436/436 495/495
f 501/501 369/369 440/440
f 499/499 438/438 537/537
f 537/537 438/438 446/446
f 453/453 538/538 446/446
f 513/513 512/512 539/539
f 540/540 460/460 513/513
f 459/459 515/515 512/512
f 460/460 459/459 513/513
f 514/514 460/460 541/541
f 542/542 543/543 544/544
f 461/461 544/544 543/543
f 544/544 545/545 542/542
f 546/546 463/463 517/517
f 463/463 546/546 547/547
f 548/548 396/396 397/397
f 521/521 401/401 400/400
f 401/401 521/521 549/549
f 400/400 406/406 521/521
f 346/346 399/399 550/550
f 400/400 347/347 551/551
f 402/402 551/551 347/347
f 552/552 553/553 554/554
f 555/555 553/553 552/552
f 555/555 556/556 553/553
f 553/553 556/556 557/557
f 558/558 559/559 560/560
f 95/95 304/304 561/561
f 86/86 413/413 82/82
f 562/562 563/563 564/564
f 423/423 360/360 565/565
f 312/312 476/476 566/566
f 563/563 567/567 568/568
f 489/489 569/569 487/487
f 493/493 500/500 570/570
f 571/571 534/534 437/437
f 572/572 495/495 573/573
f 321/321 534/534 496/496
f 574/574 575/575 576/576
f 577/577 574/574 576/576
f 578/578 579/579 502/502
f 502/502 579/579 503/503
f 580/580 503/503 579/579
f 499/499 581/581 500/500
f 499/499 537/537 581/581
f 506/506 582/582 507/507
f 583/583 507/507 582/582
f 583/583 582/582 584/584
f 501/501 440/440 535/535
f 585/585 586/586 587/587
f 588/588 587/587 586/586
f 589/589 588/588 586/586
f 590/590 588/588 589/589
f 589/589 586/586 591/591
f 446/446 538/538 592/592
f 591/591 586/586 585/585
f 593/593 591/591 585/585
f 594/594 595/595 508/508
f 508/508 595/595 509/509
f 590/590 589/589 596/596
f 589/589 591/591 597/597
f 596/596 589/589 597/597
f 598/598 591/591 593/593
f 597/597 591/591 598/598
f 599/599 600/600 601/601
f 602/602 599/599 601/601
f 603/603 152/152 151/151
f 152/152 603/603 457/457
f 228/228 604/604 511/511
f 230/230 229/229 605/605
f 541/541 460/460 540/540
f 514/514 606/606 458/458
f 514/514 541/541 606/606
f 512/512 515/515 539/539
f 515/515 461/461 543/543
f 607/607 608/608 609/609
f 610/610 542/542 545/545
f 611/611 612/612 613/613
f 613/613 612/612 614/614
f 397/397 398/398 615/615
f 616/616 615/615 398/398
f 549/549 521/521 617/617
f 618/618 550/550 399/399
f 409/409 464/464 619/619
f 620/620 559/559 558/558
f 97/97 621/621 465/465
f 306/306 622/622 471/471
f 260/260 259/259 623/623
f 624/624 625/625 626/626
f 360/360 627/627 628/628
f 629/629 630/630 631/631
f 632/632 633/633 634/634
f 567/567 563/563 562/562
f 635/635 421/421 493/493
f 629/629 636/636 630/630
f 482/482 486/486 637/637
f 637/637 486/486 638/638
f 486/486 639/639 638/638
f 640/640 641/641 642/642
f 576/576 575/575 643/643
f 495/495 572/572 644/644
f 495/495 644/644 536/536
f 580/580 508/508 503/503
f 595/595 645/645 509/509
f 538/538 453/453 646/646
f 279/279 604/604 228/228
f 647/647 541/541 540/540
f 543/543 648/648 515/515
f 649/649 650/650 651/651
f 608/608 652/652 609/609
f 608/608 653/653 652/652
f 654/654 655/655 656/656
f 657/657 654/654 656/656
f 658/658 659/659 651/651
f 660/660 547/547 546/546
f 611/611 661/661 612/612
f 662/662 547/547 660/660
f 548/548 663/663 664/664
f 548/548 397/397 663/663
f 663/663 397/397 615/615
f 550/550 618/618 665/665
f 550/550 665/665 666/666
f 620/620 667/667 559/559
f 88/88 73/73 414/414
f 139/139 621/621 97/97
f 354/354 466/466 668/668
f 360/360 628/628 565/565
f 423/423 565/565 669/669
f 529/529 670/670 489/489
f 671/671 672/672 673/673
f 493/493 570/570 674/674
f 675/675 568/568 567/567
f 531/531 676/676 484/484
f 497/497 677/677 494/494
f 630/630 636/636 678/678
f 679/679 680/680 681/681
f 682/682 683/683 684/684
f 506/506 682/682 582/582
f 682/682 684/684 582/582
f 685/685 537/537 446/446
f 685/685 446/446 592/592
f 509/509 686/686 687/687
f 336/336 688/688 186/186
f 277/277 689/689 227/227
f 647/647 606/606 541/541
f 690/690 691/691 692/692
f 516/516 690/690 692/692
f 692/692 517/517 516/516
f 539/539 515/515 648/648
f 656/656 655/655 693/693
f 694/694 695/695 520/520
f 520/520 399/399 344/344
f 696/696 697/697 698/698
f 699/699 700/700 701/701
f 699/699 701/701 702/702
f 703/703 704/704 705/705
f 618/618 399/399 706/706
f 704/704 707/707 705/705
f 667/667 707/707 704/704
f 54/54 95/95 708/708
f 471/471 709/709 469/469
f 471/471 622/622 709/709
f 99/99 622/622 306/306
f 710/710 711/711 712/712
f 672/672 671/671 713/713
f 476/476 714/714 566/566
f 634/634 633/633 715/715
f 716/716 634/634 715/715
f 670/670 569/569 489/489
f 717/717 718/718 719/719
f 720/720 718/718 717/717
f 721/721 720/720 717/717
f 722/722 723/723 724/724
f 722/722 725/725 723/723
f 726/726 677/677 497/497
f 498/498 727/727 728/728
f 497/497 729/729 726/726
f 498/498 728/728 497/497
f 730/730 731/731 732/732
f 592/592 538/538 733/733
f 594/594 734/734 595/595
f 734/734 735/735 595/595
f 733/733 538/538 736/736
f 735/735 737/737 595/595
f 737/737 645/645 595/595
f 601/601 600/600 738/738
f 227/227 739/739 386/386
f 691/691 740/740 741/741
f 692/692 691/691 741/741
f 742/742 649/649 743/743
f 744/744 517/517 692/692
f 517/517 744/744 546/546
f 651/651 745/745 649/649
f 659/659 745/745 651/651
f 659/659 658/658 746/746
f 747/747 748/748 749/749
f 662/662 660/660 750/750
f 663/663 751/751 664/664
f 520/520 695/695 399/399
f 752/752 753/753 754/754
f 755/755 699/699 702/702
f 620/620 707/707 667/667
f 756/756 757/757 620/620
f 469/469 709/709 621/621
f 419/419 758/758 759/759
f 421/421 635/635 473/473
f 712/712 711/711 760/760
f 761/761 762/762 724/724
f 722/722 724/724 762/762
f 763/763 764/764 765/765
f 766/766 764/764 763/763
f 764/764 766/766 767/767
f 677/677 726/726 571/571
f 768/768 728/728 727/727
f 768/768 642/642 728/728
f 680/680 679/679 769/769
f 534/534 770/770 496/496
f 728/728 729/729 497/497
f 771/771 772/772 773/773
f 733/733 736/736 774/774
f 775/775 538/538 646/646
f 457/457 776/776 229/229
f 227/227 777/777 739/739
f 604/604 279/279 778/778
f 741/741 740/740 779/779
f 692/692 741/741 744/744
f 743/743 649/649 745/745
f 546/546 744/744 780/780
f 780/780 660/660 546/546
f 750/750 660/660 780/780
f 694/694 781/781 695/695
f 752/752 782/782 753/753
f 783/783 705/705 707/707
f 757/757 707/707 620/620
f 622/622 784/784 709/709
f 627/627 712/712 785/785
f 628/628 627/627 785/785
f 628/628 785/785 786/786
f 714/714 565/565 787/787
f 565/565 786/786 787/787
f 714/714 787/787 566/566
f 788/788 566/566 789/789
f 788/788 789/789 633/633
f 770/770 571/571 726/726
f 679/679 496/496 790/790
f 571/571 770/770 534/534
f 641/641 791/791 642/642
f 792/792 584/584 793/793
f 736/736 538/538 794/794
f 737/737 795/795 645/645
f 538/538 775/775 794/794
f 796/796 797/797 798/798
f 645/645 795/795 509/509
f 600/600 799/799 800/800
f 509/509 795/795 686/686
f 335/335 510/510 801/801
f 743/743 802/802 742/742
f 803/803 743/743 745/745
f 804/804 747/747 805/805
f 749/749 806/806 747/747
f 807/807 808/808 809/809
f 399/399 695/695 706/706
f 810/810 811/811 812/812
f 813/813 814/814 815/815
f 709/709 784/784 621/621
f 622/622 816/816 784/784
f 99/99 816/816 622/622
f 99/99 817/817 816/816
f 99/99 818/818 817/817
f 260/260 623/623 819/819
f 758/758 419/419 820/820
f 711/711 821/821 822/822
f 711/711 822/822 760/760
f 565/565 628/628 786/786
f 566/566 787/787 823/823
f 679/679 790/790 769/769
f 770/770 790/790 496/496
f 728/728 824/824 729/729
f 642/642 824/824 728/728
f 641/641 825/825 791/791
f 684/684 826/826 582/582
f 827/827 828/828 829/829
f 830/830 831/831 594/594
f 594/594 831/831 734/734
f 831/831 832/832 734/734
f 734/734 832/832 735/735
f 731/731 833/833 834/834
f 735/735 832/832 737/737
f 737/737 835/835 795/795
f 227/227 689/689 777/777
f 229/229 776/776 605/605
f 836/836 837/837 838/838
f 741/741 839/839 744/744
f 780/780 744/744 839/839
f 659/659 840/840 745/745
f 841/841 842/842 843/843
f 844/844 695/695 781/781
f 705/705 845/845 846/846
f 695/695 844/844 706/706
f 845/845 705/705 783/783
f 753/753 782/782 847/847
f 848/848 849/849 706/706
f 850/850 699/699 755/755
f 699/699 850/850 700/700
f 849/849 618/618 706/706
f 665/665 618/618 849/849
f 94/94 54/54 708/708
f 85/85 94/94 96/96
f 305/305 81/81 851/851
f 784/784 852/852 621/621
f 816/816 852/852 784/784
f 816/816 817/817 853/853
f 759/759 854/854 818/818
f 758/758 854/854 759/759
f 820/820 854/854 758/758
f 419/419 418/418 820/820
f 712/712 760/760 785/785
f 786/786 855/855 787/787
f 566/566 823/823 789/789
f 633/633 789/789 715/715
f 824/824 642/642 856/856
f 791/791 856/856 642/642
f 680/680 769/769 857/857
f 726/726 858/858 770/770
f 726/726 729/729 858/858
f 772/772 771/771 859/859
f 508/508 860/860 594/594
f 594/594 860/860 830/830
f 733/733 774/774 861/861
f 774/774 736/736 862/862
f 738/738 600/600 800/800
f 836/836 863/863 837/837
f 803/803 745/745 864/864
f 780/780 839/839 865/865
f 659/659 866/866 840/840
f 749/749 867/867 806/806
f 843/843 868/868 869/869
f 842/842 868/868 843/843
f 747/747 806/806 870/870
f 868/868 871/871 872/872
f 873/873 874/874 875/875
f 844/844 876/876 706/706
f 810/810 877/877 811/811
f 783/783 707/707 878/878
f 757/757 878/878 707/707
f 73/73 879/879 414/414
f 816/816 880/880 852/852
f 853/853 880/880 816/816
f 817/817 881/881 853/853
f 853/853 881/881 880/880
f 818/818 881/881 817/817
f 854/854 881/881 818/818
f 854/854 882/882 881/881
f 854/854 820/820 882/882
f 786/786 785/785 883/883
f 855/855 786/786 883/883
f 823/823 787/787 884/884
f 789/789 823/823 885/885
f 641/641 886/886 887/887
f 641/641 887/887 825/825
f 736/736 794/794 862/862
f 186/186 688/688 888/888
f 888/888 187/187 186/186
f 864/864 745/745 840/840
f 889/889 842/842 890/890
f 842/842 891/891 868/868
f 891/891 871/871 868/868
f 892/892 893/893 894/894
f 747/747 870/870 805/805
f 253/253 68/68 101/101
f 418/418 882/882 820/820
f 93/93 90/90 895/895
f 760/760 822/822 896/896
f 785/785 760/760 897/897
f 885/885 715/715 789/789
f 716/716 715/715 898/898
f 899/899 530/530 477/477
f 900/900 901/901 902/902
f 903/903 902/902 904/904
f 905/905 902/902 901/901
f 904/904 902/902 905/905
f 906/906 907/907 908/908
f 909/909 537/537 685/685
f 508/508 580/580 860/860
f 685/685 592/592 910/910
f 827/827 911/911 828/828
f 592/592 733/733 861/861
f 831/831 835/835 832/832
f 861/861 774/774 862/862
f 832/832 835/835 737/737
f 601/601 912/912 602/602
f 863/863 913/913 837/837
f 914/914 913/913 863/863
f 840/840 866/866 915/915
f 866/866 916/916 915/915
f 917/917 891/891 889/889
f 889/889 891/891 842/842
f 870/870 918/918 805/805
f 919/919 920/920 921/921
f 892/892 922/922 893/893
f 891/891 923/923 871/871
f 869/869 868/868 872/872
f 783/783 924/924 845/845
f 783/783 878/878 924/924
f 925/925 926/926 757/757
f 757/757 926/926 878/878
f 92/92 879/879 73/73
f 465/465 927/927 254/254
f 852/852 880/880 928/928
f 93/93 895/895 418/418
f 760/760 896/896 897/897
f 929/929 930/930 931/931
f 884/884 787/787 932/932
f 855/855 932/932 787/787
f 933/933 908/908 934/934
f 935/935 930/930 929/929
f 936/936 937/937 938/938
f 934/934 908/908 907/907
f 939/939 769/769 790/790
f 940/940 941/941 942/942
f 826/826 684/684 943/943
f 592/592 861/861 944/944
f 945/945 795/795 835/835
f 601/601 738/738 912/912
f 743/743 946/946 802/802
f 914/914 947/947 913/913
f 840/840 915/915 864/864
f 948/948 947/947 949/949
f 948/948 949/949 950/950
f 917/917 918/918 891/891
f 918/918 951/951 891/891
f 952/952 953/953 954/954
f 891/891 951/951 923/923
f 952/952 955/955 953/953
f 956/956 957/957 958/958
f 953/953 959/959 960/960
f 960/960 959/959 961/961
f 962/962 963/963 964/964
f 962/962 965/965 963/963
f 966/966 967/967 968/968
f 969/969 970/970 971/971
f 972/972 970/970 969/969
f 852/852 928/928 621/621
f 899/899 973/973 530/530
f 974/974 929/929 975/975
f 858/858 729/729 976/976
f 729/729 824/824 977/977
f 584/584 582/582 826/826
f 580/580 978/978 860/860
f 592/592 944/944 910/910
f 831/831 830/830 835/835
f 861/861 862/862 944/944
f 830/830 945/945 835/835
f 944/944 862/862 794/794
f 605/605 776/776 979/979
f 946/946 743/743 980/980
f 743/743 803/803 980/980
f 981/981 982/982 983/983
f 921/921 981/981 919/919
f 918/918 870/870 951/951
f 951/951 870/870 984/984
f 985/985 951/951 984/984
f 981/981 921/921 986/986
f 981/981 986/986 987/987
f 923/923 951/951 985/985
f 955/955 988/988 953/953
f 953/953 989/989 959/959
f 989/989 953/953 988/988
f 990/990 963/963 965/965
f 92/92 254/254 991/991
f 254/254 927/927 991/991
f 880/880 881/881 992/992
f 882/882 418/418 993/993
f 897/897 896/896 994/994
f 715/715 885/885 995/995
f 635/635 493/493 674/674
f 940/940 996/996 941/941
f 997/997 998/998 999/999
f 1000/1000 674/674 570/570
f 929/929 1001/1001 975/975
f 941/941 1002/1002 942/942
f 791/791 825/825 1003/1003
f 684/684 683/683 1004/1004
f 684/684 1004/1004 943/943
f 793/793 584/584 826/826
f 1005/1005 537/537 909/909
f 773/773 772/772 1006/1006
f 731/731 834/834 732/732
f 689/689 1007/1007 777/777
f 863/863 836/836 1008/1008
f 864/864 980/980 803/803
f 1009/1009 1010/1010 1011/1011
f 914/914 949/949 947/947
f 1011/1011 1012/1012 1009/1009
f 983/983 982/982 1013/1013
f 1014/1014 956/956 958/958
f 1015/1015 956/956 1014/1014
f 981/981 987/987 982/982
f 1016/1016 1017/1017 1018/1018
f 957/957 956/956 1019/1019
f 964/964 963/963 1020/1020
f 963/963 990/990 1020/1020
f 95/95 561/561 1021/1021
f 101/101 96/96 1022/1022
f 898/898 715/715 995/995
f 996/996 1023/1023 941/941
f 938/938 937/937 1024/1024
f 937/937 1025/1025 1024/1024
f 769/769 1026/1026 857/857
f 792/792 793/793 1027/1027
f 860/860 1028/1028 830/830
f 828/828 796/796 829/829
f 829/829 796/796 798/798
f 1029/1029 1010/1010 1030/1030
f 279/279 1031/1031 778/778
f 279/279 278/278 1031/1031
f 863/863 1008/1008 1032/1032
f 863/863 1032/1032 914/914
f 1033/1033 1034/1034 1009/1009
f 1035/1035 1033/1033 1009/1009
f 1035/1035 1009/1009 1012/1012
f 984/984 1036/1036 1037/1037
f 984/984 1037/1037 985/985
f 966/966 1038/1038 967/967
f 1039/1039 989/989 988/988
f 1040/1040 967/967 1038/1038
f 95/95 1021/1021 708/708
f 1041/1041 1042/1042 465/465
f 880/880 992/992 928/928
f 1043/1043 1044/1044 1045/1045
f 635/635 1044/1044 1043/1043
f 1046/1046 1047/1047 1048/1048
f 929/929 931/931 1001/1001
f 530/530 1049/1049 502/502
f 1050/1050 856/856 791/791
f 1051/1051 1052/1052 1053/1053
f 1054/1054 1055/1055 1056/1056
f 1057/1057 1058/1058 1059/1059
f 793/793 826/826 1060/1060
f 860/860 978/978 1061/1061
f 1028/1028 945/945 830/830
f 945/945 1062/1062 795/795
f 795/795 1062/1062 686/686
f 1063/1063 225/225 226/226
f 187/187 888/888 1064/1064
f 385/385 1065/1065 1066/1066
f 1007/1007 1067/1067 777/777
f 1068/1068 1067/1067 1007/1007
f 1069/1069 1070/1070 1071/1071
f 1034/1034 1030/1030 1010/1010
f 1069/1069 1030/1030 1034/1034
f 1072/1072 1071/1071 1070/1070
f 1033/1033 1069/1069 1034/1034
f 1070/1070 1069/1069 1033/1033
f 1034/1034 1010/1010 1009/1009
f 1073/1073 1070/1070 1033/1033
f 1073/1073 1033/1033 1035/1035
f 1074/1074 1075/1075 1076/1076
f 1077/1077 1078/1078 1075/1075
f 1079/1079 956/956 1015/1015
f 956/956 1079/1079 1019/1019
f 1018/1018 1080/1080 1016/1016
f 1081/1081 1082/1082 1083/1083
f 1036/1036 1084/1084 1037/1037
f 1039/1039 1085/1085 989/989
f 1086/1086 1087/1087 1088/1088
f 882/882 1089/1089 881/881
f 418/418 1090/1090 993/993
f 997/997 999/999 1091/1091
f 635/635 674/674 1044/1044
f 1092/1092 1047/1047 1093/1093
f 1093/1093 1047/1047 1046/1046
f 530/530 973/973 1049/1049
f 1093/1093 1046/1046 1094/1094
f 1095/1095 1096/1096 1097/1097
f 1098/1098 1099/1099 1100/1100
f 1098/1098 1059/1059 1101/1101
f 1100/1100 1057/1057 1098/1098
f 1102/1102 1055/1055 1054/1054
f 1057/1057 1059/1059 1098/1098
f 1059/1059 1103/1103 1101/1101
f 1059/1059 1058/1058 1103/1103
f 1005/1005 1104/1104 1105/1105
f 943/943 1106/1106 826/826
f 1104/1104 1005/1005 909/909
f 860/860 1061/1061 1028/1028
f 1107/1107 1006/1006 1108/1108
f 1006/1006 772/772 1108/1108
f 1108/1108 772/772 859/859
f 911/911 1109/1109 828/828
f 1110/1110 1111/1111 1112/1112
f 1113/1113 732/732 834/834
f 828/828 1109/1109 796/796
f 1114/1114 1115/1115 1116/1116
f 1109/1109 797/797 796/796
f 1114/1114 1116/1116 1110/1110
f 794/794 775/775 1117/1117
f 738/738 800/800 1118/1118
f 912/912 738/738 1118/1118
f 1062/1062 1119/1119 686/686
f 223/223 1120/1120 510/510
f 801/801 510/510 1121/1121
f 688/688 1122/1122 888/888
f 1063/1063 226/226 1066/1066
f 385/385 1066/1066 226/226
f 1123/1123 1067/1067 1068/1068
f 1123/1123 1124/1124 1067/1067
f 778/778 1031/1031 1125/1125
f 1126/1126 1031/1031 278/278
f 979/979 776/776 457/457
f 1127/1127 1128/1128 1129/1129
f 1129/1129 1128/1128 1130/1130
f 1128/1128 1131/1131 1130/1130
f 1132/1132 75/75 1133/1133
f 75/75 1132/1132 83/83
f 1132/1132 1134/1134 83/83
f 882/882 993/993 1089/1089
f 1135/1135 1136/1136 1137/1137
f 1138/1138 1139/1139 1140/1140
f 994/994 896/896 1141/1141
f 1142/1142 1143/1143 1144/1144
f 1045/1045 1044/1044 1145/1145
f 884/884 932/932 1146/1146
f 1147/1147 973/973 899/899
f 1148/1148 1001/1001 931/931
f 1149/1149 1150/1150 1151/1151
f 1152/1152 674/674 1000/1000
f 729/729 977/977 976/976
f 1153/1153 825/825 887/887
f 1154/1154 1102/1102 1155/1155
f 1156/1156 1157/1157 1158/1158
f 1000/1000 1159/1159 1152/1152
f 1102/1102 1054/1054 1155/1155
f 1160/1160 1161/1161 1162/1162
f 1156/1156 1158/1158 978/978
f 1163/1163 1164/1164 1165/1165
f 978/978 1158/1158 1061/1061
f 1163/1163 1165/1165 1166/1166
f 909/909 685/685 910/910
f 1104/1104 909/909 910/910
f 1111/1111 1116/1116 1115/1115
f 945/945 1028/1028 1062/1062
f 910/910 944/944 1117/1117
f 1110/1110 1116/1116 1111/1111
f 944/944 794/794 1117/1117
f 1124/1124 1167/1167 1067/1067
f 1124/1124 1168/1168 1167/1167
f 1169/1169 979/979 457/457
f 1125/1125 1168/1168 1124/1124
f 1170/1170 1171/1171 1014/1014
f 1076/1076 1075/1075 1172/1172
f 1171/1171 1173/1173 1014/1014
f 1075/1075 1078/1078 1172/1172
f 1014/1014 1173/1173 1015/1015
f 1015/1015 1173/1173 1079/1079
f 1016/1016 1080/1080 1174/1174
f 1131/1131 1175/1175 1130/1130
f 96/96 94/94 1176/1176
f 96/96 1176/1176 1022/1022
f 991/991 1177/1177 1178/1178
f 927/927 1177/1177 991/991
f 1177/1177 927/927 1179/1179
f 1180/1180 1181/1181 1182/1182
f 1183/1183 1184/1184 1185/1185
f 1186/1186 1187/1187 1188/1188
f 1189/1189 1190/1190 1191/1191
f 1192/1192 1193/1193 1194/1194
f 418/418 895/895 1195/1195
f 1140/1140 1139/1139 1196/1196
f 1135/1135 1137/1137 1197/1197
f 1137/1137 1198/1198 1197/1197
f 1199/1199 1091/1091 1200/1200
f 1146/1146 932/932 1201/1201
f 884/884 1146/1146 1202/1202
f 1091/1091 999/999 1200/1200
f 1203/1203 973/973 1147/1147
f 1148/1148 1204/1204 1001/1001
f 1092/1092 1093/1093 1205/1205
f 1151/1151 1206/1206 1149/1149
f 1207/1207 1208/1208 1209/1209
f 674/674 1152/1152 1044/1044
f 1210/1210 1211/1211 1212/1212
f 1205/1205 1093/1093 1213/1213
f 1214/1214 1215/1215 1096/1096
f 1216/1216 1044/1044 1152/1152
f 1215/1215 1097/1097 1096/1096
f 1049/1049 973/973 1217/1217
f 975/975 1001/1001 1218/1218
f 1219/1219 976/976 1220/1220
f 1221/1221 1052/1052 1051/1051
f 1216/1216 1152/1152 1159/1159
f 1218/1218 1161/1161 975/975
f 1157/1157 1217/1217 1158/1158
f 1221/1221 1051/1051 1164/1164
f 1164/1164 1163/1163 1221/1221
f 1159/1159 1105/1105 1216/1216
f 1216/1216 1105/1105 1104/1104
f 1158/1158 1222/1222 1061/1061
f 888/888 1122/1122 1223/1223
f 888/888 1223/1223 1064/1064
f 603/603 1169/1169 457/457
f 1067/1067 1167/1167 1224/1224
f 1031/1031 1126/1126 1225/1225
f 1226/1226 777/777 1067/1067
f 1224/1224 1226/1226 1067/1067
f 1168/1168 1224/1224 1167/1167
f 1031/1031 1168/1168 1125/1125
f 1227/1227 1076/1076 1172/1172
f 1228/1228 1016/1016 1174/1174
f 1174/1174 1080/1080 1229/1229
f 253/253 1230/1230 413/413
f 1231/1231 1232/1232 1233/1233
f 418/418 1234/1234 1090/1090
f 1196/1196 1139/1139 1235/1235
f 1236/1236 1237/1237 1148/1148
f 1135/1135 1238/1238 1136/1136
f 1239/1239 1145/1145 1240/1240
f 1044/1044 1240/1240 1145/1145
f 1201/1201 1241/1241 1242/1242
f 1243/1243 1244/1244 1245/1245
f 1246/1246 1243/1243 1245/1245
f 1207/1207 1209/1209 1202/1202
f 1240/1240 1044/1044 1216/1216
f 1211/1211 1210/1210 1220/1220
f 1215/1215 1214/1214 1247/1247
f 1217/1217 1248/1248 1158/1158
f 1218/1218 1162/1162 1161/1161
f 1249/1249 1221/1221 1163/1163
f 1158/1158 1248/1248 1222/1222
f 1250/1250 1106/1106 1251/1251
f 1106/1106 1250/1250 826/826
f 1250/1250 1060/1060 826/826
f 1252/1252 1253/1253 1254/1254
f 1222/1222 1028/1028 1061/1061
f 1104/1104 910/910 1255/1255
f 510/510 1120/1120 1256/1256
f 510/510 1256/1256 1121/1121
f 1257/1257 979/979 1169/1169
f 1168/1168 1258/1258 1224/1224
f 1031/1031 1258/1258 1168/1168
f 1031/1031 1225/1225 1258/1258
f 1126/1126 1259/1259 1225/1225
f 1260/1260 1261/1261 1262/1262
f 1261/1261 1263/1263 1262/1262
f 1264/1264 1262/1262 1263/1263
f 1265/1265 1264/1264 1263/1263
f 1266/1266 1267/1267 1268/1268
f 413/413 1269/1269 82/82
f 1239/1239 1270/1270 1271/1271
f 1041/1041 1272/1272 1042/1042
f 1273/1273 1185/1185 1184/1184
f 1274/1274 1275/1275 1179/1179
f 1148/1148 1237/1237 1204/1204
f 1207/1207 1202/1202 1276/1276
f 1241/1241 1277/1277 1242/1242
f 1201/1201 1242/1242 1146/1146
f 1203/1203 1248/1248 973/973
f 973/973 1248/1248 1217/1217
f 976/976 1278/1278 1220/1220
f 977/977 1278/1278 976/976
f 977/977 1279/1279 1278/1278
f 1280/1280 1279/1279 977/977
f 1281/1281 1282/1282 1221/1221
f 1249/1249 1281/1281 1221/1221
f 1218/1218 1283/1283 1162/1162
f 1216/1216 1104/1104 1284/1284
f 1104/1104 1255/1255 1284/1284
f 1222/1222 1248/1248 1285/1285
f 1162/1162 1283/1283 1286/1286
f 1287/1287 1288/1288 1289/1289
f 1028/1028 1222/1222 1285/1285
f 1290/1290 1291/1291 1292/1292
f 1292/1292 1293/1293 1252/1252
f 1293/1293 1253/1253 1252/1252
f 1293/1293 1292/1292 1291/1291
f 1291/1291 1290/1290 1294/1294
f 1293/1293 1291/1291 1295/1295
f 1253/1253 1293/1293 1295/1295
f 1289/1289 1253/1253 1295/1295
f 1287/1287 1289/1289 1295/1295
f 1287/1287 1295/1295 1296/1296
f 1296/1296 1295/1295 1297/1297
f 1298/1298 1291/1291 1294/1294
f 1294/1294 1299/1299 1298/1298
f 1300/1300 1299/1299 1294/1294
f 1295/1295 1291/1291 1298/1298
f 1295/1295 1298/1298 1297/1297
f 1298/1298 1299/1299 1301/1301
f 1297/1297 1298/1298 1301/1301
f 1296/1296 1297/1297 1302/1302
f 1296/1296 1302/1302 1303/1303
f 1122/1122 1304/1304 1223/1223
f 1065/1065 1063/1063 1066/1066
f 1305/1305 1306/1306 1307/1307
f 1258/1258 1225/1225 1308/1308
f 1171/1171 1309/1309 1173/1173
f 1264/1264 1265/1265 1310/1310
f 1264/1264 1310/1310 1311/1311
f 1312/1312 1228/1228 1174/1174
f 1267/1267 1313/1313 1268/1268
f 1229/1229 1314/1314 1174/1174
f 1315/1315 1266/1266 1268/1268
f 1316/1316 92/92 991/991
f 1274/1274 1042/1042 1275/1275
f 1042/1042 1272/1272 1317/1317
f 1273/1273 1318/1318 1319/1319
f 1320/1320 1321/1321 1322/1322
f 1184/1184 1318/1318 1273/1273
f 1321/1321 1323/1323 1203/1203
f 1237/1237 1324/1324 1204/1204
f 1325/1325 1326/1326 1327/1327
f 1327/1327 1326/1326 1328/1328
f 1277/1277 1329/1329 1330/1330
f 1242/1242 1277/1277 1330/1330
f 1242/1242 1330/1330 1331/1331
f 1146/1146 1242/1242 1331/1331
f 1146/1146 1331/1331 1276/1276
f 1202/1202 1146/1146 1276/1276
f 1203/1203 1323/1323 1248/1248
f 1332/1332 1220/1220 1278/1278
f 1332/1332 1211/1211 1220/1220
f 1240/1240 1216/1216 1333/1333
f 1333/1333 1216/1216 1284/1284
f 1334/1334 1254/1254 1335/1335
f 1336/1336 1337/1337 1294/1294
f 1254/1254 1253/1253 1335/1335
f 1290/1290 1336/1336 1294/1294
f 1301/1301 1302/1302 1297/1297
f 1338/1338 1121/1121 1256/1256
f 1304/1304 1338/1338 1339/1339
f 1063/1063 1065/1065 1340/1340
f 1341/1341 1342/1342 1343/1343
f 1343/1343 1342/1342 1344/1344
f 1345/1345 1169/1169 603/603
f 1306/1306 1346/1346 1307/1307
f 1347/1347 1307/1307 1346/1346
f 1348/1348 1349/1349 1350/1350
f 1351/1351 1348/1348 1350/1350
f 1351/1351 1352/1352 1353/1353
f 1169/1169 1345/1345 1257/1257
f 1226/1226 1224/1224 1354/1354
f 1354/1354 1224/1224 1355/1355
f 1356/1356 1351/1351 1357/1357
f 1352/1352 1356/1356 1358/1358
f 1258/1258 1355/1355 1224/1224
f 1308/1308 1355/1355 1258/1258
f 1260/1260 1311/1311 1359/1359
f 1260/1260 1262/1262 1311/1311
f 1262/1262 1264/1264 1311/1311
f 1173/1173 1309/1309 1360/1360
f 1265/1265 1263/1263 1361/1361
f 101/101 1362/1362 253/253
f 1042/1042 1317/1317 1363/1363
f 1090/1090 1364/1364 993/993
f 1239/1239 1240/1240 1365/1365
f 1327/1327 1328/1328 1366/1366
f 1367/1367 1368/1368 1369/1369
f 1370/1370 1369/1369 1368/1368
f 1371/1371 1369/1369 1370/1370
f 1372/1372 1371/1371 1370/1370
f 1373/1373 1374/1374 1375/1375
f 1376/1376 1370/1370 1368/1368
f 1372/1372 1370/1370 1377/1377
f 1377/1377 1370/1370 1376/1376
f 1376/1376 1368/1368 1378/1378
f 1377/1377 1376/1376 1379/1379
f 1376/1376 1378/1378 1380/1380
f 1379/1379 1376/1376 1380/1380
f 1334/1334 1377/1377 1379/1379
f 1334/1334 1381/1381 1377/1377
f 1218/1218 1382/1382 1283/1283
f 1337/1337 1383/1383 1384/1384
f 1334/1334 1335/1335 1381/1381
f 1385/1385 1386/1386 1374/1374
f 1386/1386 1335/1335 1289/1289
f 1386/1386 1289/1289 1288/1288
f 1374/1374 1386/1386 1288/1288
f 1335/1335 1253/1253 1289/1289
f 1387/1387 1336/1336 1290/1290
f 1338/1338 1256/1256 1388/1388
f 1338/1338 1388/1388 1339/1339
f 1389/1389 1345/1345 603/603
f 1341/1341 1390/1390 1307/1307
f 1391/1391 1343/1343 1344/1344
f 1392/1392 1391/1391 1344/1344
f 1393/1393 1391/1391 1392/1392
f 1394/1394 1393/1393 1392/1392
f 1307/1307 1390/1390 1305/1305
f 1349/1349 1395/1395 1396/1396
f 1350/1350 1349/1349 1396/1396
f 1348/1348 1351/1351 1353/1353
f 1352/1352 1351/1351 1356/1356
f 1351/1351 1350/1350 1357/1357
f 1261/1261 1397/1397 1361/1361
f 1261/1261 1361/1361 1263/1263
f 1361/1361 1397/1397 1398/1398
f 1361/1361 1310/1310 1265/1265
f 1275/1275 1042/1042 1363/1363
f 1399/1399 1400/1400 1401/1401
f 881/881 1402/1402 1403/1403
f 1327/1327 1366/1366 1404/1404
f 1239/1239 1365/1365 1270/1270
f 1405/1405 1323/1323 1321/1321
f 1324/1324 1406/1406 1407/1407
f 1365/1365 1240/1240 1333/1333
f 1381/1381 1408/1408 1372/1372
f 1372/1372 1377/1377 1381/1381
f 1407/1407 1406/1406 1382/1382
f 1373/1373 1385/1385 1374/1374
f 1409/1409 1382/1382 1406/1406
f 1382/1382 1409/1409 1283/1283
f 1336/1336 1383/1383 1337/1337
f 1381/1381 1335/1335 1386/1386
f 1410/1410 1383/1383 1336/1336
f 1387/1387 1410/1410 1336/1336
f 1339/1339 1411/1411 1304/1304
f 1412/1412 1413/1413 1414/1414
f 1063/1063 1340/1340 1415/1415
f 1416/1416 1417/1417 1390/1390
f 1341/1341 1416/1416 1390/1390
f 1343/1343 1416/1416 1341/1341
f 1391/1391 1416/1416 1343/1343
f 1418/1418 1416/1416 1391/1391
f 1393/1393 1418/1418 1391/1391
f 1310/1310 1419/1419 1311/1311
f 1419/1419 1359/1359 1311/1311
f 1361/1361 1420/1420 1310/1310
f 1313/1313 1421/1421 1422/1422
f 1422/1422 1268/1268 1313/1313
f 1405/1405 1321/1321 1320/1320
f 1423/1423 1424/1424 1425/1425
f 1426/1426 1364/1364 1090/1090
f 418/418 1195/1195 1234/1234
f 1427/1427 1428/1428 1429/1429
f 1430/1430 1426/1426 1090/1090
f 1430/1430 1090/1090 1234/1234
f 1237/1237 1431/1431 1324/1324
f 1324/1324 1431/1431 1406/1406
f 1373/1373 1375/1375 1432/1432
f 1408/1408 1433/1433 1372/1372
f 1434/1434 1384/1384 1429/1429
f 1383/1383 1429/1429 1384/1384
f 1408/1408 1385/1385 1373/1373
f 1435/1435 1383/1383 1410/1410
f 1408/1408 1381/1381 1386/1386
f 1408/1408 1386/1386 1385/1385
f 1420/1420 1419/1419 1310/1310
f 1420/1420 1436/1436 1419/1419
f 1361/1361 1398/1398 1420/1420
f 1312/1312 1174/1174 1314/1314
f 1437/1437 1315/1315 1268/1268
f 1422/1422 1437/1437 1268/1268
f 253/253 1362/1362 1438/1438
f 414/414 1439/1439 415/415
f 414/414 879/879 1439/1439
f 1440/1440 1441/1441 1442/1442
f 1275/1275 1363/1363 1441/1441
f 1441/1441 1363/1363 1442/1442
f 1443/1443 1432/1432 1444/1444
f 1432/1432 1445/1445 1444/1444
f 1234/1234 1446/1446 1430/1430
f 1447/1447 1427/1427 1429/1429
f 1432/1432 1443/1443 1433/1433
f 1428/1428 1434/1434 1429/1429
f 1447/1447 1429/1429 1435/1435
f 1432/1432 1433/1433 1373/1373
f 1435/1435 1429/1429 1383/1383
f 1373/1373 1433/1433 1408/1408
f 1398/1398 1448/1448 1420/1420
f 1436/1436 1420/1420 1448/1448
f 1314/1314 1449/1449 1312/1312
f 1363/1363 1317/1317 1450/1450
f 1403/1403 1451/1451 1452/1452
f 1403/1403 1402/1402 1451/1451
f 881/881 1089/1089 1402/1402
f 1424/1424 1453/1453 1425/1425
f 1454/1454 1364/1364 1426/1426
f 1195/1195 1446/1446 1234/1234
f 415/415 1439/1439 1455/1455
f 1132/1132 1456/1456 1134/1134
f 92/92 1316/1316 1457/1457
f 1316/1316 1440/1440 1458/1458
f 1442/1442 1363/1363 1459/1459
f 1425/1425 1460/1460 1423/1423
f 1461/1461 1454/1454 1462/1462
f 1454/1454 1446/1446 1463/1463
f 1464/1464 1465/1465 1466/1466
f 1465/1465 1467/1467 1466/1466
f 1316/1316 1458/1458 1457/1457
f 1451/1451 1468/1468 1452/1452
f 1462/1462 1469/1469 1461/1461
f 1462/1462 1454/1454 1463/1463
f 305/305 1470/1470 1471/1471
f 305/305 851/851 1470/1470
f 1462/1462 1463/1463 1469/1469
f 1272/1272 1472/1472 1317/1317
f 1451/1451 1473/1473 1468/1468
f 1402/1402 1473/1473 1451/1451
f 1460/1460 1474/1474 1423/1423
f 1446/1446 1475/1475 1463/1463
f 1195/1195 895/895 1476/1476
f 101/101 1022/1022 1362/1362
f 92/92 1457/1457 879/879
f 1440/1440 1442/1442 1458/1458
f 1477/1477 1478/1478 1479/1479
f 1452/1452 1468/1468 1480/1480
f 1473/1473 1402/1402 1468/1468
f 1481/1481 1482/1482 1483/1483
f 1483/1483 1482/1482 1484/1484
f 1484/1484 1482/1482 1485/1485
f 1485/1485 1486/1486 1484/1484
f 1487/1487 1488/1488 1483/1483
f 1484/1484 1487/1487 1483/1483
f 1486/1486 1487/1487 1484/1484
f 1488/1488 1489/1489 1490/1490
f 1487/1487 1489/1489 1488/1488
f 1442/1442 1459/1459 1458/1458
f 1363/1363 1450/1450 1459/1459
f 1400/1400 1491/1491 1401/1401
f 1492/1492 1491/1491 1400/1400
f 1463/1463 1475/1475 1469/1469
f 1446/1446 1195/1195 1475/1475
f 1493/1493 1134/1134 1456/1456
f 1494/1494 1495/1495 1496/1496
f 1497/1497 1495/1495 1494/1494
f 1498/1498 1499/1499 1481/1481
f 1500/1500 1501/1501 1502/1502
f 1501/1501 1503/1503 1502/1502
f 1503/1503 1504/1504 1502/1502
f 1483/1483 1498/1498 1481/1481
f 1483/1483 1488/1488 1490/1490
f 1498/1498 1483/1483 1490/1490
f 1490/1490 1489/1489 1505/1505
f 1489/1489 1487/1487 1506/1506
f 1487/1487 1486/1486 1506/1506
f 1507/1507 1505/1505 1489/1489
f 1506/1506 1507/1507 1489/1489
f 1362/1362 1508/1508 1438/1438
f 1450/1450 1509/1509 1459/1459
f 1450/1450 1510/1510 1509/1509
f 1496/1496 1511/1511 1494/1494
f 1512/1512 1496/1496 1513/1513
f 1514/1514 1515/1515 1516/1516
f 1517/1517 1515/1515 1514/1514
f 1496/1496 1495/1495 1513/1513
f 1516/1516 1518/1518 1519/1519
f 1518/1518 1516/1516 1515/1515
f 1520/1520 1518/1518 1515/1515
f 1520/1520 1515/1515 1517/1517
f 1521/1521 1522/1522 1523/1523
f 1523/1523 1522/1522 1524/1524
f 1525/1525 1526/1526 1527/1527
f 1176/1176 1528/1528 1022/1022
f 1509/1509 1529/1529 1459/1459
f 1510/1510 1450/1450 1317/1317
f 1491/1491 1530/1530 1401/1401
f 1491/1491 1531/1531 1530/1530
f 1491/1491 1492/1492 1532/1532
f 1533/1533 1534/1534 1535/1535
f 1512/1512 1513/1513 1536/1536
f 1511/1511 1496/1496 1512/1512
f 1514/1514 1516/1516 1537/1537
f 1537/1537 1516/1516 1538/1538
f 1539/1539 1540/1540 1541/1541
f 1542/1542 1538/1538 1519/1519
f 1516/1516 1519/1519 1538/1538
f 1539/1539 1541/1541 1543/1543
f 1518/1518 1544/1544 1519/1519
f 1545/1545 1546/1546 1547/1547
f 1547/1547 1548/1548 1545/1545
f 1503/1503 1501/1501 1549/1549
f 413/413 1230/1230 1550/1550
f 1550/1550 1269/1269 413/413
f 1551/1551 1552/1552 1553/1553
f 1468/1468 1402/1402 1554/1554
f 1535/1535 1534/1534 1555/1555
f 1556/1556 1557/1557 1558/1558
f 1555/1555 1559/1559 1560/1560
f 1561/1561 1562/1562 1563/1563
f 1564/1564 1563/1563 1562/1562
f 1504/1504 1503/1503 1565/1565
f 1523/1523 1566/1566 1521/1521
f 1567/1567 1526/1526 1568/1568
f 94/94 708/708 1569/1569
f 1317/1317 1570/1570 1510/1510
f 1402/1402 1089/1089 1554/1554
f 1474/1474 1460/1460 1571/1571
f 1541/1541 1540/1540 1572/1572
f 1534/1534 1573/1573 1555/1555
f 1574/1574 1557/1557 1556/1556
f 1575/1575 1576/1576 1577/1577
f 1578/1578 1579/1579 1580/1580
f 1541/1541 1581/1581 1543/1543
f 1541/1541 1582/1582 1581/1581
f 1583/1583 1584/1584 1585/1585
f 1586/1586 1558/1558 1557/1557
f 1586/1586 1587/1587 1558/1558
f 1519/1519 1544/1544 1588/1588
f 1503/1503 1549/1549 1589/1589
f 1176/1176 94/94 1569/1569
f 1362/1362 1022/1022 1590/1590
f 1459/1459 1529/1529 1458/1458
f 1317/1317 1472/1472 1570/1570
f 1591/1591 1472/1472 1272/1272
f 1195/1195 1476/1476 1475/1475
f 1538/1538 1542/1542 1592/1592
f 1573/1573 1559/1559 1555/1555
f 1575/1575 1593/1593 1594/1594
f 1593/1593 1595/1595 1594/1594
f 1595/1595 1596/1596 1594/1594
f 1597/1597 1580/1580 1579/1579
f 1546/1546 1598/1598 1599/1599
f 1585/1585 1600/1600 1601/1601
f 1602/1602 1585/1585 1601/1601
f 1601/1601 1603/1603 1604/1604
f 1546/1546 1545/1545 1598/1598
f 1605/1605 1606/1606 1561/1561
f 1563/1563 1605/1605 1561/1561
f 1501/1501 1607/1607 1549/1549
f 1503/1503 1589/1589 1608/1608
f 1526/1526 1609/1609 1568/1568
f 1610/1610 1526/1526 1525/1525
f 1611/1611 1269/1269 1550/1550
f 1132/1132 1612/1612 1456/1456
f 1530/1530 1613/1613 1614/1614
f 1613/1613 1530/1530 1531/1531
f 1553/1553 1552/1552 1615/1615
f 1616/1616 1599/1599 1598/1598
f 1541/1541 1572/1572 1617/1617
f 1574/1574 1556/1556 1618/1618
f 1577/1577 1593/1593 1575/1575
f 1601/1601 1604/1604 1602/1602
f 1583/1583 1585/1585 1619/1619
f 1585/1585 1620/1620 1619/1619
f 1602/1602 1620/1620 1585/1585
f 1602/1602 1604/1604 1620/1620
f 1548/1548 1621/1621 1545/1545
f 1606/1606 1605/1605 1622/1622
f 1623/1623 1624/1624 1625/1625
f 1626/1626 1627/1627 1628/1628
f 1629/1629 1630/1630 1631/1631
f 1624/1624 1623/1623 1632/1632
f 1628/1628 1633/1633 1626/1626
f 1623/1623 1633/1633 1632/1632
f 1626/1626 1633/1633 1623/1623
f 1633/1633 1634/1634 1632/1632
f 1635/1635 1633/1633 1628/1628
f 1636/1636 1549/1549 1607/1607
f 1637/1637 1549/1549 1636/1636
f 1589/1589 1549/1549 1637/1637
f 1608/1608 1589/1589 1637/1637
f 1503/1503 1608/1608 1565/1565
f 1638/1638 1639/1639 1640/1640
f 1567/1567 1638/1638 1640/1640
f 1526/1526 1610/1610 1609/1609
f 1470/1470 851/851 1641/1641
f 851/851 1642/1642 1641/1641
f 1529/1529 1643/1643 1458/1458
f 1510/1510 1570/1570 1644/1644
f 1595/1595 1593/1593 1645/1645
f 1620/1620 1646/1646 1619/1619
f 1620/1620 1604/1604 1646/1646
f 1647/1647 1587/1587 1586/1586
f 1598/1598 1545/1545 1648/1648
f 1583/1583 1619/1619 1649/1649
f 1545/1545 1621/1621 1648/1648
f 1621/1621 1548/1548 1650/1650
f 1622/1622 1651/1651 1652/1652
f 1605/1605 1653/1653 1622/1622
f 1622/1622 1653/1653 1651/1651
f 1564/1564 1654/1654 1563/1563
f 1654/1654 1564/1564 1655/1655
f 1656/1656 1657/1657 1658/1658
f 1656/1656 1658/1658 1659/1659
f 1660/1660 1656/1656 1659/1659
f 1661/1661 1630/1630 1662/1662
f 1630/1630 1661/1661 1663/1663
f 1660/1660 1625/1625 1656/1656
f 1625/1625 1624/1624 1664/1664
f 1623/1623 1625/1625 1660/1660
f 1665/1665 1623/1623 1660/1660
f 1666/1666 1667/1667 1668/1668
f 1662/1662 1630/1630 1629/1629
f 1669/1669 1670/1670 1671/1671
f 1664/1664 1624/1624 1632/1632
f 1626/1626 1623/1623 1665/1665
f 1672/1672 1671/1671 1670/1670
f 1672/1672 1673/1673 1671/1671
f 1567/1567 1674/1674 1638/1638
f 1614/1614 1613/1613 1675/1675
f 1553/1553 1615/1615 1676/1676
f 1677/1677 1678/1678 1679/1679
f 1574/1574 1680/1680 1681/1681
f 1574/1574 1618/1618 1680/1680
f 1678/1678 1682/1682 1679/1679
f 1572/1572 1683/1683 1617/1617
f 1577/1577 1684/1684 1685/1685
f 1593/1593 1577/1577 1685/1685
f 1645/1645 1593/1593 1685/1685
f 1686/1686 1646/1646 1604/1604
f 1687/1687 1605/1605 1563/1563
f 1688/1688 1689/1689 1690/1690
f 1691/1691 1692/1692 1693/1693
f 1694/1694 1695/1695 1696/1696
f 1563/1563 1654/1654 1687/1687
f 1661/1661 1697/1697 1698/1698
f 1699/1699 1696/1696 1695/1695
f 1700/1700 1693/1693 1692/1692
f 1690/1690 1701/1701 1688/1688
f 1697/1697 1661/1661 1662/1662
f 1702/1702 1703/1703 1704/1704
f 1701/1701 1705/1705 1706/1706
f 1688/1688 1701/1701 1706/1706
f 1707/1707 1696/1696 1699/1699
f 1708/1708 1662/1662 1629/1629
f 1699/1699 1709/1709 1707/1707
f 1607/1607 1501/1501 1710/1710
f 1711/1711 1712/1712 1713/1713
f 1022/1022 1528/1528 1590/1590
f 1613/1613 1714/1714 1675/1675
f 1715/1715 1716/1716 1717/1717
f 1718/1718 1715/1715 1717/1717
f 1719/1719 1681/1681 1680/1680
f 1720/1720 1716/1716 1715/1715
f 1534/1534 1721/1721 1573/1573
f 1683/1683 1722/1722 1617/1617
f 1723/1723 1724/1724 1725/1725
f 1726/1726 1723/1723 1727/1727
f 1727/1727 1723/1723 1725/1725
f 1573/1573 1728/1728 1559/1559
f 1725/1725 1724/1724 1729/1729
f 1730/1730 1731/1731 1732/1732
f 1733/1733 1725/1725 1734/1734
f 1727/1727 1725/1725 1733/1733
f 1735/1735 1587/1587 1736/1736
f 1736/1736 1587/1587 1647/1647
f 1689/1689 1688/1688 1737/1737
f 1694/1694 1738/1738 1695/1695
f 1739/1739 1737/1737 1688/1688
f 1647/1647 1703/1703 1736/1736
f 1692/1692 1740/1740 1700/1700
f 1736/1736 1703/1703 1741/1741
f 1695/1695 1742/1742 1699/1699
f 1739/1739 1688/1688 1743/1743
f 1742/1742 1744/1744 1699/1699
f 1703/1703 1702/1702 1745/1745
f 1700/1700 1746/1746 1747/1747
f 1706/1706 1705/1705 1669/1669
f 1746/1746 1748/1748 1747/1747
f 1667/1667 1666/1666 1749/1749
f 1750/1750 1702/1702 1751/1751
f 1671/1671 1752/1752 1753/1753
f 1753/1753 1669/1669 1671/1671
f 1671/1671 1673/1673 1752/1752
f 1754/1754 1752/1752 1673/1673
f 1709/1709 1755/1755 1756/1756
f 1755/1755 1757/1757 1756/1756
f 1758/1758 1607/1607 1710/1710
f 1608/1608 1759/1759 1760/1760
f 1608/1608 1760/1760 1565/1565
f 1761/1761 1762/1762 1763/1763
f 1568/1568 1764/1764 1765/1765
f 1766/1766 1762/1762 1767/1767
f 1644/1644 1570/1570 1768/1768
f 1716/1716 1769/1769 1717/1717
f 1475/1475 1770/1770 1469/1469
f 1720/1720 1715/1715 1771/1771
f 1769/1769 1716/1716 1772/1772
f 1618/1618 1735/1735 1680/1680
f 1773/1773 1774/1774 1682/1682
f 1775/1775 1689/1689 1737/1737
f 1692/1692 1776/1776 1740/1740
f 1736/1736 1741/1741 1777/1777
f 1740/1740 1778/1778 1700/1700
f 1741/1741 1703/1703 1779/1779
f 1743/1743 1688/1688 1706/1706
f 1703/1703 1745/1745 1779/1779
f 1744/1744 1780/1780 1699/1699
f 1778/1778 1746/1746 1700/1700
f 1745/1745 1702/1702 1750/1750
f 1709/1709 1699/1699 1755/1755
f 1781/1781 1782/1782 1783/1783
f 1783/1783 1784/1784 1781/1781
f 1781/1781 1784/1784 1785/1785
f 1762/1762 1766/1766 1786/1786
f 1786/1786 1766/1766 1787/1787
f 1788/1788 1789/1789 1790/1790
f 1362/1362 1590/1590 1508/1508
f 1768/1768 1791/1791 1643/1643
f 1460/1460 1792/1792 1571/1571
f 1793/1793 1771/1771 1715/1715
f 1794/1794 1795/1795 1796/1796
f 1720/1720 1772/1772 1716/1716
f 1795/1795 1677/1677 1797/1797
f 1797/1797 1677/1677 1679/1679
f 1798/1798 1795/1795 1797/1797
f 1796/1796 1795/1795 1798/1798
f 1682/1682 1774/1774 1679/1679
f 1774/1774 1797/1797 1679/1679
f 1799/1799 1800/1800 1801/1801
f 1800/1800 1802/1802 1803/1803
f 1804/1804 1801/1801 1800/1800
f 1801/1801 1805/1805 1806/1806
f 1805/1805 1807/1807 1806/1806
f 1800/1800 1803/1803 1804/1804
f 1804/1804 1805/1805 1801/1801
f 1804/1804 1803/1803 1808/1808
f 1808/1808 1803/1803 1809/1809
f 1810/1810 1811/1811 1812/1812
f 1743/1743 1706/1706 1813/1813
f 1813/1813 1706/1706 1753/1753
f 1706/1706 1669/1669 1753/1753
f 1746/1746 1814/1814 1748/1748
f 1666/1666 1815/1815 1749/1749
f 1667/1667 1749/1749 1816/1816
f 1755/1755 1699/1699 1780/1780
f 1786/1786 1763/1763 1762/1762
f 1568/1568 1609/1609 1764/1764
f 1817/1817 1767/1767 1762/1762
f 1818/1818 1819/1819 1820/1820
f 1788/1788 1821/1821 1789/1789
f 1458/1458 1791/1791 1457/1457
f 1643/1643 1791/1791 1458/1458
f 1768/1768 1570/1570 1791/1791
f 1676/1676 1615/1615 1822/1822
f 1772/1772 1823/1823 1769/1769
f 1573/1573 1824/1824 1728/1728
f 1736/1736 1825/1825 1680/1680
f 1735/1735 1736/1736 1680/1680
f 1826/1826 1827/1827 1828/1828
f 1774/1774 1829/1829 1797/1797
f 1722/1722 1683/1683 1692/1692
f 1692/1692 1683/1683 1776/1776
f 1738/1738 1742/1742 1695/1695
f 1801/1801 1806/1806 1830/1830
f 1799/1799 1801/1801 1830/1830
f 1831/1831 1800/1800 1799/1799
f 1802/1802 1800/1800 1831/1831
f 1805/1805 1804/1804 1808/1808
f 1832/1832 1744/1744 1742/1742
f 1833/1833 1743/1743 1813/1813
f 1834/1834 1835/1835 1836/1836
f 1837/1837 1838/1838 1839/1839
f 1810/1810 1840/1840 1841/1841
f 1812/1812 1840/1840 1810/1810
f 1842/1842 1843/1843 1844/1844
f 1845/1845 1846/1846 1847/1847
f 1744/1744 1848/1848 1780/1780
f 1849/1849 1850/1850 1851/1851
f 1849/1849 1852/1852 1850/1850
f 1846/1846 1853/1853 1854/1854
f 1852/1852 1855/1855 1856/1856
f 1850/1850 1852/1852 1856/1856
f 1854/1854 1853/1853 1857/1857
f 1846/1846 1854/1854 1847/1847
f 1845/1845 1847/1847 1858/1858
f 1847/1847 1854/1854 1859/1859
f 1860/1860 1861/1861 1862/1862
f 1863/1863 1854/1854 1857/1857
f 1816/1816 1749/1749 1864/1864
f 1749/1749 1815/1815 1864/1864
f 1865/1865 1745/1745 1750/1750
f 1850/1850 1856/1856 1866/1866
f 1780/1780 1848/1848 1755/1755
f 1521/1521 1867/1867 1522/1522
f 1522/1522 1867/1867 1868/1868
f 1869/1869 1870/1870 1674/1674
f 1819/1819 1871/1871 1872/1872
f 1873/1873 1874/1874 1875/1875
f 1876/1876 1877/1877 1878/1878
f 1879/1879 1880/1880 1881/1881
f 1874/1874 1882/1882 1875/1875
f 1883/1883 1884/1884 1789/1789
f 253/253 1438/1438 1230/1230
f 1885/1885 1886/1886 1887/1887
f 1771/1771 1793/1793 1888/1888
f 1828/1828 1823/1823 1772/1772
f 1889/1889 1771/1771 1888/1888
f 1720/1720 1771/1771 1889/1889
f 1720/1720 1828/1828 1772/1772
f 1828/1828 1720/1720 1889/1889
f 1828/1828 1889/1889 1890/1890
f 1826/1826 1828/1828 1890/1890
f 1797/1797 1829/1829 1798/1798
f 1796/1796 1798/1798 1891/1891
f 1798/1798 1829/1829 1892/1892
f 1893/1893 1825/1825 1736/1736
f 1894/1894 1895/1895 1738/1738
f 1891/1891 1798/1798 1892/1892
f 1738/1738 1895/1895 1742/1742
f 1829/1829 1896/1896 1892/1892
f 1777/1777 1893/1893 1736/1736
f 1897/1897 1898/1898 1899/1899
f 1900/1900 1742/1742 1895/1895
f 1901/1901 1739/1739 1743/1743
f 1902/1902 1832/1832 1742/1742
f 1854/1854 1903/1903 1859/1859
f 1863/1863 1903/1903 1854/1854
f 1866/1866 1859/1859 1903/1903
f 1904/1904 1866/1866 1903/1903
f 1850/1850 1866/1866 1904/1904
f 1905/1905 1850/1850 1904/1904
f 1863/1863 1906/1906 1907/1907
f 1904/1904 1903/1903 1908/1908
f 1909/1909 1904/1904 1908/1908
f 1905/1905 1909/1909 1910/1910
f 1904/1904 1909/1909 1905/1905
f 1903/1903 1863/1863 1907/1907
f 1908/1908 1903/1903 1907/1907
f 1911/1911 1758/1758 1710/1710
f 1759/1759 1912/1912 1760/1760
f 1913/1913 1874/1874 1873/1873
f 1914/1914 1915/1915 1916/1916
f 1874/1874 1917/1917 1882/1882
f 1818/1818 1820/1820 1918/1918
f 1789/1789 1884/1884 1790/1790
f 879/879 1919/1919 1439/1439
f 1885/1885 1887/1887 1920/1920
f 1089/1089 1921/1921 1554/1554
f 1922/1922 1923/1923 1924/1924
f 1475/1475 1476/1476 1925/1925
f 1888/1888 1926/1926 1889/1889
f 1927/1927 1889/1889 1926/1926
f 1899/1899 1898/1898 1928/1928
f 1929/1929 1899/1899 1928/1928
f 1929/1929 1928/1928 1930/1930
f 1893/1893 1777/1777 1931/1931
f 1932/1932 1933/1933 1934/1934
f 1935/1935 1936/1936 1934/1934
f 1927/1927 1926/1926 1937/1937
f 1742/1742 1900/1900 1902/1902
f 1901/1901 1743/1743 1938/1938
f 1743/1743 1833/1833 1938/1938
f 1939/1939 1940/1940 1844/1844
f 1844/1844 1940/1940 1842/1842
f 1911/1911 1710/1710 1941/1941
f 1942/1942 1911/1911 1941/1941
f 1912/1912 1942/1942 1941/1941
f 1912/1912 1941/1941 1760/1760
f 1785/1785 1784/1784 1943/1943
f 1674/1674 1870/1870 1638/1638
f 1944/1944 1945/1945 1946/1946
f 1947/1947 1948/1948 1949/1949
f 1950/1950 1951/1951 1952/1952
f 1790/1790 1884/1884 1953/1953
f 1822/1822 1954/1954 1955/1955
f 1615/1615 1956/1956 1822/1822
f 1957/1957 1958/1958 1959/1959
f 1838/1838 1960/1960 1839/1839
f 1760/1760 1961/1961 1565/1565
f 1962/1962 1782/1782 1781/1781
f 1870/1870 1963/1963 1638/1638
f 1609/1609 1964/1964 1764/1764
f 1819/1819 1818/1818 1871/1871
f 1913/1913 1965/1965 1874/1874
f 1966/1966 1967/1967 1968/1968
f 1969/1969 1818/1818 1918/1918
f 1874/1874 1970/1970 1917/1917
f 1971/1971 1972/1972 1973/1973
f 1974/1974 1975/1975 1976/1976
f 1883/1883 1977/1977 1884/1884
f 879/879 1457/1457 1978/1978
f 1979/1979 1980/1980 1981/1981
f 1822/1822 1982/1982 1954/1954
f 1983/1983 1984/1984 1985/1985
f 1552/1552 1986/1986 1615/1615
f 1615/1615 1986/1986 1987/1987
f 1988/1988 1986/1986 1552/1552
f 1089/1089 1989/1989 1921/1921
f 1990/1990 1989/1989 1089/1089
f 1571/1571 1991/1991 1474/1474
f 1958/1958 1992/1992 1959/1959
f 1993/1993 1922/1922 1924/1924
f 1933/1933 1930/1930 1934/1934
f 1994/1994 1995/1995 1996/1996
f 1994/1994 1997/1997 1995/1995
f 1838/1838 1998/1998 1960/1960
f 1842/1842 1998/1998 1838/1838
f 1760/1760 1941/1941 1961/1961
f 1818/1818 1969/1969 1871/1871
f 1999/1999 1874/1874 1965/1965
f 1999/1999 1970/1970 1874/1874
f 2000/2000 2001/2001 2002/2002
f 1570/1570 2003/2003 1791/1791
f 1981/1981 2003/2003 1570/1570
f 1956/1956 1982/1982 1822/1822
f 1474/1474 2004/2004 2005/2005
f 2006/2006 2004/2004 1474/1474
f 1474/1474 1991/1991 2006/2006
f 1770/1770 2007/2007 2008/2008
f 1924/1924 2009/2009 1993/1993
f 1836/1836 2010/2010 1834/1834
f 2011/2011 2012/2012 2013/2013
f 1960/1960 1998/1998 2014/2014
f 1940/1940 2014/2014 1998/1998
f 1842/1842 1940/1940 1998/1998
f 2015/2015 2012/2012 2011/2011
f 1710/1710 1501/1501 2016/2016
f 1566/1566 2017/2017 1521/1521
f 2018/2018 2019/2019 2020/2020
f 2021/2021 2022/2022 2023/2023
f 1981/1981 1980/1980 2024/2024
f 2024/2024 1980/1980 2025/2025
f 1980/1980 2026/2026 2025/2025
f 1980/1980 2027/2027 2026/2026
f 1984/1984 2028/2028 2027/2027
f 1984/1984 1983/1983 2029/2029
f 1988/1988 2030/2030 1986/1986
f 2031/2031 2004/2004 2006/2006
f 2032/2032 2033/2033 2034/2034
f 1475/1475 2007/2007 1770/1770
f 2035/2035 2028/2028 1984/1984
f 1984/1984 2029/2029 2035/2035
f 1990/1990 2036/2036 1989/1989
f 1993/1993 2037/2037 1922/1922
f 1957/1957 1959/1959 2038/2038
f 1901/1901 1938/1938 2039/2039
f 2040/2040 2041/2041 2042/2042
f 2043/2043 2044/2044 2045/2045
f 2046/2046 2040/2040 2042/2042
f 2015/2015 2047/2047 2012/2012
f 2048/2048 2043/2043 2045/2045
f 2049/2049 2050/2050 2012/2012
f 2047/2047 2049/2049 2012/2012
f 2051/2051 2050/2050 2049/2049
f 2052/2052 2053/2053 2054/2054
f 2055/2055 2052/2052 2054/2054
f 2055/2055 2054/2054 2056/2056
f 2018/2018 2057/2057 2019/2019
f 2057/2057 2018/2018 2023/2023
f 2023/2023 2018/2018 2021/2021
f 2003/2003 1981/1981 2024/2024
f 2027/2027 2058/2058 2026/2026
f 2027/2027 2028/2028 2058/2058
f 2029/2029 1983/1983 2059/2059
f 2060/2060 1987/1987 1986/1986
f 2061/2061 2062/2062 1554/1554
f 1921/1921 1989/1989 2036/2036
f 2063/2063 2064/2064 2065/2065
f 2034/2034 2063/2063 2065/2065
f 2063/2063 2034/2034 2033/2033
f 2066/2066 2067/2067 2068/2068
f 1987/1987 2060/2060 2069/2069
f 2040/2040 2046/2046 2070/2070
f 2070/2070 2046/2046 2071/2071
f 2045/2045 2072/2072 2048/2048
f 2071/2071 2046/2046 2073/2073
f 2051/2051 2049/2049 2074/2074
f 2075/2075 2076/2076 2077/2077
f 2048/2048 2072/2072 2078/2078
f 2076/2076 2079/2079 2077/2077
f 1869/1869 2080/2080 1870/1870
f 1869/1869 2081/2081 2080/2080
f 2082/2082 2081/2081 1869/1869
f 1609/1609 2083/2083 1964/1964
f 1609/1609 1610/1610 2084/2084
f 2053/2053 2052/2052 2085/2085
f 2086/2086 2052/2052 2055/2055
f 2036/2036 1990/1990 2087/2087
f 1990/1990 2088/2088 2087/2087
f 2089/2089 2090/2090 2091/2091
f 1986/1986 2030/2030 2060/2060
f 2067/2067 2091/2091 2068/2068
f 1898/1898 2092/2092 1928/1928
f 2093/2093 2094/2094 2045/2045
f 2045/2045 2094/2094 2072/2072
f 2070/2070 2071/2071 2095/2095
f 2073/2073 2095/2095 2071/2071
f 2073/2073 2096/2096 2095/2095
f 1941/1941 1710/1710 2097/2097
f 2082/2082 1964/1964 2081/2081
f 2052/2052 2086/2086 2085/2085
f 2003/2003 2024/2024 2098/2098
f 2024/2024 2025/2025 2099/2099
f 2026/2026 2099/2099 2025/2025
f 2058/2058 2028/2028 2100/2100
f 2100/2100 2028/2028 2035/2035
f 1921/1921 2061/2061 1554/1554
f 1921/1921 2036/2036 2101/2101
f 2088/2088 2102/2102 2087/2087
f 2064/2064 2102/2102 2088/2088
f 2102/2102 2063/2063 2103/2103
f 2063/2063 2033/2033 2103/2103
f 2091/2091 2104/2104 2089/2089
f 2091/2091 2067/2067 2104/2104
f 1925/1925 2007/2007 1475/1475
f 2035/2035 2029/2029 2100/2100
f 2060/2060 2030/2030 2105/2105
f 2102/2102 2064/2064 2063/2063
f 1900/1900 2106/2106 1902/1902
f 1939/1939 2107/2107 1940/1940
f 2107/2107 1939/1939 2108/2108
f 2109/2109 2041/2041 2040/2040
f 2079/2079 2110/2110 2077/2077
f 2017/2017 1867/1867 1521/1521
f 2111/2111 2112/2112 2113/2113
f 2114/2114 2115/2115 2112/2112
f 1471/1471 1470/1470 2116/2116
f 561/561 2117/2117 1021/1021
f 1508/1508 1590/1590 2118/2118
f 1978/1978 1919/1919 879/879
f 2099/2099 2098/2098 2024/2024
f 2026/2026 2119/2119 2099/2099
f 2058/2058 2119/2119 2026/2026
f 2100/2100 2119/2119 2058/2058
f 2029/2029 2059/2059 2100/2100
f 2060/2060 2120/2120 2069/2069
f 2105/2105 2120/2120 2060/2060
f 2061/2061 2121/2121 2062/2062
f 1921/1921 2101/2101 2061/2061
f 2087/2087 2101/2101 2036/2036
f 2103/2103 2122/2122 2102/2102
f 2123/2123 2103/2103 2033/2033
f 2008/2008 2007/2007 2124/2124
f 1901/1901 2039/2039 2125/2125
f 2093/2093 2126/2126 2094/2094
f 2111/2111 2113/2113 2127/2127
f 2080/2080 2081/2081 2128/2128
f 2055/2055 2129/2129 2086/2086
f 2130/2130 2131/2131 2132/2132
f 1508/1508 2118/2118 2133/2133
f 2134/2134 2135/2135 2136/2136
f 2059/2059 2137/2137 2100/2100
f 2061/2061 2101/2101 2121/2121
f 2124/2124 2007/2007 2123/2123
f 2138/2138 2094/2094 2126/2126
f 2094/2094 2138/2138 2072/2072
f 2072/2072 2139/2139 2078/2078
f 2140/2140 1638/1638 1963/1963
f 1964/1964 2083/2083 2081/2081
f 1609/1609 2084/2084 2083/2083
f 2141/2141 2142/2142 2143/2143
f 2113/2113 2112/2112 2144/2144
f 2145/2145 2146/2146 2147/2147
f 2112/2112 2115/2115 2144/2144
f 2148/2148 2149/2149 2150/2150
f 1590/1590 1528/1528 2151/2151
f 2100/2100 2137/2137 2119/2119
f 2121/2121 2101/2101 2152/2152
f 2102/2102 2122/2122 2087/2087
f 2153/2153 1493/1493 1456/1456
f 2109/2109 2154/2154 2041/2041
f 2044/2044 2155/2155 2045/2045
f 2155/2155 2156/2156 2045/2045
f 2045/2045 2156/2156 2093/2093
f 2093/2093 2157/2157 2126/2126
f 2077/2077 2158/2158 2159/2159
f 2077/2077 2110/2110 2158/2158
f 2079/2079 2160/2160 2110/2110
f 1941/1941 2097/2097 1961/1961
f 2161/2161 2162/2162 2163/2163
f 2131/2131 2164/2164 2132/2132
f 1528/1528 1176/1176 2165/2165
f 1438/1438 1508/1508 2133/2133
f 2003/2003 2098/2098 2166/2166
f 2087/2087 2122/2122 2101/2101
f 1902/1902 2167/2167 1832/1832
f 2010/2010 2168/2168 1834/1834
f 2093/2093 2156/2156 2169/2169
f 2126/2126 2157/2157 2170/2170
f 2126/2126 2170/2170 2138/2138
f 2138/2138 2171/2171 2072/2072
f 2083/2083 2172/2172 2081/2081
f 2081/2081 2172/2172 2173/2173
f 2174/2174 2147/2147 2146/2146
f 2141/2141 2175/2175 2142/2142
f 2161/2161 2163/2163 2176/2176
f 2147/2147 2177/2177 2145/2145
f 2142/2142 2178/2178 2179/2179
f 2180/2180 2181/2181 2182/2182
f 2149/2149 2183/2183 2184/2184
f 2148/2148 2183/2183 2149/2149
f 2132/2132 2164/2164 2185/2185
f 1176/1176 1569/1569 2165/2165
f 2134/2134 2186/2186 2187/2187
f 2069/2069 2120/2120 2188/2188
f 2152/2152 2101/2101 2189/2189
f 1934/1934 1930/1930 2190/2190
f 2093/2093 2169/2169 2157/2157
f 2109/2109 2040/2040 2070/2070
f 2191/2191 2192/2192 2193/2193
f 2194/2194 1962/1962 1781/1781
f 2140/2140 2195/2195 1638/1638
f 2140/2140 2196/2196 2195/2195
f 2081/2081 2197/2197 2128/2128
f 2173/2173 2197/2197 2081/2081
f 2198/2198 2113/2113 2144/2144
f 2177/2177 2147/2147 2174/2174
f 2142/2142 2175/2175 2178/2178
f 2182/2182 2199/2199 2180/2180
f 2144/2144 2115/2115 2200/2200
f 2201/2201 2202/2202 2203/2203
f 2204/2204 2205/2205 2206/2206
f 2207/2207 2208/2208 2209/2209
f 1642/1642 2210/2210 1641/1641
f 1455/1455 1439/1439 2211/2211
f 2134/2134 2187/2187 2135/2135
f 2120/2120 2212/2212 2188/2188
f 2103/2103 2123/2123 2122/2122
f 1476/1476 2213/2213 1925/1925
f 2171/2171 2214/2214 2072/2072
f 2072/2072 2214/2214 2139/2139
f 2016/2016 2097/2097 1710/1710
f 2195/2195 2196/2196 2215/2215
f 2216/2216 2172/2172 2083/2083
f 2182/2182 2181/2181 2217/2217
f 2176/2176 2163/2163 2218/2218
f 2218/2218 2163/2163 2219/2219
f 2220/2220 2221/2221 2222/2222
f 1439/1439 2223/2223 2211/2211
f 1439/1439 1919/1919 2223/2223
f 2224/2224 2189/2189 2101/2101
f 2007/2007 1925/1925 2123/2123
f 2171/2171 2170/2170 2157/2157
f 2197/2197 2225/2225 2128/2128
f 2198/2198 2144/2144 2226/2226
f 2176/2176 2218/2218 2227/2227
f 2144/2144 2200/2200 2226/2226
f 2152/2152 2189/2189 2228/2228
f 2070/2070 2229/2229 2109/2109
f 2070/2070 2095/2095 2229/2229
f 1961/1961 2097/2097 2230/2230
f 2231/2231 1785/1785 1943/1943
f 2141/2141 2232/2232 2175/2175
f 2232/2232 2233/2233 2175/2175
f 2175/2175 2233/2233 2178/2178
f 2234/2234 2235/2235 2236/2236
f 2219/2219 2237/2237 2218/2218
f 2238/2238 2235/2235 2234/2234
f 2151/2151 1528/1528 2165/2165
f 1230/1230 1438/1438 1550/1550
f 2137/2137 2239/2239 2240/2240
f 1938/1938 1833/1833 2241/2241
f 1832/1832 2242/2242 1744/1744
f 2157/2157 2169/2169 2171/2171
f 2083/2083 2243/2243 2216/2216
f 2244/2244 2245/2245 2235/2235
f 2235/2235 2245/2245 2236/2236
f 2182/2182 2217/2217 2246/2246
f 2247/2247 2248/2248 2249/2249
f 2250/2250 2249/2249 2248/2248
f 2246/2246 2199/2199 2182/2182
f 2251/2251 2199/2199 2246/2246
f 1438/1438 2133/2133 1550/1550
f 1791/1791 2003/2003 1457/1457
f 2098/2098 2240/2240 2166/2166
f 2228/2228 2189/2189 2252/2252
f 1930/1930 1928/1928 2253/2253
f 1928/1928 2254/2254 2253/2253
f 1930/1930 2253/2253 2190/2190
f 2169/2169 2214/2214 2171/2171
f 1638/1638 2195/2195 2255/2255
f 2245/2245 2244/2244 2256/2256
f 1021/1021 2117/2117 2257/2257
f 1021/1021 2257/2257 708/708
f 708/708 2258/2258 1569/1569
f 2137/2137 2259/2259 2239/2239
f 2212/2212 2260/2260 2188/2188
f 2189/2189 2261/2261 2252/2252
f 2213/2213 2262/2262 1925/1925
f 2224/2224 2261/2261 2189/2189
f 1940/1940 2107/2107 2263/2263
f 2264/2264 2242/2242 1832/1832
f 2229/2229 2095/2095 2265/2265
f 2083/2083 2084/2084 2243/2243
f 2217/2217 2266/2266 2246/2246
f 2267/2267 2268/2268 2269/2269
f 2270/2270 2271/2271 2272/2272
f 2273/2273 2259/2259 2137/2137
f 2252/2252 2274/2274 2228/2228
f 2254/2254 1928/1928 2092/2092
f 2169/2169 2156/2156 2214/2214
f 2156/2156 2275/2275 2214/2214
f 2276/2276 2229/2229 2265/2265
f 2139/2139 2214/2214 2275/2275
f 2110/2110 2277/2277 2158/2158
f 2110/2110 2160/2160 2277/2277
f 1566/1566 2278/2278 2017/2017
f 2084/2084 2279/2279 2243/2243
f 2280/2280 2281/2281 2282/2282
f 2283/2283 2227/2227 2218/2218
f 2284/2284 2266/2266 2217/2217
f 2218/2218 2285/2285 2283/2283
f 2237/2237 2285/2285 2218/2218
f 2286/2286 2285/2285 2237/2237
f 2287/2287 2269/2269 2268/2268
f 2239/2239 2288/2288 2240/2240
f 2101/2101 2122/2122 2224/2224
f 2123/2123 1925/1925 2122/2122
f 2259/2259 2288/2288 2239/2239
f 2273/2273 2228/2228 2274/2274
f 1935/1935 1934/1934 2289/2289
f 2039/2039 1938/1938 2241/2241
f 2107/2107 2290/2290 2263/2263
f 2107/2107 2291/2291 2290/2290
f 2154/2154 2109/2109 2292/2292
f 2293/2293 2156/2156 2294/2294
f 2156/2156 2155/2155 2294/2294
f 2109/2109 2229/2229 2292/2292
f 2292/2292 2229/2229 2276/2276
f 2156/2156 2293/2293 2275/2275
f 2295/2295 2296/2296 2297/2297
f 2296/2296 2295/2295 2298/2298
f 2299/2299 2298/2298 2295/2295
f 2300/2300 2298/2298 2299/2299
f 2225/2225 2301/2301 2128/2128
f 2225/2225 2302/2302 2301/2301
f 2084/2084 1610/1610 2303/2303
f 2227/2227 2283/2283 2304/2304
f 2246/2246 2305/2305 2306/2306
f 2266/2266 2305/2305 2246/2246
f 2246/2246 2306/2306 2251/2251
f 2251/2251 2306/2306 2307/2307
f 1590/1590 2151/2151 2118/2118
f 2240/2240 2288/2288 2308/2308
f 2259/2259 2309/2309 2288/2288
f 2273/2273 2274/2274 2310/2310
f 2168/2168 2311/2311 1834/1834
f 2312/2312 2311/2311 2168/2168
f 2311/2311 2312/2312 2313/2313
f 2314/2314 2315/2315 2316/2316
f 2317/2317 2315/2315 2314/2314
f 2314/2314 2316/2316 2298/2298
f 2314/2314 2298/2298 2300/2300
f 2298/2298 2316/2316 2296/2296
f 1961/1961 2230/2230 2318/2318
f 1961/1961 2318/2318 1565/1565
f 2195/2195 2319/2319 2255/2255
f 2243/2243 2279/2279 2320/2320
f 2321/2321 2279/2279 2322/2322
f 2323/2323 2324/2324 2325/2325
f 2326/2326 2327/2327 2328/2328
f 2329/2329 2266/2266 2284/2284
f 2330/2330 2331/2331 2332/2332
f 2151/2151 2165/2165 2333/2333
f 2273/2273 2310/2310 2309/2309
f 2273/2273 2309/2309 2259/2259
f 2252/2252 2261/2261 2274/2274
f 1934/1934 2190/2190 2289/2289
f 1833/1833 2334/2334 2241/2241
f 1834/1834 2311/2311 2335/2335
f 2336/2336 2337/2337 2313/2313
f 2263/2263 2290/2290 2336/2336
f 2016/2016 2338/2338 2339/2339
f 2097/2097 2016/2016 2339/2339
f 2097/2097 2339/2339 2340/2340
f 1565/1565 2318/2318 2341/2341
f 2301/2301 2319/2319 2195/2195
f 2279/2279 2342/2342 2320/2320
f 2279/2279 2321/2321 2342/2342
f 2329/2329 2343/2343 2266/2266
f 2344/2344 2345/2345 2346/2346
f 2347/2347 2283/2283 2285/2285
f 2348/2348 2349/2349 2350/2350
f 2286/2286 2351/2351 2285/2285
f 2352/2352 2286/2286 2353/2353
f 2307/2307 2354/2354 2355/2355
f 2356/2356 2357/2357 2358/2358
f 2274/2274 2261/2261 2359/2359
f 2274/2274 2359/2359 2310/2310
f 2190/2190 2253/2253 2360/2360
f 1902/1902 2106/2106 2167/2167
f 2167/2167 2264/2264 1832/1832
f 2313/2313 2361/2361 2311/2311
f 2290/2290 2362/2362 2336/2336
f 2301/2301 2302/2302 2319/2319
f 2304/2304 2283/2283 2347/2347
f 2344/2344 2363/2363 2364/2364
f 2346/2346 2363/2363 2344/2344
f 2365/2365 2366/2366 2367/2367
f 2306/2306 2354/2354 2307/2307
f 2272/2272 2271/2271 2368/2368
f 2308/2308 2288/2288 2369/2369
f 2224/2224 2370/2370 2261/2261
f 2224/2224 2122/2122 2370/2370
f 2309/2309 2369/2369 2288/2288
f 2371/2371 2310/2310 2359/2359
f 2254/2254 2092/2092 2372/2372
f 2253/2253 2254/2254 2372/2372
f 2360/2360 2253/2253 2373/2373
f 2190/2190 2360/2360 2374/2374
f 2190/2190 2374/2374 2375/2375
f 2190/2190 2375/2375 2289/2289
f 2097/2097 2340/2340 2230/2230
f 2376/2376 2320/2320 2342/2342
f 2377/2377 2342/2342 2321/2321
f 2328/2328 2327/2327 2378/2378
f 2343/2343 2379/2379 2380/2380
f 2343/2343 2329/2329 2379/2379
f 2381/2381 2382/2382 2383/2383
f 2384/2384 2385/2385 2386/2386
f 2387/2387 2388/2388 2389/2389
f 2387/2387 2389/2389 2390/2390
f 2381/2381 2391/2391 2382/2382
f 2392/2392 2393/2393 2394/2394
f 2394/2394 2393/2393 2395/2395
f 2306/2306 2396/2396 2354/2354
f 2286/2286 2352/2352 2351/2351
f 2351/2351 2352/2352 2397/2397
f 2354/2354 2398/2398 2355/2355
f 2309/2309 2310/2310 2399/2399
f 2261/2261 2370/2370 2359/2359
f 2309/2309 2399/2399 2369/2369
f 2400/2400 2401/2401 2402/2402
f 2403/2403 2404/2404 2405/2405
f 2406/2406 2407/2407 2408/2408
f 2405/2405 2409/2409 2403/2403
f 2406/2406 2410/2410 2407/2407
f 2410/2410 2411/2411 2407/2407
f 2409/2409 2412/2412 2403/2403
f 2413/2413 2414/2414 2412/2412
f 2409/2409 2415/2415 2412/2412
f 2410/2410 2416/2416 2411/2411
f 2412/2412 2415/2415 2413/2413
f 2417/2417 2418/2418 2411/2411
f 2419/2419 2418/2418 2417/2417
f 2416/2416 2417/2417 2411/2411
f 2420/2420 2372/2372 2092/2092
f 2253/2253 2372/2372 2421/2421
f 2422/2422 2423/2423 2424/2424
f 2425/2425 2167/2167 2106/2106
f 2125/2125 2039/2039 2426/2426
f 2039/2039 2241/2241 2426/2426
f 2241/2241 2334/2334 2427/2427
f 2313/2313 2337/2337 2361/2361
f 2291/2291 2428/2428 2290/2290
f 2429/2429 2430/2430 2431/2431
f 2432/2432 2429/2429 2431/2431
f 2433/2433 2434/2434 2435/2435
f 2436/2436 2437/2437 2438/2438
f 2439/2439 2440/2440 2441/2441
f 2437/2437 2436/2436 2440/2440
f 2436/2436 2442/2442 2440/2440
f 2441/2441 2443/2443 2444/2444
f 2442/2442 2445/2445 2441/2441
f 2440/2440 2442/2442 2441/2441
f 2436/2436 2446/2446 2442/2442
f 2445/2445 2443/2443 2441/2441
f 2340/2340 2339/2339 2447/2447
f 2448/2448 2340/2340 2447/2447
f 2449/2449 2340/2340 2448/2448
f 2230/2230 2340/2340 2449/2449
f 2450/2450 2230/2230 2449/2449
f 2342/2342 2377/2377 2376/2376
f 2451/2451 2452/2452 2453/2453
f 2452/2452 2454/2454 2453/2453
f 2455/2455 2456/2456 2457/2457
f 2350/2350 2458/2458 2348/2348
f 2459/2459 2366/2366 2460/2460
f 2459/2459 2367/2367 2366/2366
f 2398/2398 2354/2354 2461/2461
f 2003/2003 2166/2166 2462/2462
f 2358/2358 2463/2463 2356/2356
f 2359/2359 2370/2370 2371/2371
f 2464/2464 2465/2465 2408/2408
f 2466/2466 2404/2404 2403/2403
f 2406/2406 2408/2408 2465/2465
f 2467/2467 2466/2466 2403/2403
f 2412/2412 2468/2468 2403/2403
f 2469/2469 2470/2470 2471/2471
f 2472/2472 2469/2469 2471/2471
f 2405/2405 2473/2473 2409/2409
f 2474/2474 2475/2475 2407/2407
f 2474/2474 2407/2407 2411/2411
f 2473/2473 2476/2476 2409/2409
f 2477/2477 2478/2478 2479/2479
f 2411/2411 2418/2418 2474/2474
f 2480/2480 2481/2481 2425/2425
f 2482/2482 2483/2483 2484/2484
f 2485/2485 2414/2414 2413/2413
f 2486/2486 2374/2374 2360/2360
f 2425/2425 2481/2481 2167/2167
f 2167/2167 2481/2481 2487/2487
f 2426/2426 2241/2241 2427/2427
f 2167/2167 2487/2487 2264/2264
f 2362/2362 2337/2337 2336/2336
f 2430/2430 2488/2488 2431/2431
f 2489/2489 2490/2490 2491/2491
f 2492/2492 2493/2493 2494/2494
f 2435/2435 2434/2434 2495/2495
f 2496/2496 2491/2491 2490/2490
f 2429/2429 2439/2439 2430/2430
f 2497/2497 2491/2491 2496/2496
f 2434/2434 2437/2437 2495/2495
f 2439/2439 2498/2498 2430/2430
f 2434/2434 2438/2438 2437/2437
f 2433/2433 2438/2438 2434/2434
f 2498/2498 2488/2488 2430/2430
f 2499/2499 2500/2500 2501/2501
f 2502/2502 2499/2499 2501/2501
f 2498/2498 2441/2441 2444/2444
f 2439/2439 2441/2441 2498/2498
f 2503/2503 2504/2504 2505/2505
f 2504/2504 2506/2506 2505/2505
f 2506/2506 2507/2507 2505/2505
f 2508/2508 2499/2499 2502/2502
f 2508/2508 2509/2509 2499/2499
f 2510/2510 2444/2444 2443/2443
f 2339/2339 2338/2338 2511/2511
f 2511/2511 2447/2447 2339/2339
f 2230/2230 2450/2450 2318/2318
f 2303/2303 1610/1610 2512/2512
f 2385/2385 2384/2384 2513/2513
f 2514/2514 2385/2385 2515/2515
f 2454/2454 2516/2516 2453/2453
f 2454/2454 2517/2517 2516/2516
f 2457/2457 2517/2517 2454/2454
f 2457/2457 2456/2456 2517/2517
f 2389/2389 2518/2518 2390/2390
f 2382/2382 2391/2391 2519/2519
f 2520/2520 2351/2351 2397/2397
f 1550/1550 2133/2133 2521/2521
f 2522/2522 2523/2523 2524/2524
f 2525/2525 2524/2524 2523/2523
f 2166/2166 2526/2526 2462/2462
f 2463/2463 2358/2358 2527/2527
f 2308/2308 2528/2528 2529/2529
f 2369/2369 2528/2528 2308/2308
f 2465/2465 2464/2464 2530/2530
f 2531/2531 2532/2532 2533/2533
f 2412/2412 2414/2414 2534/2534
f 2468/2468 2412/2412 2534/2534
f 2479/2479 2478/2478 2471/2471
f 2414/2414 2485/2485 2535/2535
f 2536/2536 2426/2426 2537/2537
f 2537/2537 2426/2426 2427/2427
f 2264/2264 2487/2487 2501/2501
f 2493/2493 2492/2492 2538/2538
f 2539/2539 2427/2427 2334/2334
f 2538/2538 2492/2492 2540/2540
f 2492/2492 2541/2541 2540/2540
f 1781/1781 1785/1785 2542/2542
f 2319/2319 2543/2543 2255/2255
f 2453/2453 2544/2544 2451/2451
f 2380/2380 2379/2379 2545/2545
f 2380/2380 2545/2545 2546/2546
f 2384/2384 2547/2547 2513/2513
f 2385/2385 2513/2513 2515/2515
f 2548/2548 2390/2390 2518/2518
f 2394/2394 2549/2549 2550/2550
f 2394/2394 2550/2550 2392/2392
f 2285/2285 2351/2351 2551/2551
f 2351/2351 2520/2520 2551/2551
f 2354/2354 2396/2396 2552/2552
f 2118/2118 2151/2151 2553/2553
f 1457/1457 2554/2554 1978/1978
f 2524/2524 2555/2555 2522/2522
f 2166/2166 2556/2556 2526/2526
f 2557/2557 2556/2556 2166/2166
f 2400/2400 2558/2558 2401/2401
f 2559/2559 2464/2464 2408/2408
f 2403/2403 2468/2468 2467/2467
f 2560/2560 2561/2561 2482/2482
f 2561/2561 2562/2562 2482/2482
f 2482/2482 2562/2562 2483/2483
f 2563/2563 2534/2534 2414/2414
f 2563/2563 2414/2414 2535/2535
f 2564/2564 2565/2565 2566/2566
f 2483/2483 2567/2567 2484/2484
f 2567/2567 2568/2568 2484/2484
f 2373/2373 2421/2421 2569/2569
f 2373/2373 2570/2570 2360/2360
f 2570/2570 2373/2373 2569/2569
f 2571/2571 2572/2572 2573/2573
f 2538/2538 2574/2574 2493/2493
f 2490/2490 2575/2575 2496/2496
f 2487/2487 2576/2576 2501/2501
f 2501/2501 2576/2576 2502/2502
f 2496/2496 2575/2575 2577/2577
f 2578/2578 2539/2539 2579/2579
f 2504/2504 2580/2580 2581/2581
f 2506/2506 2504/2504 2582/2582
f 2502/2502 2576/2576 2508/2508
f 2508/2508 2583/2583 2509/2509
f 2318/2318 2450/2450 2584/2584
f 2318/2318 2584/2584 2341/2341
f 2542/2542 1785/1785 2231/2231
f 2585/2585 2586/2586 2255/2255
f 2255/2255 2587/2587 2585/2585
f 2255/2255 2543/2543 2587/2587
f 2588/2588 2589/2589 2590/2590
f 2591/2591 2453/2453 2592/2592
f 2453/2453 2516/2516 2592/2592
f 2517/2517 2593/2593 2516/2516
f 2594/2594 2590/2590 2589/2589
f 2519/2519 2595/2595 2596/2596
f 2519/2519 2391/2391 2595/2595
f 2392/2392 2550/2550 2597/2597
f 2598/2598 2599/2599 2520/2520
f 2354/2354 2552/2552 2600/2600
f 2601/2601 2602/2602 2603/2603
f 2604/2604 2601/2601 2603/2603
f 2151/2151 2333/2333 2553/2553
f 2605/2605 2532/2532 2606/2606
f 2526/2526 2607/2607 2462/2462
f 2399/2399 2528/2528 2369/2369
f 2370/2370 2122/2122 2608/2608
f 2609/2609 2610/2610 2611/2611
f 2472/2472 2471/2471 2612/2612
f 2613/2613 2614/2614 2615/2615
f 2610/2610 2564/2564 2611/2611
f 2616/2616 2563/2563 2617/2617
f 2534/2534 2563/2563 2616/2616
f 2563/2563 2618/2618 2617/2617
f 2619/2619 2620/2620 2621/2621
f 2622/2622 2487/2487 2481/2481
f 2570/2570 2486/2486 2360/2360
f 2623/2623 2624/2624 2625/2625
f 2626/2626 2627/2627 2628/2628
f 2629/2629 2626/2626 2628/2628
f 2623/2623 2625/2625 2629/2629
f 2628/2628 2623/2623 2629/2629
f 2630/2630 2573/2573 2572/2572
f 2631/2631 2361/2361 2632/2632
f 2337/2337 2632/2632 2361/2361
f 2427/2427 2539/2539 2578/2578
f 2504/2504 2581/2581 2582/2582
f 2633/2633 2634/2634 2579/2579
f 2509/2509 2583/2583 2635/2635
f 2583/2583 2636/2636 2635/2635
f 2637/2637 2194/2194 1781/1781
f 2638/2638 2639/2639 2640/2640
f 2641/2641 2642/2642 2643/2643
f 2643/2643 2642/2642 2644/2644
f 2645/2645 2646/2646 2647/2647
f 2646/2646 2645/2645 2648/2648
f 2588/2588 2590/2590 2649/2649
f 2546/2546 2545/2545 2650/2650
f 2651/2651 2652/2652 2653/2653
f 2376/2376 2377/2377 2654/2654
f 2651/2651 2655/2655 2652/2652
f 2303/2303 2656/2656 2657/2657
f 2658/2658 2303/2303 2512/2512
f 2659/2659 2660/2660 2661/2661
f 2662/2662 2660/2660 2659/2659
f 2588/2588 2648/2648 2589/2589
f 2513/2513 2547/2547 2663/2663
f 2592/2592 2516/2516 2593/2593
f 2551/2551 2520/2520 2599/2599
f 2664/2664 2665/2665 2472/2472
f 2556/2556 2666/2666 2526/2526
f 2526/2526 2666/2666 2607/2607
f 2667/2667 2668/2668 2669/2669
f 2558/2558 2670/2670 2401/2401
f 2532/2532 2605/2605 2533/2533
f 2605/2605 2671/2671 2533/2533
f 2672/2672 2673/2673 2674/2674
f 2533/2533 2671/2671 2675/2675
f 2614/2614 2613/2613 2676/2676
f 2614/2614 2676/2676 2677/2677
f 2678/2678 2679/2679 2680/2680
f 2681/2681 2678/2678 2680/2680
f 2678/2678 2681/2681 2682/2682
f 2535/2535 2683/2683 2684/2684
f 2535/2535 2684/2684 2563/2563
f 2685/2685 2471/2471 2478/2478
f 2564/2564 2686/2686 2565/2565
f 2622/2622 2687/2687 2487/2487
f 2688/2688 2689/2689 2690/2690
f 2689/2689 2575/2575 2690/2690
f 2537/2537 2427/2427 2691/2691
f 2487/2487 2687/2687 2576/2576
f 2538/2538 2540/2540 2692/2692
f 2687/2687 2693/2693 2576/2576
f 2427/2427 2578/2578 2691/2691
f 2579/2579 2634/2634 2578/2578
f 2583/2583 2508/2508 2576/2576
f 2634/2634 2633/2633 2694/2694
f 2511/2511 2338/2338 2695/2695
f 2695/2695 2696/2696 2511/2511
f 2697/2697 2698/2698 2699/2699
f 2648/2648 2588/2588 2646/2646
f 2700/2700 2701/2701 2702/2702
f 2703/2703 2652/2652 2655/2655
f 2704/2704 2703/2703 2655/2655
f 2657/2657 2656/2656 2702/2702
f 2656/2656 2303/2303 2658/2658
f 2639/2639 2638/2638 2705/2705
f 2706/2706 2707/2707 2708/2708
f 2708/2708 2707/2707 2709/2709
f 2708/2708 2709/2709 2710/2710
f 2663/2663 2711/2711 2513/2513
f 2712/2712 2705/2705 2638/2638
f 2713/2713 2459/2459 2460/2460
f 2552/2552 2396/2396 2714/2714
f 2118/2118 2715/2715 2133/2133
f 2716/2716 2664/2664 2472/2472
f 2606/2606 2717/2717 2605/2605
f 2528/2528 2718/2718 2529/2529
f 2399/2399 2718/2718 2528/2528
f 2399/2399 2719/2719 2718/2718
f 1925/1925 2720/2720 2721/2721
f 2472/2472 2612/2612 2716/2716
f 2676/2676 2613/2613 2722/2722
f 2676/2676 2722/2722 2723/2723
f 2682/2682 2681/2681 2724/2724
f 2680/2680 2724/2724 2681/2681
f 2680/2680 2725/2725 2724/2724
f 2471/2471 2685/2685 2726/2726
f 2727/2727 2728/2728 2729/2729
f 2730/2730 2731/2731 2732/2732
f 2728/2728 2727/2727 2733/2733
f 2622/2622 2734/2734 2687/2687
f 2728/2728 2733/2733 2735/2735
f 2689/2689 2736/2736 2575/2575
f 2737/2737 2738/2738 2739/2739
f 2732/2732 2731/2731 2740/2740
f 2738/2738 2538/2538 2739/2739
f 2734/2734 2741/2741 2687/2687
f 2538/2538 2692/2692 2739/2739
f 2740/2740 2731/2731 2742/2742
f 2575/2575 2736/2736 2577/2577
f 2687/2687 2741/2741 2693/2693
f 2740/2740 2742/2742 2743/2743
f 2739/2739 2692/2692 2744/2744
f 2735/2735 2733/2733 2745/2745
f 2746/2746 2747/2747 2748/2748
f 2746/2746 2749/2749 2747/2747
f 2580/2580 2749/2749 2750/2750
f 2581/2581 2580/2580 2750/2750
f 2582/2582 2581/2581 2750/2750
f 2582/2582 2750/2750 2751/2751
f 2752/2752 2582/2582 2751/2751
f 2753/2753 2752/2752 2754/2754
f 2693/2693 2755/2755 2576/2576
f 2576/2576 2755/2755 2583/2583
f 2754/2754 2752/2752 2751/2751
f 2583/2583 2756/2756 2636/2636
f 1781/1781 2542/2542 2637/2637
f 1867/1867 2017/2017 2757/2757
f 2652/2652 2758/2758 2653/2653
f 2547/2547 2759/2759 2663/2663
f 2513/2513 2711/2711 2515/2515
f 2595/2595 2760/2760 2596/2596
f 2595/2595 2761/2761 2760/2760
f 2762/2762 2763/2763 2764/2764
f 2118/2118 2553/2553 2765/2765
f 2118/2118 2765/2765 2715/2715
f 2766/2766 2767/2767 1457/1457
f 2612/2612 2471/2471 2726/2726
f 2768/2768 2769/2769 2770/2770
f 2564/2564 2610/2610 2686/2686
f 2621/2621 2771/2771 2619/2619
f 2771/2771 2621/2621 2772/2772
f 2682/2682 2772/2772 2621/2621
f 2732/2732 2773/2773 2730/2730
f 2732/2732 2774/2774 2773/2773
f 2622/2622 2775/2775 2734/2734
f 2776/2776 2777/2777 2774/2774
f 2750/2750 2749/2749 2746/2746
f 2751/2751 2750/2750 2746/2746
f 2778/2778 2779/2779 2780/2780
f 2778/2778 2780/2780 2781/2781
f 2782/2782 2783/2783 2784/2784
f 2779/2779 2782/2782 2785/2785
f 2780/2780 2779/2779 2785/2785
f 2785/2785 2782/2782 2784/2784
f 2786/2786 2696/2696 2695/2695
f 2787/2787 2786/2786 2695/2695
f 2788/2788 2786/2786 2787/2787
f 2789/2789 2786/2786 2788/2788
f 2789/2789 2788/2788 2584/2584
f 2790/2790 2791/2791 2647/2647
f 2649/2649 2792/2792 2588/2588
f 2597/2597 2550/2550 2793/2793
f 2794/2794 2795/2795 2796/2796
f 2795/2795 2794/2794 2797/2797
f 2714/2714 2600/2600 2552/2552
f 1470/1470 2798/2798 2116/2116
f 1470/1470 1641/1641 2798/2798
f 1457/1457 2767/2767 2554/2554
f 2799/2799 2800/2800 2801/2801
f 2529/2529 2718/2718 2802/2802
f 2670/2670 2558/2558 2803/2803
f 2804/2804 2610/2610 2609/2609
f 2675/2675 2671/2671 2805/2805
f 2723/2723 2722/2722 2806/2806
f 2673/2673 2807/2807 2674/2674
f 2613/2613 2808/2808 2722/2722
f 2806/2806 2808/2808 2809/2809
f 2722/2722 2808/2808 2806/2806
f 2810/2810 2806/2806 2809/2809
f 2811/2811 2812/2812 2724/2724
f 2682/2682 2724/2724 2772/2772
f 2724/2724 2725/2725 2811/2811
f 2695/2695 2338/2338 2813/2813
f 2787/2787 2695/2695 2813/2813
f 2584/2584 2788/2788 2341/2341
f 2646/2646 2791/2791 2790/2790
f 2588/2588 2792/2792 2646/2646
f 2646/2646 2792/2792 2791/2791
f 2814/2814 2760/2760 2815/2815
f 2702/2702 2816/2816 2700/2700
f 2817/2817 2518/2518 2818/2818
f 2817/2817 2548/2548 2518/2518
f 2550/2550 2549/2549 2793/2793
f 1550/1550 2521/2521 2819/2819
f 1550/1550 2819/2819 2820/2820
f 2820/2820 1611/1611 1550/1550
f 1978/1978 2821/2821 1919/1919
f 2822/2822 2823/2823 2824/2824
f 2825/2825 2822/2822 2824/2824
f 2607/2607 2826/2826 2462/2462
f 2827/2827 2828/2828 2829/2829
f 2830/2830 2828/2828 2827/2827
f 2831/2831 2153/2153 1456/1456
f 2812/2812 2772/2772 2724/2724
f 2808/2808 2832/2832 2809/2809
f 2833/2833 2770/2770 2769/2769
f 2772/2772 2834/2834 2771/2771
f 2774/2774 2777/2777 2835/2835
f 2835/2835 2777/2777 2836/2836
f 2787/2787 2813/2813 2837/2837
f 2637/2637 2542/2542 2838/2838
f 2839/2839 2840/2840 2841/2841
f 2842/2842 2587/2587 2543/2543
f 2760/2760 2843/2843 2815/2815
f 2817/2817 2818/2818 2844/2844
f 2760/2760 2761/2761 2843/2843
f 2548/2548 2817/2817 2845/2845
f 2846/2846 2793/2793 2549/2549
f 2462/2462 2847/2847 2848/2848
f 2802/2802 2718/2718 2849/2849
f 2719/2719 2850/2850 2718/2718
f 2851/2851 2852/2852 2853/2853
f 1925/1925 2721/2721 2122/2122
f 2854/2854 2855/2855 2830/2830
f 2856/2856 2823/2823 2822/2822
f 2857/2857 2823/2823 2856/2856
f 2822/2822 2858/2858 2856/2856
f 2827/2827 2859/2859 2860/2860
f 2861/2861 2610/2610 2804/2804
f 2862/2862 2612/2612 2726/2726
f 2671/2671 2863/2863 2805/2805
f 2674/2674 2807/2807 2864/2864
f 2864/2864 2833/2833 2769/2769
f 2807/2807 2833/2833 2864/2864
f 2865/2865 2866/2866 2867/2867
f 2868/2868 2869/2869 2870/2870
f 2869/2869 2871/2871 2870/2870
f 2870/2870 2872/2872 2868/2868
f 2873/2873 2874/2874 2870/2870
f 2870/2870 2874/2874 2875/2875
f 2875/2875 2876/2876 2870/2870
f 2813/2813 2877/2877 2837/2837
f 2787/2787 2837/2837 2878/2878
f 2788/2788 2787/2787 2878/2878
f 2788/2788 2878/2878 2341/2341
f 2870/2870 2876/2876 2872/2872
f 2839/2839 2879/2879 2880/2880
f 2880/2880 2879/2879 2881/2881
f 2882/2882 2883/2883 2884/2884
f 2702/2702 2656/2656 2816/2816
f 2880/2880 2840/2840 2839/2839
f 2868/2868 2885/2885 2886/2886
f 2840/2840 2872/2872 2876/2876
f 2793/2793 2846/2846 2887/2887
f 2872/2872 2885/2885 2868/2868
f 2872/2872 2888/2888 2885/2885
f 2840/2840 2888/2888 2872/2872
f 2880/2880 2888/2888 2840/2840
f 2888/2888 2889/2889 2885/2885
f 2890/2890 2886/2886 2885/2885
f 2891/2891 2880/2880 2881/2881
f 2892/2892 2888/2888 2880/2880
f 2892/2892 2880/2880 2891/2891
f 2893/2893 2892/2892 2891/2891
f 2889/2889 2890/2890 2885/2885
f 2889/2889 2894/2894 2890/2890
f 2895/2895 2892/2892 2893/2893
f 2895/2895 2896/2896 2888/2888
f 2892/2892 2895/2895 2888/2888
f 2888/2888 2896/2896 2889/2889
f 2897/2897 2898/2898 2899/2899
f 2895/2895 2900/2900 2896/2896
f 2333/2333 2765/2765 2553/2553
f 2901/2901 2826/2826 2607/2607
f 2830/2830 2902/2902 2828/2828
f 2802/2802 2849/2849 2903/2903
f 2849/2849 2718/2718 2904/2904
f 2905/2905 2803/2803 2558/2558
f 2827/2827 2906/2906 2830/2830
f 2854/2854 2830/2830 2906/2906
f 2857/2857 2856/2856 2867/2867
f 2906/2906 2827/2827 2860/2860
f 2867/2867 2856/2856 2865/2865
f 2857/2857 2867/2867 2866/2866
f 2906/2906 2860/2860 2774/2774
f 2774/2774 2835/2835 2906/2906
f 2835/2835 2836/2836 2854/2854
f 2860/2860 2773/2773 2774/2774
f 2907/2907 2908/2908 2909/2909
f 2910/2910 2911/2911 2912/2912
f 2912/2912 2913/2913 2910/2910
f 2873/2873 2870/2870 2914/2914
f 2915/2915 2916/2916 2917/2917
f 2918/2918 2919/2919 2920/2920
f 2916/2916 2915/2915 2921/2921
f 2922/2922 2923/2923 2278/2278
f 2923/2923 2017/2017 2278/2278
f 2923/2923 2757/2757 2017/2017
f 2882/2882 2884/2884 2924/2924
f 2792/2792 2925/2925 2791/2791
f 2815/2815 2843/2843 2926/2926
f 2927/2927 2817/2817 2844/2844
f 2928/2928 2929/2929 2930/2930
f 2817/2817 2927/2927 2845/2845
f 2882/2882 2924/2924 2931/2931
f 2921/2921 2915/2915 2932/2932
f 2915/2915 2933/2933 2932/2932
f 2934/2934 2882/2882 2931/2931
f 2935/2935 2882/2882 2934/2934
f 2933/2933 2936/2936 2932/2932
f 2937/2937 2938/2938 2939/2939
f 2898/2898 2897/2897 2940/2940
f 2941/2941 2942/2942 2943/2943
f 2941/2941 2897/2897 2899/2899
f 2258/2258 708/708 2257/2257
f 2333/2333 2165/2165 2765/2765
f 2944/2944 2945/2945 2946/2946
f 2848/2848 2947/2947 2767/2767
f 2826/2826 2847/2847 2462/2462
f 2901/2901 2849/2849 2826/2826
f 2850/2850 2948/2948 2718/2718
f 2558/2558 2949/2949 2905/2905
f 2122/2122 2721/2721 2950/2950
f 2854/2854 2906/2906 2835/2835
f 2920/2920 2919/2919 2951/2951
f 2923/2923 2952/2952 2757/2757
f 2757/2757 2952/2952 2953/2953
f 2954/2954 2955/2955 2956/2956
f 2957/2957 2924/2924 2884/2884
f 2925/2925 2958/2958 2791/2791
f 2929/2929 2959/2959 2930/2930
f 2960/2960 2816/2816 2656/2656
f 2961/2961 2956/2956 2962/2962
f 2924/2924 2963/2963 2931/2931
f 2921/2921 2932/2932 2964/2964
f 2934/2934 2965/2965 2935/2935
f 2965/2965 2966/2966 2935/2935
f 2935/2935 2966/2966 2938/2938
f 2938/2938 2966/2966 2967/2967
f 2938/2938 2967/2967 2939/2939
f 2943/2943 2968/2968 2941/2941
f 2897/2897 2969/2969 2940/2940
f 2897/2897 2970/2970 2969/2969
f 2941/2941 2968/2968 2897/2897
f 2897/2897 2968/2968 2970/2970
f 2715/2715 2971/2971 2133/2133
f 2848/2848 2972/2972 2947/2947
f 2718/2718 2948/2948 2904/2904
f 2973/2973 2909/2909 2908/2908
f 2911/2911 2909/2909 2973/2973
f 2908/2908 2974/2974 2973/2973
f 2916/2916 2921/2921 2975/2975
f 2919/2919 2976/2976 2951/2951
f 2920/2920 2951/2951 2977/2977
f 2978/2978 2979/2979 2837/2837
f 2979/2979 2878/2878 2837/2837
f 2877/2877 2978/2978 2837/2837
f 2980/2980 2981/2981 2955/2955
f 2982/2982 2980/2980 2955/2955
f 2975/2975 2921/2921 2964/2964
f 2983/2983 2984/2984 2985/2985
f 2955/2955 2981/2981 2986/2986
f 2987/2987 2982/2982 2955/2955
f 2988/2988 2982/2982 2987/2987
f 2989/2989 2984/2984 2983/2983
f 2987/2987 2955/2955 2954/2954
f 2959/2959 2987/2987 2954/2954
f 2929/2929 2987/2987 2959/2959
f 2990/2990 2987/2987 2929/2929
f 2989/2989 2983/2983 2991/2991
f 2991/2991 2992/2992 2986/2986
f 2956/2956 2986/2986 2992/2992
f 2955/2955 2986/2986 2956/2956
f 2993/2993 2983/2983 2985/2985
f 2992/2992 2991/2991 2983/2983
f 2962/2962 2956/2956 2992/2992
f 2962/2962 2983/2983 2993/2993
f 2992/2992 2983/2983 2962/2962
f 2994/2994 2995/2995 2996/2996
f 2997/2997 2998/2998 2999/2999
f 2994/2994 3000/3000 3001/3001
f 3002/3002 3003/3003 3004/3004
f 3005/3005 3002/3002 3004/3004
f 3006/3006 3003/3003 3002/3002
f 3007/3007 3006/3006 3002/3002
f 3008/3008 3000/3000 3007/3007
f 3000/3000 3008/3008 3001/3001
f 2995/2995 2994/2994 3009/3009
f 3008/3008 3007/3007 3002/3002
f 2994/2994 3001/3001 3009/3009
f 3009/3009 3001/3001 3008/3008
f 3002/3002 3005/3005 3010/3010
f 3011/3011 3002/3002 3010/3010
f 3008/3008 3002/3002 3011/3011
f 3012/3012 3008/3008 3011/3011
f 3009/3009 3008/3008 3012/3012
f 3013/3013 2965/2965 2934/2934
f 3014/3014 3015/3015 3016/3016
f 3017/3017 3018/3018 3019/3019
f 3020/3020 3015/3015 3014/3014
f 3021/3021 3022/3022 3023/3023
f 3024/3024 3025/3025 3014/3014
f 3014/3014 3025/3025 3026/3026
f 3022/3022 3015/3015 3027/3027
f 3023/3023 3022/3022 3028/3028
f 2964/2964 2932/2932 3029/3029
f 2932/2932 2936/2936 3029/3029
f 3027/3027 3015/3015 3020/3020
f 3028/3028 3022/3022 3027/3027
f 3030/3030 3014/3014 3026/3026
f 3027/3027 3020/3020 3030/3030
f 2940/2940 2969/2969 3031/3031
f 3032/3032 3033/3033 3026/3026
f 3030/3030 3026/3026 3033/3033
f 3027/3027 3030/3030 3033/3033
f 2715/2715 2765/2765 2971/2971
f 3034/3034 2913/2913 3035/3035
f 2977/2977 2951/2951 3036/3036
f 3037/3037 3038/3038 3039/3039
f 2977/2977 3036/3036 3040/3040
f 3041/3041 3042/3042 3043/3043
f 3044/3044 3045/3045 3046/3046
f 3038/3038 3047/3047 3048/3048
f 2998/2998 3049/3049 3050/3050
f 2998/2998 3051/3051 2999/2999
f 2998/2998 3052/3052 3051/3051
f 2998/2998 3050/3050 3052/3052
f 3053/3053 3054/3054 3055/3055
f 2965/2965 3056/3056 2966/2966
f 3057/3057 3058/3058 3059/3059
f 3024/3024 3014/3014 3016/3016
f 3059/3059 3058/3058 3060/3060
f 3019/3019 3061/3061 3017/3017
f 3019/3019 3062/3062 3061/3061
f 3019/3019 3063/3063 3062/3062
f 3064/3064 3065/3065 3066/3066
f 3067/3067 3064/3064 3066/3066
f 3068/3068 3069/3069 3070/3070
f 3071/3071 3072/3072 3073/3073
f 3070/3070 3069/3069 3074/3074
f 3072/3072 3071/3071 3075/3075
f 2940/2940 3031/3031 3076/3076
f 3071/3071 3077/3077 3075/3075
f 3069/3069 3078/3078 3074/3074
f 2165/2165 1569/1569 3079/3079
f 2165/2165 3079/3079 2765/2765
f 3080/3080 1611/1611 2820/2820
f 1612/1612 3081/3081 1456/1456
f 2848/2848 2847/2847 3082/3082
f 2849/2849 2904/2904 2826/2826
f 2558/2558 3083/3083 2949/2949
f 1925/1925 2262/2262 2720/2720
f 3084/3084 3036/3036 2951/2951
f 3085/3085 3086/3086 3087/3087
f 3088/3088 3045/3045 3044/3044
f 3089/3089 3048/3048 3047/3047
f 3090/3090 3041/3041 3043/3043
f 3091/3091 3092/3092 3093/3093
f 2997/2997 3094/3094 3095/3095
f 3094/3094 3096/3096 3095/3095
f 2999/2999 3094/3094 2997/2997
f 2999/2999 3097/3097 3094/3094
f 3098/3098 3099/3099 3100/3100
f 3101/3101 3102/3102 3103/3103
f 3104/3104 3105/3105 3106/3106
f 3107/3107 3108/3108 3109/3109
f 3110/3110 2965/2965 3013/3013
f 2964/2964 3029/3029 3111/3111
f 3112/3112 3113/3113 3114/3114
f 3067/3067 3115/3115 3064/3064
f 3115/3115 3116/3116 3064/3064
f 3117/3117 3118/3118 3119/3119
f 3120/3120 3119/3119 3118/3118
f 3113/3113 3121/3121 3114/3114
f 3122/3122 3121/3121 3113/3113
f 2133/2133 3123/3123 2521/2521
f 2798/2798 1641/1641 3124/3124
f 1641/1641 2210/2210 3124/3124
f 2946/2946 2945/2945 3125/3125
f 3126/3126 3127/3127 3128/3128
f 3126/3126 3129/3129 3127/3127
f 3130/3130 3131/3131 3132/3132
f 3130/3130 3133/3133 3131/3131
f 3134/3134 3135/3135 3136/3136
f 3132/3132 3135/3135 3134/3134
f 3131/3131 3135/3135 3132/3132
f 2976/2976 3084/3084 2951/2951
f 3137/3137 3138/3138 3139/3139
f 3088/3088 3140/3140 3045/3045
f 3092/3092 3091/3091 3141/3141
f 3142/3142 3092/3092 3141/3141
f 3051/3051 3097/3097 2999/2999
f 3098/3098 3143/3143 3099/3099
f 3054/3054 3144/3144 3055/3055
f 3101/3101 3103/3103 3145/3145
f 3108/3108 3146/3146 3109/3109
f 3147/3147 3107/3107 3148/3148
f 3017/3017 3061/3061 3149/3149
f 3061/3061 3150/3150 3151/3151
f 3062/3062 3150/3150 3061/3061
f 3063/3063 3152/3152 3062/3062
f 3153/3153 3154/3154 3155/3155
f 3156/3156 3157/3157 3158/3158
f 3112/3112 3114/3114 3159/3159
f 3160/3160 3156/3156 3158/3158
f 3117/3117 3119/3119 3116/3116
f 3161/3161 3159/3159 3114/3114
f 3121/3121 3161/3161 3114/3114
f 3071/3071 3162/3162 3077/3077
f 2969/2969 3163/3163 3031/3031
f 3164/3164 3078/3078 3069/3069
f 3119/3119 3165/3165 3116/3116
f 3166/3166 3167/3167 3168/3168
f 3169/3169 3170/3170 3171/3171
f 3172/3172 3173/3173 3174/3174
f 3128/3128 3175/3175 3176/3176
f 3128/3128 3127/3127 3175/3175
f 3177/3177 3178/3178 3179/3179
f 3180/3180 3181/3181 3170/3170
f 3182/3182 3178/3178 3177/3177
f 3129/3129 3183/3183 3127/3127
f 3184/3184 3127/3127 3183/3183
f 3134/3134 3185/3185 3132/3132
f 3185/3185 3186/3186 3132/3132
f 3132/3132 3186/3186 3130/3130
f 3133/3133 3130/3130 3186/3186
f 3136/3136 3135/3135 3187/3187
f 3187/3187 3135/3135 3188/3188
f 3135/3135 3131/3131 3188/3188
f 3188/3188 3131/3131 3189/3189
f 3189/3189 3131/3131 3133/3133
f 2973/2973 2974/2974 3190/3190
f 3138/3138 3191/3191 3139/3139
f 3192/3192 3193/3193 3194/3194
f 3048/3048 3089/3089 3195/3195
f 3095/3095 3096/3096 3196/3196
f 3102/3102 3101/3101 3197/3197
f 3104/3104 3198/3198 3105/3105
f 3198/3198 3199/3199 3105/3105
f 3148/3148 3107/3107 3109/3109
f 3147/3147 3148/3148 3200/3200
f 3147/3147 3200/3200 3201/3201
f 2964/2964 3111/3111 3202/3202
f 3059/3059 3203/3203 3057/3057
f 3112/3112 3204/3204 3205/3205
f 3206/3206 3207/3207 3208/3208
f 3061/3061 3151/3151 3209/3209
f 3210/3210 3211/3211 3212/3212
f 3063/3063 3213/3213 3152/3152
f 3204/3204 3112/3112 3159/3159
f 3207/3207 3214/3214 3208/3208
f 3215/3215 3154/3154 3216/3216
f 3155/3155 3154/3154 3215/3215
f 3216/3216 3154/3154 3217/3217
f 3115/3115 3117/3117 3116/3116
f 3218/3218 3219/3219 3220/3220
f 3121/3121 3221/3221 3161/3161
f 3222/3222 3223/3223 3224/3224
f 3225/3225 3164/3164 3069/3069
f 3221/3221 3121/3121 3226/3226
f 3227/3227 3228/3228 3229/3229
f 3230/3230 3231/3231 3232/3232
f 3233/3233 3234/3234 3235/3235
f 2848/2848 3082/3082 2972/2972
f 3236/3236 3237/3237 3238/3238
f 2904/2904 3239/3239 3240/3240
f 2948/2948 3239/3239 2904/2904
f 2122/2122 2950/2950 2608/2608
f 3184/3184 3175/3175 3127/3127
f 3181/3181 3171/3171 3170/3170
f 3241/3241 3178/3178 3182/3182
f 3183/3183 3242/3242 3184/3184
f 3243/3243 3184/3184 3242/3242
f 3244/3244 3245/3245 3246/3246
f 3247/3247 3248/3248 3249/3249
f 3250/3250 3251/3251 3252/3252
f 3251/3251 3253/3253 3252/3252
f 3244/3244 3254/3254 3245/3245
f 3255/3255 3256/3256 3257/3257
f 3256/3256 3258/3258 3257/3257
f 3256/3256 3259/3259 3258/3258
f 3256/3256 3260/3260 3259/3259
f 3261/3261 3260/3260 3256/3256
f 3261/3261 3262/3262 3260/3260
f 3261/3261 3263/3263 3262/3262
f 3264/3264 3265/3265 3266/3266
f 3086/3086 3267/3267 3087/3087
f 3268/3268 3191/3191 3138/3138
f 3269/3269 3039/3039 3038/3038
f 3270/3270 3271/3271 3043/3043
f 3272/3272 3269/3269 3038/3038
f 3038/3038 3048/3048 3272/3272
f 3043/3043 3271/3271 3090/3090
f 3271/3271 3273/3273 3090/3090
f 3274/3274 3275/3275 3276/3276
f 3145/3145 3277/3277 3101/3101
f 3110/3110 3056/3056 2965/2965
f 3158/3158 3278/3278 3279/3279
f 3068/3068 3225/3225 3069/3069
f 3029/3029 3280/3280 3111/3111
f 3281/3281 3282/3282 3283/3283
f 2116/2116 2798/2798 3284/3284
f 2117/2117 3285/3285 2257/2257
f 3081/3081 3286/3286 1456/1456
f 3287/3287 3288/3288 3289/3289
f 3238/3238 3237/3237 3290/3290
f 2213/2213 3291/3291 2262/2262
f 3286/3286 2831/2831 1456/1456
f 3292/3292 3293/3293 3294/3294
f 3290/3290 3295/3295 3238/3238
f 3181/3181 3296/3296 3171/3171
f 3238/3238 3295/3295 3297/3297
f 3182/3182 3298/3298 3241/3241
f 3180/3180 3299/3299 3181/3181
f 3180/3180 3300/3300 3299/3299
f 3178/3178 3241/3241 3301/3301
f 3242/3242 3302/3302 3243/3243
f 3303/3303 3304/3304 3305/3305
f 3248/3248 3247/3247 3306/3306
f 3249/3249 3248/3248 3307/3307
f 3308/3308 3249/3249 3307/3307
f 3309/3309 3245/3245 3254/3254
f 3253/3253 3310/3310 3252/3252
f 3254/3254 3311/3311 3309/3309
f 3252/3252 3310/3310 3312/3312
f 3260/3260 3313/3313 3259/3259
f 2911/2911 3314/3314 2912/2912
f 2913/2913 3315/3315 3035/3035
f 3266/3266 3265/3265 3316/3316
f 3317/3317 3318/3318 3319/3319
f 3320/3320 3267/3267 3086/3086
f 3088/3088 3321/3321 3140/3140
f 3048/3048 3195/3195 3272/3272
f 3196/3196 3322/3322 3323/3323
f 3196/3196 3324/3324 3322/3322
f 3325/3325 3094/3094 3097/3097
f 3326/3326 3327/3327 3197/3197
f 3197/3197 3101/3101 3326/3326
f 3198/3198 3328/3328 3199/3199
f 3148/3148 3109/3109 3329/3329
f 3329/3329 3200/3200 3148/3148
f 3330/3330 3110/3110 3013/3013
f 3070/3070 3331/3331 3068/3068
f 3214/3214 3207/3207 3332/3332
f 3333/3333 3334/3334 3335/3335
f 3204/3204 3159/3159 3336/3336
f 3337/3337 3158/3158 3279/3279
f 3158/3158 3337/3337 3160/3160
f 3338/3338 3228/3228 3339/3339
f 3340/3340 3341/3341 3231/3231
f 3073/3073 3342/3342 3071/3071
f 3227/3227 3339/3339 3228/3228
f 3162/3162 3071/3071 3343/3343
f 3280/3280 3344/3344 3111/3111
f 3345/3345 3281/3281 3283/3283
f 2765/2765 3079/3079 3346/3346
f 2847/2847 3347/3347 3082/3082
f 3175/3175 3184/3184 3348/3348
f 3349/3349 3182/3182 3350/3350
f 3349/3349 3298/3298 3182/3182
f 3351/3351 3352/3352 3353/3353
f 3352/3352 3354/3354 3353/3353
f 3353/3353 3355/3355 3351/3351
f 3356/3356 3357/3357 3358/3358
f 3243/3243 3356/3356 3358/3358
f 3295/3295 3359/3359 3297/3297
f 3241/3241 3298/3298 3360/3360
f 3356/3356 3243/3243 3361/3361
f 3243/3243 3302/3302 3361/3361
f 3297/3297 3359/3359 3362/3362
f 3299/3299 3363/3363 3181/3181
f 3241/3241 3364/3364 3301/3301
f 3242/3242 3365/3365 3302/3302
f 3362/3362 3359/3359 3366/3366
f 3359/3359 3367/3367 3366/3366
f 3306/3306 3247/3247 3368/3368
f 3308/3308 3369/3369 3249/3249
f 3258/3258 3370/3370 3257/3257
f 3260/3260 3262/3262 3371/3371
f 3263/3263 3372/3372 3262/3262
f 2973/2973 3190/3190 3373/3373
f 2973/2973 3373/3373 2911/2911
f 2912/2912 3374/3374 2913/2913
f 3375/3375 3376/3376 3377/3377
f 3378/3378 3379/3379 3380/3380
f 3271/3271 3377/3377 3381/3381
f 3273/3273 3271/3271 3381/3381
f 3270/3270 3377/3377 3271/3271
f 3378/3378 3380/3380 3382/3382
f 3050/3050 3049/3049 3383/3383
f 3384/3384 3385/3385 3386/3386
f 3385/3385 3384/3384 3387/3387
f 3384/3384 3386/3386 3104/3104
f 3386/3386 3198/3198 3104/3104
f 3329/3329 3388/3388 3200/3200
f 3057/3057 3203/3203 3389/3389
f 3209/3209 3390/3390 3391/3391
f 3062/3062 3392/3392 3393/3393
f 3062/3062 3152/3152 3392/3392
f 3332/3332 3207/3207 3394/3394
f 3395/3395 3332/3332 3394/3394
f 3334/3334 3396/3396 3397/3397
f 3397/3397 3396/3396 3398/3398
f 3399/3399 3400/3400 3401/3401
f 3402/3402 3339/3339 3227/3227
f 3232/3232 3231/3231 3403/3403
f 3404/3404 3232/3232 3403/3403
f 3405/3405 3406/3406 3407/3407
f 3408/3408 3409/3409 3410/3410
f 2765/2765 3346/3346 2971/2971
f 3289/3289 3288/3288 3411/3411
f 3412/3412 3413/3413 3414/3414
f 2950/2950 2721/2721 3415/3415
f 2720/2720 3416/3416 2721/2721
f 3171/3171 3296/3296 3417/3417
f 3418/3418 3293/3293 3292/3292
f 3290/3290 3419/3419 3295/3295
f 3293/3293 3418/3418 3420/3420
f 3421/3421 3351/3351 3422/3422
f 3352/3352 3351/3351 3421/3421
f 3423/3423 3424/3424 3425/3425
f 3423/3423 3426/3426 3424/3424
f 3423/3423 3427/3427 3428/3428
f 3428/3428 3426/3426 3423/3423
f 3429/3429 3428/3428 3427/3427
f 3430/3430 3429/3429 3427/3427
f 3296/3296 3181/3181 3363/3363
f 3431/3431 3364/3364 3241/3241
f 3361/3361 3302/3302 3432/3432
f 3433/3433 3434/3434 3435/3435
f 3436/3436 3437/3437 3364/3364
f 3438/3438 3437/3437 3436/3436
f 3439/3439 3437/3437 3438/3438
f 3302/3302 3365/3365 3440/3440
f 3441/3441 3302/3302 3440/3440
f 3364/3364 3437/3437 3301/3301
f 3442/3442 3301/3301 3437/3437
f 3365/3365 3443/3443 3440/3440
f 3444/3444 3307/3307 3248/3248
f 3440/3440 3443/3443 3445/3445
f 3249/3249 3369/3369 3446/3446
f 3371/3371 3262/3262 3447/3447
f 3260/3260 3371/3371 3313/3313
f 3448/3448 3449/3449 3450/3450
f 3451/3451 3452/3452 3453/3453
f 3376/3376 3381/3381 3377/3377
f 3194/3194 3454/3454 3192/3192
f 3448/3448 3378/3378 3382/3382
f 3382/3382 3455/3455 3448/3448
f 3195/3195 3456/3456 3272/3272
f 3141/3141 3457/3457 3142/3142
f 3196/3196 3096/3096 3324/3324
f 3055/3055 3144/3144 3458/3458
f 3209/3209 3151/3151 3390/3390
f 3459/3459 3460/3460 3341/3341
f 3335/3335 3334/3334 3397/3397
f 3460/3460 3461/3461 3341/3341
f 3341/3341 3461/3461 3403/3403
f 3462/3462 3463/3463 3464/3464
f 3343/3343 3071/3071 3465/3465
f 3465/3465 3071/3071 3342/3342
f 3341/3341 3403/3403 3231/3231
f 3401/3401 3466/3466 3399/3399
f 3467/3467 3468/3468 3469/3469
f 3466/3466 3470/3470 3399/3399
f 3405/3405 3471/3471 3472/3472
f 3406/3406 3405/3405 3472/3472
f 3407/3407 3473/3473 3405/3405
f 3290/3290 3237/3237 3474/3474
f 3417/3417 3296/3296 3475/3475
f 3476/3476 3477/3477 3478/3478
f 3292/3292 3479/3479 3418/3418
f 3419/3419 3290/3290 3474/3474
f 3477/3477 3480/3480 3478/3478
f 3419/3419 3481/3481 3295/3295
f 3295/3295 3481/3481 3359/3359
f 3424/3424 3426/3426 3482/3482
f 3429/3429 3426/3426 3428/3428
f 3483/3483 3484/3484 3431/3431
f 3481/3481 3485/3485 3359/3359
f 3431/3431 3484/3484 3364/3364
f 3486/3486 3487/3487 3488/3488
f 3435/3435 3486/3486 3433/3433
f 3485/3485 3367/3367 3359/3359
f 3262/3262 3372/3372 3447/3447
f 3489/3489 3371/3371 3447/3447
f 3490/3490 3491/3491 3492/3492
f 2975/2975 2964/2964 3493/3493
f 3381/3381 3376/3376 3494/3494
f 3453/3453 3452/3452 3491/3491
f 3495/3495 3496/3496 3497/3497
f 3498/3498 3454/3454 3499/3499
f 3499/3499 3454/3454 3194/3194
f 3496/3496 3500/3500 3497/3497
f 3449/3449 3448/3448 3455/3455
f 3195/3195 3501/3501 3456/3456
f 3497/3497 3500/3500 3502/3502
f 3451/3451 3503/3503 3452/3452
f 3504/3504 3505/3505 3276/3276
f 3323/3323 3322/3322 3506/3506
f 3276/3276 3505/3505 3274/3274
f 3053/3053 3507/3507 3054/3054
f 3094/3094 3508/3508 3096/3096
f 3049/3049 3509/3509 3383/3383
f 3198/3198 3386/3386 3510/3510
f 3511/3511 3198/3198 3510/3510
f 3511/3511 3328/3328 3198/3198
f 3101/3101 3512/3512 3326/3326
f 3101/3101 3277/3277 3512/3512
f 3513/3513 3514/3514 3515/3515
f 3516/3516 3517/3517 3203/3203
f 3391/3391 3390/3390 3518/3518
f 3151/3151 3519/3519 3390/3390
f 3520/3520 3393/3393 3521/3521
f 3392/3392 3521/3521 3393/3393
f 3399/3399 3522/3522 3523/3523
f 3469/3469 3524/3524 3467/3467
f 3522/3522 3399/3399 3525/3525
f 3464/3464 3526/3526 3462/3462
f 3527/3527 3528/3528 3529/3529
f 3530/3530 3395/3395 3394/3394
f 3527/3527 3529/3529 3410/3410
f 3531/3531 3472/3472 3532/3532
f 3410/3410 3529/3529 3533/3533
f 3470/3470 3525/3525 3399/3399
f 3525/3525 3470/3470 3534/3534
f 3532/3532 3472/3472 3471/3471
f 3469/3469 3468/3468 3535/3535
f 3536/3536 3410/3410 3533/3533
f 3410/3410 3536/3536 3408/3408
f 3471/3471 3405/3405 3473/3473
f 3468/3468 3537/3537 3535/3535
f 3538/3538 3539/3539 3540/3540
f 3541/3541 3476/3476 3542/3542
f 3543/3543 3544/3544 3545/3545
f 2721/2721 3416/3416 3415/3415
f 3538/3538 3546/3546 3547/3547
f 3539/3539 3538/3538 3548/3548
f 3478/3478 3542/3542 3476/3476
f 3549/3549 3548/3548 3547/3547
f 3550/3550 3551/3551 3552/3552
f 3552/3552 3553/3553 3554/3554
f 3553/3553 3555/3555 3554/3554
f 3421/3421 3556/3556 3352/3352
f 3554/3554 3557/3557 3558/3558
f 3551/3551 3550/3550 3559/3559
f 3553/3553 3552/3552 3551/3551
f 3557/3557 3554/3554 3555/3555
f 3419/3419 3560/3560 3481/3481
f 3561/3561 3562/3562 3563/3563
f 3564/3564 3562/3562 3561/3561
f 3564/3564 3565/3565 3562/3562
f 3566/3566 3296/3296 3567/3567
f 3568/3568 3565/3565 3564/3564
f 3296/3296 3363/3363 3567/3567
f 3569/3569 3570/3570 3571/3571
f 3570/3570 3572/3572 3571/3571
f 3573/3573 3574/3574 3575/3575
f 3433/3433 3486/3486 3576/3576
f 3486/3486 3488/3488 3576/3576
f 3492/3492 3491/3491 3577/3577
f 3578/3578 3579/3579 3580/3580
f 3579/3579 3578/3578 3581/3581
f 2913/2913 3374/3374 3315/3315
f 3582/3582 3583/3583 3584/3584
f 3585/3585 3584/3584 3586/3586
f 3584/3584 3583/3583 3586/3586
f 3587/3587 3588/3588 3265/3265
f 3491/3491 3452/3452 3577/3577
f 3493/3493 2964/2964 3589/3589
f 3590/3590 3591/3591 3592/3592
f 3593/3593 3592/3592 3591/3591
f 3141/3141 3594/3594 3457/3457
f 3595/3595 3383/3383 3596/3596
f 3383/3383 3509/3509 3596/3596
f 3385/3385 3597/3597 3386/3386
f 3597/3597 3510/3510 3386/3386
f 3598/3598 3326/3326 3512/3512
f 3599/3599 3600/3600 3601/3601
f 3203/3203 3602/3602 3389/3389
f 3203/3203 3603/3603 3602/3602
f 3517/3517 3603/3603 3203/3203
f 3603/3603 3517/3517 3604/3604
f 3605/3605 3604/3604 3517/3517
f 3530/3530 3606/3606 3607/3607
f 3394/3394 3606/3606 3530/3530
f 3524/3524 3469/3469 3608/3608
f 3462/3462 3609/3609 3463/3463
f 3608/3608 3469/3469 3535/3535
f 3610/3610 3611/3611 3463/3463
f 3610/3610 3463/3463 3609/3609
f 3612/3612 3613/3613 3614/3614
f 3612/3612 3614/3614 3615/3615
f 3537/3537 3616/3616 3617/3617
f 2133/2133 2971/2971 3123/3123
f 2847/2847 3618/3618 3347/3347
f 3619/3619 3620/3620 2847/2847
f 3240/3240 3239/3239 3621/3621
f 3416/3416 3622/3622 3415/3415
f 3416/3416 2720/2720 3623/3623
f 2720/2720 2262/2262 3623/3623
f 3538/3538 3547/3547 3548/3548
f 3624/3624 3625/3625 3558/3558
f 3539/3539 3548/3548 3550/3550
f 3624/3624 3558/3558 3626/3626
f 3626/3626 3558/3558 3627/3627
f 3548/3548 3549/3549 3628/3628
f 3548/3548 3629/3629 3550/3550
f 3627/3627 3630/3630 3626/3626
f 3559/3559 3550/3550 3629/3629
f 3627/3627 3558/3558 3557/3557
f 3631/3631 3296/3296 3566/3566
f 3632/3632 3553/3553 3551/3551
f 3555/3555 3553/3553 3632/3632
f 3562/3562 3551/3551 3563/3563
f 3632/3632 3551/3551 3562/3562
f 3555/3555 3632/3632 3562/3562
f 3565/3565 3555/3555 3562/3562
f 3557/3557 3555/3555 3565/3565
f 3633/3633 3634/3634 3635/3635
f 3636/3636 3637/3637 3569/3569
f 3638/3638 3481/3481 3560/3560
f 3567/3567 3639/3639 3566/3566
f 3635/3635 3634/3634 3640/3640
f 3569/3569 3571/3571 3636/3636
f 3481/3481 3638/3638 3485/3485
f 3641/3641 3640/3640 3634/3634
f 3640/3640 3641/3641 3642/3642
f 3643/3643 3640/3640 3642/3642
f 3367/3367 3485/3485 3644/3644
f 3446/3446 3369/3369 3645/3645
f 3371/3371 3646/3646 3313/3313
f 3647/3647 3648/3648 3492/3492
f 3489/3489 3649/3649 3371/3371
f 3650/3650 3647/3647 3492/3492
f 3650/3650 3492/3492 3577/3577
f 3314/3314 3374/3374 2912/2912
f 3316/3316 3651/3651 3652/3652
f 3651/3651 3316/3316 3265/3265
f 3588/3588 3651/3651 3265/3265
f 3653/3653 3654/3654 3655/3655
f 3577/3577 3452/3452 3656/3656
f 3657/3657 3658/3658 3659/3659
f 3659/3659 3658/3658 3660/3660
f 3661/3661 3662/3662 3663/3663
f 3452/3452 3503/3503 3656/3656
f 3664/3664 3665/3665 3666/3666
f 3667/3667 3665/3665 3664/3664
f 3668/3668 3669/3669 3670/3670
f 3671/3671 3672/3672 3673/3673
f 3658/3658 3674/3674 3660/3660
f 3675/3675 3676/3676 3091/3091
f 3504/3504 3677/3677 3505/3505
f 3589/3589 2964/2964 3202/3202
f 3678/3678 3679/3679 3680/3680
f 3390/3390 3681/3681 3518/3518
f 3519/3519 3681/3681 3390/3390
f 3152/3152 3213/3213 3682/3682
f 3678/3678 3683/3683 3679/3679
f 3528/3528 3684/3684 3529/3529
f 3685/3685 3683/3683 3678/3678
f 3531/3531 3686/3686 3687/3687
f 3683/3683 3688/3688 3679/3679
f 3685/3685 3689/3689 3683/3683
f 3531/3531 3532/3532 3686/3686
f 3683/3683 3690/3690 3688/3688
f 3526/3526 3691/3691 3462/3462
f 3690/3690 3692/3692 3688/3688
f 3683/3683 3689/3689 3690/3690
f 3693/3693 3692/3692 3690/3690
f 3693/3693 3690/3690 3694/3694
f 3689/3689 3695/3695 3690/3690
f 3695/3695 3694/3694 3690/3690
f 3462/3462 3691/3691 3609/3609
f 3696/3696 3697/3697 3698/3698
f 3699/3699 3471/3471 3473/3473
f 3700/3700 3610/3610 3609/3609
f 3701/3701 3614/3614 3613/3613
f 3702/3702 3535/3535 3537/3537
f 3610/3610 3703/3703 3611/3611
f 3617/3617 3702/3702 3537/3537
f 3704/3704 3703/3703 3610/3610
f 3705/3705 3706/3706 3707/3707
f 2847/2847 3620/3620 3618/3618
f 3239/3239 3708/3708 3621/3621
f 2949/2949 3709/3709 3710/3710
f 2949/2949 3711/3711 3709/3709
f 2949/2949 3083/3083 3711/3711
f 3416/3416 3623/3623 3622/3622
f 3709/3709 3712/3712 3710/3710
f 3713/3713 3714/3714 3715/3715
f 3716/3716 3717/3717 3718/3718
f 3718/3718 3717/3717 3719/3719
f 3720/3720 3721/3721 3722/3722
f 3719/3719 3717/3717 3723/3723
f 3719/3719 3723/3723 3724/3724
f 3560/3560 3725/3725 3638/3638
f 3726/3726 3727/3727 3728/3728
f 3634/3634 3729/3729 3730/3730
f 3731/3731 3636/3636 3571/3571
f 3636/3636 3731/3731 3732/3732
f 3730/3730 3729/3729 3733/3733
f 3634/3634 3730/3730 3641/3641
f 3638/3638 3734/3734 3485/3485
f 3735/3735 3736/3736 3567/3567
f 3737/3737 3738/3738 3739/3739
f 3642/3642 3740/3740 3643/3643
f 3741/3741 3575/3575 3574/3574
f 3741/3741 3742/3742 3575/3575
f 3642/3642 3641/3641 3743/3743
f 3740/3740 3642/3642 3743/3743
f 3742/3742 3741/3741 3744/3744
f 3745/3745 3743/3743 3746/3746
f 3740/3740 3743/3743 3745/3745
f 3747/3747 3744/3744 3741/3741
f 3309/3309 3311/3311 3748/3748
f 3749/3749 3372/3372 3263/3263
f 3313/3313 3750/3750 3259/3259
f 3371/3371 3649/3649 3646/3646
f 2975/2975 3493/3493 3751/3751
f 3752/3752 3753/3753 3754/3754
f 3755/3755 3500/3500 3496/3496
f 3494/3494 3756/3756 3381/3381
f 3659/3659 3660/3660 3757/3757
f 3669/3669 3758/3758 3759/3759
f 3669/3669 3668/3668 3758/3758
f 3381/3381 3760/3760 3273/3273
f 3590/3590 3592/3592 3761/3761
f 3762/3762 3763/3763 3592/3592
f 3676/3676 3764/3764 3091/3091
f 3141/3141 3091/3091 3594/3594
f 3507/3507 3765/3765 3054/3054
f 3508/3508 3094/3094 3766/3766
f 3765/3765 3144/3144 3054/3054
f 3094/3094 3325/3325 3766/3766
f 3326/3326 3598/3598 3327/3327
f 3109/3109 3146/3146 3767/3767
f 3109/3109 3767/3767 3768/3768
f 3769/3769 3056/3056 3770/3770
f 3688/3688 3771/3771 3679/3679
f 3678/3678 3772/3772 3685/3685
f 3684/3684 3773/3773 3529/3529
f 3688/3688 3692/3692 3771/3771
f 3771/3771 3692/3692 3774/3774
f 3529/3529 3773/3773 3533/3533
f 3773/3773 3775/3775 3533/3533
f 3691/3691 3776/3776 3609/3609
f 3777/3777 3692/3692 3693/3693
f 3775/3775 3778/3778 3533/3533
f 3692/3692 3777/3777 3774/3774
f 3779/3779 3780/3780 3781/3781
f 3777/3777 3782/3782 3774/3774
f 3699/3699 3473/3473 3783/3783
f 3533/3533 3778/3778 3536/3536
f 3784/3784 3780/3780 3785/3785
f 3786/3786 3787/3787 3788/3788
f 3789/3789 3610/3610 3790/3790
f 3789/3789 3704/3704 3610/3610
f 3791/3791 3792/3792 3793/3793
f 3794/3794 3703/3703 3704/3704
f 3703/3703 3794/3794 3795/3795
f 3544/3544 3796/3796 3545/3545
f 3797/3797 3796/3796 3544/3544
f 3239/3239 3798/3798 3708/3708
f 3415/3415 3799/3799 2950/2950
f 3800/3800 3801/3801 3802/3802
f 3622/3622 3623/3623 3803/3803
f 2262/2262 3799/3799 3623/3623
f 3639/3639 3804/3804 3566/3566
f 3805/3805 3806/3806 3807/3807
f 3739/3739 3738/3738 3808/3808
f 3809/3809 3575/3575 3742/3742
f 3810/3810 3811/3811 3812/3812
f 3644/3644 3485/3485 3734/3734
f 3567/3567 3363/3363 3813/3813
f 3814/3814 3367/3367 3644/3644
f 3368/3368 3247/3247 3815/3815
f 3257/3257 3370/3370 3816/3816
f 3313/3313 3646/3646 3750/3750
f 3817/3817 3818/3818 3819/3819
f 2911/2911 3373/3373 3314/3314
f 3454/3454 3498/3498 3820/3820
f 3821/3821 3662/3662 3661/3661
f 3820/3820 3822/3822 3454/3454
f 3823/3823 3824/3824 3825/3825
f 3381/3381 3756/3756 3760/3760
f 3826/3826 3660/3660 3674/3674
f 3665/3665 3827/3827 3666/3666
f 3824/3824 3828/3828 3825/3825
f 3592/3592 3593/3593 3762/3762
f 3091/3091 3764/3764 3594/3594
f 3510/3510 3597/3597 3829/3829
f 3830/3830 3327/3327 3598/3598
f 3831/3831 3511/3511 3510/3510
f 3831/3831 3328/3328 3511/3511
f 3832/3832 3328/3328 3831/3831
f 3200/3200 3388/3388 3833/3833
f 3201/3201 3200/3200 3833/3833
f 3771/3771 3680/3680 3679/3679
f 3834/3834 3835/3835 3836/3836
f 3837/3837 3518/3518 3681/3681
f 3838/3838 3839/3839 3840/3840
f 3839/3839 3841/3841 3842/3842
f 3834/3834 3843/3843 3835/3835
f 3687/3687 3686/3686 3844/3844
f 3845/3845 3846/3846 3847/3847
f 3848/3848 3849/3849 3850/3850
f 3851/3851 3852/3852 3853/3853
f 3846/3846 3854/3854 3847/3847
f 3850/3850 3849/3849 3779/3779
f 3849/3849 3855/3855 3779/3779
f 3780/3780 3779/3779 3855/3855
f 3856/3856 3857/3857 3858/3858
f 3859/3859 3857/3857 3856/3856
f 3860/3860 3697/3697 3861/3861
f 3862/3862 3854/3854 3786/3786
f 3863/3863 3864/3864 3865/3865
f 3866/3866 3862/3862 3786/3786
f 3867/3867 3858/3858 3857/3857
f 3858/3858 3867/3867 3792/3792
f 3612/3612 3868/3868 3869/3869
f 3788/3788 3866/3866 3786/3786
f 3613/3613 3612/3612 3869/3869
f 3788/3788 3787/3787 3870/3870
f 3864/3864 3863/3863 3871/3871
f 3867/3867 3793/3793 3792/3792
f 3870/3870 3787/3787 3872/3872
f 3704/3704 3789/3789 3794/3794
f 3872/3872 3787/3787 3873/3873
f 3874/3874 3875/3875 3876/3876
f 3791/3791 3793/3793 3877/3877
f 3707/3707 3706/3706 2554/2554
f 3618/3618 3620/3620 3878/3878
f 3415/3415 3803/3803 3799/3799
f 3879/3879 3880/3880 3881/3881
f 3566/3566 3804/3804 3882/3882
f 3883/3883 3720/3720 3884/3884
f 3369/3369 3885/3885 3645/3645
f 3310/3310 3886/3886 3312/3312
f 3749/3749 3263/3263 3887/3887
f 3263/3263 3888/3888 3887/3887
f 3754/3754 3889/3889 3752/3752
f 3498/3498 3084/3084 3820/3820
f 3890/3890 3891/3891 3892/3892
f 3890/3890 3659/3659 3757/3757
f 3893/3893 3894/3894 3661/3661
f 3661/3661 3894/3894 3821/3821
f 3673/3673 3672/3672 3895/3895
f 3667/3667 3896/3896 3665/3665
f 3665/3665 3896/3896 3897/3897
f 3500/3500 3898/3898 3502/3502
f 3502/3502 3898/3898 3899/3899
f 3900/3900 3592/3592 3763/3763
f 3901/3901 3766/3766 3325/3325
f 3510/3510 3829/3829 3902/3902
f 3903/3903 3830/3830 3598/3598
f 3831/3831 3510/3510 3902/3902
f 3598/3598 3512/3512 3903/3903
f 3904/3904 3903/3903 3512/3512
f 3905/3905 3906/3906 3907/3907
f 3833/3833 3908/3908 3201/3201
f 3108/3108 3909/3909 3146/3146
f 3910/3910 3389/3389 3602/3602
f 3056/3056 3911/3911 3770/3770
f 3851/3851 3912/3912 3913/3913
f 3914/3914 3837/3837 3681/3681
f 3839/3839 3915/3915 3840/3840
f 3839/3839 3842/3842 3915/3915
f 3916/3916 3917/3917 3918/3918
f 3848/3848 3919/3919 3849/3849
f 3920/3920 3853/3853 3852/3852
f 3865/3865 3864/3864 3921/3921
f 3854/3854 3922/3922 3847/3847
f 3849/3849 3923/3923 3855/3855
f 3854/3854 3862/3862 3922/3922
f 3696/3696 3924/3924 3697/3697
f 3925/3925 3855/3855 3926/3926
f 3855/3855 3925/3925 3780/3780
f 3927/3927 3928/3928 3929/3929
f 3780/3780 3925/3925 3785/3785
f 3613/3613 3869/3869 3701/3701
f 3930/3930 3864/3864 3931/3931
f 3864/3864 3871/3871 3931/3931
f 3932/3932 3793/3793 3867/3867
f 3931/3931 3871/3871 3933/3933
f 3932/3932 3877/3877 3793/3793
f 3082/3082 3706/3706 3705/3705
f 3878/3878 3620/3620 3934/3934
f 3623/3623 3799/3799 3803/3803
f 3798/3798 3935/3935 3708/3708
f 3446/3446 3645/3645 3936/3936
f 3251/3251 3937/3937 3253/3253
f 3649/3649 3938/3938 3646/3646
f 3939/3939 3940/3940 3941/3941
f 3941/3941 3942/3942 3939/3939
f 3943/3943 3818/3818 3817/3817
f 3944/3944 3752/3752 3889/3889
f 3823/3823 3945/3945 3946/3946
f 3947/3947 3890/3890 3892/3892
f 3823/3823 3825/3825 3945/3945
f 3948/3948 3820/3820 3084/3084
f 3755/3755 3898/3898 3500/3500
f 3890/3890 3757/3757 3949/3949
f 3891/3891 3890/3890 3949/3949
f 3895/3895 3950/3950 3673/3673
f 3757/3757 3660/3660 3826/3826
f 3665/3665 3897/3897 3827/3827
f 3592/3592 3900/3900 3761/3761
f 3902/3902 3951/3951 3831/3831
f 3952/3952 3840/3840 3953/3953
f 3953/3953 3840/3840 3915/3915
f 3954/3954 3915/3915 3842/3842
f 3955/3955 3918/3918 3917/3917
f 3918/3918 3955/3955 3956/3956
f 3953/3953 3957/3957 3952/3952
f 3958/3958 3959/3959 3960/3960
f 3961/3961 3959/3959 3958/3958
f 3962/3962 3963/3963 3964/3964
f 3956/3956 3955/3955 3965/3965
f 3952/3952 3957/3957 3966/3966
f 3967/3967 3968/3968 3969/3969
f 3970/3970 3971/3971 3972/3972
f 3973/3973 3974/3974 3960/3960
f 3971/3971 3927/3927 3972/3972
f 3959/3959 3973/3973 3960/3960
f 3975/3975 3969/3969 3968/3968
f 3955/3955 3917/3917 3976/3976
f 3965/3965 3955/3955 3977/3977
f 3971/3971 3978/3978 3927/3927
f 3959/3959 3979/3979 3973/3973
f 3920/3920 3980/3980 3981/3981
f 3973/3973 3979/3979 3982/3982
f 3855/3855 3923/3923 3926/3926
f 3983/3983 3984/3984 3985/3985
f 3955/3955 3976/3976 3977/3977
f 3980/3980 3986/3986 3987/3987
f 3697/3697 3924/3924 3861/3861
f 3975/3975 3988/3988 3989/3989
f 3976/3976 3990/3990 3991/3991
f 3977/3977 3976/3976 3991/3991
f 3927/3927 3978/3978 3928/3928
f 3992/3992 3984/3984 3983/3983
f 3992/3992 3993/3993 3994/3994
f 3984/3984 3992/3992 3994/3994
f 3995/3995 3996/3996 3997/3997
f 3997/3997 3996/3996 3998/3998
f 2258/2258 2257/2257 3999/3999
f 1569/1569 4000/4000 3079/3079
f 3934/3934 3708/3708 4001/4001
f 4002/4002 4003/4003 4004/4004
f 4003/4003 4005/4005 4004/4004
f 2608/2608 4004/4004 4005/4005
f 3934/3934 4006/4006 3878/3878
f 4001/4001 4006/4006 3934/3934
f 3798/3798 4002/4002 3935/3935
f 4003/4003 4002/4002 3798/3798
f 4007/4007 4008/4008 4009/4009
f 4007/4007 4010/4010 4008/4008
f 3560/3560 4011/4011 3725/3725
f 3718/3718 3719/3719 4012/4012
f 3719/3719 4013/4013 4012/4012
f 3719/3719 3724/3724 4013/4013
f 4014/4014 3638/3638 3725/3725
f 3735/3735 3567/3567 4015/4015
f 4015/4015 3567/3567 4016/4016
f 3567/3567 3813/3813 4016/4016
f 3247/3247 4017/4017 4018/4018
f 3247/3247 4018/4018 3815/3815
f 3259/3259 3750/3750 3258/3258
f 3941/3941 3940/3940 4019/4019
f 3887/3887 4020/4020 3749/3749
f 4021/4021 3943/3943 3817/3817
f 3583/3583 4022/4022 4023/4023
f 3583/3583 4023/4023 3586/3586
f 4024/4024 3585/3585 3586/3586
f 3084/3084 2976/2976 3948/3948
f 4025/4025 4026/4026 4027/4027
f 3821/3821 3894/3894 4028/4028
f 4029/4029 4030/4030 4031/4031
f 4031/4031 4030/4030 4032/4032
f 3894/3894 3893/3893 4026/4026
f 4033/4033 4031/4031 4032/4032
f 3758/3758 4034/4034 4035/4035
f 3897/3897 4036/4036 3827/3827
f 3949/3949 3757/3757 3826/3826
f 4037/4037 3949/3949 3826/3826
f 3829/3829 4038/4038 4039/4039
f 3829/3829 4039/4039 3902/3902
f 3902/3902 4039/4039 3951/3951
f 3831/3831 3951/3951 4040/4040
f 3832/3832 3831/3831 4040/4040
f 3833/3833 4041/4041 3908/3908
f 4042/4042 3837/3837 4043/4043
f 3837/3837 3914/3914 4043/4043
f 3851/3851 3853/3853 3912/3912
f 3974/3974 3973/3973 4044/4044
f 3963/3963 4045/4045 3964/3964
f 3973/3973 4046/4046 4044/4044
f 3988/3988 4047/4047 3985/3985
f 4048/4048 4045/4045 3963/3963
f 4047/4047 3983/3983 3985/3985
f 3975/3975 3968/3968 3988/3988
f 3981/3981 3980/3980 3987/3987
f 3979/3979 4049/4049 3982/3982
f 4050/4050 4049/4049 3979/3979
f 4051/4051 3977/3977 3991/3991
f 3993/3993 3997/3997 3994/3994
f 3994/3994 3997/3997 3998/3998
f 3347/3347 4052/4052 3082/3082
f 3618/3618 4053/4053 3347/3347
f 3878/3878 4053/4053 3618/3618
f 2608/2608 2950/2950 4054/4054
f 3708/3708 3935/3935 4001/4001
f 4055/4055 4013/4013 3724/3724
f 3728/3728 4056/4056 3726/3726
f 3809/3809 3742/3742 4057/4057
f 3742/3742 3744/3744 4057/4057
f 3887/3887 4058/4058 3938/3938
f 3940/3940 4059/4059 4019/4019
f 3940/3940 4060/4060 4059/4059
f 3938/3938 4020/4020 3887/3887
f 4060/4060 3940/3940 4061/4061
f 3940/3940 3939/3939 4061/4061
f 4022/4022 3944/3944 4062/4062
f 4022/4022 4062/4062 4023/4023
f 4063/4063 4064/4064 3895/3895
f 3668/3668 4034/4034 3758/3758
f 3950/3950 3895/3895 4064/4064
f 3825/3825 3828/3828 4065/4065
f 3898/3898 4066/4066 3899/3899
f 3594/3594 4067/4067 3457/3457
f 3096/3096 3508/3508 3324/3324
f 3830/3830 3903/3903 4068/4068
f 3914/3914 4069/4069 4043/4043
f 3915/3915 3954/3954 4070/4070
f 4042/4042 4043/4043 4071/4071
f 4044/4044 4046/4046 4072/4072
f 3962/3962 4073/4073 3963/3963
f 3988/3988 3968/3968 4047/4047
f 3973/3973 4074/4074 4046/4046
f 3920/3920 3981/3981 4075/4075
f 4076/4076 4077/4077 4078/4078
f 4079/4079 4080/4080 4081/4081
f 4082/4082 4046/4046 4074/4074
f 4049/4049 4083/4083 3982/3982
f 4084/4084 4083/4083 4049/4049
f 4050/4050 4084/4084 4049/4049
f 3706/3706 3082/3082 4085/4085
f 4006/4006 4053/4053 3878/3878
f 3628/3628 3629/3629 3548/3548
f 3631/3631 3566/3566 4086/4086
f 4087/4087 3725/3725 4011/4011
f 3566/3566 3882/3882 4086/4086
f 4087/4087 4014/4014 3725/3725
f 3735/3735 4015/4015 4088/4088
f 3807/3807 4089/4089 3805/3805
f 3812/3812 3811/3811 4090/4090
f 3811/3811 4091/4091 4090/4090
f 3944/3944 3889/3889 4062/4062
f 4092/4092 4023/4023 4062/4062
f 4093/4093 4023/4023 4092/4092
f 3755/3755 4094/4094 3898/3898
f 3825/3825 4095/4095 3945/3945
f 4026/4026 4025/4025 4096/4096
f 4026/4026 4096/4096 3894/3894
f 4097/4097 4098/4098 4099/4099
f 4100/4100 4101/4101 4099/4099
f 3897/3897 3896/3896 4102/4102
f 4098/4098 4100/4100 4099/4099
f 3950/3950 4064/4064 4101/4101
f 4103/4103 4104/4104 4105/4105
f 3763/3763 3762/3762 4106/4106
f 3594/3594 4107/4107 4067/4067
f 3768/3768 4108/4108 4109/4109
f 4108/4108 4110/4110 4109/4109
f 3146/3146 3909/3909 4111/4111
f 4112/4112 4113/4113 4114/4114
f 3912/3912 3853/3853 4115/4115
f 4081/4081 4116/4116 4117/4117
f 4081/4081 4117/4117 4079/4079
f 4118/4118 4119/4119 4120/4120
f 4077/4077 4076/4076 4121/4121
f 4076/4076 4122/4122 4121/4121
f 4123/4123 4124/4124 4125/4125
f 3079/3079 4126/4126 3346/3346
f 4127/4127 3935/3935 4002/4002
f 4004/4004 4054/4054 4002/4002
f 4004/4004 2608/2608 4054/4054
f 4128/4128 3881/3881 4129/4129
f 3716/3716 3718/3718 4130/4130
f 3718/3718 4012/4012 4130/4130
f 4131/4131 3734/3734 4132/4132
f 3734/3734 4131/4131 3644/3644
f 3747/3747 4133/4133 3744/3744
f 3258/3258 3750/3750 3370/3370
f 3938/3938 4134/4134 3646/3646
f 4135/4135 4136/4136 4137/4137
f 4135/4135 4138/4138 4136/4136
f 3889/3889 4139/4139 4062/4062
f 4140/4140 3586/3586 4023/4023
f 4024/4024 3586/3586 4141/4141
f 3948/3948 2976/2976 4142/4142
f 3945/3945 4095/4095 3946/3946
f 4143/4143 4144/4144 4145/4145
f 4028/4028 3894/3894 4096/4096
f 4094/4094 4066/4066 3898/3898
f 4101/4101 4146/4146 4099/4099
f 4147/4147 4148/4148 4149/4149
f 3825/3825 4065/4065 4095/4095
f 3897/3897 4102/4102 4036/4036
f 3761/3761 3900/3900 4150/4150
f 4151/4151 4104/4104 4103/4103
f 4152/4152 4153/4153 4154/4154
f 3904/3904 4155/4155 3903/3903
f 3903/3903 4155/4155 4068/4068
f 3768/3768 3767/3767 4108/4108
f 3110/3110 3911/3911 3056/3056
f 4116/4116 4156/4156 4117/4117
f 4072/4072 4046/4046 4157/4157
f 4158/4158 3853/3853 3920/3920
f 4117/4117 4159/4159 4079/4079
f 4075/4075 4158/4158 3920/3920
f 4157/4157 4046/4046 4082/4082
f 4048/4048 3963/3963 4160/4160
f 4161/4161 4162/4162 4163/4163
f 4162/4162 4164/4164 4163/4163
f 4165/4165 4166/4166 4167/4167
f 4167/4167 4166/4166 4168/4168
f 4168/4168 4169/4169 4167/4167
f 2554/2554 4170/4170 4171/4171
f 4001/4001 4127/4127 4006/4006
f 4001/4001 3935/3935 4127/4127
f 2262/2262 4172/4172 3799/3799
f 3809/3809 4057/4057 4173/4173
f 3737/3737 4174/4174 4175/4175
f 4175/4175 4174/4174 4176/4176
f 4017/4017 4177/4177 4018/4018
f 3887/3887 3888/3888 4058/4058
f 4058/4058 4134/4134 3938/3938
f 4178/4178 4135/4135 4137/4137
f 4136/4136 4179/4179 4137/4137
f 4180/4180 4181/4181 4182/4182
f 4180/4180 4183/4183 4181/4181
f 4062/4062 4139/4139 4184/4184
f 4185/4185 4186/4186 4187/4187
f 4187/4187 4186/4186 4188/4188
f 3586/3586 4140/4140 4141/4141
f 4024/4024 4141/4141 4189/4189
f 4190/4190 4191/4191 4192/4192
f 4143/4143 4193/4193 4144/4144
f 4144/4144 4193/4193 4194/4194
f 4195/4195 4145/4145 4144/4144
f 4196/4196 4145/4145 4195/4195
f 4146/4146 4097/4097 4099/4099
f 4094/4094 4197/4197 4066/4066
f 4101/4101 4064/4064 4198/4198
f 4198/4198 4064/4064 4199/4199
f 4063/4063 4199/4199 4064/4064
f 4103/4103 4200/4200 4151/4151
f 3763/3763 4106/4106 3900/3900
f 3762/3762 4201/4201 4106/4106
f 3508/3508 4202/4202 3324/3324
f 4038/4038 4203/4203 4039/4039
f 3901/3901 4204/4204 3766/3766
f 4205/4205 3830/3830 4068/4068
f 4206/4206 4207/4207 4154/4154
f 4041/4041 4208/4208 3908/3908
f 4209/4209 4210/4210 4211/4211
f 4073/4073 4160/4160 3963/3963
f 4212/4212 4161/4161 4163/4163
f 4210/4210 4213/4213 4211/4211
f 4214/4214 4117/4117 4156/4156
f 4159/4159 4117/4117 4214/4214
f 4213/4213 4166/4166 4211/4211
f 4166/4166 4215/4215 4211/4211
f 4118/4118 4120/4120 4216/4216
f 4120/4120 4217/4217 4216/4216
f 4165/4165 4215/4215 4166/4166
f 3163/3163 4218/4218 3031/3031
f 4219/4219 4220/4220 4221/4221
f 1569/1569 2258/2258 4000/4000
f 2223/2223 4222/4222 2211/2211
f 2554/2554 3706/3706 4170/4170
f 4053/4053 4006/4006 4223/4223
f 3881/3881 4128/4128 3879/3879
f 3638/3638 4014/4014 4224/4224
f 3805/3805 4089/4089 4225/4225
f 3805/3805 4225/4225 4226/4226
f 3811/3811 4227/4227 4091/4091
f 3644/3644 4131/4131 3814/3814
f 4176/4176 4174/4174 4228/4228
f 3744/3744 4133/4133 4057/4057
f 3245/3245 3309/3309 4229/4229
f 3309/3309 3748/3748 4229/4229
f 3750/3750 3646/3646 4230/4230
f 4134/4134 4058/4058 4231/4231
f 4137/4137 4179/4179 4232/4232
f 4178/4178 4137/4137 4232/4232
f 4233/4233 4182/4182 4181/4181
f 4234/4234 4185/4185 4187/4187
f 4192/4192 4235/4235 4148/4148
f 4148/4148 4235/4235 4149/4149
f 4196/4196 4195/4195 4236/4236
f 4146/4146 4101/4101 4198/4198
f 4095/4095 4065/4065 4237/4237
f 4199/4199 4238/4238 4198/4198
f 4102/4102 4239/4239 4036/4036
f 4240/4240 4150/4150 3900/3900
f 3508/3508 3766/3766 4202/4202
f 4202/4202 3766/3766 4241/4241
f 4204/4204 4241/4241 3766/3766
f 4242/4242 4243/4243 4244/4244
f 4039/4039 4203/4203 4245/4245
f 4243/4243 4246/4246 4244/4244
f 4247/4247 4248/4248 4153/4153
f 4205/4205 4068/4068 4249/4249
f 4153/4153 4248/4248 4154/4154
f 4248/4248 4206/4206 4154/4154
f 4068/4068 4155/4155 4249/4249
f 3911/3911 4250/4250 4251/4251
f 4212/4212 4252/4252 4161/4161
f 4115/4115 3853/3853 4253/4253
f 4254/4254 4211/4211 4215/4215
f 3853/3853 4158/4158 4253/4253
f 4220/4220 4219/4219 4255/4255
f 4217/4217 4255/4255 4216/4216
f 4220/4220 4255/4255 4217/4217
f 4256/4256 3164/3164 3225/3225
f 4257/4257 4219/4219 4221/4221
f 3079/3079 4000/4000 4126/4126
f 2821/2821 1978/1978 4258/4258
f 4259/4259 4260/4260 4261/4261
f 4127/4127 4262/4262 4006/4006
f 4226/4226 4225/4225 4263/4263
f 3739/3739 4264/4264 3737/3737
f 3737/3737 4264/4264 4174/4174
f 4265/4265 4266/4266 4267/4267
f 4265/4265 4267/4267 4268/4268
f 4058/4058 3888/3888 4269/4269
f 4270/4270 4234/4234 4271/4271
f 4270/4270 4272/4272 4234/4234
f 4234/4234 4272/4272 4185/4185
f 4182/4182 4233/4233 4273/4273
f 3190/3190 4274/4274 3373/3373
f 4184/4184 4139/4139 4275/4275
f 4192/4192 4191/4191 4276/4276
f 4277/4277 4278/4278 4279/4279
f 4235/4235 4280/4280 4149/4149
f 4066/4066 4197/4197 4281/4281
f 4200/4200 4282/4282 4151/4151
f 3324/3324 4283/4283 3322/3322
f 4205/4205 4249/4249 4284/4284
f 3908/3908 4208/4208 4285/4285
f 4285/4285 3201/3201 3908/3908
f 3767/3767 3146/3146 4111/4111
f 4286/4286 3110/3110 3330/3330
f 3110/3110 4286/4286 3911/3911
f 3910/3910 4287/4287 3389/3389
f 4288/4288 4289/4289 4290/4290
f 4291/4291 4292/4292 4293/4293
f 4294/4294 4295/4295 4296/4296
f 4293/4293 4297/4297 4291/4291
f 4298/4298 4253/4253 4158/4158
f 4297/4297 4293/4293 4299/4299
f 4300/4300 4298/4298 4301/4301
f 4161/4161 4302/4302 4162/4162
f 3225/3225 3068/3068 4256/4256
f 4303/4303 4219/4219 4257/4257
f 2210/2210 4304/4304 3124/3124
f 3347/3347 4053/4053 4052/4052
f 4127/4127 4002/4002 4262/4262
f 3631/3631 4086/4086 4305/4305
f 3310/3310 4306/4306 3886/3886
f 3886/3886 4306/4306 4307/4307
f 3646/3646 4308/4308 4230/4230
f 3646/3646 4309/4309 4308/4308
f 4233/4233 4181/4181 4310/4310
f 4311/4311 4312/4312 4313/4313
f 4314/4314 3946/3946 4315/4315
f 4140/4140 4316/4316 4317/4317
f 4140/4140 4317/4317 4141/4141
f 3946/3946 4095/4095 4315/4315
f 4141/4141 4317/4317 4189/4189
f 4235/4235 4192/4192 4276/4276
f 4318/4318 4319/4319 4320/4320
f 4321/4321 4196/4196 4236/4236
f 4237/4237 4065/4065 4322/4322
f 4200/4200 4323/4323 4282/4282
f 4324/4324 4151/4151 4282/4282
f 4107/4107 4325/4325 4067/4067
f 3324/3324 4326/4326 4283/4283
f 3324/3324 4202/4202 4326/4326
f 4246/4246 4327/4327 4244/4244
f 4328/4328 4242/4242 4244/4244
f 4329/4329 4328/4328 4244/4244
f 4330/4330 4331/4331 4332/4332
f 4289/4289 4288/4288 4333/4333
f 4292/4292 4334/4334 4293/4293
f 4253/4253 4335/4335 4115/4115
f 4336/4336 4337/4337 4338/4338
f 4339/4339 4340/4340 4341/4341
f 4342/4342 4253/4253 4300/4300
f 4300/4300 4253/4253 4298/4298
f 4161/4161 4343/4343 4302/4302
f 4344/4344 4345/4345 4346/4346
f 4347/4347 4348/4348 4349/4349
f 4350/4350 4351/4351 4297/4297
f 4297/4297 4299/4299 4352/4352
f 3111/3111 3344/3344 4353/4353
f 4354/4354 4352/4352 4299/4299
f 4355/4355 4350/4350 4297/4297
f 4352/4352 4355/4355 4297/4297
f 2258/2258 4356/4356 4000/4000
f 3346/3346 4357/4357 2971/2971
f 3082/3082 4052/4052 4085/4085
f 4006/4006 4262/4262 4223/4223
f 4054/4054 4262/4262 4002/4002
f 4015/4015 4016/4016 4358/4358
f 4134/4134 4309/4309 3646/3646
f 4273/4273 4359/4359 4182/4182
f 4313/4313 4312/4312 4360/4360
f 3493/3493 4361/4361 3751/3751
f 4313/4313 4360/4360 4362/4362
f 4363/4363 4364/4364 4365/4365
f 4366/4366 4367/4367 4319/4319
f 4368/4368 4369/4369 4370/4370
f 4371/4371 4282/4282 4323/4323
f 3900/3900 4372/4372 4240/4240
f 3900/3900 4106/4106 4372/4372
f 3506/3506 3322/3322 4373/4373
f 3507/3507 4374/4374 3765/3765
f 4375/4375 4330/4330 4332/4332
f 4331/4331 4330/4330 4376/4376
f 4377/4377 4331/4331 4376/4376
f 4378/4378 4284/4284 4249/4249
f 4249/4249 4155/4155 4378/4378
f 4379/4379 4380/4380 4328/4328
f 4381/4381 4290/4290 4289/4289
f 4382/4382 4383/4383 4384/4384
f 4339/4339 4341/4341 4385/4385
f 4386/4386 4387/4387 4388/4388
f 4389/4389 4388/4388 4387/4387
f 4390/4390 4340/4340 4339/4339
f 4339/4339 4391/4391 4390/4390
f 4345/4345 4392/4392 4346/4346
f 4393/4393 4394/4394 4387/4387
f 4349/4349 4348/4348 4395/4395
f 4347/4347 4396/4396 4348/4348
f 4397/4397 4346/4346 4392/4392
f 4352/4352 4398/4398 4355/4355
f 4352/4352 4354/4354 4398/4398
f 4354/4354 4399/4399 4398/4398
f 2521/2521 3123/3123 4400/4400
f 4223/4223 4401/4401 4053/4053
f 3713/3713 3715/3715 4402/4402
f 4403/4403 4404/4404 3722/3722
f 3720/3720 4404/4404 3884/3884
f 4404/4404 3720/3720 3722/3722
f 4013/4013 4405/4405 4012/4012
f 4405/4405 4013/4013 4055/4055
f 4266/4266 4406/4406 4267/4267
f 4407/4407 4272/4272 4270/4270
f 4312/4312 4408/4408 4360/4360
f 4275/4275 4317/4317 4316/4316
f 4318/4318 4409/4409 4366/4366
f 4142/4142 4410/4410 4411/4411
f 4318/4318 4366/4366 4319/4319
f 4412/4412 4413/4413 4414/4414
f 4315/4315 4095/4095 4237/4237
f 4323/4323 4415/4415 4371/4371
f 4416/4416 4415/4415 4323/4323
f 4367/4367 4366/4366 4417/4417
f 4418/4418 4419/4419 4325/4325
f 4283/4283 4420/4420 3322/3322
f 4421/4421 4422/4422 4423/4423
f 4244/4244 4327/4327 4329/4329
f 4331/4331 4424/4424 4332/4332
f 4425/4425 4426/4426 4331/4331
f 4425/4425 4331/4331 4377/4377
f 4328/4328 4329/4329 4379/4379
f 4331/4331 4426/4426 4424/4424
f 4380/4380 4379/4379 4427/4427
f 4428/4428 4384/4384 4383/4383
f 4385/4385 4429/4429 4339/4339
f 4430/4430 4431/4431 4432/4432
f 4433/4433 4434/4434 4435/4435
f 4431/4431 4436/4436 4432/4432
f 4437/4437 4434/4434 4433/4433
f 4438/4438 4434/4434 4437/4437
f 4387/4387 4439/4439 4389/4389
f 4390/4390 4391/4391 4440/4440
f 4434/4434 4438/4438 4441/4441
f 4387/4387 4394/4394 4439/4439
f 3111/3111 4353/4353 3202/3202
f 4442/4442 4443/4443 4444/4444
f 4445/4445 4446/4446 4447/4447
f 4448/4448 4446/4446 4445/4445
f 4449/4449 4450/4450 4451/4451
f 4390/4390 4440/4440 4452/4452
f 4452/4452 4440/4440 4453/4453
f 4454/4454 4455/4455 4456/4456
f 4457/4457 4397/4397 4392/4392
f 4397/4397 4457/4457 4458/4458
f 2223/2223 1919/1919 4222/4222
f 3799/3799 4459/4459 2950/2950
f 3715/3715 4460/4460 4402/4402
f 4461/4461 4462/4462 4463/4463
f 4015/4015 4358/4358 4088/4088
f 4225/4225 4464/4464 4263/4263
f 4264/4264 4465/4465 4174/4174
f 4466/4466 4267/4267 4406/4406
f 4307/4307 4306/4306 4467/4467
f 4230/4230 4468/4468 3750/3750
f 4230/4230 4308/4308 4469/4469
f 4309/4309 4470/4470 4308/4308
f 4308/4308 4470/4470 4469/4469
f 4471/4471 4359/4359 4472/4472
f 4473/4473 4307/4307 4467/4467
f 4230/4230 4474/4474 4468/4468
f 4360/4360 4408/4408 4475/4475
f 4476/4476 4360/4360 4475/4475
f 4477/4477 4409/4409 4478/4478
f 2976/2976 4410/4410 4142/4142
f 4237/4237 4322/4322 4315/4315
f 4417/4417 4477/4477 4479/4479
f 3322/3322 4480/4480 4373/4373
f 3322/3322 4420/4420 4480/4480
f 4155/4155 4481/4481 4378/4378
f 4482/4482 4380/4380 4427/4427
f 3201/3201 4285/4285 4483/4483
f 4285/4285 4484/4484 4483/4483
f 4289/4289 4485/4485 4381/4381
f 4289/4289 4333/4333 4485/4485
f 4389/4389 4486/4486 4487/4487
f 4388/4388 4389/4389 4487/4487
f 4488/4488 4489/4489 4490/4490
f 4339/4339 4429/4429 4391/4391
f 4486/4486 4389/4389 4491/4491
f 4492/4492 4432/4432 4436/4436
f 4389/4389 4439/4439 4491/4491
f 4436/4436 4493/4493 4492/4492
f 4494/4494 4256/4256 3068/3068
f 4446/4446 4495/4495 4447/4447
f 4496/4496 4497/4497 4498/4498
f 4499/4499 4456/4456 4455/4455
f 4500/4500 4448/4448 4445/4445
f 4454/4454 4501/4501 4455/4455
f 4053/4053 4401/4401 4052/4052
f 3879/3879 4128/4128 4502/4502
f 4503/4503 4504/4504 4505/4505
f 4506/4506 4009/4009 4008/4008
f 4403/4403 4507/4507 4404/4404
f 4508/4508 4509/4509 4510/4510
f 4511/4511 3882/3882 3804/3804
f 4405/4405 4130/4130 4012/4012
f 4014/4014 4087/4087 4512/4512
f 3884/3884 4404/4404 4513/4513
f 3884/3884 4513/4513 4514/4514
f 4224/4224 4014/4014 4512/4512
f 4509/4509 4515/4515 4516/4516
f 4517/4517 4515/4515 4509/4509
f 4461/4461 4463/4463 4518/4518
f 4463/4463 4519/4519 4518/4518
f 4515/4515 4520/4520 4516/4516
f 4131/4131 4224/4224 4512/4512
f 4132/4132 4224/4224 4131/4131
f 4088/4088 4358/4358 4511/4511
f 4465/4465 4264/4264 4521/4521
f 4522/4522 4519/4519 4523/4523
f 4524/4524 4525/4525 4526/4526
f 4523/4523 4524/4524 4526/4526
f 4519/4519 4527/4527 4524/4524
f 4523/4523 4519/4519 4524/4524
f 4358/4358 4016/4016 4528/4528
f 4529/4529 4267/4267 4466/4466
f 4268/4268 4267/4267 4529/4529
f 4524/4524 4527/4527 4530/4530
f 3815/3815 4018/4018 4531/4531
f 4528/4528 4016/4016 3813/3813
f 4468/4468 4532/4532 3750/3750
f 4474/4474 4230/4230 4469/4469
f 4359/4359 4273/4273 4472/4472
f 4409/4409 4477/4477 4366/4366
f 4533/4533 4414/4414 4413/4413
f 4534/4534 4415/4415 4416/4416
f 4366/4366 4477/4477 4417/4417
f 4419/4419 4535/4535 4325/4325
f 4067/4067 4325/4325 4536/4536
f 4325/4325 4535/4535 4536/4536
f 3505/3505 4537/4537 3274/3274
f 4538/4538 4423/4423 4539/4539
f 4423/4423 4422/4422 4539/4539
f 4539/4539 4422/4422 4540/4540
f 4425/4425 4541/4541 4426/4426
f 4108/4108 3767/3767 4542/4542
f 4286/4286 4543/4543 3911/3911
f 3911/3911 4543/4543 4250/4250
f 3331/3331 4494/4494 3068/3068
f 4487/4487 4486/4486 4544/4544
f 4348/4348 4545/4545 4395/4395
f 4546/4546 4440/4440 4391/4391
f 4492/4492 4493/4493 4547/4547
f 4548/4548 4549/4549 4550/4550
f 4545/4545 4551/4551 4552/4552
f 4553/4553 4440/4440 4546/4546
f 4554/4554 4555/4555 4556/4556
f 4557/4557 4218/4218 3163/3163
f 4444/4444 4558/4558 4442/4442
f 4442/4442 4558/4558 4559/4559
f 4448/4448 4500/4500 4560/4560
f 4500/4500 4561/4561 4560/4560
f 1919/1919 2821/2821 4222/4222
f 4260/4260 4562/4562 4261/4261
f 4563/4563 4564/4564 4565/4565
f 4566/4566 4567/4567 4568/4568
f 4569/4569 4570/4570 4564/4564
f 4508/4508 4569/4569 4571/4571
f 4572/4572 4566/4566 4573/4573
f 4574/4574 4575/4575 4305/4305
f 4305/4305 4086/4086 4574/4574
f 4086/4086 3882/3882 4574/4574
f 4087/4087 4011/4011 4512/4512
f 3882/3882 4511/4511 4574/4574
f 4576/4576 4503/4503 4518/4518
f 4577/4577 4517/4517 4509/4509
f 4511/4511 4358/4358 4574/4574
f 4518/4518 4519/4519 4576/4576
f 4512/4512 4578/4578 4131/4131
f 4576/4576 4519/4519 4522/4522
f 4465/4465 4521/4521 4579/4579
f 4580/4580 4581/4581 4582/4582
f 4581/4581 4583/4583 4582/4582
f 4131/4131 4578/4578 3814/3814
f 3885/3885 4584/4584 3645/3645
f 3253/3253 4585/4585 3310/3310
f 3310/3310 4585/4585 4306/4306
f 4476/4476 4586/4586 4587/4587
f 4586/4586 4476/4476 4475/4475
f 3314/3314 4588/4588 4589/4589
f 2976/2976 4590/4590 4591/4591
f 3677/3677 4592/4592 3505/3505
f 4379/4379 4593/4593 4427/4427
f 3589/3589 3202/3202 4594/4594
f 4481/4481 4155/4155 4595/4595
f 4110/4110 4108/4108 4596/4596
f 4285/4285 4597/4597 4484/4484
f 4381/4381 4598/4598 4290/4290
f 4250/4250 4543/4543 4599/4599
f 4600/4600 4544/4544 4486/4486
f 4250/4250 4599/4599 4601/4601
f 4491/4491 4600/4600 4486/4486
f 4489/4489 4602/4602 4490/4490
f 4603/4603 4604/4604 4605/4605
f 4552/4552 4490/4490 4602/4602
f 4554/4554 4556/4556 4606/4606
f 4606/4606 4556/4556 4607/4607
f 2258/2258 3999/3999 4356/4356
f 3346/3346 4126/4126 4357/4357
f 4052/4052 4608/4608 4085/4085
f 4609/4609 4610/4610 4611/4611
f 4563/4563 4571/4571 4564/4564
f 4571/4571 4569/4569 4564/4564
f 4612/4612 4504/4504 4613/4613
f 4503/4503 4614/4614 4504/4504
f 4573/4573 4615/4615 4572/4572
f 4508/4508 4616/4616 4509/4509
f 4617/4617 4618/4618 4619/4619
f 4620/4620 4614/4614 4576/4576
f 4618/4618 4621/4621 4619/4619
f 4576/4576 4614/4614 4503/4503
f 4622/4622 4011/4011 4623/4623
f 4509/4509 4616/4616 4624/4624
f 4625/4625 4626/4626 4617/4617
f 4625/4625 4617/4617 4619/4619
f 4011/4011 4622/4622 4512/4512
f 4622/4622 4578/4578 4512/4512
f 4509/4509 4624/4624 4577/4577
f 4581/4581 4627/4627 4628/4628
f 4581/4581 4628/4628 4629/4629
f 4583/4583 4581/4581 4629/4629
f 3245/3245 4229/4229 4630/4630
f 3374/3374 3314/3314 4589/4589
f 3493/3493 3589/3589 4594/4594
f 4631/4631 4632/4632 4411/4411
f 4415/4415 4534/4534 4633/4633
f 4371/4371 4633/4633 4634/4634
f 4415/4415 4633/4633 4371/4371
f 4419/4419 4635/4635 4535/4535
f 3505/3505 4592/4592 4537/4537
f 4246/4246 4636/4636 4327/4327
f 4539/4539 4540/4540 4637/4637
f 4540/4540 4638/4638 4637/4637
f 4639/4639 4637/4637 4638/4638
f 4381/4381 4640/4640 4598/4598
f 4544/4544 4600/4600 4641/4641
f 4491/4491 4439/4439 4642/4642
f 4643/4643 4644/4644 4645/4645
f 4643/4643 4395/4395 4644/4644
f 4644/4644 4395/4395 4545/4545
f 4549/4549 4646/4646 4550/4550
f 3344/3344 4647/4647 4353/4353
f 4648/4648 3164/3164 4256/4256
f 4607/4607 4649/4649 4606/4606
f 4650/4650 4559/4559 4558/4558
f 4651/4651 4559/4559 4650/4650
f 3706/3706 4652/4652 4170/4170
f 4652/4652 3706/3706 4653/4653
f 4610/4610 4609/4609 4654/4654
f 4655/4655 4575/4575 4656/4656
f 4656/4656 4575/4575 4657/4657
f 4614/4614 4613/4613 4504/4504
f 4657/4657 4575/4575 4574/4574
f 4508/4508 4658/4658 4616/4616
f 4508/4508 4571/4571 4658/4658
f 4659/4659 4660/4660 4661/4661
f 4660/4660 4662/4662 4661/4661
f 4663/4663 4661/4661 4662/4662
f 4664/4664 4665/4665 4666/4666
f 4667/4667 4664/4664 4666/4666
f 4657/4657 4574/4574 4668/4668
f 4668/4668 4574/4574 4358/4358
f 4667/4667 4669/4669 4670/4670
f 4671/4671 4672/4672 4673/4673
f 4674/4674 4675/4675 4676/4676
f 4676/4676 4675/4675 4677/4677
f 4629/4629 4678/4678 4583/4583
f 4668/4668 4358/4358 4528/4528
f 4673/4673 4672/4672 4679/4679
f 4629/4629 4628/4628 4680/4680
f 4629/4629 4680/4680 4681/4681
f 4678/4678 4629/4629 4681/4681
f 3750/3750 4532/4532 3370/3370
f 4587/4587 4586/4586 4682/4682
f 4683/4683 4532/4532 4468/4468
f 4468/4468 4474/4474 4683/4683
f 4474/4474 4684/4684 4683/4683
f 4469/4469 4685/4685 4474/4474
f 4474/4474 4685/4685 4684/4684
f 3493/3493 4594/4594 4361/4361
f 3373/3373 4686/4686 3314/3314
f 4411/4411 4687/4687 4631/4631
f 4633/4633 4534/4534 4688/4688
f 4327/4327 4636/4636 4689/4689
f 4593/4593 4329/4329 4327/4327
f 4329/4329 4593/4593 4379/4379
f 4638/4638 4690/4690 4639/4639
f 4691/4691 4427/4427 4593/4593
f 4108/4108 4542/4542 4596/4596
f 4597/4597 4692/4692 4484/4484
f 4693/4693 4286/4286 3330/3330
f 4694/4694 4695/4695 4696/4696
f 4697/4697 4698/4698 4699/4699
f 4605/4605 4700/4700 4603/4603
f 4701/4701 4702/4702 4603/4603
f 4700/4700 4701/4701 4603/4603
f 4603/4603 4702/4702 4703/4703
f 4552/4552 4704/4704 4545/4545
f 4218/4218 4557/4557 4705/4705
f 4706/4706 4649/4649 4607/4607
f 4707/4707 4654/4654 4609/4609
f 4708/4708 4709/4709 4710/4710
f 4566/4566 4568/4568 4573/4573
f 4613/4613 4614/4614 4711/4711
f 4709/4709 4712/4712 4713/4713
f 4714/4714 4715/4715 4663/4663
f 4714/4714 4660/4660 4716/4716
f 4662/4662 4660/4660 4714/4714
f 4663/4663 4662/4662 4714/4714
f 4664/4664 4667/4667 4670/4670
f 4622/4622 4717/4717 4578/4578
f 4718/4718 4719/4719 4720/4720
f 4721/4721 4718/4718 4720/4720
f 4722/4722 4723/4723 4724/4724
f 4720/4720 4719/4719 4725/4725
f 4725/4725 4719/4719 4726/4726
f 4727/4727 4720/4720 4725/4725
f 4727/4727 4728/4728 4720/4720
f 4726/4726 4729/4729 4730/4730
f 4731/4731 4726/4726 4730/4730
f 4725/4725 4726/4726 4731/4731
f 4732/4732 4733/4733 4734/4734
f 4735/4735 4734/4734 4733/4733
f 4587/4587 4736/4736 4737/4737
f 4309/4309 4738/4738 4470/4470
f 4469/4469 4738/4738 4685/4685
f 4738/4738 4469/4469 4470/4470
f 4590/4590 4739/4739 4591/4591
f 2976/2976 4591/4591 4410/4410
f 4740/4740 4411/4411 4410/4410
f 4740/4740 4687/4687 4411/4411
f 3457/3457 4067/4067 4741/4741
f 4067/4067 4536/4536 4741/4741
f 4742/4742 4538/4538 4539/4539
f 4593/4593 4327/4327 4689/4689
f 4539/4539 4637/4637 4742/4742
f 4743/4743 4290/4290 4598/4598
f 4695/4695 4694/4694 4744/4744
f 4543/4543 4745/4745 4599/4599
f 4599/4599 4745/4745 4746/4746
f 4491/4491 4642/4642 4747/4747
f 4704/4704 4644/4644 4545/4545
f 4702/4702 4748/4748 4703/4703
f 4704/4704 4552/4552 4602/4602
f 2262/2262 3291/3291 4172/4172
f 4656/4656 4657/4657 4749/4749
f 4711/4711 4614/4614 4750/4750
f 4751/4751 4752/4752 4753/4753
f 4712/4712 4709/4709 4754/4754
f 4716/4716 4755/4755 4714/4714
f 4714/4714 4755/4755 4715/4715
f 4756/4756 4757/4757 4758/4758
f 4623/4623 4759/4759 4622/4622
f 4760/4760 4749/4749 4657/4657
f 4657/4657 4668/4668 4760/4760
f 4761/4761 4670/4670 4762/4762
f 4763/4763 4764/4764 4671/4671
f 4664/4664 4761/4761 4665/4665
f 4670/4670 4761/4761 4664/4664
f 4677/4677 4765/4765 4676/4676
f 4671/4671 4764/4764 4672/4672
f 4766/4766 4723/4723 4722/4722
f 4767/4767 4721/4721 4720/4720
f 4768/4768 4769/4769 4726/4726
f 4719/4719 4768/4768 4726/4726
f 4767/4767 4720/4720 4728/4728
f 4724/4724 4729/4729 4722/4722
f 4729/4729 4769/4769 4722/4722
f 4769/4769 4729/4729 4726/4726
f 4727/4727 4770/4770 4728/4728
f 4728/4728 4770/4770 4771/4771
f 4018/4018 4177/4177 4772/4772
f 4018/4018 4772/4772 4531/4531
f 4733/4733 4732/4732 4773/4773
f 4717/4717 4774/4774 4578/4578
f 3645/3645 4584/4584 4775/4775
f 3645/3645 4775/4775 3936/3936
f 3253/3253 3937/3937 4585/4585
f 4585/4585 4776/4776 4306/4306
f 4777/4777 4682/4682 4586/4586
f 4778/4778 4779/4779 4780/4780
f 3373/3373 4274/4274 4686/4686
f 4740/4740 4410/4410 4781/4781
f 4592/4592 4782/4782 4537/4537
f 4783/4783 4784/4784 4785/4785
f 4639/4639 4742/4742 4637/4637
f 4786/4786 4787/4787 4788/4788
f 4483/4483 4484/4484 4692/4692
f 4789/4789 4743/4743 4598/4598
f 4640/4640 4790/4790 4791/4791
f 4792/4792 4793/4793 4794/4794
f 4795/4795 4792/4792 4794/4794
f 4796/4796 4795/4795 4794/4794
f 4797/4797 4796/4796 4794/4794
f 4798/4798 4797/4797 4794/4794
f 4799/4799 4797/4797 4798/4798
f 4800/4800 4801/4801 4802/4802
f 4800/4800 4802/4802 4623/4623
f 4708/4708 4754/4754 4709/4709
f 4623/4623 4802/4802 4759/4759
f 4753/4753 4752/4752 4803/4803
f 4751/4751 4753/4753 4804/4804
f 4753/4753 4805/4805 4804/4804
f 4804/4804 4805/4805 4806/4806
f 4804/4804 4806/4806 4807/4807
f 4805/4805 4753/4753 4808/4808
f 4809/4809 4806/4806 4805/4805
f 4810/4810 4811/4811 4808/4808
f 4809/4809 4808/4808 4811/4811
f 4812/4812 4811/4811 4810/4810
f 4765/4765 4813/4813 4676/4676
f 4767/4767 4806/4806 4809/4809
f 4756/4756 4758/4758 4814/4814
f 4815/4815 4766/4766 4722/4722
f 4810/4810 4815/4815 4722/4722
f 4769/4769 4810/4810 4722/4722
f 4812/4812 4810/4810 4769/4769
f 4812/4812 4769/4769 4768/4768
f 4756/4756 4814/4814 4771/4771
f 4814/4814 4767/4767 4728/4728
f 4771/4771 4814/4814 4728/4728
f 4531/4531 4772/4772 4816/4816
f 4732/4732 4817/4817 4773/4773
f 4733/4733 4775/4775 4584/4584
f 4736/4736 4587/4587 4818/4818
f 4819/4819 4820/4820 4821/4821
f 4779/4779 4737/4737 4736/4736
f 4780/4780 4820/4820 4778/4778
f 3374/3374 4589/4589 3315/3315
f 4822/4822 4634/4634 4633/4633
f 4823/4823 4535/4535 4635/4635
f 4742/4742 4824/4824 4538/4538
f 4786/4786 4784/4784 4783/4783
f 4825/4825 4826/4826 4827/4827
f 4787/4787 4828/4828 4826/4826
f 4784/4784 4786/4786 4788/4788
f 4829/4829 4788/4788 4787/4787
f 3767/3767 4111/4111 4830/4830
f 4542/4542 3767/3767 4830/4830
f 3331/3331 4831/4831 4494/4494
f 4832/4832 4695/4695 4833/4833
f 4797/4797 4834/4834 4796/4796
f 4835/4835 4702/4702 4836/4836
f 4836/4836 4702/4702 4701/4701
f 4835/4835 4797/4797 4799/4799
f 4702/4702 4835/4835 4748/4748
f 4835/4835 4799/4799 4748/4748
f 4652/4652 4837/4837 4170/4170
f 4838/4838 4837/4837 4652/4652
f 4839/4839 4840/4840 4841/4841
f 4223/4223 4262/4262 4842/4842
f 4840/4840 4839/4839 4843/4843
f 4656/4656 4749/4749 4844/4844
f 4845/4845 4754/4754 4708/4708
f 4839/4839 4807/4807 4843/4843
f 4806/4806 4843/4843 4807/4807
f 4846/4846 4766/4766 4815/4815
f 4803/4803 4815/4815 4810/4810
f 4753/4753 4803/4803 4810/4810
f 4753/4753 4810/4810 4808/4808
f 4808/4808 4809/4809 4805/4805
f 4758/4758 4806/4806 4814/4814
f 4767/4767 4814/4814 4806/4806
f 4816/4816 4772/4772 4773/4773
f 4817/4817 4816/4816 4773/4773
f 4775/4775 4733/4733 4773/4773
f 3937/3937 4847/4847 4585/4585
f 4229/4229 3748/3748 4848/4848
f 3370/3370 4849/4849 3816/3816
f 4532/4532 4850/4850 3370/3370
f 4587/4587 4682/4682 4818/4818
f 4780/4780 4821/4821 4820/4820
f 4736/4736 4821/4821 4780/4780
f 4736/4736 4780/4780 4779/4779
f 3315/3315 4589/4589 4851/4851
f 4591/4591 4781/4781 4410/4410
f 4822/4822 4633/4633 4688/4688
f 4634/4634 4822/4822 4852/4852
f 4535/4535 4823/4823 4536/4536
f 4373/4373 4480/4480 4853/4853
f 4854/4854 4689/4689 4636/4636
f 4742/4742 4639/4639 4855/4855
f 4742/4742 4855/4855 4824/4824
f 4783/4783 4856/4856 4786/4786
f 4828/4828 4827/4827 4826/4826
f 4786/4786 4828/4828 4787/4787
f 4856/4856 4828/4828 4786/4786
f 4692/4692 4542/4542 4830/4830
f 4692/4692 4830/4830 4483/4483
f 4286/4286 4745/4745 4543/4543
f 4640/4640 4789/4789 4598/4598
f 4791/4791 4789/4789 4640/4640
f 4790/4790 4857/4857 4791/4791
f 4857/4857 4858/4858 4791/4791
f 4834/4834 4859/4859 4796/4796
f 4859/4859 4834/4834 4836/4836
f 4695/4695 4744/4744 4833/4833
f 4835/4835 4834/4834 4797/4797
f 4836/4836 4834/4834 4835/4835
f 4608/4608 4860/4860 4861/4861
f 4862/4862 4752/4752 4863/4863
f 4864/4864 4840/4840 4843/4843
f 4757/4757 4864/4864 4843/4843
f 4862/4862 4846/4846 4815/4815
f 4752/4752 4862/4862 4815/4815
f 4757/4757 4843/4843 4758/4758
f 4752/4752 4815/4815 4803/4803
f 4758/4758 4843/4843 4806/4806
f 4773/4773 4772/4772 4865/4865
f 4773/4773 4865/4865 4866/4866
f 4775/4775 4773/4773 4866/4866
f 4867/4867 4868/4868 4869/4869
f 4630/4630 4229/4229 4870/4870
f 4870/4870 4229/4229 4848/4848
f 4585/4585 4847/4847 4776/4776
f 3314/3314 4686/4686 4588/4588
f 4741/4741 4536/4536 4871/4871
f 4872/4872 4592/4592 4873/4873
f 4592/4592 4872/4872 4782/4782
f 4872/4872 4874/4874 4782/4782
f 4374/4374 4875/4875 3765/3765
f 4854/4854 4636/4636 4876/4876
f 4854/4854 4877/4877 4878/4878
f 4876/4876 4877/4877 4854/4854
f 3765/3765 4875/4875 3144/3144
f 4855/4855 4879/4879 4824/4824
f 4880/4880 4828/4828 4856/4856
f 4875/4875 4881/4881 3144/3144
f 4828/4828 4880/4880 4827/4827
f 4882/4882 4883/4883 4884/4884
f 4885/4885 4111/4111 3909/3909
f 4111/4111 4885/4885 4830/4830
f 4885/4885 4886/4886 4830/4830
f 4830/4830 4886/4886 4483/4483
f 4886/4886 4887/4887 4483/4483
f 4594/4594 3202/3202 4888/4888
f 4831/4831 4889/4889 4494/4494
f 4791/4791 4890/4890 4789/4789
f 4858/4858 4890/4890 4791/4791
f 4858/4858 4891/4891 4890/4890
f 4892/4892 4891/4891 4858/4858
f 4744/4744 4893/4893 4833/4833
f 4893/4893 4744/4744 4894/4894
f 4895/4895 4746/4746 4745/4745
f 4889/4889 4896/4896 4494/4494
f 4888/4888 3202/3202 4353/4353
f 4494/4494 4896/4896 4256/4256
f 4647/4647 4897/4897 4353/4353
f 4705/4705 4557/4557 4898/4898
f 4705/4705 4898/4898 4899/4899
f 4896/4896 4648/4648 4256/4256
f 4863/4863 4900/4900 4862/4862
f 4864/4864 4901/4901 4840/4840
f 2950/2950 4459/4459 4054/4054
f 4902/4902 4867/4867 4869/4869
f 4903/4903 4904/4904 4905/4905
f 4902/4902 4904/4904 4903/4903
f 4904/4904 4906/4906 4905/4905
f 4867/4867 4902/4902 4903/4903
f 4907/4907 4908/4908 4818/4818
f 4821/4821 4909/4909 4910/4910
f 4908/4908 4909/4909 4821/4821
f 4736/4736 4908/4908 4821/4821
f 4818/4818 4908/4908 4736/4736
f 4682/4682 4907/4907 4818/4818
f 4911/4911 4912/4912 4913/4913
f 4914/4914 4913/4913 4912/4912
f 4915/4915 4912/4912 4911/4911
f 4916/4916 4912/4912 4915/4915
f 4917/4917 4918/4918 4914/4914
f 4912/4912 4917/4917 4914/4914
f 4919/4919 4920/4920 4921/4921
f 4922/4922 4594/4594 4923/4923
f 4924/4924 4919/4919 4921/4921
f 4925/4925 4926/4926 4927/4927
f 4928/4928 4926/4926 4925/4925
f 4929/4929 4924/4924 4927/4927
f 4919/4919 4929/4929 4930/4930
f 4924/4924 4929/4929 4919/4919
f 4931/4931 4932/4932 4933/4933
f 4926/4926 4929/4929 4927/4927
f 4286/4286 4934/4934 4935/4935
f 4934/4934 4286/4286 4693/4693
f 4923/4923 4594/4594 4888/4888
f 4936/4936 4937/4937 4938/4938
f 4939/4939 4937/4937 4940/4940
f 4939/4939 4941/4941 4937/4937
f 4938/4938 4942/4942 4936/4936
f 4943/4943 4941/4941 4939/4939
f 4937/4937 4941/4941 4938/4938
f 4888/4888 4353/4353 4944/4944
f 4944/4944 4353/4353 4897/4897
f 4945/4945 4898/4898 4557/4557
f 4945/4945 4946/4946 4898/4898
f 4941/4941 4947/4947 4938/4938
f 4947/4947 4941/4941 4943/4943
f 4946/4946 4948/4948 4898/4898
f 4949/4949 4948/4948 4946/4946
f 2971/2971 4357/4357 3123/3123
f 2521/2521 4400/4400 2819/2819
f 4171/4171 4170/4170 4837/4837
f 4950/4950 4860/4860 4052/4052
f 4950/4950 4842/4842 4860/4860
f 4951/4951 4952/4952 4953/4953
f 4274/4274 4954/4954 4686/4686
f 4922/4922 4361/4361 4594/4594
f 4781/4781 4591/4591 4932/4932
f 4591/4591 4933/4933 4932/4932
f 4286/4286 4935/4935 4745/4745
f 4923/4923 4888/4888 4944/4944
f 4895/4895 4745/4745 4955/4955
f 4745/4745 4956/4956 4955/4955
f 4957/4957 4955/4955 4956/4956
f 4949/4949 4958/4958 4959/4959
f 4949/4949 4960/4960 4948/4948
f 4949/4949 4959/4959 4960/4960
f 2821/2821 4961/4961 4222/4222
f 4962/4962 4963/4963 4964/4964
f 4954/4954 4965/4965 4686/4686
f 4588/4588 4686/4686 4965/4965
f 4588/4588 4966/4966 4589/4589
f 4967/4967 4968/4968 4969/4969
f 4589/4589 4966/4966 4851/4851
f 4970/4970 4969/4969 4968/4968
f 4971/4971 4972/4972 4973/4973
f 4974/4974 4973/4973 4972/4972
f 4975/4975 4969/4969 4970/4970
f 4922/4922 4923/4923 4976/4976
f 4976/4976 4923/4923 4944/4944
f 4977/4977 4975/4975 4970/4970
f 4978/4978 4956/4956 4745/4745
f 4979/4979 4975/4975 4977/4977
f 4959/4959 4958/4958 4980/4980
f 4899/4899 4898/4898 4981/4981
f 4898/4898 4948/4948 4981/4981
f 4948/4948 4960/4960 4981/4981
f 4965/4965 4966/4966 4588/4588
f 4971/4971 4982/4982 4972/4972
f 4972/4972 4982/4982 4983/4983
f 4983/4983 4982/4982 4967/4967
f 4967/4967 4969/4969 4984/4984
f 4983/4983 4967/4967 4984/4984
f 4972/4972 4983/4983 4985/4985
f 4972/4972 4985/4985 4974/4974
f 4969/4969 4975/4975 4984/4984
f 4985/4985 4983/4983 4984/4984
f 4974/4974 4985/4985 4986/4986
f 4985/4985 4984/4984 4987/4987
f 4985/4985 4987/4987 4986/4986
f 4988/4988 4987/4987 4984/4984
f 4984/4984 4975/4975 4989/4989
f 4988/4988 4984/4984 4989/4989
f 4989/4989 4975/4975 4979/4979
f 4987/4987 4988/4988 4990/4990
f 4991/4991 4987/4987 4990/4990
f 4052/4052 4860/4860 4608/4608
f 4054/4054 4992/4992 4262/4262
f 4837/4837 4993/4993 4171/4171
f 4861/4861 4860/4860 4837/4837
f 2257/2257 3285/3285 4994/4994
f 2257/2257 4994/4994 3999/3999
f 4258/4258 4171/4171 4993/4993
f 4054/4054 4459/4459 4992/4992
f 4860/4860 4995/4995 4837/4837
f 3123/3123 4357/4357 4996/4996
f 4995/4995 4993/4993 4837/4837
f 3123/3123 4996/4996 4400/4400
f 4963/4963 4997/4997 4964/4964
f 4304/4304 4998/4998 3124/3124
f 3081/3081 4999/4999 3286/3286
f 3291/3291 5000/5000 4172/4172
f 4999/4999 2831/2831 3286/3286
f 4222/4222 5001/5001 5002/5002
f 4222/4222 4961/4961 5001/5001
f 2821/2821 4258/4258 4961/4961
f 4860/4860 5003/5003 4995/4995
f 4126/4126 5004/5004 4357/4357
f 4992/4992 5003/5003 4262/4262
f 4996/4996 4357/4357 5004/5004
f 4952/4952 5005/5005 4953/4953
f 3291/3291 5006/5006 5000/5000
f 4126/4126 4000/4000 5004/5004
f 4258/4258 4993/4993 4961/4961
f 4992/4992 4459/4459 5007/5007
f 4400/4400 5008/5008 2819/2819
f 2820/2820 2819/2819 5008/5008
f 5008/5008 3080/3080 2820/2820
f 4994/4994 5009/5009 3999/3999
f 3081/3081 5010/5010 4999/4999
f 5011/5011 3080/3080 5008/5008
f 2798/2798 3124/3124 5012/5012
f 3081/3081 5013/5013 5010/5010
f 3124/3124 4998/4998 5012/5012
f 5004/5004 4000/4000 5014/5014
f 4356/4356 3999/3999 5009/5009
f 4961/4961 4993/4993 5015/5015
f 4953/4953 5005/5005 5016/5016
f 2798/2798 5017/5017 3284/3284
f 4000/4000 4356/4356 5018/5018
f 5004/5004 5019/5019 4996/4996
f 4996/4996 5020/5020 5021/5021
f 2798/2798 5012/5012 5017/5017
f 4400/4400 4996/4996 5021/5021
f 4961/4961 5015/5015 5001/5001
f 5007/5007 5022/5022 4992/4992
f 4994/4994 3285/3285 5023/5023
f 4994/4994 5023/5023 5009/5009
f 4356/4356 5009/5009 5018/5018
f 4000/4000 5018/5018 5014/5014
f 5019/5019 5004/5004 5014/5014
f 4996/4996 5019/5019 5020/5020
f 4400/4400 5021/5021 5008/5008
f 4995/4995 5003/5003 5024/5024
f 4992/4992 5022/5022 5003/5003
f 5007/5007 5025/5025 5022/5022
f 4993/4993 5024/5024 5015/5015
f 4995/4995 5024/5024 4993/4993
f 5003/5003 5022/5022 5024/5024
f 5000/5000 5025/5025 5007/5007
f 5000/5000 5006/5006 5025/5025
f 5023/5023 5026/5026 5009/5009
f 5026/5026 5027/5027 5009/5009
f 5009/5009 5027/5027 5018/5018
f 5018/5018 5027/5027 5014/5014
f 5027/5027 5028/5028 5014/5014
f 5014/5014 5028/5028 5019/5019
f 5028/5028 5029/5029 5019/5019
f 5019/5019 5029/5029 5020/5020
f 5020/5020 5030/5030 5021/5021
f 5029/5029 5030/5030 5020/5020
f 5021/5021 5030/5030 5008/5008
f 5030/5030 5011/5011 5008/5008
f 5031/5031 5032/5032 5033/5033
f 5034/5034 5032/5032 5031/5031
f 5035/5035 5034/5034 5031/5031
f 5036/5036 5034/5034 5035/5035
f 5037/5037 5036/5036 5035/5035
f 5038/5038 5036/5036 5037/5037
f 5039/5039 5038/5038 5037/5037
f 5040/5040 5038/5038 5039/5039
f 5041/5041 5040/5040 5039/5039
f 5042/5042 5040/5040 5041/5041
f 5043/5043 5042/5042 5041/5041
f 5044/5044 5042/5042 5043/5043
f 5045/5045 5046/5046 5047/5047
f 5048/5048 5046/5046 5045/5045
f 5049/5049 5048/5048 5045/5045
f 5050/5050 5048/5048 5049/5049
f 5051/5051 5050/5050 5049/5049
f 5052/5052 5050/5050 5051/5051
f 5053/5053 5052/5052 5051/5051
f 5054/5054 5053/5053 5051/5051
f 5055/5055 5053/5053 5054/5054
f 5056/5056 5053/5053 5055/5055
f 5057/5057 5056/5056 5055/5055
f 5058/5058 5057/5057 5055/5055
# Vertices: 5058, normals: 0, texture coordinates: 5058, faces: 5000

